Unity Editor version:    6000.5.1f1 (0d9463e84828)
Branch:                  6000.5/staging
Build type:              Release
Batch mode:              YES
macOS version:           Version 26.6.2 (Build 25G83)
Darwin version:          25.6.0
Architecture:            arm64
Running under Rosetta:   NO
Available memory:        32768 MB
Date:                    2026-10-08T05:07:12Z
[Licensing::Module] Trying to connect to existing licensing client channel...
[Licensing::IpcConnector] Successfully connected to: "LicenseClient-daisei" at "2026-10-08T05:07:12.3419Z"
Launching external process: /Applications/Unity/Hub/Editor/6000.5.1f1/Unity.app/Contents/Helpers/PackageManager/Server/UnityPackageManager

COMMAND LINE ARGUMENTS:
/Applications/Unity/Hub/Editor/6000.5.1f1/Unity.app/Contents/MacOS/Unity
-batchmode
-projectPath
/tmp/pocketstriker-video-20261008/project
-buildTarget
iOS
-quit
-logFile
/Users/daisei/PocketStriker/output/appstore-video-20261008/compile-capture-runner.log
Successfully changed project path to: /tmp/pocketstriker-video-20261008/project
/private/tmp/pocketstriker-video-20261008/project
[UnityMemory] Configuration Parameters - Can be set up in boot.config
    "memorysetup-temp-allocator-size-gi-baking-worker=262144"
    "memorysetup-temp-allocator-size-gi-baking-worker=262144"
    "memorysetup-temp-allocator-size-gi-baking-worker=262144"
    "memorysetup-temp-allocator-size-gi-baking-worker=262144"
    "memorysetup-temp-allocator-size-gi-baking-worker=262144"
    "memorysetup-temp-allocator-size-nav-mesh-worker=65536"
    "memorysetup-temp-allocator-size-audio-worker=65536"
    "memorysetup-temp-allocator-size-cloud-worker=32768"
    "memorysetup-allocator-temp-initial-block-size-main=262144"
    "memorysetup-allocator-temp-initial-block-size-worker=262144"
    "memorysetup-temp-allocator-size-preload-manager=33554432"
    "memorysetup-temp-allocator-size-gfx=262144"
    "memorysetup-temp-allocator-size-background-worker=32768"
    "memorysetup-temp-allocator-size-job-worker=262144"
    "memorysetup-bucket-allocator-granularity=16"
    "memorysetup-bucket-allocator-bucket-count=8"
    "memorysetup-bucket-allocator-block-size=33554432"
    "memorysetup-bucket-allocator-block-count=8"
    "memorysetup-main-allocator-block-size=16777216"
    "memorysetup-thread-allocator-block-size=16777216"
    "memorysetup-main-allocator-mimalloc-enabled=0"
    "memorysetup-gfx-main-allocator-block-size=16777216"
    "memorysetup-gfx-thread-allocator-block-size=16777216"
    "memorysetup-cache-allocator-block-size=4194304"
    "memorysetup-typetree-allocator-block-size=2097152"
    "memorysetup-profiler-bucket-allocator-granularity=16"
    "memorysetup-profiler-bucket-allocator-bucket-count=8"
    "memorysetup-profiler-bucket-allocator-block-size=33554432"
    "memorysetup-profiler-bucket-allocator-block-count=8"
    "memorysetup-profiler-allocator-block-size=16777216"
    "memorysetup-profiler-editor-allocator-block-size=1048576"
    "memorysetup-temp-allocator-size-main=16777216"
    "memorysetup-job-temp-allocator-block-size=2097152"
    "memorysetup-job-temp-allocator-block-size-background=1048576"
    "memorysetup-job-temp-allocator-reduction-small-platforms=262144"
Logging is directed to a specific file, skipping project log.Player connection [8312807808]  Target information:

Player connection [8312807808]  * "[IP] 192.168.1.209 [Port] 55504 [Flags] 2 [Guid] 641122154 [EditorId] 641122154 [Version] 1048832 [Id] OSXEditor(0,Daiseis-MacBook-Air.local) [Debug] 1 [PackageName] OSXEditor [ProjectName] Editor" 

Player connection [8312807808]  * "[IP] 169.254.47.141 [Port] 55504 [Flags] 2 [Guid] 641122154 [EditorId] 641122154 [Version] 1048832 [Id] OSXEditor(0,Daiseis-MacBook-Air.local) [Debug] 1 [PackageName] OSXEditor [ProjectName] Editor" 

Player connection [8312807808] Host joined multi-casting on [225.0.0.222:54997]...
Player connection [8312807808] Host joined alternative multi-casting on [225.0.0.222:34997]...
Input System module state changed to: Initialized.
[Physics::Module] Initialized fallback backend.
[Physics::Module] Id: 0xdecafbad
[Licensing::Client] Handshaking with LicensingClient:
  Version:                 1.18.3+d7ffd15
  Session Id:              82f17cb28b4b487aa80b5a46f733d21d
  Correlation Id:          d37d87a4ed43d634ef8cd825141fbeda
  External correlation Id: 3058995672285353010
  Machine Id:              BXCzmk3ymjXmBf9UUvrWPnYDRY0=
[Licensing::Module] Successfully connected to LicensingClient on channel: "LicenseClient-daisei" (connect: 0.00s, validation: 0.00s, handshake: 0.25s)
[Licensing::IpcConnector] Successfully connected to: "LicenseClient-daisei-notifications" at "2026-10-08T05:07:12.593334Z"
[Licensing::Module] Error: Access token is unavailable; failed to update
[Licensing::Client] Successfully resolved entitlement details
[Licensing::Module] License group:
  Id: 2300757-UnityPersXXXX
  Product: Unity Personal
  Type: Assigned
  Expiration: Unlimited
[Licensing::Client] Successfully updated license, isAsync: True, time: 0.00
[Licensing::Client] Successfully resolved entitlement details
[Licensing::Module] Licensing Background thread has ended after 0.25s
[Package Manager] Connected to IPC stream "Upm-87529" after 0.2 seconds.
[Licensing::Client] Successfully resolved entitlement details
Library Redirect Path: Library/
[Physics::Module] Selected backend.
[Physics::Module] Name: PhysX
[Physics::Module] Id: 0xf2b8ea05
[Physics::Module] SDK Version: 4.1.2
[Physics::Module] Integration Version: 1.0.0
[Physics::Module] Threading Mode: Multi-Threaded
[Licensing::Client] Successfully resolved entitlement details
Targeting platform: iOS
Refreshing native plugins compatible for Editor in 11.29 ms, found 1 plugins.
Initialize engine version: 6000.5.1f1 (0d9463e84828)
[Subsystems] Discovering subsystems at path /Applications/Unity/Hub/Editor/6000.5.1f1/Unity.app/Contents/Resources/UnitySubsystems
[Subsystems] Discovering subsystems at path /private/tmp/pocketstriker-video-20261008/project/Assets
GfxDevice: creating device client; kGfxThreadingModeNonThreaded
 preferred device: Apple M5 (high power)
Metal devices available: 1
0: Apple M5 (high power)
Using device Apple M5 (high power)
Initializing Metal device caps: Apple M5
Mac GPU Family: 2
Apple GPU Family: 9
MSL Version: 3.0
Has Float MSAA: 1
Has Float Filtering: 1
ReadWrite Texture Tier: 2
Shader 'SyntyStudios/SkyboxUnlit': fallback shader 'wiiu' not found
Shader 'SyntyStudios/TriplanarBasic': fallback shader 'wiiu' not found
Shader 'SyntyStudios/Basic_LOD_Shader': fallback shader 'wiiu' not found
Shader 'SyntyStudios/CloudShader': fallback shader 'wiiu' not found
Shader 'SyntyStudios/CloudShaderNoFog': fallback shader 'wiiu' not found
Shader 'SyntyStudios/SkyboxUnlitNoFog': fallback shader 'wiiu' not found
Initialize mono
Mono path[0] = '/Applications/Unity/Hub/Editor/6000.5.1f1/Unity.app/Contents/Resources/Scripting/Managed'
Mono path[1] = '/Applications/Unity/Hub/Editor/6000.5.1f1/Unity.app/Contents/Resources/Scripting/BCLExtensions/runtime/netstandard2.1'
Mono path[2] = '/Applications/Unity/Hub/Editor/6000.5.1f1/Unity.app/Contents/Resources/Scripting/MonoBleedingEdge/lib/mono/unityjit-macos'
Mono config path = '/Applications/Unity/Hub/Editor/6000.5.1f1/Unity.app/Contents/Resources/Scripting/MonoBleedingEdge/etc'
Using monoOptions --debugger-agent=transport=dt_socket,embedding=1,server=y,suspend=n,address=127.0.0.1:56529
CodeReloadManager initialized
ImportWorker Server TCP listen port: 0
AcceleratorClientConnectionCallback - disconnected - :0
Begin MonoManager ReloadAssembly
Registering precompiled unity dll's ...
Register platform support module: /Applications/Unity/Hub/Editor/6000.5.1f1/PlaybackEngines/MacStandaloneSupport/UnityEditor.OSXStandalone.Extensions.dll
[Licensing::Client] Successfully resolved entitlement details
Register platform support module: /Applications/Unity/Hub/Editor/6000.5.1f1/PlaybackEngines/AndroidPlayer/UnityEditor.Android.Extensions.dll
Register platform support module: /Applications/Unity/Hub/Editor/6000.5.1f1/PlaybackEngines/iOSSupport/UnityEditor.iOS.Extensions.dll
Registered in 0.001781 seconds.
[usbmuxd] Start listen thread
[usbmuxd] Listen thread started
[usbmuxd] Send listen message
[usbmuxd] Attached: 4 00008160-000905E801E00036
Native extension for iOS target not found
Native extension for Android target not found
Native extension for OSXStandalone target not found
Package Manager log level set to [2]
ScheduleIndexationOnStartup MainProcess:False IndexOnStartup:True
Mono: successfully reloaded assembly
- Finished resetting the current domain, in  0.219 seconds
Domain Reload Profiling: 494ms
	BeginReloadAssembly (84ms)
		CreateAndSetChildDomain (19ms)
	RebuildCommonClasses (3ms)
	RebuildNativeTypeToScriptingClass (13ms)
	initialDomainReloadingComplete (31ms)
	LoadAllAssembliesAndSetupDomain (144ms)
		LoadAssemblies (65ms)
		AnalyzeDomain (108ms)
			TypeCache.Refresh (108ms)
				TypeCache.ScanAssembly (99ms)
	FinalizeReload (220ms)
		SetupLoadedEditorAssemblies (0ms)
			InitializePlatformSupportModulesInManaged (55ms)
			BeforeProcessingInitializeOnLoad (36ms)
			ProcessInitializeOnLoadAttributes (41ms)
			ProcessInitializeOnLoadMethodAttributes (57ms)
[Licensing::Client] Successfully resolved entitlement details
[Licensing::Client] Successfully resolved entitlement details
Application.AssetDatabase Initial Refresh Start
[Package Manager] Done resolving packages in 2.57 seconds
[Licensing::Client] Successfully resolved entitlement details
[Package Manager] Registered 72 packages:
  Packages from [https://packages.unity.com]:
    com.unity.addressables@2.9.1 (location: /private/tmp/pocketstriker-video-20261008/project/Library/PackageCache/com.unity.addressables@8460f1c9c927)
    com.unity.burst@1.8.30 (location: /private/tmp/pocketstriker-video-20261008/project/Library/PackageCache/com.unity.burst@2f3d916873ea)
    com.unity.collab-proxy@2.12.4 (location: /private/tmp/pocketstriker-video-20261008/project/Library/PackageCache/com.unity.collab-proxy@0b1559bcd34e)
    com.unity.ide.rider@3.0.40 (location: /private/tmp/pocketstriker-video-20261008/project/Library/PackageCache/com.unity.ide.rider@e4950c6d131b)
    com.unity.inputsystem@1.20.0 (location: /private/tmp/pocketstriker-video-20261008/project/Library/PackageCache/com.unity.inputsystem@7a4e1a2a8194)
    com.unity.localization@1.5.13 (location: /private/tmp/pocketstriker-video-20261008/project/Library/PackageCache/com.unity.localization@ef5a0677859d)
    com.unity.mobile.android-logcat@1.4.7 (location: /private/tmp/pocketstriker-video-20261008/project/Library/PackageCache/com.unity.mobile.android-logcat@a8a404f035b3)
    com.unity.project-auditor-rules@1.0.3 (location: /private/tmp/pocketstriker-video-20261008/project/Library/PackageCache/com.unity.project-auditor-rules@1fa74fdf90ed)
    com.unity.purchasing@5.4.3 (location: /private/tmp/pocketstriker-video-20261008/project/Library/PackageCache/com.unity.purchasing@c771cfd27c96)
    com.unity.recorder@5.1.7 (location: /private/tmp/pocketstriker-video-20261008/project/Library/PackageCache/com.unity.recorder@0b23bb7a1fb4)
    com.unity.timeline@1.8.12 (location: /private/tmp/pocketstriker-video-20261008/project/Library/PackageCache/com.unity.timeline@8cd8509afae5)
    com.unity.bindings.openimageio@1.0.2 (location: /private/tmp/pocketstriker-video-20261008/project/Library/PackageCache/com.unity.bindings.openimageio@94e2abc0bc65)
    com.unity.services.core@1.18.0 (location: /private/tmp/pocketstriker-video-20261008/project/Library/PackageCache/com.unity.services.core@3464cb68d709)
    com.unity.nuget.newtonsoft-json@3.2.2 (location: /private/tmp/pocketstriker-video-20261008/project/Library/PackageCache/com.unity.nuget.newtonsoft-json@4dfd81071c64)
    com.unity.nuget.mono-cecil@1.11.6 (location: /private/tmp/pocketstriker-video-20261008/project/Library/PackageCache/com.unity.nuget.mono-cecil@ecb9724e46ff)
    com.unity.test-framework.performance@3.5.0 (location: /private/tmp/pocketstriker-video-20261008/project/Library/PackageCache/com.unity.test-framework.performance@8b56083ec0f0)
    com.unity.profiling.core@1.0.3 (location: /private/tmp/pocketstriker-video-20261008/project/Library/PackageCache/com.unity.profiling.core@8a49f7027d06)
    com.unity.scriptablebuildpipeline@2.6.1 (location: /private/tmp/pocketstriker-video-20261008/project/Library/PackageCache/com.unity.scriptablebuildpipeline@36e3b5898ee2)
    com.unity.searcher@4.9.4 (location: /private/tmp/pocketstriker-video-20261008/project/Library/PackageCache/com.unity.searcher@d45a78918735)
  Built-in packages:
    com.unity.adaptiveperformance@6.0.0 (location: /private/tmp/pocketstriker-video-20261008/project/Library/PackageCache/com.unity.adaptiveperformance@4516fc1e899a)
    com.unity.collections@6.5.0 (location: /private/tmp/pocketstriker-video-20261008/project/Library/PackageCache/com.unity.collections@a43cabe808ca)
    com.unity.mathematics@1.4.0 (location: /private/tmp/pocketstriker-video-20261008/project/Library/PackageCache/com.unity.mathematics@981956d94fb6)
    com.unity.multiplayer.center@1.0.1 (location: /private/tmp/pocketstriker-video-20261008/project/Library/PackageCache/com.unity.multiplayer.center@b860850997d0)
    com.unity.render-pipelines.universal@17.5.0 (location: /private/tmp/pocketstriker-video-20261008/project/Library/PackageCache/com.unity.render-pipelines.universal@be00b5bbd9a1)
    com.unity.test-framework@1.7.0 (location: /private/tmp/pocketstriker-video-20261008/project/Library/PackageCache/com.unity.test-framework@f3e6c9a02477)
    com.unity.ugui@2.5.0 (location: /private/tmp/pocketstriker-video-20261008/project/Library/PackageCache/com.unity.ugui@4f9b15fd1386)
    com.unity.modules.accessibility@1.0.0 (location: /private/tmp/pocketstriker-video-20261008/project/Library/PackageCache/com.unity.modules.accessibility)
    com.unity.modules.adaptiveperformance@1.0.0 (location: /private/tmp/pocketstriker-video-20261008/project/Library/PackageCache/com.unity.modules.adaptiveperformance)
    com.unity.modules.ai@1.0.0 (location: /private/tmp/pocketstriker-video-20261008/project/Library/PackageCache/com.unity.modules.ai)
    com.unity.modules.androidjni@1.0.0 (location: /private/tmp/pocketstriker-video-20261008/project/Library/PackageCache/com.unity.modules.androidjni)
    com.unity.modules.animation@1.0.0 (location: /private/tmp/pocketstriker-video-20261008/project/Library/PackageCache/com.unity.modules.animation)
    com.unity.modules.assetbundle@1.0.0 (location: /private/tmp/pocketstriker-video-20261008/project/Library/PackageCache/com.unity.modules.assetbundle)
    com.unity.modules.audio@1.0.0 (location: /private/tmp/pocketstriker-video-20261008/project/Library/PackageCache/com.unity.modules.audio)
    com.unity.modules.cloth@1.0.0 (location: /private/tmp/pocketstriker-video-20261008/project/Library/PackageCache/com.unity.modules.cloth)
    com.unity.modules.director@1.0.0 (location: /private/tmp/pocketstriker-video-20261008/project/Library/PackageCache/com.unity.modules.director)
    com.unity.modules.imageconversion@1.0.0 (location: /private/tmp/pocketstriker-video-20261008/project/Library/PackageCache/com.unity.modules.imageconversion)
    com.unity.modules.imgui@1.0.0 (location: /private/tmp/pocketstriker-video-20261008/project/Library/PackageCache/com.unity.modules.imgui)
    com.unity.modules.jsonserialize@1.0.0 (location: /private/tmp/pocketstriker-video-20261008/project/Library/PackageCache/com.unity.modules.jsonserialize)
    com.unity.modules.particlesystem@1.0.0 (location: /private/tmp/pocketstriker-video-20261008/project/Library/PackageCache/com.unity.modules.particlesystem)
    com.unity.modules.physics@1.0.0 (location: /private/tmp/pocketstriker-video-20261008/project/Library/PackageCache/com.unity.modules.physics)
    com.unity.modules.physics2d@1.0.0 (location: /private/tmp/pocketstriker-video-20261008/project/Library/PackageCache/com.unity.modules.physics2d)
    com.unity.modules.physicscore2d@1.0.0 (location: /private/tmp/pocketstriker-video-20261008/project/Library/PackageCache/com.unity.modules.physicscore2d)
    com.unity.modules.screencapture@1.0.0 (location: /private/tmp/pocketstriker-video-20261008/project/Library/PackageCache/com.unity.modules.screencapture)
    com.unity.modules.terrain@1.0.0 (location: /private/tmp/pocketstriker-video-20261008/project/Library/PackageCache/com.unity.modules.terrain)
    com.unity.modules.terrainphysics@1.0.0 (location: /private/tmp/pocketstriker-video-20261008/project/Library/PackageCache/com.unity.modules.terrainphysics)
    com.unity.modules.tilemap@1.0.0 (location: /private/tmp/pocketstriker-video-20261008/project/Library/PackageCache/com.unity.modules.tilemap)
    com.unity.modules.ui@1.0.0 (location: /private/tmp/pocketstriker-video-20261008/project/Library/PackageCache/com.unity.modules.ui)
    com.unity.modules.uielements@1.0.0 (location: /private/tmp/pocketstriker-video-20261008/project/Library/PackageCache/com.unity.modules.uielements)
    com.unity.modules.umbra@1.0.0 (location: /private/tmp/pocketstriker-video-20261008/project/Library/PackageCache/com.unity.modules.umbra)
    com.unity.modules.unityanalytics@1.0.0 (location: /private/tmp/pocketstriker-video-20261008/project/Library/PackageCache/com.unity.modules.unityanalytics)
    com.unity.modules.unitywebrequest@1.0.0 (location: /private/tmp/pocketstriker-video-20261008/project/Library/PackageCache/com.unity.modules.unitywebrequest)
    com.unity.modules.unitywebrequestassetbundle@1.0.0 (location: /private/tmp/pocketstriker-video-20261008/project/Library/PackageCache/com.unity.modules.unitywebrequestassetbundle)
    com.unity.modules.unitywebrequestaudio@1.0.0 (location: /private/tmp/pocketstriker-video-20261008/project/Library/PackageCache/com.unity.modules.unitywebrequestaudio)
    com.unity.modules.unitywebrequesttexture@1.0.0 (location: /private/tmp/pocketstriker-video-20261008/project/Library/PackageCache/com.unity.modules.unitywebrequesttexture)
    com.unity.modules.unitywebrequestwww@1.0.0 (location: /private/tmp/pocketstriker-video-20261008/project/Library/PackageCache/com.unity.modules.unitywebrequestwww)
    com.unity.modules.vectorgraphics@1.0.0 (location: /private/tmp/pocketstriker-video-20261008/project/Library/PackageCache/com.unity.modules.vectorgraphics)
    com.unity.modules.vehicles@1.0.0 (location: /private/tmp/pocketstriker-video-20261008/project/Library/PackageCache/com.unity.modules.vehicles)
    com.unity.modules.video@1.0.0 (location: /private/tmp/pocketstriker-video-20261008/project/Library/PackageCache/com.unity.modules.video)
    com.unity.modules.wind@1.0.0 (location: /private/tmp/pocketstriker-video-20261008/project/Library/PackageCache/com.unity.modules.wind)
    com.unity.modules.xr@1.0.0 (location: /private/tmp/pocketstriker-video-20261008/project/Library/PackageCache/com.unity.modules.xr)
    com.unity.modules.subsystems@1.0.0 (location: /private/tmp/pocketstriker-video-20261008/project/Library/PackageCache/com.unity.modules.subsystems)
    com.unity.modules.hierarchycore@1.0.0 (location: /private/tmp/pocketstriker-video-20261008/project/Library/PackageCache/com.unity.modules.hierarchycore)
    com.unity.ext.nunit@2.1.0 (location: /private/tmp/pocketstriker-video-20261008/project/Library/PackageCache/com.unity.ext.nunit@44f7d31723bd)
    com.unity.render-pipelines.core@17.5.0 (location: /private/tmp/pocketstriker-video-20261008/project/Library/PackageCache/com.unity.render-pipelines.core@d7ce3ed2cd80)
    com.unity.shadergraph@17.5.0 (location: /private/tmp/pocketstriker-video-20261008/project/Library/PackageCache/com.unity.shadergraph@2df19e8719bc)
    com.unity.render-pipelines.universal-config@17.5.0 (location: /private/tmp/pocketstriker-video-20261008/project/Library/PackageCache/com.unity.render-pipelines.universal-config@fdda01c80fe3)
  Embedded packages:
    com.mcombat.shared@file:/private/tmp/pocketstriker-video-20261008/project/Packages/com.mcombat.shared (location: /private/tmp/pocketstriker-video-20261008/project/Packages/com.mcombat.shared)
    com.heurekagames.utils@file:/private/tmp/pocketstriker-video-20261008/project/Packages/com.heurekagames.utils (location: /private/tmp/pocketstriker-video-20261008/project/Packages/com.heurekagames.utils)
  Git packages:
    com.cysharp.unitask@https://github.com/Cysharp/UniTask.git?path=src/UniTask/Assets/Plugins/UniTask#ceac8d6946b1125fe782cd171fbcb245b567dbf9 (location: /private/tmp/pocketstriker-video-20261008/project/Library/PackageCache/com.cysharp.unitask@dc216dc4183d)
    com.google.external-dependency-manager@https://github.com/googlesamples/unity-jar-resolver.git?path=upm#1a9384872d6b8b954a8c0115fdcdf146c995062a (location: /private/tmp/pocketstriker-video-20261008/project/Library/PackageCache/com.google.external-dependency-manager@eb15acb9d1f0)
    com.neuecc.unirx@https://github.com/neuecc/UniRx.git?path=Assets/Plugins/UniRx/Scripts#6baeccf6c544c155497164327cca72f28163a578 (location: /private/tmp/pocketstriker-video-20261008/project/Library/PackageCache/com.neuecc.unirx@31ee62cbf28c)
    com.yasirkula.ingamedebugconsole@https://github.com/yasirkula/UnityIngameDebugConsole.git#73c1d9c582e0b49d63ddcd6efb48b0059f33d43c (location: /private/tmp/pocketstriker-video-20261008/project/Library/PackageCache/com.yasirkula.ingamedebugconsole@73c1d9c582e0)
[Subsystems] No new subsystems found in resolved package list.
[Package Manager] Done registering packages in 0.00 seconds
[ScriptCompilation] Requested script compilation because: AssetDatabase observed changes in script compilation related files
info: Microsoft.Hosting.Lifetime[14]
      Now listening on: http://unix:/tmp/ilpp.sock-9bd1decb8d3abf9e3b465f7b8dd43b3a
info: Microsoft.Hosting.Lifetime[0]
      Application started. Press Ctrl+C to shut down.
info: Microsoft.Hosting.Lifetime[0]
      Hosting environment: Production
info: Microsoft.Hosting.Lifetime[0]
      Content root path: /private/tmp/pocketstriker-video-20261008/project
info: Microsoft.AspNetCore.Hosting.Diagnostics[1]
      Request starting HTTP/2 POST http://ilpp/UnityILPP.PostProcessing/Ping - application/grpc -
info: Microsoft.AspNetCore.Routing.EndpointMiddleware[0]
      Executing endpoint 'gRPC - /UnityILPP.PostProcessing/Ping'
info: Microsoft.AspNetCore.Routing.EndpointMiddleware[1]
      Executed endpoint 'gRPC - /UnityILPP.PostProcessing/Ping'
info: Microsoft.AspNetCore.Hosting.Diagnostics[2]
      Request finished HTTP/2 POST http://ilpp/UnityILPP.PostProcessing/Ping - 200 - application/grpc 18.2824ms
Starting: /Applications/Unity/Hub/Editor/6000.5.1f1/Unity.app/Contents/Resources/BuildPipeline/bee_backend --ipc --defer-dag-verification --dagfile="Library/Bee/900b0aE.dag" --continue-on-failure --profile="Library/Bee/backend1.traceevents" ScriptAssemblies
WorkingDir: /private/tmp/pocketstriker-video-20261008/project
DisplayProgressbar: Compiling Scripts
Starting: /Applications/Unity/Hub/Editor/6000.5.1f1/Unity.app/Contents/Resources/Scripting/netcorerun/netcorerun "/Applications/Unity/Hub/Editor/6000.5.1f1/Unity.app/Contents/Resources/BuildPipeline/ScriptCompilationBuildProgram.exe" "Library/Bee/900b0aE.dag.json" "Library/Bee/900b0aE-inputdata.json" "Library/Bee/buildprogram0.traceevents"
ExitCode: 4 Duration: 0s121ms
Rebuilding DAG because FileSignature timestamp changed: Library/Bee/900b0aE-inputdata.json
*** Tundra requires additional run (0.11 seconds), 0 items updated, 13 evaluated
WorkingDir: /private/tmp/pocketstriker-video-20261008/project
ExitCode: 0 Duration: 1s338ms
Starting: /Applications/Unity/Hub/Editor/6000.5.1f1/Unity.app/Contents/Resources/BuildPipeline/bee_backend --ipc --defer-dag-verification --dagfile="Library/Bee/900b0aE.dag" --continue-on-failure --dagfilejson="Library/Bee/900b0aE.dag.json" --profile="Library/Bee/backend2.traceevents" ScriptAssemblies
WorkingDir: /private/tmp/pocketstriker-video-20261008/project
info: Microsoft.AspNetCore.Hosting.Diagnostics[1]
      Request starting HTTP/2 POST http://ilpp/UnityILPP.PostProcessing/ConfigurePostProcessors - application/grpc -
info: Microsoft.AspNetCore.Routing.EndpointMiddleware[0]
      Executing endpoint 'gRPC - /UnityILPP.PostProcessing/ConfigurePostProcessors'
warn: Unity.ILPP.Runner.PostProcessingAssemblyLoadContext[0]
      Assembly unityeditor.ios.extensions.xcode has duplicate hint path. Ignoring "/Applications/Unity/Hub/Editor/6000.5.1f1/PlaybackEngines/iOSSupport/UnityEditor.iOS.Extensions.Xcode.dll" in favor of "/Applications/Unity/Hub/Editor/6000.5.1f1/PlaybackEngines/MacStandaloneSupport/UnityEditor.iOS.Extensions.Xcode.dll"
warn: Unity.ILPP.Runner.PostProcessingAssemblyLoadContext[0]
      Assembly system.runtime.interopservices.windowsruntime has duplicate hint path. Ignoring "/Applications/Unity/Hub/Editor/6000.5.1f1/Unity.app/Contents/Resources/Scripting/UnityReferenceAssemblies/unity-4.8-api/Facades/System.Runtime.InteropServices.WindowsRuntime.dll" in favor of "/Applications/Unity/Hub/Editor/6000.5.1f1/Unity.app/Contents/Resources/Scripting/NetStandard/Extensions/2.0.0/System.Runtime.InteropServices.WindowsRuntime.dll"
warn: Unity.ILPP.Runner.PostProcessingAssemblyLoadContext[0]
      Assembly system.componentmodel.composition has duplicate hint path. Ignoring "/Applications/Unity/Hub/Editor/6000.5.1f1/Unity.app/Contents/Resources/Scripting/UnityReferenceAssemblies/unity-4.8-api/System.ComponentModel.Composition.dll" in favor of "/Applications/Unity/Hub/Editor/6000.5.1f1/Unity.app/Contents/Resources/Scripting/NetStandard/compat/2.1.0/shims/netfx/System.ComponentModel.Composition.dll"
info: Unity.ILPP.Runner.PostProcessingAssemblyLoadContext[0]
      Resolved Unity.Burst.Cecil, Version=0.11.6.0, Culture=neutral, PublicKeyToken=50cebf1cceb9d05e with Library/PackageCache/com.unity.burst@2f3d916873ea/Unity.Burst.CodeGen/Unity.Burst.Cecil.dll
info: Unity.ILPP.Runner.PostProcessingAssemblyLoadContext[0]
      Resolved Mono.Cecil, Version=0.11.5.0, Culture=neutral, PublicKeyToken=50cebf1cceb9d05e with Library/PackageCache/com.unity.nuget.mono-cecil@ecb9724e46ff/Mono.Cecil.dll
info: Microsoft.AspNetCore.Routing.EndpointMiddleware[1]
      Executed endpoint 'gRPC - /UnityILPP.PostProcessing/ConfigurePostProcessors'
info: Microsoft.AspNetCore.Hosting.Diagnostics[2]
      Request finished HTTP/2 POST http://ilpp/UnityILPP.PostProcessing/ConfigurePostProcessors - 200 - application/grpc 12.9150ms
info: Microsoft.AspNetCore.Hosting.Diagnostics[1]
      Request starting HTTP/2 POST http://ilpp/UnityILPP.PostProcessing/PostProcessAssembly - application/grpc -
info: Microsoft.AspNetCore.Routing.EndpointMiddleware[0]
      Executing endpoint 'gRPC - /UnityILPP.PostProcessing/PostProcessAssembly'
info: Microsoft.AspNetCore.Hosting.Diagnostics[1]
      Request starting HTTP/2 POST http://ilpp/UnityILPP.PostProcessing/PostProcessAssembly - application/grpc -
info: Microsoft.AspNetCore.Routing.EndpointMiddleware[0]
      Executing endpoint 'gRPC - /UnityILPP.PostProcessing/PostProcessAssembly'
info: Microsoft.AspNetCore.Hosting.Diagnostics[1]
      Request starting HTTP/2 POST http://ilpp/UnityILPP.PostProcessing/PostProcessAssembly - application/grpc -
info: Microsoft.AspNetCore.Routing.EndpointMiddleware[0]
      Executing endpoint 'gRPC - /UnityILPP.PostProcessing/PostProcessAssembly'
info: Microsoft.AspNetCore.Hosting.Diagnostics[1]
      Request starting HTTP/2 POST http://ilpp/UnityILPP.PostProcessing/PostProcessAssembly - application/grpc -
info: Microsoft.AspNetCore.Routing.EndpointMiddleware[0]
      Executing endpoint 'gRPC - /UnityILPP.PostProcessing/PostProcessAssembly'
info: Microsoft.AspNetCore.Hosting.Diagnostics[1]
      Request starting HTTP/2 POST http://ilpp/UnityILPP.PostProcessing/PostProcessAssembly - application/grpc -
info: Microsoft.AspNetCore.Hosting.Diagnostics[1]
      Request starting HTTP/2 POST http://ilpp/UnityILPP.PostProcessing/PostProcessAssembly - application/grpc -
info: Microsoft.AspNetCore.Routing.EndpointMiddleware[0]
      Executing endpoint 'gRPC - /UnityILPP.PostProcessing/PostProcessAssembly'
info: Microsoft.AspNetCore.Routing.EndpointMiddleware[0]
      Executing endpoint 'gRPC - /UnityILPP.PostProcessing/PostProcessAssembly'
info: Microsoft.AspNetCore.Hosting.Diagnostics[1]
      Request starting HTTP/2 POST http://ilpp/UnityILPP.PostProcessing/PostProcessAssembly - application/grpc -
info: Microsoft.AspNetCore.Routing.EndpointMiddleware[0]
      Executing endpoint 'gRPC - /UnityILPP.PostProcessing/PostProcessAssembly'
info: Unity.ILPP.Runner.PostProcessingPipeline[0]
      Processing assembly Library/Bee/artifacts/900b0aE.dag/UniTask.dll, with 157 defines and 316 references
info: Unity.ILPP.Runner.PostProcessingPipeline[0]
      Processing assembly Library/Bee/artifacts/900b0aE.dag/Assembly-CSharp-firstpass.dll, with 151 defines and 393 references
info: Unity.ILPP.Runner.PostProcessingPipeline[0]
      Processing assembly Library/Bee/artifacts/900b0aE.dag/Unity.Timeline.dll, with 152 defines and 316 references
info: Unity.ILPP.Runner.PostProcessingPipeline[0]
      processors: Unity.Jobs.CodeGen.JobsILPostProcessor, zzzUnity.Burst.CodeGen.BurstILPostProcessor
info: Unity.ILPP.Runner.PostProcessingPipeline[0]
      processors: Unity.Jobs.CodeGen.JobsILPostProcessor, zzzUnity.Burst.CodeGen.BurstILPostProcessor
info: Unity.ILPP.Runner.PostProcessingPipeline[0]
      processors: Unity.Jobs.CodeGen.JobsILPostProcessor, zzzUnity.Burst.CodeGen.BurstILPostProcessor
info: Unity.ILPP.Runner.PostProcessingPipeline[0]
      Processing assembly Library/Bee/artifacts/900b0aE.dag/Unity.Addressables.dll, with 151 defines and 317 references
info: Unity.ILPP.Runner.PostProcessingPipeline[0]
      processors: Unity.Jobs.CodeGen.JobsILPostProcessor, zzzUnity.Burst.CodeGen.BurstILPostProcessor
info: Unity.ILPP.Runner.PostProcessingPipeline[0]
      Processing assembly Library/Bee/artifacts/900b0aE.dag/Unity.Services.Core.Threading.dll, with 151 defines and 318 references
info: Unity.ILPP.Runner.PostProcessingPipeline[0]
      processors: Unity.Jobs.CodeGen.JobsILPostProcessor, zzzUnity.Burst.CodeGen.BurstILPostProcessor
info: Microsoft.AspNetCore.Hosting.Diagnostics[1]
      Request starting HTTP/2 POST http://ilpp/UnityILPP.PostProcessing/PostProcessAssembly - application/grpc -
info: Microsoft.AspNetCore.Routing.EndpointMiddleware[0]
      Executing endpoint 'gRPC - /UnityILPP.PostProcessing/PostProcessAssembly'
info: Unity.ILPP.Runner.PostProcessingPipeline[0]
      running Unity.Jobs.CodeGen.JobsILPostProcessor
info: Unity.ILPP.Runner.PostProcessingPipeline[0]
      running Unity.Jobs.CodeGen.JobsILPostProcessor
info: Unity.ILPP.Runner.PostProcessingPipeline[0]
      running Unity.Jobs.CodeGen.JobsILPostProcessor
info: Unity.ILPP.Runner.PostProcessingPipeline[0]
      running Unity.Jobs.CodeGen.JobsILPostProcessor
info: Unity.ILPP.Runner.PostProcessingPipeline[0]
      running Unity.Jobs.CodeGen.JobsILPostProcessor
info: Unity.ILPP.Runner.PostProcessingPipeline[0]
      Processing assembly Library/Bee/artifacts/900b0aE.dag/Unity.Burst.dll, with 151 defines and 287 references
info: Unity.ILPP.Runner.PostProcessingPipeline[0]
      processors: Unity.Jobs.CodeGen.JobsILPostProcessor, zzzUnity.Burst.CodeGen.BurstILPostProcessor
info: Unity.ILPP.Runner.PostProcessingPipeline[0]
      running zzzUnity.Burst.CodeGen.BurstILPostProcessor
info: Unity.ILPP.Runner.PostProcessingPipeline[0]
      running Unity.Jobs.CodeGen.JobsILPostProcessor
info: Unity.ILPP.Runner.PostProcessingPipeline[0]
      running zzzUnity.Burst.CodeGen.BurstILPostProcessor
info: Unity.ILPP.Runner.PostProcessingAssemblyLoadContext[0]
      Resolved Unity.Collections, Version=0.0.0.0, Culture=neutral, PublicKeyToken=null with Library/Bee/artifacts/900b0aE.dag/Unity.Collections.dll
info: Unity.ILPP.Runner.PostProcessingPipeline[0]
      running zzzUnity.Burst.CodeGen.BurstILPostProcessor
info: Unity.ILPP.Runner.PostProcessingPipeline[0]
      running zzzUnity.Burst.CodeGen.BurstILPostProcessor
info: Unity.ILPP.Runner.PostProcessingPipeline[0]
      running zzzUnity.Burst.CodeGen.BurstILPostProcessor
info: Microsoft.AspNetCore.Hosting.Diagnostics[1]
      Request starting HTTP/2 POST http://ilpp/UnityILPP.PostProcessing/PostProcessAssembly - application/grpc -
info: Microsoft.AspNetCore.Routing.EndpointMiddleware[1]
      Executed endpoint 'gRPC - /UnityILPP.PostProcessing/PostProcessAssembly'
info: Microsoft.AspNetCore.Hosting.Diagnostics[2]
      Request finished HTTP/2 POST http://ilpp/UnityILPP.PostProcessing/PostProcessAssembly - 200 - application/grpc 14.8714ms
info: Microsoft.AspNetCore.Routing.EndpointMiddleware[0]
      Executing endpoint 'gRPC - /UnityILPP.PostProcessing/PostProcessAssembly'
info: Microsoft.AspNetCore.Routing.EndpointMiddleware[1]
      Executed endpoint 'gRPC - /UnityILPP.PostProcessing/PostProcessAssembly'
info: Microsoft.AspNetCore.Hosting.Diagnostics[2]
      Request finished HTTP/2 POST http://ilpp/UnityILPP.PostProcessing/PostProcessAssembly - 200 - application/grpc 17.2970ms
info: Unity.ILPP.Runner.PostProcessingPipeline[0]
      Processing assembly Library/Bee/artifacts/900b0aE.dag/PlayFab.dll, with 151 defines and 316 references
info: Unity.ILPP.Runner.PostProcessingPipeline[0]
      processors: Unity.Jobs.CodeGen.JobsILPostProcessor, zzzUnity.Burst.CodeGen.BurstILPostProcessor
info: Microsoft.AspNetCore.Routing.EndpointMiddleware[1]
      Executed endpoint 'gRPC - /UnityILPP.PostProcessing/PostProcessAssembly'
info: Microsoft.AspNetCore.Hosting.Diagnostics[2]
      Request finished HTTP/2 POST http://ilpp/UnityILPP.PostProcessing/PostProcessAssembly - 200 - application/grpc 20.4780ms
info: Microsoft.AspNetCore.Routing.EndpointMiddleware[1]
      Executed endpoint 'gRPC - /UnityILPP.PostProcessing/PostProcessAssembly'
info: Microsoft.AspNetCore.Hosting.Diagnostics[2]
      Request finished HTTP/2 POST http://ilpp/UnityILPP.PostProcessing/PostProcessAssembly - 200 - application/grpc 31.5927ms
info: Unity.ILPP.Runner.PostProcessingPipeline[0]
      running Unity.Jobs.CodeGen.JobsILPostProcessor
info: Unity.ILPP.Runner.PostProcessingPipeline[0]
      running zzzUnity.Burst.CodeGen.BurstILPostProcessor
info: Unity.ILPP.Runner.PostProcessingPipeline[0]
      Processing assembly Library/Bee/artifacts/900b0aE.dag/Unity.Services.Core.Components.dll, with 151 defines and 319 references
info: Unity.ILPP.Runner.PostProcessingPipeline[0]
      Processing assembly Library/Bee/artifacts/900b0aE.dag/Unity.Localization.dll, with 156 defines and 320 references
info: Unity.ILPP.Runner.PostProcessingPipeline[0]
      processors: Unity.Jobs.CodeGen.JobsILPostProcessor, zzzUnity.Burst.CodeGen.BurstILPostProcessor
info: Unity.ILPP.Runner.PostProcessingPipeline[0]
      processors: Unity.Jobs.CodeGen.JobsILPostProcessor, zzzUnity.Burst.CodeGen.BurstILPostProcessor
info: Unity.ILPP.Runner.PostProcessingPipeline[0]
      running Unity.Jobs.CodeGen.JobsILPostProcessor
info: Unity.ILPP.Runner.PostProcessingPipeline[0]
      running zzzUnity.Burst.CodeGen.BurstILPostProcessor
info: Unity.ILPP.Runner.PostProcessingPipeline[0]
      running Unity.Jobs.CodeGen.JobsILPostProcessor
info: Unity.ILPP.Runner.PostProcessingPipeline[0]
      running zzzUnity.Burst.CodeGen.BurstILPostProcessor
info: Microsoft.AspNetCore.Routing.EndpointMiddleware[1]
      Executed endpoint 'gRPC - /UnityILPP.PostProcessing/PostProcessAssembly'
info: Microsoft.AspNetCore.Routing.EndpointMiddleware[1]
      Executed endpoint 'gRPC - /UnityILPP.PostProcessing/PostProcessAssembly'
info: Microsoft.AspNetCore.Hosting.Diagnostics[2]
      Request finished HTTP/2 POST http://ilpp/UnityILPP.PostProcessing/PostProcessAssembly - 200 - application/grpc 13.9041ms
info: Microsoft.AspNetCore.Hosting.Diagnostics[2]
      Request finished HTTP/2 POST http://ilpp/UnityILPP.PostProcessing/PostProcessAssembly - 200 - application/grpc 20.1337ms
info: Microsoft.AspNetCore.Routing.EndpointMiddleware[1]
      Executed endpoint 'gRPC - /UnityILPP.PostProcessing/PostProcessAssembly'
info: Microsoft.AspNetCore.Hosting.Diagnostics[2]
      Request finished HTTP/2 POST http://ilpp/UnityILPP.PostProcessing/PostProcessAssembly - 200 - application/grpc 5.9227ms
info: Unity.ILPP.Runner.PostProcessingAssemblyLoadContext[0]
      Resolved UnityEditor.CoreModule, Version=0.0.0.0, Culture=neutral, PublicKeyToken=null with /Applications/Unity/Hub/Editor/6000.5.1f1/Unity.app/Contents/Resources/Scripting/Managed/UnityEngine/UnityEditor.CoreModule.dll
info: Unity.ILPP.Runner.PostProcessingAssemblyLoadContext[0]
      Resolved UnityEngine.CoreModule, Version=0.0.0.0, Culture=neutral, PublicKeyToken=null with /Applications/Unity/Hub/Editor/6000.5.1f1/Unity.app/Contents/Resources/Scripting/Managed/UnityEngine/UnityEngine.CoreModule.dll
info: Unity.ILPP.Runner.PostProcessingAssemblyLoadContext[0]
      Resolved Unity.Scripting, Version=0.0.0.0, Culture=neutral, PublicKeyToken=null with /Applications/Unity/Hub/Editor/6000.5.1f1/Unity.app/Contents/Resources/Scripting/Managed/UnityEngine/Unity.Scripting.dll
info: Unity.ILPP.Runner.PostProcessingAssemblyLoadContext[0]
      Resolved Unity.Burst.Cecil.Rocks, Version=0.11.6.0, Culture=neutral, PublicKeyToken=50cebf1cceb9d05e with Library/PackageCache/com.unity.burst@2f3d916873ea/Unity.Burst.CodeGen/Unity.Burst.Cecil.Rocks.dll
info: Unity.ILPP.Runner.PostProcessingPipeline[0]
      running zzzUnity.Burst.CodeGen.BurstILPostProcessor
info: Microsoft.AspNetCore.Hosting.Diagnostics[1]
      Request starting HTTP/2 POST http://ilpp/UnityILPP.PostProcessing/PostProcessAssembly - application/grpc -
info: Microsoft.AspNetCore.Routing.EndpointMiddleware[0]
      Executing endpoint 'gRPC - /UnityILPP.PostProcessing/PostProcessAssembly'
info: Unity.ILPP.Runner.PostProcessingPipeline[0]
      Processing assembly Library/Bee/artifacts/900b0aE.dag/Unity.Services.Core.Analytics.dll, with 151 defines and 317 references
info: Unity.ILPP.Runner.PostProcessingPipeline[0]
      processors: Unity.Jobs.CodeGen.JobsILPostProcessor, zzzUnity.Burst.CodeGen.BurstILPostProcessor
info: Unity.ILPP.Runner.PostProcessingPipeline[0]
      running Unity.Jobs.CodeGen.JobsILPostProcessor
info: Unity.ILPP.Runner.PostProcessingPipeline[0]
      running zzzUnity.Burst.CodeGen.BurstILPostProcessor
info: Microsoft.AspNetCore.Routing.EndpointMiddleware[1]
      Executed endpoint 'gRPC - /UnityILPP.PostProcessing/PostProcessAssembly'
info: Microsoft.AspNetCore.Hosting.Diagnostics[2]
      Request finished HTTP/2 POST http://ilpp/UnityILPP.PostProcessing/PostProcessAssembly - 200 - application/grpc 162.4310ms
info: Microsoft.AspNetCore.Routing.EndpointMiddleware[1]
      Executed endpoint 'gRPC - /UnityILPP.PostProcessing/PostProcessAssembly'
info: Microsoft.AspNetCore.Hosting.Diagnostics[2]
      Request finished HTTP/2 POST http://ilpp/UnityILPP.PostProcessing/PostProcessAssembly - 200 - application/grpc 5.6486ms
info: Microsoft.AspNetCore.Hosting.Diagnostics[1]
      Request starting HTTP/2 POST http://ilpp/UnityILPP.PostProcessing/PostProcessAssembly - application/grpc -
info: Microsoft.AspNetCore.Routing.EndpointMiddleware[0]
      Executing endpoint 'gRPC - /UnityILPP.PostProcessing/PostProcessAssembly'
info: Microsoft.AspNetCore.Hosting.Diagnostics[1]
      Request starting HTTP/2 POST http://ilpp/UnityILPP.PostProcessing/PostProcessAssembly - application/grpc -
info: Microsoft.AspNetCore.Routing.EndpointMiddleware[0]
      Executing endpoint 'gRPC - /UnityILPP.PostProcessing/PostProcessAssembly'
info: Microsoft.AspNetCore.Hosting.Diagnostics[1]
      Request starting HTTP/2 POST http://ilpp/UnityILPP.PostProcessing/PostProcessAssembly - application/grpc -
info: Microsoft.AspNetCore.Hosting.Diagnostics[1]
      Request starting HTTP/2 POST http://ilpp/UnityILPP.PostProcessing/PostProcessAssembly - application/grpc -
info: Microsoft.AspNetCore.Routing.EndpointMiddleware[0]
      Executing endpoint 'gRPC - /UnityILPP.PostProcessing/PostProcessAssembly'
info: Microsoft.AspNetCore.Routing.EndpointMiddleware[0]
      Executing endpoint 'gRPC - /UnityILPP.PostProcessing/PostProcessAssembly'
info: Microsoft.AspNetCore.Hosting.Diagnostics[1]
      Request starting HTTP/2 POST http://ilpp/UnityILPP.PostProcessing/PostProcessAssembly - application/grpc -
info: Microsoft.AspNetCore.Routing.EndpointMiddleware[0]
      Executing endpoint 'gRPC - /UnityILPP.PostProcessing/PostProcessAssembly'
info: Unity.ILPP.Runner.PostProcessingPipeline[0]
      Processing assembly Library/Bee/artifacts/900b0aE.dag/Unity.Purchasing.WebshopService.dll, with 151 defines and 320 references
info: Unity.ILPP.Runner.PostProcessingPipeline[0]
      processors: Unity.Jobs.CodeGen.JobsILPostProcessor, zzzUnity.Burst.CodeGen.BurstILPostProcessor
info: Unity.ILPP.Runner.PostProcessingPipeline[0]
      Processing assembly Library/Bee/artifacts/900b0aE.dag/Unity.Services.Core.Registration.dll, with 151 defines and 325 references
info: Unity.ILPP.Runner.PostProcessingPipeline[0]
      processors: Unity.Jobs.CodeGen.JobsILPostProcessor, zzzUnity.Burst.CodeGen.BurstILPostProcessor
info: Unity.ILPP.Runner.PostProcessingPipeline[0]
      running Unity.Jobs.CodeGen.JobsILPostProcessor
info: Unity.ILPP.Runner.PostProcessingPipeline[0]
      running Unity.Jobs.CodeGen.JobsILPostProcessor
info: Unity.ILPP.Runner.PostProcessingPipeline[0]
      running zzzUnity.Burst.CodeGen.BurstILPostProcessor
info: Unity.ILPP.Runner.PostProcessingPipeline[0]
      running zzzUnity.Burst.CodeGen.BurstILPostProcessor
info: Microsoft.AspNetCore.Routing.EndpointMiddleware[1]
      Executed endpoint 'gRPC - /UnityILPP.PostProcessing/PostProcessAssembly'
info: Microsoft.AspNetCore.Routing.EndpointMiddleware[1]
      Executed endpoint 'gRPC - /UnityILPP.PostProcessing/PostProcessAssembly'
info: Microsoft.AspNetCore.Hosting.Diagnostics[2]
      Request finished HTTP/2 POST http://ilpp/UnityILPP.PostProcessing/PostProcessAssembly - 200 - application/grpc 8.4701ms
info: Microsoft.AspNetCore.Hosting.Diagnostics[2]
      Request finished HTTP/2 POST http://ilpp/UnityILPP.PostProcessing/PostProcessAssembly - 200 - application/grpc 8.6234ms
info: Unity.ILPP.Runner.PostProcessingPipeline[0]
      Processing assembly Library/Bee/artifacts/900b0aE.dag/Unity.RenderPipelines.Core.ShaderLibrary.dll, with 151 defines and 316 references
info: Unity.ILPP.Runner.PostProcessingPipeline[0]
      processors: Unity.Jobs.CodeGen.JobsILPostProcessor, zzzUnity.Burst.CodeGen.BurstILPostProcessor
info: Unity.ILPP.Runner.PostProcessingPipeline[0]
      Processing assembly Library/Bee/artifacts/900b0aE.dag/MagicaClothV2.dll, with 154 defines and 296 references
info: Unity.ILPP.Runner.PostProcessingPipeline[0]
      processors: Unity.Jobs.CodeGen.JobsILPostProcessor, zzzUnity.Burst.CodeGen.BurstILPostProcessor
info: Unity.ILPP.Runner.PostProcessingPipeline[0]
      Processing assembly Library/Bee/artifacts/900b0aE.dag/OmniShade.dll, with 151 defines and 316 references
info: Unity.ILPP.Runner.PostProcessingPipeline[0]
      processors: Unity.Jobs.CodeGen.JobsILPostProcessor, zzzUnity.Burst.CodeGen.BurstILPostProcessor
info: Unity.ILPP.Runner.PostProcessingPipeline[0]
      running Unity.Jobs.CodeGen.JobsILPostProcessor
info: Unity.ILPP.Runner.PostProcessingPipeline[0]
      running zzzUnity.Burst.CodeGen.BurstILPostProcessor
info: Unity.ILPP.Runner.PostProcessingPipeline[0]
      running Unity.Jobs.CodeGen.JobsILPostProcessor
info: Unity.ILPP.Runner.PostProcessingPipeline[0]
      running zzzUnity.Burst.CodeGen.BurstILPostProcessor
info: Unity.ILPP.Runner.PostProcessingPipeline[0]
      running Unity.Jobs.CodeGen.JobsILPostProcessor
info: Microsoft.AspNetCore.Routing.EndpointMiddleware[1]
      Executed endpoint 'gRPC - /UnityILPP.PostProcessing/PostProcessAssembly'
info: Microsoft.AspNetCore.Hosting.Diagnostics[2]
      Request finished HTTP/2 POST http://ilpp/UnityILPP.PostProcessing/PostProcessAssembly - 200 - application/grpc 25.0017ms
info: Microsoft.AspNetCore.Routing.EndpointMiddleware[1]
      Executed endpoint 'gRPC - /UnityILPP.PostProcessing/PostProcessAssembly'
info: Microsoft.AspNetCore.Hosting.Diagnostics[2]
      Request finished HTTP/2 POST http://ilpp/UnityILPP.PostProcessing/PostProcessAssembly - 200 - application/grpc 26.4645ms
info: Microsoft.AspNetCore.Hosting.Diagnostics[1]
      Request starting HTTP/2 POST http://ilpp/UnityILPP.PostProcessing/PostProcessAssembly - application/grpc -
info: Microsoft.AspNetCore.Routing.EndpointMiddleware[0]
      Executing endpoint 'gRPC - /UnityILPP.PostProcessing/PostProcessAssembly'
info: Microsoft.AspNetCore.Hosting.Diagnostics[1]
      Request starting HTTP/2 POST http://ilpp/UnityILPP.PostProcessing/PostProcessAssembly - application/grpc -
info: Microsoft.AspNetCore.Routing.EndpointMiddleware[0]
      Executing endpoint 'gRPC - /UnityILPP.PostProcessing/PostProcessAssembly'
info: Unity.ILPP.Runner.PostProcessingPipeline[0]
      Processing assembly Library/Bee/artifacts/900b0aE.dag/UniTask.Linq.dll, with 151 defines and 317 references
info: Unity.ILPP.Runner.PostProcessingPipeline[0]
      processors: Unity.Jobs.CodeGen.JobsILPostProcessor, zzzUnity.Burst.CodeGen.BurstILPostProcessor
info: Unity.ILPP.Runner.PostProcessingPipeline[0]
      Processing assembly Library/Bee/artifacts/900b0aE.dag/Unity.Purchasing.SecurityCore.dll, with 151 defines and 316 references
info: Unity.ILPP.Runner.PostProcessingPipeline[0]
      processors: Unity.Jobs.CodeGen.JobsILPostProcessor, zzzUnity.Burst.CodeGen.BurstILPostProcessor
info: Unity.ILPP.Runner.PostProcessingPipeline[0]
      running Unity.Jobs.CodeGen.JobsILPostProcessor
info: Unity.ILPP.Runner.PostProcessingPipeline[0]
      running zzzUnity.Burst.CodeGen.BurstILPostProcessor
info: Unity.ILPP.Runner.PostProcessingPipeline[0]
      running Unity.Jobs.CodeGen.JobsILPostProcessor
info: Unity.ILPP.Runner.PostProcessingPipeline[0]
      running zzzUnity.Burst.CodeGen.BurstILPostProcessor
info: Microsoft.AspNetCore.Hosting.Diagnostics[1]
      Request starting HTTP/2 POST http://ilpp/UnityILPP.PostProcessing/PostProcessAssembly - application/grpc -
info: Microsoft.AspNetCore.Routing.EndpointMiddleware[0]
      Executing endpoint 'gRPC - /UnityILPP.PostProcessing/PostProcessAssembly'
info: Microsoft.AspNetCore.Routing.EndpointMiddleware[1]
      Executed endpoint 'gRPC - /UnityILPP.PostProcessing/PostProcessAssembly'
info: Microsoft.AspNetCore.Hosting.Diagnostics[2]
      Request finished HTTP/2 POST http://ilpp/UnityILPP.PostProcessing/PostProcessAssembly - 200 - application/grpc 3.2101ms
info: Microsoft.AspNetCore.Routing.EndpointMiddleware[1]
      Executed endpoint 'gRPC - /UnityILPP.PostProcessing/PostProcessAssembly'
info: Microsoft.AspNetCore.Hosting.Diagnostics[2]
      Request finished HTTP/2 POST http://ilpp/UnityILPP.PostProcessing/PostProcessAssembly - 200 - application/grpc 7.1238ms
info: Unity.ILPP.Runner.PostProcessingAssemblyLoadContext[0]
      Resolved Mono.Cecil.Rocks, Version=0.11.5.0, Culture=neutral, PublicKeyToken=50cebf1cceb9d05e with Library/PackageCache/com.unity.nuget.mono-cecil@ecb9724e46ff/Mono.Cecil.Rocks.dll
info: Unity.ILPP.Runner.PostProcessingPipeline[0]
      Processing assembly Library/Bee/artifacts/900b0aE.dag/Unity.InputSystem.TestFramework.dll, with 153 defines and 286 references
info: Unity.ILPP.Runner.PostProcessingPipeline[0]
      processors: Unity.Jobs.CodeGen.JobsILPostProcessor, zzzUnity.Burst.CodeGen.BurstILPostProcessor
info: Unity.ILPP.Runner.PostProcessingPipeline[0]
      running Unity.Jobs.CodeGen.JobsILPostProcessor
info: Unity.ILPP.Runner.PostProcessingPipeline[0]
      running zzzUnity.Burst.CodeGen.BurstILPostProcessor
info: Microsoft.AspNetCore.Routing.EndpointMiddleware[1]
      Executed endpoint 'gRPC - /UnityILPP.PostProcessing/PostProcessAssembly'
info: Microsoft.AspNetCore.Hosting.Diagnostics[2]
      Request finished HTTP/2 POST http://ilpp/UnityILPP.PostProcessing/PostProcessAssembly - 200 - application/grpc 3.8068ms
info: Microsoft.AspNetCore.Hosting.Diagnostics[1]
      Request starting HTTP/2 POST http://ilpp/UnityILPP.PostProcessing/PostProcessAssembly - application/grpc -
info: Microsoft.AspNetCore.Routing.EndpointMiddleware[0]
      Executing endpoint 'gRPC - /UnityILPP.PostProcessing/PostProcessAssembly'
info: Unity.ILPP.Runner.PostProcessingPipeline[0]
      Processing assembly Library/Bee/artifacts/900b0aE.dag/Unity.Multiplayer.Center.Common.dll, with 151 defines and 316 references
info: Unity.ILPP.Runner.PostProcessingPipeline[0]
      processors: Unity.Jobs.CodeGen.JobsILPostProcessor, zzzUnity.Burst.CodeGen.BurstILPostProcessor
info: Unity.ILPP.Runner.PostProcessingPipeline[0]
      running Unity.Jobs.CodeGen.JobsILPostProcessor
info: Unity.ILPP.Runner.PostProcessingPipeline[0]
      running zzzUnity.Burst.CodeGen.BurstILPostProcessor
info: Microsoft.AspNetCore.Routing.EndpointMiddleware[1]
      Executed endpoint 'gRPC - /UnityILPP.PostProcessing/PostProcessAssembly'
info: Microsoft.AspNetCore.Hosting.Diagnostics[2]
      Request finished HTTP/2 POST http://ilpp/UnityILPP.PostProcessing/PostProcessAssembly - 200 - application/grpc 3.2920ms
info: Microsoft.AspNetCore.Hosting.Diagnostics[1]
      Request starting HTTP/2 POST http://ilpp/UnityILPP.PostProcessing/PostProcessAssembly - application/grpc -
info: Microsoft.AspNetCore.Routing.EndpointMiddleware[0]
      Executing endpoint 'gRPC - /UnityILPP.PostProcessing/PostProcessAssembly'
info: Unity.ILPP.Runner.PostProcessingPipeline[0]
      Processing assembly Library/Bee/artifacts/900b0aE.dag/Unity.Purchasing.Stores.dll, with 151 defines and 298 references
info: Unity.ILPP.Runner.PostProcessingPipeline[0]
      processors: Unity.Jobs.CodeGen.JobsILPostProcessor, zzzUnity.Burst.CodeGen.BurstILPostProcessor
info: Unity.ILPP.Runner.PostProcessingPipeline[0]
      running Unity.Jobs.CodeGen.JobsILPostProcessor
info: Unity.ILPP.Runner.PostProcessingPipeline[0]
      running zzzUnity.Burst.CodeGen.BurstILPostProcessor
info: Microsoft.AspNetCore.Routing.EndpointMiddleware[1]
      Executed endpoint 'gRPC - /UnityILPP.PostProcessing/PostProcessAssembly'
info: Microsoft.AspNetCore.Hosting.Diagnostics[2]
      Request finished HTTP/2 POST http://ilpp/UnityILPP.PostProcessing/PostProcessAssembly - 200 - application/grpc 3.8001ms
info: Microsoft.AspNetCore.Routing.EndpointMiddleware[1]
      Executed endpoint 'gRPC - /UnityILPP.PostProcessing/PostProcessAssembly'
info: Microsoft.AspNetCore.Hosting.Diagnostics[2]
      Request finished HTTP/2 POST http://ilpp/UnityILPP.PostProcessing/PostProcessAssembly - 200 - application/grpc 335.3688ms
info: Unity.ILPP.Runner.PostProcessingPipeline[0]
      running zzzUnity.Burst.CodeGen.BurstILPostProcessor
info: Microsoft.AspNetCore.Routing.EndpointMiddleware[1]
      Executed endpoint 'gRPC - /UnityILPP.PostProcessing/PostProcessAssembly'
info: Microsoft.AspNetCore.Hosting.Diagnostics[2]
      Request finished HTTP/2 POST http://ilpp/UnityILPP.PostProcessing/PostProcessAssembly - 200 - application/grpc 229.1812ms
info: Microsoft.AspNetCore.Hosting.Diagnostics[1]
      Request starting HTTP/2 POST http://ilpp/UnityILPP.PostProcessing/PostProcessAssembly - application/grpc -
info: Microsoft.AspNetCore.Routing.EndpointMiddleware[0]
      Executing endpoint 'gRPC - /UnityILPP.PostProcessing/PostProcessAssembly'
info: Unity.ILPP.Runner.PostProcessingPipeline[0]
      Processing assembly Library/Bee/artifacts/900b0aE.dag/UnityEngine.UI.dll, with 157 defines and 314 references
info: Unity.ILPP.Runner.PostProcessingPipeline[0]
      processors: Unity.Jobs.CodeGen.JobsILPostProcessor, zzzUnity.Burst.CodeGen.BurstILPostProcessor
info: Unity.ILPP.Runner.PostProcessingPipeline[0]
      running Unity.Jobs.CodeGen.JobsILPostProcessor
info: Unity.ILPP.Runner.PostProcessingPipeline[0]
      running zzzUnity.Burst.CodeGen.BurstILPostProcessor
info: Microsoft.AspNetCore.Hosting.Diagnostics[1]
      Request starting HTTP/2 POST http://ilpp/UnityILPP.PostProcessing/PostProcessAssembly - application/grpc -
info: Microsoft.AspNetCore.Routing.EndpointMiddleware[0]
      Executing endpoint 'gRPC - /UnityILPP.PostProcessing/PostProcessAssembly'
info: Microsoft.AspNetCore.Routing.EndpointMiddleware[1]
      Executed endpoint 'gRPC - /UnityILPP.PostProcessing/PostProcessAssembly'
info: Microsoft.AspNetCore.Hosting.Diagnostics[2]
      Request finished HTTP/2 POST http://ilpp/UnityILPP.PostProcessing/PostProcessAssembly - 200 - application/grpc 4.8253ms
info: Unity.ILPP.Runner.PostProcessingPipeline[0]
      Processing assembly Library/Bee/artifacts/900b0aE.dag/Unity.RenderPipelines.ShaderGraph.ShaderGraphLibrary.dll, with 151 defines and 316 references
info: Unity.ILPP.Runner.PostProcessingPipeline[0]
      processors: Unity.Jobs.CodeGen.JobsILPostProcessor, zzzUnity.Burst.CodeGen.BurstILPostProcessor
info: Unity.ILPP.Runner.PostProcessingPipeline[0]
      running Unity.Jobs.CodeGen.JobsILPostProcessor
info: Unity.ILPP.Runner.PostProcessingPipeline[0]
      running zzzUnity.Burst.CodeGen.BurstILPostProcessor
info: Microsoft.AspNetCore.Routing.EndpointMiddleware[1]
      Executed endpoint 'gRPC - /UnityILPP.PostProcessing/PostProcessAssembly'
info: Microsoft.AspNetCore.Hosting.Diagnostics[2]
      Request finished HTTP/2 POST http://ilpp/UnityILPP.PostProcessing/PostProcessAssembly - 200 - application/grpc 4.8525ms
info: Microsoft.AspNetCore.Hosting.Diagnostics[1]
      Request starting HTTP/2 POST http://ilpp/UnityILPP.PostProcessing/PostProcessAssembly - application/grpc -
info: Microsoft.AspNetCore.Routing.EndpointMiddleware[0]
      Executing endpoint 'gRPC - /UnityILPP.PostProcessing/PostProcessAssembly'
info: Unity.ILPP.Runner.PostProcessingPipeline[0]
      Processing assembly Library/Bee/artifacts/900b0aE.dag/Unity.RenderPipeline.Universal.ShaderLibrary.dll, with 151 defines and 317 references
info: Unity.ILPP.Runner.PostProcessingPipeline[0]
      processors: Unity.Jobs.CodeGen.JobsILPostProcessor, zzzUnity.Burst.CodeGen.BurstILPostProcessor
info: Unity.ILPP.Runner.PostProcessingPipeline[0]
      running Unity.Jobs.CodeGen.JobsILPostProcessor
info: Unity.ILPP.Runner.PostProcessingPipeline[0]
      running zzzUnity.Burst.CodeGen.BurstILPostProcessor
info: Microsoft.AspNetCore.Routing.EndpointMiddleware[1]
      Executed endpoint 'gRPC - /UnityILPP.PostProcessing/PostProcessAssembly'
info: Microsoft.AspNetCore.Hosting.Diagnostics[2]
      Request finished HTTP/2 POST http://ilpp/UnityILPP.PostProcessing/PostProcessAssembly - 200 - application/grpc 4.1924ms
info: Microsoft.AspNetCore.Hosting.Diagnostics[1]
      Request starting HTTP/2 POST http://ilpp/UnityILPP.PostProcessing/PostProcessAssembly - application/grpc -
info: Microsoft.AspNetCore.Routing.EndpointMiddleware[0]
      Executing endpoint 'gRPC - /UnityILPP.PostProcessing/PostProcessAssembly'
info: Microsoft.AspNetCore.Hosting.Diagnostics[1]
      Request starting HTTP/2 POST http://ilpp/UnityILPP.PostProcessing/PostProcessAssembly - application/grpc -
info: Microsoft.AspNetCore.Routing.EndpointMiddleware[0]
      Executing endpoint 'gRPC - /UnityILPP.PostProcessing/PostProcessAssembly'
info: Unity.ILPP.Runner.PostProcessingPipeline[0]
      Processing assembly Library/Bee/artifacts/900b0aE.dag/Unity.Recorder.Base.dll, with 151 defines and 316 references
info: Unity.ILPP.Runner.PostProcessingPipeline[0]
      processors: Unity.Jobs.CodeGen.JobsILPostProcessor, zzzUnity.Burst.CodeGen.BurstILPostProcessor
info: Unity.ILPP.Runner.PostProcessingPipeline[0]
      running Unity.Jobs.CodeGen.JobsILPostProcessor
info: Unity.ILPP.Runner.PostProcessingPipeline[0]
      running zzzUnity.Burst.CodeGen.BurstILPostProcessor
info: Microsoft.AspNetCore.Routing.EndpointMiddleware[1]
      Executed endpoint 'gRPC - /UnityILPP.PostProcessing/PostProcessAssembly'
info: Microsoft.AspNetCore.Hosting.Diagnostics[2]
      Request finished HTTP/2 POST http://ilpp/UnityILPP.PostProcessing/PostProcessAssembly - 200 - application/grpc 5.2668ms
info: Unity.ILPP.Runner.PostProcessingPipeline[0]
      Processing assembly Library/Bee/artifacts/900b0aE.dag/Unity.RenderPipelines.Universal.Shaders.dll, with 151 defines and 316 references
info: Unity.ILPP.Runner.PostProcessingPipeline[0]
      processors: Unity.Jobs.CodeGen.JobsILPostProcessor, zzzUnity.Burst.CodeGen.BurstILPostProcessor
info: Unity.ILPP.Runner.PostProcessingPipeline[0]
      running Unity.Jobs.CodeGen.JobsILPostProcessor
info: Unity.ILPP.Runner.PostProcessingPipeline[0]
      running zzzUnity.Burst.CodeGen.BurstILPostProcessor
info: Microsoft.AspNetCore.Routing.EndpointMiddleware[1]
      Executed endpoint 'gRPC - /UnityILPP.PostProcessing/PostProcessAssembly'
info: Microsoft.AspNetCore.Hosting.Diagnostics[2]
      Request finished HTTP/2 POST http://ilpp/UnityILPP.PostProcessing/PostProcessAssembly - 200 - application/grpc 2.8312ms
info: Microsoft.AspNetCore.Hosting.Diagnostics[1]
      Request starting HTTP/2 POST http://ilpp/UnityILPP.PostProcessing/PostProcessAssembly - application/grpc -
info: Microsoft.AspNetCore.Routing.EndpointMiddleware[0]
      Executing endpoint 'gRPC - /UnityILPP.PostProcessing/PostProcessAssembly'
info: Unity.ILPP.Runner.PostProcessingPipeline[0]
      Processing assembly Library/Bee/artifacts/900b0aE.dag/Unity.RenderPipelines.Universal.Config.Runtime.dll, with 151 defines and 317 references
info: Unity.ILPP.Runner.PostProcessingPipeline[0]
      processors: Unity.Jobs.CodeGen.JobsILPostProcessor, zzzUnity.Burst.CodeGen.BurstILPostProcessor
info: Unity.ILPP.Runner.PostProcessingPipeline[0]
      running Unity.Jobs.CodeGen.JobsILPostProcessor
info: Unity.ILPP.Runner.PostProcessingPipeline[0]
      running zzzUnity.Burst.CodeGen.BurstILPostProcessor
info: Microsoft.AspNetCore.Routing.EndpointMiddleware[1]
      Executed endpoint 'gRPC - /UnityILPP.PostProcessing/PostProcessAssembly'
info: Microsoft.AspNetCore.Hosting.Diagnostics[2]
      Request finished HTTP/2 POST http://ilpp/UnityILPP.PostProcessing/PostProcessAssembly - 200 - application/grpc 11.3964ms
info: Microsoft.AspNetCore.Hosting.Diagnostics[1]
      Request starting HTTP/2 POST http://ilpp/UnityILPP.PostProcessing/PostProcessAssembly - application/grpc -
info: Microsoft.AspNetCore.Routing.EndpointMiddleware[0]
      Executing endpoint 'gRPC - /UnityILPP.PostProcessing/PostProcessAssembly'
info: Unity.ILPP.Runner.PostProcessingPipeline[0]
      Processing assembly Library/Bee/artifacts/900b0aE.dag/Unity.Purchasing.AppleStub.dll, with 151 defines and 318 references
info: Unity.ILPP.Runner.PostProcessingPipeline[0]
      processors: Unity.Jobs.CodeGen.JobsILPostProcessor, zzzUnity.Burst.CodeGen.BurstILPostProcessor
info: Unity.ILPP.Runner.PostProcessingPipeline[0]
      running Unity.Jobs.CodeGen.JobsILPostProcessor
info: Unity.ILPP.Runner.PostProcessingPipeline[0]
      running zzzUnity.Burst.CodeGen.BurstILPostProcessor
info: Microsoft.AspNetCore.Routing.EndpointMiddleware[1]
      Executed endpoint 'gRPC - /UnityILPP.PostProcessing/PostProcessAssembly'
info: Microsoft.AspNetCore.Hosting.Diagnostics[2]
      Request finished HTTP/2 POST http://ilpp/UnityILPP.PostProcessing/PostProcessAssembly - 200 - application/grpc 3.1218ms
info: Microsoft.AspNetCore.Hosting.Diagnostics[1]
      Request starting HTTP/2 POST http://ilpp/UnityILPP.PostProcessing/PostProcessAssembly - application/grpc -
info: Microsoft.AspNetCore.Routing.EndpointMiddleware[0]
      Executing endpoint 'gRPC - /UnityILPP.PostProcessing/PostProcessAssembly'
info: Unity.ILPP.Runner.PostProcessingPipeline[0]
      Processing assembly Library/Bee/artifacts/900b0aE.dag/Unity.Services.Core.Internal.dll, with 151 defines and 317 references
info: Unity.ILPP.Runner.PostProcessingPipeline[0]
      processors: Unity.Jobs.CodeGen.JobsILPostProcessor, zzzUnity.Burst.CodeGen.BurstILPostProcessor
info: Unity.ILPP.Runner.PostProcessingPipeline[0]
      running Unity.Jobs.CodeGen.JobsILPostProcessor
info: Unity.ILPP.Runner.PostProcessingPipeline[0]
      running zzzUnity.Burst.CodeGen.BurstILPostProcessor
info: Microsoft.AspNetCore.Routing.EndpointMiddleware[1]
      Executed endpoint 'gRPC - /UnityILPP.PostProcessing/PostProcessAssembly'
info: Microsoft.AspNetCore.Hosting.Diagnostics[2]
      Request finished HTTP/2 POST http://ilpp/UnityILPP.PostProcessing/PostProcessAssembly - 200 - application/grpc 2.8422ms
info: Microsoft.AspNetCore.Hosting.Diagnostics[1]
      Request starting HTTP/2 POST http://ilpp/UnityILPP.PostProcessing/PostProcessAssembly - application/grpc -
info: Microsoft.AspNetCore.Routing.EndpointMiddleware[0]
      Executing endpoint 'gRPC - /UnityILPP.PostProcessing/PostProcessAssembly'
info: Unity.ILPP.Runner.PostProcessingPipeline[0]
      Processing assembly Library/Bee/artifacts/900b0aE.dag/Unity.Services.Core.Networking.dll, with 151 defines and 318 references
info: Unity.ILPP.Runner.PostProcessingPipeline[0]
      processors: Unity.Jobs.CodeGen.JobsILPostProcessor, zzzUnity.Burst.CodeGen.BurstILPostProcessor
info: Unity.ILPP.Runner.PostProcessingPipeline[0]
      running Unity.Jobs.CodeGen.JobsILPostProcessor
info: Unity.ILPP.Runner.PostProcessingPipeline[0]
      running zzzUnity.Burst.CodeGen.BurstILPostProcessor
info: Microsoft.AspNetCore.Routing.EndpointMiddleware[1]
      Executed endpoint 'gRPC - /UnityILPP.PostProcessing/PostProcessAssembly'
info: Microsoft.AspNetCore.Hosting.Diagnostics[2]
      Request finished HTTP/2 POST http://ilpp/UnityILPP.PostProcessing/PostProcessAssembly - 200 - application/grpc 2.7067ms
info: Microsoft.AspNetCore.Hosting.Diagnostics[1]
      Request starting HTTP/2 POST http://ilpp/UnityILPP.PostProcessing/PostProcessAssembly - application/grpc -
info: Microsoft.AspNetCore.Routing.EndpointMiddleware[0]
      Executing endpoint 'gRPC - /UnityILPP.PostProcessing/PostProcessAssembly'
info: Unity.ILPP.Runner.PostProcessingPipeline[0]
      Processing assembly Library/Bee/artifacts/900b0aE.dag/YamlDotNet.dll, with 151 defines and 138 references
info: Unity.ILPP.Runner.PostProcessingPipeline[0]
      processors: Unity.Jobs.CodeGen.JobsILPostProcessor, zzzUnity.Burst.CodeGen.BurstILPostProcessor
info: Unity.ILPP.Runner.PostProcessingPipeline[0]
      running Unity.Jobs.CodeGen.JobsILPostProcessor
info: Unity.ILPP.Runner.PostProcessingPipeline[0]
      running zzzUnity.Burst.CodeGen.BurstILPostProcessor
info: Microsoft.AspNetCore.Routing.EndpointMiddleware[1]
      Executed endpoint 'gRPC - /UnityILPP.PostProcessing/PostProcessAssembly'
info: Microsoft.AspNetCore.Hosting.Diagnostics[2]
      Request finished HTTP/2 POST http://ilpp/UnityILPP.PostProcessing/PostProcessAssembly - 200 - application/grpc 6.3781ms
info: Microsoft.AspNetCore.Hosting.Diagnostics[1]
      Request starting HTTP/2 POST http://ilpp/UnityILPP.PostProcessing/PostProcessAssembly - application/grpc -
info: Microsoft.AspNetCore.Routing.EndpointMiddleware[0]
      Executing endpoint 'gRPC - /UnityILPP.PostProcessing/PostProcessAssembly'
info: Unity.ILPP.Runner.PostProcessingPipeline[0]
      Processing assembly Library/Bee/artifacts/900b0aE.dag/UniRx.dll, with 151 defines and 316 references
info: Unity.ILPP.Runner.PostProcessingPipeline[0]
      processors: Unity.Jobs.CodeGen.JobsILPostProcessor, zzzUnity.Burst.CodeGen.BurstILPostProcessor
info: Unity.ILPP.Runner.PostProcessingPipeline[0]
      running Unity.Jobs.CodeGen.JobsILPostProcessor
info: Unity.ILPP.Runner.PostProcessingPipeline[0]
      running zzzUnity.Burst.CodeGen.BurstILPostProcessor
info: Microsoft.AspNetCore.Routing.EndpointMiddleware[1]
      Executed endpoint 'gRPC - /UnityILPP.PostProcessing/PostProcessAssembly'
info: Microsoft.AspNetCore.Hosting.Diagnostics[2]
      Request finished HTTP/2 POST http://ilpp/UnityILPP.PostProcessing/PostProcessAssembly - 200 - application/grpc 7.8742ms
info: Microsoft.AspNetCore.Hosting.Diagnostics[1]
      Request starting HTTP/2 POST http://ilpp/UnityILPP.PostProcessing/PostProcessAssembly - application/grpc -
info: Microsoft.AspNetCore.Hosting.Diagnostics[1]
      Request starting HTTP/2 POST http://ilpp/UnityILPP.PostProcessing/PostProcessAssembly - application/grpc -
info: Microsoft.AspNetCore.Routing.EndpointMiddleware[0]
      Executing endpoint 'gRPC - /UnityILPP.PostProcessing/PostProcessAssembly'
info: Microsoft.AspNetCore.Routing.EndpointMiddleware[0]
      Executing endpoint 'gRPC - /UnityILPP.PostProcessing/PostProcessAssembly'
info: Unity.ILPP.Runner.PostProcessingPipeline[0]
      Processing assembly Library/Bee/artifacts/900b0aE.dag/Unity.InternalAPIEngineBridge.RenderPipelines.Core.Runtime.Shared.dll, with 151 defines and 316 references
info: Unity.ILPP.Runner.PostProcessingPipeline[0]
      processors: Unity.Jobs.CodeGen.JobsILPostProcessor, zzzUnity.Burst.CodeGen.BurstILPostProcessor
info: Unity.ILPP.Runner.PostProcessingPipeline[0]
      Processing assembly Library/Bee/artifacts/900b0aE.dag/YamlDotNet.Examples.dll, with 151 defines and 287 references
info: Unity.ILPP.Runner.PostProcessingPipeline[0]
      processors: Unity.Jobs.CodeGen.JobsILPostProcessor, zzzUnity.Burst.CodeGen.BurstILPostProcessor
info: Unity.ILPP.Runner.PostProcessingPipeline[0]
      running Unity.Jobs.CodeGen.JobsILPostProcessor
info: Unity.ILPP.Runner.PostProcessingPipeline[0]
      running zzzUnity.Burst.CodeGen.BurstILPostProcessor
info: Unity.ILPP.Runner.PostProcessingPipeline[0]
      running Unity.Jobs.CodeGen.JobsILPostProcessor
info: Unity.ILPP.Runner.PostProcessingPipeline[0]
      running zzzUnity.Burst.CodeGen.BurstILPostProcessor
info: Microsoft.AspNetCore.Routing.EndpointMiddleware[1]
      Executed endpoint 'gRPC - /UnityILPP.PostProcessing/PostProcessAssembly'
info: Microsoft.AspNetCore.Routing.EndpointMiddleware[1]
      Executed endpoint 'gRPC - /UnityILPP.PostProcessing/PostProcessAssembly'
info: Microsoft.AspNetCore.Hosting.Diagnostics[2]
      Request finished HTTP/2 POST http://ilpp/UnityILPP.PostProcessing/PostProcessAssembly - 200 - application/grpc 8.9862ms
info: Microsoft.AspNetCore.Hosting.Diagnostics[2]
      Request finished HTTP/2 POST http://ilpp/UnityILPP.PostProcessing/PostProcessAssembly - 200 - application/grpc 8.9861ms
info: Microsoft.AspNetCore.Hosting.Diagnostics[1]
      Request starting HTTP/2 POST http://ilpp/UnityILPP.PostProcessing/PostProcessAssembly - application/grpc -
info: Microsoft.AspNetCore.Routing.EndpointMiddleware[0]
      Executing endpoint 'gRPC - /UnityILPP.PostProcessing/PostProcessAssembly'
info: Microsoft.AspNetCore.Hosting.Diagnostics[1]
      Request starting HTTP/2 POST http://ilpp/UnityILPP.PostProcessing/PostProcessAssembly - application/grpc -
info: Microsoft.AspNetCore.Routing.EndpointMiddleware[0]
      Executing endpoint 'gRPC - /UnityILPP.PostProcessing/PostProcessAssembly'
info: Unity.ILPP.Runner.PostProcessingPipeline[0]
      Processing assembly Library/Bee/artifacts/900b0aE.dag/Unity.TextMeshPro.dll, with 152 defines and 317 references
info: Unity.ILPP.Runner.PostProcessingPipeline[0]
      processors: Unity.Jobs.CodeGen.JobsILPostProcessor, zzzUnity.Burst.CodeGen.BurstILPostProcessor
info: Unity.ILPP.Runner.PostProcessingPipeline[0]
      Processing assembly Library/Bee/artifacts/900b0aE.dag/Unity.Purchasing.Utilities.dll, with 151 defines and 316 references
info: Unity.ILPP.Runner.PostProcessingPipeline[0]
      processors: Unity.Jobs.CodeGen.JobsILPostProcessor, zzzUnity.Burst.CodeGen.BurstILPostProcessor
info: Unity.ILPP.Runner.PostProcessingPipeline[0]
      running Unity.Jobs.CodeGen.JobsILPostProcessor
info: Unity.ILPP.Runner.PostProcessingPipeline[0]
      running zzzUnity.Burst.CodeGen.BurstILPostProcessor
info: Unity.ILPP.Runner.PostProcessingPipeline[0]
      running Unity.Jobs.CodeGen.JobsILPostProcessor
info: Unity.ILPP.Runner.PostProcessingPipeline[0]
      running zzzUnity.Burst.CodeGen.BurstILPostProcessor
info: Microsoft.AspNetCore.Routing.EndpointMiddleware[1]
      Executed endpoint 'gRPC - /UnityILPP.PostProcessing/PostProcessAssembly'
info: Microsoft.AspNetCore.Routing.EndpointMiddleware[1]
      Executed endpoint 'gRPC - /UnityILPP.PostProcessing/PostProcessAssembly'
info: Microsoft.AspNetCore.Hosting.Diagnostics[2]
      Request finished HTTP/2 POST http://ilpp/UnityILPP.PostProcessing/PostProcessAssembly - 200 - application/grpc 6.0361ms
info: Microsoft.AspNetCore.Hosting.Diagnostics[2]
      Request finished HTTP/2 POST http://ilpp/UnityILPP.PostProcessing/PostProcessAssembly - 200 - application/grpc 13.4140ms
info: Microsoft.AspNetCore.Hosting.Diagnostics[1]
      Request starting HTTP/2 POST http://ilpp/UnityILPP.PostProcessing/PostProcessAssembly - application/grpc -
info: Microsoft.AspNetCore.Routing.EndpointMiddleware[0]
      Executing endpoint 'gRPC - /UnityILPP.PostProcessing/PostProcessAssembly'
info: Microsoft.AspNetCore.Hosting.Diagnostics[1]
      Request starting HTTP/2 POST http://ilpp/UnityILPP.PostProcessing/PostProcessAssembly - application/grpc -
info: Microsoft.AspNetCore.Routing.EndpointMiddleware[0]
      Executing endpoint 'gRPC - /UnityILPP.PostProcessing/PostProcessAssembly'
info: Unity.ILPP.Runner.PostProcessingPipeline[0]
      Processing assembly Library/Bee/artifacts/900b0aE.dag/Unity.RenderPipelines.Core.Runtime.Shared.dll, with 151 defines and 319 references
info: Unity.ILPP.Runner.PostProcessingPipeline[0]
      processors: Unity.Jobs.CodeGen.JobsILPostProcessor, zzzUnity.Burst.CodeGen.BurstILPostProcessor
info: Unity.ILPP.Runner.PostProcessingPipeline[0]
      running Unity.Jobs.CodeGen.JobsILPostProcessor
info: Unity.ILPP.Runner.PostProcessingPipeline[0]
      running zzzUnity.Burst.CodeGen.BurstILPostProcessor
info: Microsoft.AspNetCore.Routing.EndpointMiddleware[1]
      Executed endpoint 'gRPC - /UnityILPP.PostProcessing/PostProcessAssembly'
info: Unity.ILPP.Runner.PostProcessingPipeline[0]
      Processing assembly Library/Bee/artifacts/900b0aE.dag/Unity.RenderPipelines.GPUDriven.Runtime.dll, with 151 defines and 320 references
info: Microsoft.AspNetCore.Hosting.Diagnostics[2]
      Request finished HTTP/2 POST http://ilpp/UnityILPP.PostProcessing/PostProcessAssembly - 200 - application/grpc 11.3889ms
info: Unity.ILPP.Runner.PostProcessingPipeline[0]
      processors: Unity.Jobs.CodeGen.JobsILPostProcessor, zzzUnity.Burst.CodeGen.BurstILPostProcessor
info: Unity.ILPP.Runner.PostProcessingPipeline[0]
      running Unity.Jobs.CodeGen.JobsILPostProcessor
info: Microsoft.AspNetCore.Hosting.Diagnostics[1]
      Request starting HTTP/2 POST http://ilpp/UnityILPP.PostProcessing/PostProcessAssembly - application/grpc -
info: Microsoft.AspNetCore.Routing.EndpointMiddleware[0]
      Executing endpoint 'gRPC - /UnityILPP.PostProcessing/PostProcessAssembly'
info: Microsoft.AspNetCore.Hosting.Diagnostics[1]
      Request starting HTTP/2 POST http://ilpp/UnityILPP.PostProcessing/PostProcessAssembly - application/grpc -
info: Microsoft.AspNetCore.Routing.EndpointMiddleware[0]
      Executing endpoint 'gRPC - /UnityILPP.PostProcessing/PostProcessAssembly'
info: Unity.ILPP.Runner.PostProcessingPipeline[0]
      Processing assembly Library/Bee/artifacts/900b0aE.dag/Unity.InputSystem.ForUI.dll, with 151 defines and 317 references
info: Unity.ILPP.Runner.PostProcessingPipeline[0]
      processors: Unity.Jobs.CodeGen.JobsILPostProcessor, zzzUnity.Burst.CodeGen.BurstILPostProcessor
info: Unity.ILPP.Runner.PostProcessingPipeline[0]
      running Unity.Jobs.CodeGen.JobsILPostProcessor
info: Unity.ILPP.Runner.PostProcessingPipeline[0]
      running zzzUnity.Burst.CodeGen.BurstILPostProcessor
info: Microsoft.AspNetCore.Routing.EndpointMiddleware[1]
      Executed endpoint 'gRPC - /UnityILPP.PostProcessing/PostProcessAssembly'
info: Microsoft.AspNetCore.Hosting.Diagnostics[2]
      Request finished HTTP/2 POST http://ilpp/UnityILPP.PostProcessing/PostProcessAssembly - 200 - application/grpc 6.8842ms
info: Unity.ILPP.Runner.PostProcessingPipeline[0]
      Processing assembly Library/Bee/artifacts/900b0aE.dag/Unity.Collections.dll, with 153 defines and 318 references
info: Unity.ILPP.Runner.PostProcessingPipeline[0]
      processors: Unity.Jobs.CodeGen.JobsILPostProcessor, zzzUnity.Burst.CodeGen.BurstILPostProcessor
info: Unity.ILPP.Runner.PostProcessingPipeline[0]
      running Unity.Jobs.CodeGen.JobsILPostProcessor
info: Microsoft.AspNetCore.Hosting.Diagnostics[1]
      Request starting HTTP/2 POST http://ilpp/UnityILPP.PostProcessing/PostProcessAssembly - application/grpc -
info: Microsoft.AspNetCore.Routing.EndpointMiddleware[0]
      Executing endpoint 'gRPC - /UnityILPP.PostProcessing/PostProcessAssembly'
info: Unity.ILPP.Runner.PostProcessingPipeline[0]
      Processing assembly Library/Bee/artifacts/900b0aE.dag/UniTask.Addressables.dll, with 152 defines and 319 references
info: Unity.ILPP.Runner.PostProcessingPipeline[0]
      processors: Unity.Jobs.CodeGen.JobsILPostProcessor, zzzUnity.Burst.CodeGen.BurstILPostProcessor
info: Unity.ILPP.Runner.PostProcessingPipeline[0]
      running Unity.Jobs.CodeGen.JobsILPostProcessor
info: Unity.ILPP.Runner.PostProcessingPipeline[0]
      running zzzUnity.Burst.CodeGen.BurstILPostProcessor
info: Microsoft.AspNetCore.Routing.EndpointMiddleware[1]
      Executed endpoint 'gRPC - /UnityILPP.PostProcessing/PostProcessAssembly'
info: Microsoft.AspNetCore.Hosting.Diagnostics[2]
      Request finished HTTP/2 POST http://ilpp/UnityILPP.PostProcessing/PostProcessAssembly - 200 - application/grpc 6.9295ms
info: Unity.ILPP.Runner.PostProcessingPipeline[0]
      running zzzUnity.Burst.CodeGen.BurstILPostProcessor
info: Unity.ILPP.Runner.PostProcessingPipeline[0]
      running zzzUnity.Burst.CodeGen.BurstILPostProcessor
info: Microsoft.AspNetCore.Hosting.Diagnostics[1]
      Request starting HTTP/2 POST http://ilpp/UnityILPP.PostProcessing/PostProcessAssembly - application/grpc -
info: Microsoft.AspNetCore.Routing.EndpointMiddleware[0]
      Executing endpoint 'gRPC - /UnityILPP.PostProcessing/PostProcessAssembly'
info: Unity.ILPP.Runner.PostProcessingPipeline[0]
      Processing assembly Library/Bee/artifacts/900b0aE.dag/Unity.Purchasing.AppleMacosStub.dll, with 151 defines and 317 references
info: Unity.ILPP.Runner.PostProcessingPipeline[0]
      processors: Unity.Jobs.CodeGen.JobsILPostProcessor, zzzUnity.Burst.CodeGen.BurstILPostProcessor
info: Unity.ILPP.Runner.PostProcessingPipeline[0]
      running Unity.Jobs.CodeGen.JobsILPostProcessor
info: Unity.ILPP.Runner.PostProcessingPipeline[0]
      running zzzUnity.Burst.CodeGen.BurstILPostProcessor
info: Microsoft.AspNetCore.Routing.EndpointMiddleware[1]
      Executed endpoint 'gRPC - /UnityILPP.PostProcessing/PostProcessAssembly'
info: Microsoft.AspNetCore.Hosting.Diagnostics[2]
      Request finished HTTP/2 POST http://ilpp/UnityILPP.PostProcessing/PostProcessAssembly - 200 - application/grpc 43.4608ms
info: Microsoft.AspNetCore.Hosting.Diagnostics[1]
      Request starting HTTP/2 POST http://ilpp/UnityILPP.PostProcessing/PostProcessAssembly - application/grpc -
info: Microsoft.AspNetCore.Hosting.Diagnostics[1]
      Request starting HTTP/2 POST http://ilpp/UnityILPP.PostProcessing/PostProcessAssembly - application/grpc -
info: Microsoft.AspNetCore.Routing.EndpointMiddleware[0]
      Executing endpoint 'gRPC - /UnityILPP.PostProcessing/PostProcessAssembly'
info: Microsoft.AspNetCore.Routing.EndpointMiddleware[0]
      Executing endpoint 'gRPC - /UnityILPP.PostProcessing/PostProcessAssembly'
info: Microsoft.AspNetCore.Hosting.Diagnostics[1]
      Request starting HTTP/2 POST http://ilpp/UnityILPP.PostProcessing/PostProcessAssembly - application/grpc -
info: Microsoft.AspNetCore.Routing.EndpointMiddleware[0]
      Executing endpoint 'gRPC - /UnityILPP.PostProcessing/PostProcessAssembly'
info: Microsoft.AspNetCore.Hosting.Diagnostics[1]
      Request starting HTTP/2 POST http://ilpp/UnityILPP.PostProcessing/PostProcessAssembly - application/grpc -
info: Microsoft.AspNetCore.Routing.EndpointMiddleware[0]
      Executing endpoint 'gRPC - /UnityILPP.PostProcessing/PostProcessAssembly'
info: Microsoft.AspNetCore.Routing.EndpointMiddleware[1]
      Executed endpoint 'gRPC - /UnityILPP.PostProcessing/PostProcessAssembly'
info: Microsoft.AspNetCore.Hosting.Diagnostics[1]
      Request starting HTTP/2 POST http://ilpp/UnityILPP.PostProcessing/PostProcessAssembly - application/grpc -
info: Microsoft.AspNetCore.Hosting.Diagnostics[2]
      Request finished HTTP/2 POST http://ilpp/UnityILPP.PostProcessing/PostProcessAssembly - 200 - application/grpc 322.4715ms
info: Microsoft.AspNetCore.Routing.EndpointMiddleware[0]
      Executing endpoint 'gRPC - /UnityILPP.PostProcessing/PostProcessAssembly'
info: Unity.ILPP.Runner.PostProcessingPipeline[0]
      Processing assembly Library/Bee/artifacts/900b0aE.dag/AdvancedPeopleSystem2.Editor.dll, with 151 defines and 317 references
info: Unity.ILPP.Runner.PostProcessingPipeline[0]
      processors: Unity.Jobs.CodeGen.JobsILPostProcessor, zzzUnity.Burst.CodeGen.BurstILPostProcessor
info: Unity.ILPP.Runner.PostProcessingPipeline[0]
      running Unity.Jobs.CodeGen.JobsILPostProcessor
info: Unity.ILPP.Runner.PostProcessingPipeline[0]
      running zzzUnity.Burst.CodeGen.BurstILPostProcessor
info: Microsoft.AspNetCore.Routing.EndpointMiddleware[1]
      Executed endpoint 'gRPC - /UnityILPP.PostProcessing/PostProcessAssembly'
info: Microsoft.AspNetCore.Hosting.Diagnostics[2]
      Request finished HTTP/2 POST http://ilpp/UnityILPP.PostProcessing/PostProcessAssembly - 200 - application/grpc 56.6905ms
info: Unity.ILPP.Runner.PostProcessingPipeline[0]
      Processing assembly Library/Bee/artifacts/900b0aE.dag/UniTask.DOTween.dll, with 151 defines and 317 references
info: Unity.ILPP.Runner.PostProcessingPipeline[0]
      processors: Unity.Jobs.CodeGen.JobsILPostProcessor, zzzUnity.Burst.CodeGen.BurstILPostProcessor
info: Unity.ILPP.Runner.PostProcessingPipeline[0]
      Processing assembly Library/Bee/artifacts/900b0aE.dag/UniTask.TextMeshPro.dll, with 152 defines and 318 references
info: Unity.ILPP.Runner.PostProcessingPipeline[0]
      processors: Unity.Jobs.CodeGen.JobsILPostProcessor, zzzUnity.Burst.CodeGen.BurstILPostProcessor
info: Unity.ILPP.Runner.PostProcessingPipeline[0]
      Processing assembly Library/Bee/artifacts/900b0aE.dag/Unity.InternalAPIEngineBridge.013.dll, with 151 defines and 316 references
info: Unity.ILPP.Runner.PostProcessingPipeline[0]
      processors: Unity.Jobs.CodeGen.JobsILPostProcessor, zzzUnity.Burst.CodeGen.BurstILPostProcessor
info: Unity.ILPP.Runner.PostProcessingPipeline[0]
      running Unity.Jobs.CodeGen.JobsILPostProcessor
info: Unity.ILPP.Runner.PostProcessingPipeline[0]
      running zzzUnity.Burst.CodeGen.BurstILPostProcessor
info: Unity.ILPP.Runner.PostProcessingPipeline[0]
      running Unity.Jobs.CodeGen.JobsILPostProcessor
info: Unity.ILPP.Runner.PostProcessingPipeline[0]
      running zzzUnity.Burst.CodeGen.BurstILPostProcessor
info: Unity.ILPP.Runner.PostProcessingPipeline[0]
      running Unity.Jobs.CodeGen.JobsILPostProcessor
info: Unity.ILPP.Runner.PostProcessingPipeline[0]
      running zzzUnity.Burst.CodeGen.BurstILPostProcessor
info: Microsoft.AspNetCore.Routing.EndpointMiddleware[1]
      Executed endpoint 'gRPC - /UnityILPP.PostProcessing/PostProcessAssembly'
info: Microsoft.AspNetCore.Hosting.Diagnostics[2]
      Request finished HTTP/2 POST http://ilpp/UnityILPP.PostProcessing/PostProcessAssembly - 200 - application/grpc 6.8851ms
info: Microsoft.AspNetCore.Routing.EndpointMiddleware[1]
      Executed endpoint 'gRPC - /UnityILPP.PostProcessing/PostProcessAssembly'
info: Microsoft.AspNetCore.Hosting.Diagnostics[2]
      Request finished HTTP/2 POST http://ilpp/UnityILPP.PostProcessing/PostProcessAssembly - 200 - application/grpc 58.2648ms
info: Microsoft.AspNetCore.Routing.EndpointMiddleware[1]
      Executed endpoint 'gRPC - /UnityILPP.PostProcessing/PostProcessAssembly'
info: Microsoft.AspNetCore.Hosting.Diagnostics[2]
      Request finished HTTP/2 POST http://ilpp/UnityILPP.PostProcessing/PostProcessAssembly - 200 - application/grpc 14.4829ms
info: Unity.ILPP.Runner.PostProcessingPipeline[0]
      Processing assembly Library/Bee/artifacts/900b0aE.dag/Unity.Services.Core.Environments.dll, with 151 defines and 318 references
info: Unity.ILPP.Runner.PostProcessingPipeline[0]
      processors: Unity.Jobs.CodeGen.JobsILPostProcessor, zzzUnity.Burst.CodeGen.BurstILPostProcessor
info: Unity.ILPP.Runner.PostProcessingPipeline[0]
      running Unity.Jobs.CodeGen.JobsILPostProcessor
info: Unity.ILPP.Runner.PostProcessingPipeline[0]
      running zzzUnity.Burst.CodeGen.BurstILPostProcessor
info: Microsoft.AspNetCore.Routing.EndpointMiddleware[1]
      Executed endpoint 'gRPC - /UnityILPP.PostProcessing/PostProcessAssembly'
info: Microsoft.AspNetCore.Hosting.Diagnostics[2]
      Request finished HTTP/2 POST http://ilpp/UnityILPP.PostProcessing/PostProcessAssembly - 200 - application/grpc 19.5057ms
info: Microsoft.AspNetCore.Hosting.Diagnostics[1]
      Request starting HTTP/2 POST http://ilpp/UnityILPP.PostProcessing/PostProcessAssembly - application/grpc -
info: Microsoft.AspNetCore.Routing.EndpointMiddleware[0]
      Executing endpoint 'gRPC - /UnityILPP.PostProcessing/PostProcessAssembly'
info: Unity.ILPP.Runner.PostProcessingPipeline[0]
      Processing assembly Library/Bee/artifacts/900b0aE.dag/Unity.Profiling.Core.dll, with 151 defines and 316 references
info: Unity.ILPP.Runner.PostProcessingPipeline[0]
      processors: Unity.Jobs.CodeGen.JobsILPostProcessor, zzzUnity.Burst.CodeGen.BurstILPostProcessor
info: Unity.ILPP.Runner.PostProcessingPipeline[0]
      running Unity.Jobs.CodeGen.JobsILPostProcessor
info: Unity.ILPP.Runner.PostProcessingPipeline[0]
      running zzzUnity.Burst.CodeGen.BurstILPostProcessor
info: Microsoft.AspNetCore.Routing.EndpointMiddleware[1]
      Executed endpoint 'gRPC - /UnityILPP.PostProcessing/PostProcessAssembly'
info: Microsoft.AspNetCore.Hosting.Diagnostics[2]
      Request finished HTTP/2 POST http://ilpp/UnityILPP.PostProcessing/PostProcessAssembly - 200 - application/grpc 4.3475ms
info: Microsoft.AspNetCore.Routing.EndpointMiddleware[1]
      Executed endpoint 'gRPC - /UnityILPP.PostProcessing/PostProcessAssembly'
info: Microsoft.AspNetCore.Hosting.Diagnostics[2]
      Request finished HTTP/2 POST http://ilpp/UnityILPP.PostProcessing/PostProcessAssembly - 200 - application/grpc 409.2412ms
info: Microsoft.AspNetCore.Hosting.Diagnostics[1]
      Request starting HTTP/2 POST http://ilpp/UnityILPP.PostProcessing/PostProcessAssembly - application/grpc -
info: Microsoft.AspNetCore.Hosting.Diagnostics[1]
      Request starting HTTP/2 POST http://ilpp/UnityILPP.PostProcessing/PostProcessAssembly - application/grpc -
info: Microsoft.AspNetCore.Routing.EndpointMiddleware[0]
      Executing endpoint 'gRPC - /UnityILPP.PostProcessing/PostProcessAssembly'
info: Microsoft.AspNetCore.Routing.EndpointMiddleware[0]
      Executing endpoint 'gRPC - /UnityILPP.PostProcessing/PostProcessAssembly'
info: Microsoft.AspNetCore.Hosting.Diagnostics[1]
      Request starting HTTP/2 POST http://ilpp/UnityILPP.PostProcessing/PostProcessAssembly - application/grpc -
info: Microsoft.AspNetCore.Routing.EndpointMiddleware[0]
      Executing endpoint 'gRPC - /UnityILPP.PostProcessing/PostProcessAssembly'
info: Microsoft.AspNetCore.Hosting.Diagnostics[1]
      Request starting HTTP/2 POST http://ilpp/UnityILPP.PostProcessing/PostProcessAssembly - application/grpc -
info: Microsoft.AspNetCore.Routing.EndpointMiddleware[0]
      Executing endpoint 'gRPC - /UnityILPP.PostProcessing/PostProcessAssembly'
info: Microsoft.AspNetCore.Hosting.Diagnostics[1]
      Request starting HTTP/2 POST http://ilpp/UnityILPP.PostProcessing/PostProcessAssembly - application/grpc -
info: Microsoft.AspNetCore.Routing.EndpointMiddleware[0]
      Executing endpoint 'gRPC - /UnityILPP.PostProcessing/PostProcessAssembly'
info: Microsoft.AspNetCore.Hosting.Diagnostics[1]
      Request starting HTTP/2 POST http://ilpp/UnityILPP.PostProcessing/PostProcessAssembly - application/grpc -
info: Microsoft.AspNetCore.Routing.EndpointMiddleware[0]
      Executing endpoint 'gRPC - /UnityILPP.PostProcessing/PostProcessAssembly'
info: Unity.ILPP.Runner.PostProcessingPipeline[0]
      Processing assembly Library/Bee/artifacts/900b0aE.dag/Unity.Recorder.dll, with 151 defines and 317 references
info: Unity.ILPP.Runner.PostProcessingPipeline[0]
      Processing assembly Library/Bee/artifacts/900b0aE.dag/Unity.ScriptableBuildPipeline.dll, with 151 defines and 316 references
info: Unity.ILPP.Runner.PostProcessingPipeline[0]
      processors: Unity.Jobs.CodeGen.JobsILPostProcessor, zzzUnity.Burst.CodeGen.BurstILPostProcessor
info: Unity.ILPP.Runner.PostProcessingPipeline[0]
      processors: Unity.Jobs.CodeGen.JobsILPostProcessor, zzzUnity.Burst.CodeGen.BurstILPostProcessor
info: Unity.ILPP.Runner.PostProcessingPipeline[0]
      Processing assembly Library/Bee/artifacts/900b0aE.dag/Unity.Purchasing.dll, with 152 defines and 325 references
info: Unity.ILPP.Runner.PostProcessingPipeline[0]
      Processing assembly Library/Bee/artifacts/900b0aE.dag/Unity.Services.Core.Device.dll, with 151 defines and 317 references
info: Unity.ILPP.Runner.PostProcessingPipeline[0]
      processors: Unity.Jobs.CodeGen.JobsILPostProcessor, zzzUnity.Burst.CodeGen.BurstILPostProcessor
info: Unity.ILPP.Runner.PostProcessingPipeline[0]
      processors: Unity.Jobs.CodeGen.JobsILPostProcessor, zzzUnity.Burst.CodeGen.BurstILPostProcessor
info: Unity.ILPP.Runner.PostProcessingPipeline[0]
      running Unity.Jobs.CodeGen.JobsILPostProcessor
info: Unity.ILPP.Runner.PostProcessingPipeline[0]
      running Unity.Jobs.CodeGen.JobsILPostProcessor
info: Unity.ILPP.Runner.PostProcessingPipeline[0]
      running zzzUnity.Burst.CodeGen.BurstILPostProcessor
info: Unity.ILPP.Runner.PostProcessingPipeline[0]
      running Unity.Jobs.CodeGen.JobsILPostProcessor
info: Unity.ILPP.Runner.PostProcessingPipeline[0]
      running zzzUnity.Burst.CodeGen.BurstILPostProcessor
info: Unity.ILPP.Runner.PostProcessingPipeline[0]
      running zzzUnity.Burst.CodeGen.BurstILPostProcessor
info: Unity.ILPP.Runner.PostProcessingPipeline[0]
      Processing assembly Library/Bee/artifacts/900b0aE.dag/Unity.InputSystem.dll, with 164 defines and 316 references
info: Unity.ILPP.Runner.PostProcessingPipeline[0]
      processors: Unity.Jobs.CodeGen.JobsILPostProcessor, zzzUnity.Burst.CodeGen.BurstILPostProcessor
info: Unity.ILPP.Runner.PostProcessingPipeline[0]
      running Unity.Jobs.CodeGen.JobsILPostProcessor
info: Unity.ILPP.Runner.PostProcessingPipeline[0]
      running zzzUnity.Burst.CodeGen.BurstILPostProcessor
info: Microsoft.AspNetCore.Routing.EndpointMiddleware[1]
      Executed endpoint 'gRPC - /UnityILPP.PostProcessing/PostProcessAssembly'
info: Microsoft.AspNetCore.Hosting.Diagnostics[2]
      Request finished HTTP/2 POST http://ilpp/UnityILPP.PostProcessing/PostProcessAssembly - 200 - application/grpc 46.7898ms
info: Unity.ILPP.Runner.PostProcessingPipeline[0]
      Processing assembly Library/Bee/artifacts/900b0aE.dag/Unity.Purchasing.Stores.XboxCloudServices.dll, with 151 defines and 317 references
info: Unity.ILPP.Runner.PostProcessingPipeline[0]
      processors: Unity.Jobs.CodeGen.JobsILPostProcessor, zzzUnity.Burst.CodeGen.BurstILPostProcessor
info: Unity.ILPP.Runner.PostProcessingPipeline[0]
      running Unity.Jobs.CodeGen.JobsILPostProcessor
info: Unity.ILPP.Runner.PostProcessingPipeline[0]
      running zzzUnity.Burst.CodeGen.BurstILPostProcessor
info: Microsoft.AspNetCore.Routing.EndpointMiddleware[1]
      Executed endpoint 'gRPC - /UnityILPP.PostProcessing/PostProcessAssembly'
info: Microsoft.AspNetCore.Hosting.Diagnostics[2]
      Request finished HTTP/2 POST http://ilpp/UnityILPP.PostProcessing/PostProcessAssembly - 200 - application/grpc 50.5618ms
info: Microsoft.AspNetCore.Routing.EndpointMiddleware[1]
      Executed endpoint 'gRPC - /UnityILPP.PostProcessing/PostProcessAssembly'
info: Microsoft.AspNetCore.Hosting.Diagnostics[2]
      Request finished HTTP/2 POST http://ilpp/UnityILPP.PostProcessing/PostProcessAssembly - 200 - application/grpc 38.9025ms
info: Microsoft.AspNetCore.Routing.EndpointMiddleware[1]
      Executed endpoint 'gRPC - /UnityILPP.PostProcessing/PostProcessAssembly'
info: Microsoft.AspNetCore.Hosting.Diagnostics[2]
      Request finished HTTP/2 POST http://ilpp/UnityILPP.PostProcessing/PostProcessAssembly - 200 - application/grpc 17.7404ms
info: Microsoft.AspNetCore.Routing.EndpointMiddleware[1]
      Executed endpoint 'gRPC - /UnityILPP.PostProcessing/PostProcessAssembly'
info: Microsoft.AspNetCore.Hosting.Diagnostics[2]
      Request finished HTTP/2 POST http://ilpp/UnityILPP.PostProcessing/PostProcessAssembly - 200 - application/grpc 51.4674ms
info: Unity.ILPP.Runner.PostProcessingPipeline[0]
      running Unity.Jobs.CodeGen.JobsILPostProcessor
info: Unity.ILPP.Runner.PostProcessingPipeline[0]
      running zzzUnity.Burst.CodeGen.BurstILPostProcessor
info: Microsoft.AspNetCore.Routing.EndpointMiddleware[1]
      Executed endpoint 'gRPC - /UnityILPP.PostProcessing/PostProcessAssembly'
info: Microsoft.AspNetCore.Hosting.Diagnostics[2]
      Request finished HTTP/2 POST http://ilpp/UnityILPP.PostProcessing/PostProcessAssembly - 200 - application/grpc 41.8033ms
info: Microsoft.AspNetCore.Hosting.Diagnostics[1]
      Request starting HTTP/2 POST http://ilpp/UnityILPP.PostProcessing/PostProcessAssembly - application/grpc -
info: Microsoft.AspNetCore.Routing.EndpointMiddleware[0]
      Executing endpoint 'gRPC - /UnityILPP.PostProcessing/PostProcessAssembly'
info: Microsoft.AspNetCore.Hosting.Diagnostics[1]
      Request starting HTTP/2 POST http://ilpp/UnityILPP.PostProcessing/PostProcessAssembly - application/grpc -
info: Microsoft.AspNetCore.Routing.EndpointMiddleware[0]
      Executing endpoint 'gRPC - /UnityILPP.PostProcessing/PostProcessAssembly'
info: Microsoft.AspNetCore.Hosting.Diagnostics[1]
      Request starting HTTP/2 POST http://ilpp/UnityILPP.PostProcessing/PostProcessAssembly - application/grpc -
info: Microsoft.AspNetCore.Routing.EndpointMiddleware[0]
      Executing endpoint 'gRPC - /UnityILPP.PostProcessing/PostProcessAssembly'
info: Unity.ILPP.Runner.PostProcessingPipeline[0]
      Processing assembly Library/Bee/artifacts/900b0aE.dag/MCombat.Shared.dll, with 151 defines and 322 references
info: Unity.ILPP.Runner.PostProcessingPipeline[0]
      processors: Unity.Jobs.CodeGen.JobsILPostProcessor, zzzUnity.Burst.CodeGen.BurstILPostProcessor
info: Unity.ILPP.Runner.PostProcessingPipeline[0]
      Processing assembly Library/Bee/artifacts/900b0aE.dag/Domain_Reload.dll, with 151 defines and 316 references
info: Unity.ILPP.Runner.PostProcessingPipeline[0]
      processors: Unity.Jobs.CodeGen.JobsILPostProcessor, zzzUnity.Burst.CodeGen.BurstILPostProcessor
info: Unity.ILPP.Runner.PostProcessingPipeline[0]
      running Unity.Jobs.CodeGen.JobsILPostProcessor
info: Unity.ILPP.Runner.PostProcessingPipeline[0]
      running zzzUnity.Burst.CodeGen.BurstILPostProcessor
info: Unity.ILPP.Runner.PostProcessingPipeline[0]
      Processing assembly Library/Bee/artifacts/900b0aE.dag/Unity.Purchasing.LiveContentAdapterService.dll, with 151 defines and 320 references
info: Unity.ILPP.Runner.PostProcessingPipeline[0]
      processors: Unity.Jobs.CodeGen.JobsILPostProcessor, zzzUnity.Burst.CodeGen.BurstILPostProcessor
info: Unity.ILPP.Runner.PostProcessingPipeline[0]
      running Unity.Jobs.CodeGen.JobsILPostProcessor
info: Unity.ILPP.Runner.PostProcessingPipeline[0]
      running zzzUnity.Burst.CodeGen.BurstILPostProcessor
info: Microsoft.AspNetCore.Routing.EndpointMiddleware[1]
      Executed endpoint 'gRPC - /UnityILPP.PostProcessing/PostProcessAssembly'
info: Microsoft.AspNetCore.Hosting.Diagnostics[2]
      Request finished HTTP/2 POST http://ilpp/UnityILPP.PostProcessing/PostProcessAssembly - 200 - application/grpc 5.1255ms
info: Unity.ILPP.Runner.PostProcessingPipeline[0]
      running Unity.Jobs.CodeGen.JobsILPostProcessor
info: Unity.ILPP.Runner.PostProcessingPipeline[0]
      running zzzUnity.Burst.CodeGen.BurstILPostProcessor
info: Microsoft.AspNetCore.Routing.EndpointMiddleware[1]
      Executed endpoint 'gRPC - /UnityILPP.PostProcessing/PostProcessAssembly'
info: Microsoft.AspNetCore.Hosting.Diagnostics[2]
      Request finished HTTP/2 POST http://ilpp/UnityILPP.PostProcessing/PostProcessAssembly - 200 - application/grpc 8.3851ms
info: Microsoft.AspNetCore.Routing.EndpointMiddleware[1]
      Executed endpoint 'gRPC - /UnityILPP.PostProcessing/PostProcessAssembly'
info: Microsoft.AspNetCore.Hosting.Diagnostics[2]
      Request finished HTTP/2 POST http://ilpp/UnityILPP.PostProcessing/PostProcessAssembly - 200 - application/grpc 9.4687ms
info: Microsoft.AspNetCore.Hosting.Diagnostics[1]
      Request starting HTTP/2 POST http://ilpp/UnityILPP.PostProcessing/PostProcessAssembly - application/grpc -
info: Microsoft.AspNetCore.Routing.EndpointMiddleware[0]
      Executing endpoint 'gRPC - /UnityILPP.PostProcessing/PostProcessAssembly'
info: Microsoft.AspNetCore.Hosting.Diagnostics[1]
      Request starting HTTP/2 POST http://ilpp/UnityILPP.PostProcessing/PostProcessAssembly - application/grpc -
info: Microsoft.AspNetCore.Routing.EndpointMiddleware[0]
      Executing endpoint 'gRPC - /UnityILPP.PostProcessing/PostProcessAssembly'
info: Unity.ILPP.Runner.PostProcessingPipeline[0]
      Processing assembly Library/Bee/artifacts/900b0aE.dag/Unity.InternalAPIEngineBridge.004.dll, with 151 defines and 316 references
info: Unity.ILPP.Runner.PostProcessingPipeline[0]
      processors: Unity.Jobs.CodeGen.JobsILPostProcessor, zzzUnity.Burst.CodeGen.BurstILPostProcessor
info: Microsoft.AspNetCore.Hosting.Diagnostics[1]
      Request starting HTTP/2 POST http://ilpp/UnityILPP.PostProcessing/PostProcessAssembly - application/grpc -
info: Microsoft.AspNetCore.Routing.EndpointMiddleware[0]
      Executing endpoint 'gRPC - /UnityILPP.PostProcessing/PostProcessAssembly'
info: Unity.ILPP.Runner.PostProcessingPipeline[0]
      running Unity.Jobs.CodeGen.JobsILPostProcessor
info: Unity.ILPP.Runner.PostProcessingPipeline[0]
      running zzzUnity.Burst.CodeGen.BurstILPostProcessor
info: Microsoft.AspNetCore.Routing.EndpointMiddleware[1]
      Executed endpoint 'gRPC - /UnityILPP.PostProcessing/PostProcessAssembly'
info: Microsoft.AspNetCore.Hosting.Diagnostics[2]
      Request finished HTTP/2 POST http://ilpp/UnityILPP.PostProcessing/PostProcessAssembly - 200 - application/grpc 13.7941ms
info: Microsoft.AspNetCore.Hosting.Diagnostics[1]
      Request starting HTTP/2 POST http://ilpp/UnityILPP.PostProcessing/PostProcessAssembly - application/grpc -
info: Microsoft.AspNetCore.Routing.EndpointMiddleware[0]
      Executing endpoint 'gRPC - /UnityILPP.PostProcessing/PostProcessAssembly'
info: Microsoft.AspNetCore.Hosting.Diagnostics[1]
      Request starting HTTP/2 POST http://ilpp/UnityILPP.PostProcessing/PostProcessAssembly - application/grpc -
info: Microsoft.AspNetCore.Routing.EndpointMiddleware[0]
      Executing endpoint 'gRPC - /UnityILPP.PostProcessing/PostProcessAssembly'
info: Unity.ILPP.Runner.PostProcessingPipeline[0]
      Processing assembly Library/Bee/artifacts/900b0aE.dag/Unity.RenderPipelines.Universal.Runtime.dll, with 157 defines and 327 references
info: Unity.ILPP.Runner.PostProcessingPipeline[0]
      processors: Unity.Jobs.CodeGen.JobsILPostProcessor, zzzUnity.Burst.CodeGen.BurstILPostProcessor
info: Unity.ILPP.Runner.PostProcessingPipeline[0]
      running Unity.Jobs.CodeGen.JobsILPostProcessor
info: Unity.ILPP.Runner.PostProcessingPipeline[0]
      running zzzUnity.Burst.CodeGen.BurstILPostProcessor
info: Microsoft.AspNetCore.Hosting.Diagnostics[1]
      Request starting HTTP/2 POST http://ilpp/UnityILPP.PostProcessing/PostProcessAssembly - application/grpc -
info: Microsoft.AspNetCore.Routing.EndpointMiddleware[0]
      Executing endpoint 'gRPC - /UnityILPP.PostProcessing/PostProcessAssembly'
info: Microsoft.AspNetCore.Hosting.Diagnostics[1]
      Request starting HTTP/2 POST http://ilpp/UnityILPP.PostProcessing/PostProcessAssembly - application/grpc -
info: Microsoft.AspNetCore.Hosting.Diagnostics[1]
      Request starting HTTP/2 POST http://ilpp/UnityILPP.PostProcessing/PostProcessAssembly - application/grpc -
info: Microsoft.AspNetCore.Routing.EndpointMiddleware[0]
      Executing endpoint 'gRPC - /UnityILPP.PostProcessing/PostProcessAssembly'
info: Microsoft.AspNetCore.Routing.EndpointMiddleware[0]
      Executing endpoint 'gRPC - /UnityILPP.PostProcessing/PostProcessAssembly'
info: Microsoft.AspNetCore.Hosting.Diagnostics[1]
      Request starting HTTP/2 POST http://ilpp/UnityILPP.PostProcessing/PostProcessAssembly - application/grpc -
info: Microsoft.AspNetCore.Routing.EndpointMiddleware[0]
      Executing endpoint 'gRPC - /UnityILPP.PostProcessing/PostProcessAssembly'
info: Unity.ILPP.Runner.PostProcessingPipeline[0]
      Processing assembly Library/Bee/artifacts/900b0aE.dag/AppleAuth.dll, with 151 defines and 316 references
info: Unity.ILPP.Runner.PostProcessingPipeline[0]
      Processing assembly Library/Bee/artifacts/900b0aE.dag/Unity.SurfaceCache.Runtime.dll, with 151 defines and 320 references
info: Unity.ILPP.Runner.PostProcessingPipeline[0]
      processors: Unity.Jobs.CodeGen.JobsILPostProcessor, zzzUnity.Burst.CodeGen.BurstILPostProcessor
info: Unity.ILPP.Runner.PostProcessingPipeline[0]
      processors: Unity.Jobs.CodeGen.JobsILPostProcessor, zzzUnity.Burst.CodeGen.BurstILPostProcessor
info: Unity.ILPP.Runner.PostProcessingPipeline[0]
      Processing assembly Library/Bee/artifacts/900b0aE.dag/Unity.Mathematics.dll, with 151 defines and 316 references
info: Unity.ILPP.Runner.PostProcessingPipeline[0]
      processors: Unity.Jobs.CodeGen.JobsILPostProcessor, zzzUnity.Burst.CodeGen.BurstILPostProcessor
info: Unity.ILPP.Runner.PostProcessingPipeline[0]
      Processing assembly Library/Bee/artifacts/900b0aE.dag/Unity.Services.Core.Scheduler.dll, with 151 defines and 318 references
info: Unity.ILPP.Runner.PostProcessingPipeline[0]
      processors: Unity.Jobs.CodeGen.JobsILPostProcessor, zzzUnity.Burst.CodeGen.BurstILPostProcessor
info: Unity.ILPP.Runner.PostProcessingPipeline[0]
      running Unity.Jobs.CodeGen.JobsILPostProcessor
info: Unity.ILPP.Runner.PostProcessingPipeline[0]
      running zzzUnity.Burst.CodeGen.BurstILPostProcessor
info: Unity.ILPP.Runner.PostProcessingPipeline[0]
      running Unity.Jobs.CodeGen.JobsILPostProcessor
info: Unity.ILPP.Runner.PostProcessingPipeline[0]
      running zzzUnity.Burst.CodeGen.BurstILPostProcessor
info: Unity.ILPP.Runner.PostProcessingPipeline[0]
      running Unity.Jobs.CodeGen.JobsILPostProcessor
info: Unity.ILPP.Runner.PostProcessingPipeline[0]
      running zzzUnity.Burst.CodeGen.BurstILPostProcessor
info: Unity.ILPP.Runner.PostProcessingPipeline[0]
      running Unity.Jobs.CodeGen.JobsILPostProcessor
info: Unity.ILPP.Runner.PostProcessingPipeline[0]
      running zzzUnity.Burst.CodeGen.BurstILPostProcessor
info: Microsoft.AspNetCore.Routing.EndpointMiddleware[1]
      Executed endpoint 'gRPC - /UnityILPP.PostProcessing/PostProcessAssembly'
info: Microsoft.AspNetCore.Routing.EndpointMiddleware[1]
      Executed endpoint 'gRPC - /UnityILPP.PostProcessing/PostProcessAssembly'
info: Microsoft.AspNetCore.Routing.EndpointMiddleware[1]
      Executed endpoint 'gRPC - /UnityILPP.PostProcessing/PostProcessAssembly'
info: Microsoft.AspNetCore.Routing.EndpointMiddleware[1]
      Executed endpoint 'gRPC - /UnityILPP.PostProcessing/PostProcessAssembly'
info: Microsoft.AspNetCore.Hosting.Diagnostics[2]
      Request finished HTTP/2 POST http://ilpp/UnityILPP.PostProcessing/PostProcessAssembly - 200 - application/grpc 50.0873ms
info: Microsoft.AspNetCore.Hosting.Diagnostics[2]
      Request finished HTTP/2 POST http://ilpp/UnityILPP.PostProcessing/PostProcessAssembly - 200 - application/grpc 45.0240ms
info: Microsoft.AspNetCore.Hosting.Diagnostics[2]
      Request finished HTTP/2 POST http://ilpp/UnityILPP.PostProcessing/PostProcessAssembly - 200 - application/grpc 45.3133ms
info: Microsoft.AspNetCore.Hosting.Diagnostics[2]
      Request finished HTTP/2 POST http://ilpp/UnityILPP.PostProcessing/PostProcessAssembly - 200 - application/grpc 29.7995ms
info: Unity.ILPP.Runner.PostProcessingPipeline[0]
      Processing assembly Library/Bee/artifacts/900b0aE.dag/Unity.AdaptivePerformance.dll, with 151 defines and 316 references
info: Unity.ILPP.Runner.PostProcessingPipeline[0]
      processors: Unity.Jobs.CodeGen.JobsILPostProcessor, zzzUnity.Burst.CodeGen.BurstILPostProcessor
info: Unity.ILPP.Runner.PostProcessingPipeline[0]
      Processing assembly Library/Bee/artifacts/900b0aE.dag/Unity.Services.Core.Environments.Internal.dll, with 151 defines and 317 references
info: Unity.ILPP.Runner.PostProcessingPipeline[0]
      processors: Unity.Jobs.CodeGen.JobsILPostProcessor, zzzUnity.Burst.CodeGen.BurstILPostProcessor
info: Unity.ILPP.Runner.PostProcessingPipeline[0]
      running Unity.Jobs.CodeGen.JobsILPostProcessor
info: Unity.ILPP.Runner.PostProcessingPipeline[0]
      running Unity.Jobs.CodeGen.JobsILPostProcessor
info: Unity.ILPP.Runner.PostProcessingPipeline[0]
      running zzzUnity.Burst.CodeGen.BurstILPostProcessor
info: Unity.ILPP.Runner.PostProcessingPipeline[0]
      running zzzUnity.Burst.CodeGen.BurstILPostProcessor
info: Unity.ILPP.Runner.PostProcessingPipeline[0]
      Processing assembly Library/Bee/artifacts/900b0aE.dag/NoSuchLocalizationCore.dll, with 151 defines and 316 references
info: Unity.ILPP.Runner.PostProcessingPipeline[0]
      processors: Unity.Jobs.CodeGen.JobsILPostProcessor, zzzUnity.Burst.CodeGen.BurstILPostProcessor
info: Unity.ILPP.Runner.PostProcessingPipeline[0]
      running Unity.Jobs.CodeGen.JobsILPostProcessor
info: Unity.ILPP.Runner.PostProcessingPipeline[0]
      running zzzUnity.Burst.CodeGen.BurstILPostProcessor
info: Microsoft.AspNetCore.Routing.EndpointMiddleware[1]
      Executed endpoint 'gRPC - /UnityILPP.PostProcessing/PostProcessAssembly'
info: Microsoft.AspNetCore.Routing.EndpointMiddleware[1]
      Executed endpoint 'gRPC - /UnityILPP.PostProcessing/PostProcessAssembly'
info: Microsoft.AspNetCore.Routing.EndpointMiddleware[1]
      Executed endpoint 'gRPC - /UnityILPP.PostProcessing/PostProcessAssembly'
info: Microsoft.AspNetCore.Hosting.Diagnostics[2]
      Request finished HTTP/2 POST http://ilpp/UnityILPP.PostProcessing/PostProcessAssembly - 200 - application/grpc 37.7985ms
info: Microsoft.AspNetCore.Hosting.Diagnostics[2]
      Request finished HTTP/2 POST http://ilpp/UnityILPP.PostProcessing/PostProcessAssembly - 200 - application/grpc 42.1330ms
info: Microsoft.AspNetCore.Hosting.Diagnostics[2]
      Request finished HTTP/2 POST http://ilpp/UnityILPP.PostProcessing/PostProcessAssembly - 200 - application/grpc 42.1336ms
info: Microsoft.AspNetCore.Routing.EndpointMiddleware[1]
      Executed endpoint 'gRPC - /UnityILPP.PostProcessing/PostProcessAssembly'
info: Microsoft.AspNetCore.Hosting.Diagnostics[2]
      Request finished HTTP/2 POST http://ilpp/UnityILPP.PostProcessing/PostProcessAssembly - 200 - application/grpc 76.3469ms
info: Microsoft.AspNetCore.Hosting.Diagnostics[1]
      Request starting HTTP/2 POST http://ilpp/UnityILPP.PostProcessing/PostProcessAssembly - application/grpc -
info: Microsoft.AspNetCore.Routing.EndpointMiddleware[0]
      Executing endpoint 'gRPC - /UnityILPP.PostProcessing/PostProcessAssembly'
info: Unity.ILPP.Runner.PostProcessingPipeline[0]
      Processing assembly Library/Bee/artifacts/900b0aE.dag/Assembly-CSharp.dll, with 151 defines and 394 references
info: Unity.ILPP.Runner.PostProcessingPipeline[0]
      processors: Unity.Jobs.CodeGen.JobsILPostProcessor, zzzUnity.Burst.CodeGen.BurstILPostProcessor
info: Unity.ILPP.Runner.PostProcessingPipeline[0]
      running Unity.Jobs.CodeGen.JobsILPostProcessor
info: Unity.ILPP.Runner.PostProcessingPipeline[0]
      running zzzUnity.Burst.CodeGen.BurstILPostProcessor
info: Microsoft.AspNetCore.Hosting.Diagnostics[1]
      Request starting HTTP/2 POST http://ilpp/UnityILPP.PostProcessing/PostProcessAssembly - application/grpc -
info: Microsoft.AspNetCore.Routing.EndpointMiddleware[0]
      Executing endpoint 'gRPC - /UnityILPP.PostProcessing/PostProcessAssembly'
info: Microsoft.AspNetCore.Hosting.Diagnostics[1]
      Request starting HTTP/2 POST http://ilpp/UnityILPP.PostProcessing/PostProcessAssembly - application/grpc -
info: Microsoft.AspNetCore.Routing.EndpointMiddleware[0]
      Executing endpoint 'gRPC - /UnityILPP.PostProcessing/PostProcessAssembly'
info: Microsoft.AspNetCore.Hosting.Diagnostics[1]
      Request starting HTTP/2 POST http://ilpp/UnityILPP.PostProcessing/PostProcessAssembly - application/grpc -
info: Microsoft.AspNetCore.Routing.EndpointMiddleware[0]
      Executing endpoint 'gRPC - /UnityILPP.PostProcessing/PostProcessAssembly'
info: Microsoft.AspNetCore.Hosting.Diagnostics[1]
      Request starting HTTP/2 POST http://ilpp/UnityILPP.PostProcessing/PostProcessAssembly - application/grpc -
info: Microsoft.AspNetCore.Routing.EndpointMiddleware[0]
      Executing endpoint 'gRPC - /UnityILPP.PostProcessing/PostProcessAssembly'
info: Microsoft.AspNetCore.Hosting.Diagnostics[1]
      Request starting HTTP/2 POST http://ilpp/UnityILPP.PostProcessing/PostProcessAssembly - application/grpc -
info: Microsoft.AspNetCore.Routing.EndpointMiddleware[0]
      Executing endpoint 'gRPC - /UnityILPP.PostProcessing/PostProcessAssembly'
info: Microsoft.AspNetCore.Hosting.Diagnostics[1]
      Request starting HTTP/2 POST http://ilpp/UnityILPP.PostProcessing/PostProcessAssembly - application/grpc -
info: Microsoft.AspNetCore.Routing.EndpointMiddleware[0]
      Executing endpoint 'gRPC - /UnityILPP.PostProcessing/PostProcessAssembly'
info: Microsoft.AspNetCore.Hosting.Diagnostics[1]
      Request starting HTTP/2 POST http://ilpp/UnityILPP.PostProcessing/PostProcessAssembly - application/grpc -
info: Microsoft.AspNetCore.Routing.EndpointMiddleware[0]
      Executing endpoint 'gRPC - /UnityILPP.PostProcessing/PostProcessAssembly'
info: Unity.ILPP.Runner.PostProcessingPipeline[0]
      Processing assembly Library/Bee/artifacts/900b0aE.dag/Unity.Services.Core.dll, with 151 defines and 316 references
info: Unity.ILPP.Runner.PostProcessingPipeline[0]
      processors: Unity.Jobs.CodeGen.JobsILPostProcessor, zzzUnity.Burst.CodeGen.BurstILPostProcessor
info: Microsoft.AspNetCore.Hosting.Diagnostics[1]
      Request starting HTTP/2 POST http://ilpp/UnityILPP.PostProcessing/PostProcessAssembly - application/grpc -
info: Microsoft.AspNetCore.Routing.EndpointMiddleware[0]
      Executing endpoint 'gRPC - /UnityILPP.PostProcessing/PostProcessAssembly'
info: Unity.ILPP.Runner.PostProcessingPipeline[0]
      Processing assembly Library/Bee/artifacts/900b0aE.dag/Unity.RenderPipelines.Core.Runtime.dll, with 155 defines and 320 references
info: Unity.ILPP.Runner.PostProcessingPipeline[0]
      processors: Unity.Jobs.CodeGen.JobsILPostProcessor, zzzUnity.Burst.CodeGen.BurstILPostProcessor
info: Unity.ILPP.Runner.PostProcessingPipeline[0]
      Processing assembly Library/Bee/artifacts/900b0aE.dag/Unity.PathTracing.Runtime.dll, with 152 defines and 320 references
info: Unity.ILPP.Runner.PostProcessingPipeline[0]
      processors: Unity.Jobs.CodeGen.JobsILPostProcessor, zzzUnity.Burst.CodeGen.BurstILPostProcessor
info: Unity.ILPP.Runner.PostProcessingPipeline[0]
      Processing assembly Library/Bee/artifacts/900b0aE.dag/Unity.PerformanceTesting.dll, with 152 defines and 284 references
info: Unity.ILPP.Runner.PostProcessingPipeline[0]
      processors: Unity.Jobs.CodeGen.JobsILPostProcessor, zzzUnity.Burst.CodeGen.BurstILPostProcessor
info: Microsoft.AspNetCore.Routing.EndpointMiddleware[1]
      Executed endpoint 'gRPC - /UnityILPP.PostProcessing/PostProcessAssembly'
info: Unity.ILPP.Runner.PostProcessingPipeline[0]
      running Unity.Jobs.CodeGen.JobsILPostProcessor
info: Microsoft.AspNetCore.Hosting.Diagnostics[2]
      Request finished HTTP/2 POST http://ilpp/UnityILPP.PostProcessing/PostProcessAssembly - 200 - application/grpc 176.7465ms
info: Unity.ILPP.Runner.PostProcessingPipeline[0]
      running zzzUnity.Burst.CodeGen.BurstILPostProcessor
info: Unity.ILPP.Runner.PostProcessingPipeline[0]
      running Unity.Jobs.CodeGen.JobsILPostProcessor
info: Unity.ILPP.Runner.PostProcessingPipeline[0]
      running Unity.Jobs.CodeGen.JobsILPostProcessor
info: Unity.ILPP.Runner.PostProcessingPipeline[0]
      running zzzUnity.Burst.CodeGen.BurstILPostProcessor
info: Unity.ILPP.Runner.PostProcessingPipeline[0]
      running Unity.Jobs.CodeGen.JobsILPostProcessor
info: Unity.ILPP.Runner.PostProcessingPipeline[0]
      Processing assembly Library/Bee/artifacts/900b0aE.dag/Unity.ResourceManager.dll, with 152 defines and 317 references
info: Unity.ILPP.Runner.PostProcessingPipeline[0]
      processors: Unity.Jobs.CodeGen.JobsILPostProcessor, zzzUnity.Burst.CodeGen.BurstILPostProcessor
info: Unity.ILPP.Runner.PostProcessingPipeline[0]
      Processing assembly Library/Bee/artifacts/900b0aE.dag/Unity.Purchasing.PaymentProviderService.dll, with 151 defines and 320 references
info: Unity.ILPP.Runner.PostProcessingPipeline[0]
      processors: Unity.Jobs.CodeGen.JobsILPostProcessor, zzzUnity.Burst.CodeGen.BurstILPostProcessor
info: Unity.ILPP.Runner.PostProcessingPipeline[0]
      running Unity.Jobs.CodeGen.JobsILPostProcessor
info: Unity.ILPP.Runner.PostProcessingPipeline[0]
      running zzzUnity.Burst.CodeGen.BurstILPostProcessor
info: Unity.ILPP.Runner.PostProcessingPipeline[0]
      Processing assembly Library/Bee/artifacts/900b0aE.dag/Unity.UnifiedRayTracing.Runtime.dll, with 152 defines and 319 references
info: Unity.ILPP.Runner.PostProcessingPipeline[0]
      processors: Unity.Jobs.CodeGen.JobsILPostProcessor, zzzUnity.Burst.CodeGen.BurstILPostProcessor
info: Unity.ILPP.Runner.PostProcessingPipeline[0]
      running Unity.Jobs.CodeGen.JobsILPostProcessor
info: Unity.ILPP.Runner.PostProcessingPipeline[0]
      running zzzUnity.Burst.CodeGen.BurstILPostProcessor
info: Microsoft.AspNetCore.Routing.EndpointMiddleware[1]
      Executed endpoint 'gRPC - /UnityILPP.PostProcessing/PostProcessAssembly'
info: Microsoft.AspNetCore.Hosting.Diagnostics[2]
      Request finished HTTP/2 POST http://ilpp/UnityILPP.PostProcessing/PostProcessAssembly - 200 - application/grpc 6.6814ms
info: Unity.ILPP.Runner.PostProcessingPipeline[0]
      running Unity.Jobs.CodeGen.JobsILPostProcessor
info: Microsoft.AspNetCore.Routing.EndpointMiddleware[1]
      Executed endpoint 'gRPC - /UnityILPP.PostProcessing/PostProcessAssembly'
info: Microsoft.AspNetCore.Routing.EndpointMiddleware[1]
      Executed endpoint 'gRPC - /UnityILPP.PostProcessing/PostProcessAssembly'
info: Microsoft.AspNetCore.Hosting.Diagnostics[2]
      Request finished HTTP/2 POST http://ilpp/UnityILPP.PostProcessing/PostProcessAssembly - 200 - application/grpc 37.9287ms
info: Microsoft.AspNetCore.Hosting.Diagnostics[2]
      Request finished HTTP/2 POST http://ilpp/UnityILPP.PostProcessing/PostProcessAssembly - 200 - application/grpc 23.3601ms
info: Microsoft.AspNetCore.Routing.EndpointMiddleware[1]
      Executed endpoint 'gRPC - /UnityILPP.PostProcessing/PostProcessAssembly'
info: Microsoft.AspNetCore.Hosting.Diagnostics[2]
      Request finished HTTP/2 POST http://ilpp/UnityILPP.PostProcessing/PostProcessAssembly - 200 - application/grpc 23.6265ms
info: Unity.ILPP.Runner.PostProcessingPipeline[0]
      Processing assembly Library/Bee/artifacts/900b0aE.dag/IngameDebugConsole.Runtime.dll, with 152 defines and 318 references
info: Unity.ILPP.Runner.PostProcessingPipeline[0]
      processors: Unity.Jobs.CodeGen.JobsILPostProcessor, zzzUnity.Burst.CodeGen.BurstILPostProcessor
info: Unity.ILPP.Runner.PostProcessingPipeline[0]
      running Unity.Jobs.CodeGen.JobsILPostProcessor
info: Unity.ILPP.Runner.PostProcessingPipeline[0]
      running zzzUnity.Burst.CodeGen.BurstILPostProcessor
info: Microsoft.AspNetCore.Routing.EndpointMiddleware[1]
      Executed endpoint 'gRPC - /UnityILPP.PostProcessing/PostProcessAssembly'
info: Microsoft.AspNetCore.Hosting.Diagnostics[2]
      Request finished HTTP/2 POST http://ilpp/UnityILPP.PostProcessing/PostProcessAssembly - 200 - application/grpc 27.3715ms
info: Unity.ILPP.Runner.PostProcessingPipeline[0]
      running zzzUnity.Burst.CodeGen.BurstILPostProcessor
info: Unity.ILPP.Runner.PostProcessingPipeline[0]
      running zzzUnity.Burst.CodeGen.BurstILPostProcessor
info: Microsoft.AspNetCore.Routing.EndpointMiddleware[1]
      Executed endpoint 'gRPC - /UnityILPP.PostProcessing/PostProcessAssembly'
info: Microsoft.AspNetCore.Hosting.Diagnostics[2]
      Request finished HTTP/2 POST http://ilpp/UnityILPP.PostProcessing/PostProcessAssembly - 200 - application/grpc 64.6318ms
info: Microsoft.AspNetCore.Routing.EndpointMiddleware[1]
      Executed endpoint 'gRPC - /UnityILPP.PostProcessing/PostProcessAssembly'
info: Microsoft.AspNetCore.Hosting.Diagnostics[2]
      Request finished HTTP/2 POST http://ilpp/UnityILPP.PostProcessing/PostProcessAssembly - 200 - application/grpc 86.0340ms
info: Microsoft.AspNetCore.Hosting.Diagnostics[1]
      Request starting HTTP/2 POST http://ilpp/UnityILPP.PostProcessing/PostProcessAssembly - application/grpc -
info: Microsoft.AspNetCore.Routing.EndpointMiddleware[0]
      Executing endpoint 'gRPC - /UnityILPP.PostProcessing/PostProcessAssembly'
info: Unity.ILPP.Runner.PostProcessingPipeline[0]
      running zzzUnity.Burst.CodeGen.BurstILPostProcessor
info: Unity.ILPP.Runner.PostProcessingPipeline[0]
      Processing assembly Library/Bee/artifacts/900b0aE.dag/AdvancedPeopleSystem2.dll, with 151 defines and 316 references
info: Unity.ILPP.Runner.PostProcessingPipeline[0]
      processors: Unity.Jobs.CodeGen.JobsILPostProcessor, zzzUnity.Burst.CodeGen.BurstILPostProcessor
info: Unity.ILPP.Runner.PostProcessingPipeline[0]
      running Unity.Jobs.CodeGen.JobsILPostProcessor
info: Unity.ILPP.Runner.PostProcessingPipeline[0]
      running zzzUnity.Burst.CodeGen.BurstILPostProcessor
info: Microsoft.AspNetCore.Routing.EndpointMiddleware[1]
      Executed endpoint 'gRPC - /UnityILPP.PostProcessing/PostProcessAssembly'
info: Microsoft.AspNetCore.Hosting.Diagnostics[2]
      Request finished HTTP/2 POST http://ilpp/UnityILPP.PostProcessing/PostProcessAssembly - 200 - application/grpc 3.8388ms
info: Microsoft.AspNetCore.Routing.EndpointMiddleware[1]
      Executed endpoint 'gRPC - /UnityILPP.PostProcessing/PostProcessAssembly'
info: Microsoft.AspNetCore.Hosting.Diagnostics[2]
      Request finished HTTP/2 POST http://ilpp/UnityILPP.PostProcessing/PostProcessAssembly - 200 - application/grpc 152.8400ms
info: Microsoft.AspNetCore.Hosting.Diagnostics[1]
      Request starting HTTP/2 POST http://ilpp/UnityILPP.PostProcessing/PostProcessAssembly - application/grpc -
info: Microsoft.AspNetCore.Routing.EndpointMiddleware[0]
      Executing endpoint 'gRPC - /UnityILPP.PostProcessing/PostProcessAssembly'
info: Unity.ILPP.Runner.PostProcessingPipeline[0]
      Processing assembly Library/Bee/artifacts/900b0aE.dag/Unity.Services.Core.Telemetry.dll, with 151 defines and 318 references
info: Unity.ILPP.Runner.PostProcessingPipeline[0]
      processors: Unity.Jobs.CodeGen.JobsILPostProcessor, zzzUnity.Burst.CodeGen.BurstILPostProcessor
info: Unity.ILPP.Runner.PostProcessingPipeline[0]
      running Unity.Jobs.CodeGen.JobsILPostProcessor
info: Unity.ILPP.Runner.PostProcessingPipeline[0]
      running zzzUnity.Burst.CodeGen.BurstILPostProcessor
info: Microsoft.AspNetCore.Routing.EndpointMiddleware[1]
      Executed endpoint 'gRPC - /UnityILPP.PostProcessing/PostProcessAssembly'
info: Microsoft.AspNetCore.Hosting.Diagnostics[2]
      Request finished HTTP/2 POST http://ilpp/UnityILPP.PostProcessing/PostProcessAssembly - 200 - application/grpc 2.7627ms
info: Microsoft.AspNetCore.Hosting.Diagnostics[1]
      Request starting HTTP/2 POST http://ilpp/UnityILPP.PostProcessing/PostProcessAssembly - application/grpc -
info: Microsoft.AspNetCore.Routing.EndpointMiddleware[0]
      Executing endpoint 'gRPC - /UnityILPP.PostProcessing/PostProcessAssembly'
info: Microsoft.AspNetCore.Hosting.Diagnostics[1]
      Request starting HTTP/2 POST http://ilpp/UnityILPP.PostProcessing/PostProcessAssembly - application/grpc -
info: Microsoft.AspNetCore.Routing.EndpointMiddleware[0]
      Executing endpoint 'gRPC - /UnityILPP.PostProcessing/PostProcessAssembly'
info: Microsoft.AspNetCore.Hosting.Diagnostics[1]
      Request starting HTTP/2 POST http://ilpp/UnityILPP.PostProcessing/PostProcessAssembly - application/grpc -
info: Microsoft.AspNetCore.Routing.EndpointMiddleware[0]
      Executing endpoint 'gRPC - /UnityILPP.PostProcessing/PostProcessAssembly'
info: Unity.ILPP.Runner.PostProcessingPipeline[0]
      Processing assembly Library/Bee/artifacts/900b0aE.dag/Unity.Purchasing.SecurityStub.dll, with 151 defines and 317 references
info: Unity.ILPP.Runner.PostProcessingPipeline[0]
      processors: Unity.Jobs.CodeGen.JobsILPostProcessor, zzzUnity.Burst.CodeGen.BurstILPostProcessor
info: Unity.ILPP.Runner.PostProcessingPipeline[0]
      Processing assembly Library/Bee/artifacts/900b0aE.dag/Unity.RenderPipelines.Universal.2D.Runtime.dll, with 153 defines and 321 references
info: Unity.ILPP.Runner.PostProcessingPipeline[0]
      processors: Unity.Jobs.CodeGen.JobsILPostProcessor, zzzUnity.Burst.CodeGen.BurstILPostProcessor
info: Unity.ILPP.Runner.PostProcessingPipeline[0]
      running Unity.Jobs.CodeGen.JobsILPostProcessor
info: Unity.ILPP.Runner.PostProcessingPipeline[0]
      running zzzUnity.Burst.CodeGen.BurstILPostProcessor
info: Unity.ILPP.Runner.PostProcessingPipeline[0]
      running Unity.Jobs.CodeGen.JobsILPostProcessor
info: Unity.ILPP.Runner.PostProcessingPipeline[0]
      running zzzUnity.Burst.CodeGen.BurstILPostProcessor
info: Microsoft.AspNetCore.Routing.EndpointMiddleware[1]
      Executed endpoint 'gRPC - /UnityILPP.PostProcessing/PostProcessAssembly'
info: Microsoft.AspNetCore.Hosting.Diagnostics[2]
      Request finished HTTP/2 POST http://ilpp/UnityILPP.PostProcessing/PostProcessAssembly - 200 - application/grpc 11.4830ms
info: Unity.ILPP.Runner.PostProcessingPipeline[0]
      Processing assembly Library/Bee/artifacts/900b0aE.dag/Unity.Services.Core.Configuration.dll, with 151 defines and 318 references
info: Unity.ILPP.Runner.PostProcessingPipeline[0]
      processors: Unity.Jobs.CodeGen.JobsILPostProcessor, zzzUnity.Burst.CodeGen.BurstILPostProcessor
info: Unity.ILPP.Runner.PostProcessingPipeline[0]
      running Unity.Jobs.CodeGen.JobsILPostProcessor
info: Unity.ILPP.Runner.PostProcessingPipeline[0]
      running zzzUnity.Burst.CodeGen.BurstILPostProcessor
info: Microsoft.AspNetCore.Routing.EndpointMiddleware[1]
      Executed endpoint 'gRPC - /UnityILPP.PostProcessing/PostProcessAssembly'
info: Microsoft.AspNetCore.Hosting.Diagnostics[2]
      Request finished HTTP/2 POST http://ilpp/UnityILPP.PostProcessing/PostProcessAssembly - 200 - application/grpc 6.9300ms
info: Microsoft.AspNetCore.Hosting.Diagnostics[1]
      Request starting HTTP/2 POST http://ilpp/UnityILPP.PostProcessing/PostProcessAssembly - application/grpc -
info: Microsoft.AspNetCore.Routing.EndpointMiddleware[0]
      Executing endpoint 'gRPC - /UnityILPP.PostProcessing/PostProcessAssembly'
info: Unity.ILPP.Runner.PostProcessingPipeline[0]
      Processing assembly Library/Bee/artifacts/900b0aE.dag/Unity.Purchasing.Codeless.dll, with 151 defines and 320 references
info: Unity.ILPP.Runner.PostProcessingPipeline[0]
      processors: Unity.Jobs.CodeGen.JobsILPostProcessor, zzzUnity.Burst.CodeGen.BurstILPostProcessor
info: Unity.ILPP.Runner.PostProcessingPipeline[0]
      running Unity.Jobs.CodeGen.JobsILPostProcessor
info: Unity.ILPP.Runner.PostProcessingPipeline[0]
      running zzzUnity.Burst.CodeGen.BurstILPostProcessor
info: Microsoft.AspNetCore.Routing.EndpointMiddleware[1]
      Executed endpoint 'gRPC - /UnityILPP.PostProcessing/PostProcessAssembly'
info: Microsoft.AspNetCore.Hosting.Diagnostics[2]
      Request finished HTTP/2 POST http://ilpp/UnityILPP.PostProcessing/PostProcessAssembly - 200 - application/grpc 12.8315ms
info: Microsoft.AspNetCore.Hosting.Diagnostics[1]
      Request starting HTTP/2 POST http://ilpp/UnityILPP.PostProcessing/PostProcessAssembly - application/grpc -
info: Microsoft.AspNetCore.Routing.EndpointMiddleware[0]
      Executing endpoint 'gRPC - /UnityILPP.PostProcessing/PostProcessAssembly'
info: Unity.ILPP.Runner.PostProcessingPipeline[0]
      Processing assembly Library/Bee/artifacts/900b0aE.dag/Unity.Searcher.Editor.dll, with 149 defines and 328 references
info: Unity.ILPP.Runner.PostProcessingPipeline[0]
      processors: Unity.Jobs.CodeGen.JobsILPostProcessor, zzzUnity.Burst.CodeGen.BurstILPostProcessor
info: Unity.ILPP.Runner.PostProcessingPipeline[0]
      running Unity.Jobs.CodeGen.JobsILPostProcessor
info: Unity.ILPP.Runner.PostProcessingPipeline[0]
      running zzzUnity.Burst.CodeGen.BurstILPostProcessor
info: Microsoft.AspNetCore.Routing.EndpointMiddleware[1]
      Executed endpoint 'gRPC - /UnityILPP.PostProcessing/PostProcessAssembly'
info: Microsoft.AspNetCore.Hosting.Diagnostics[2]
      Request finished HTTP/2 POST http://ilpp/UnityILPP.PostProcessing/PostProcessAssembly - 200 - application/grpc 3.1449ms
info: Microsoft.AspNetCore.Routing.EndpointMiddleware[1]
      Executed endpoint 'gRPC - /UnityILPP.PostProcessing/PostProcessAssembly'
info: Microsoft.AspNetCore.Hosting.Diagnostics[2]
      Request finished HTTP/2 POST http://ilpp/UnityILPP.PostProcessing/PostProcessAssembly - 200 - application/grpc 55.6985ms
info: Microsoft.AspNetCore.Hosting.Diagnostics[1]
      Request starting HTTP/2 POST http://ilpp/UnityILPP.PostProcessing/PostProcessAssembly - application/grpc -
info: Microsoft.AspNetCore.Routing.EndpointMiddleware[0]
      Executing endpoint 'gRPC - /UnityILPP.PostProcessing/PostProcessAssembly'
info: Microsoft.AspNetCore.Hosting.Diagnostics[1]
      Request starting HTTP/2 POST http://ilpp/UnityILPP.PostProcessing/PostProcessAssembly - application/grpc -
info: Microsoft.AspNetCore.Routing.EndpointMiddleware[0]
      Executing endpoint 'gRPC - /UnityILPP.PostProcessing/PostProcessAssembly'
info: Unity.ILPP.Runner.PostProcessingPipeline[0]
      Processing assembly Library/Bee/artifacts/900b0aE.dag/Assembly-CSharp-Editor-firstpass.dll, with 149 defines and 429 references
info: Unity.ILPP.Runner.PostProcessingPipeline[0]
      processors: Unity.Jobs.CodeGen.JobsILPostProcessor, zzzUnity.Burst.CodeGen.BurstILPostProcessor
info: Unity.ILPP.Runner.PostProcessingPipeline[0]
      running Unity.Jobs.CodeGen.JobsILPostProcessor
info: Unity.ILPP.Runner.PostProcessingPipeline[0]
      Processing assembly Library/Bee/artifacts/900b0aE.dag/Unity.Recorder.Editor.dll, with 151 defines and 336 references
info: Unity.ILPP.Runner.PostProcessingPipeline[0]
      processors: Unity.Jobs.CodeGen.JobsILPostProcessor, zzzUnity.Burst.CodeGen.BurstILPostProcessor
info: Unity.ILPP.Runner.PostProcessingPipeline[0]
      running Unity.Jobs.CodeGen.JobsILPostProcessor
info: Unity.ILPP.Runner.PostProcessingPipeline[0]
      running zzzUnity.Burst.CodeGen.BurstILPostProcessor
info: Microsoft.AspNetCore.Hosting.Diagnostics[1]
      Request starting HTTP/2 POST http://ilpp/UnityILPP.PostProcessing/PostProcessAssembly - application/grpc -
info: Microsoft.AspNetCore.Routing.EndpointMiddleware[0]
      Executing endpoint 'gRPC - /UnityILPP.PostProcessing/PostProcessAssembly'
info: Microsoft.AspNetCore.Hosting.Diagnostics[1]
      Request starting HTTP/2 POST http://ilpp/UnityILPP.PostProcessing/PostProcessAssembly - application/grpc -
info: Microsoft.AspNetCore.Routing.EndpointMiddleware[0]
      Executing endpoint 'gRPC - /UnityILPP.PostProcessing/PostProcessAssembly'
info: Unity.ILPP.Runner.PostProcessingPipeline[0]
      Processing assembly Library/Bee/artifacts/900b0aE.dag/UnityEditor.UI.dll, with 152 defines and 327 references
info: Unity.ILPP.Runner.PostProcessingPipeline[0]
      processors: Unity.Jobs.CodeGen.JobsILPostProcessor, zzzUnity.Burst.CodeGen.BurstILPostProcessor
info: Unity.ILPP.Runner.PostProcessingPipeline[0]
      Processing assembly Library/Bee/artifacts/900b0aE.dag/Unity.Bindings.OpenImageIO.Editor.dll, with 149 defines and 329 references
info: Unity.ILPP.Runner.PostProcessingPipeline[0]
      processors: Unity.Jobs.CodeGen.JobsILPostProcessor, zzzUnity.Burst.CodeGen.BurstILPostProcessor
info: Microsoft.AspNetCore.Routing.EndpointMiddleware[1]
      Executed endpoint 'gRPC - /UnityILPP.PostProcessing/PostProcessAssembly'
info: Microsoft.AspNetCore.Hosting.Diagnostics[2]
      Request finished HTTP/2 POST http://ilpp/UnityILPP.PostProcessing/PostProcessAssembly - 200 - application/grpc 22.5369ms
info: Unity.ILPP.Runner.PostProcessingPipeline[0]
      running Unity.Jobs.CodeGen.JobsILPostProcessor
info: Unity.ILPP.Runner.PostProcessingPipeline[0]
      running Unity.Jobs.CodeGen.JobsILPostProcessor
info: Unity.ILPP.Runner.PostProcessingPipeline[0]
      running zzzUnity.Burst.CodeGen.BurstILPostProcessor
info: Microsoft.AspNetCore.Routing.EndpointMiddleware[1]
      Executed endpoint 'gRPC - /UnityILPP.PostProcessing/PostProcessAssembly'
info: Microsoft.AspNetCore.Hosting.Diagnostics[2]
      Request finished HTTP/2 POST http://ilpp/UnityILPP.PostProcessing/PostProcessAssembly - 200 - application/grpc 4.1420ms
info: Unity.ILPP.Runner.PostProcessingPipeline[0]
      running zzzUnity.Burst.CodeGen.BurstILPostProcessor
info: Microsoft.AspNetCore.Routing.EndpointMiddleware[1]
      Executed endpoint 'gRPC - /UnityILPP.PostProcessing/PostProcessAssembly'
info: Microsoft.AspNetCore.Hosting.Diagnostics[2]
      Request finished HTTP/2 POST http://ilpp/UnityILPP.PostProcessing/PostProcessAssembly - 200 - application/grpc 11.8798ms
info: Unity.ILPP.Runner.PostProcessingPipeline[0]
      running zzzUnity.Burst.CodeGen.BurstILPostProcessor
info: Microsoft.AspNetCore.Routing.EndpointMiddleware[1]
      Executed endpoint 'gRPC - /UnityILPP.PostProcessing/PostProcessAssembly'
info: Microsoft.AspNetCore.Hosting.Diagnostics[2]
      Request finished HTTP/2 POST http://ilpp/UnityILPP.PostProcessing/PostProcessAssembly - 200 - application/grpc 60.3368ms
info: Microsoft.AspNetCore.Hosting.Diagnostics[1]
      Request starting HTTP/2 POST http://ilpp/UnityILPP.PostProcessing/PostProcessAssembly - application/grpc -
info: Microsoft.AspNetCore.Routing.EndpointMiddleware[0]
      Executing endpoint 'gRPC - /UnityILPP.PostProcessing/PostProcessAssembly'
info: Unity.ILPP.Runner.PostProcessingPipeline[0]
      Processing assembly Library/Bee/artifacts/900b0aE.dag/Unity.PlasticSCM.Editor.Entities.dll, with 149 defines and 329 references
info: Unity.ILPP.Runner.PostProcessingPipeline[0]
      processors: Unity.Jobs.CodeGen.JobsILPostProcessor, zzzUnity.Burst.CodeGen.BurstILPostProcessor
info: Unity.ILPP.Runner.PostProcessingPipeline[0]
      running Unity.Jobs.CodeGen.JobsILPostProcessor
info: Unity.ILPP.Runner.PostProcessingPipeline[0]
      running zzzUnity.Burst.CodeGen.BurstILPostProcessor
info: Microsoft.AspNetCore.Routing.EndpointMiddleware[1]
      Executed endpoint 'gRPC - /UnityILPP.PostProcessing/PostProcessAssembly'
info: Microsoft.AspNetCore.Hosting.Diagnostics[2]
      Request finished HTTP/2 POST http://ilpp/UnityILPP.PostProcessing/PostProcessAssembly - 200 - application/grpc 2.4918ms
info: Microsoft.AspNetCore.Hosting.Diagnostics[1]
      Request starting HTTP/2 POST http://ilpp/UnityILPP.PostProcessing/PostProcessAssembly - application/grpc -
info: Microsoft.AspNetCore.Routing.EndpointMiddleware[0]
      Executing endpoint 'gRPC - /UnityILPP.PostProcessing/PostProcessAssembly'
info: Unity.ILPP.Runner.PostProcessingPipeline[0]
      Processing assembly Library/Bee/artifacts/900b0aE.dag/Unity.ShaderGraph.Editor.dll, with 149 defines and 333 references
info: Unity.ILPP.Runner.PostProcessingPipeline[0]
      processors: Unity.Jobs.CodeGen.JobsILPostProcessor, zzzUnity.Burst.CodeGen.BurstILPostProcessor
info: Unity.ILPP.Runner.PostProcessingPipeline[0]
      running Unity.Jobs.CodeGen.JobsILPostProcessor
info: Unity.ILPP.Runner.PostProcessingPipeline[0]
      running zzzUnity.Burst.CodeGen.BurstILPostProcessor
info: Microsoft.AspNetCore.Routing.EndpointMiddleware[1]
      Executed endpoint 'gRPC - /UnityILPP.PostProcessing/PostProcessAssembly'
info: Microsoft.AspNetCore.Hosting.Diagnostics[2]
      Request finished HTTP/2 POST http://ilpp/UnityILPP.PostProcessing/PostProcessAssembly - 200 - application/grpc 4.6610ms
info: Microsoft.AspNetCore.Hosting.Diagnostics[1]
      Request starting HTTP/2 POST http://ilpp/UnityILPP.PostProcessing/PostProcessAssembly - application/grpc -
info: Microsoft.AspNetCore.Routing.EndpointMiddleware[0]
      Executing endpoint 'gRPC - /UnityILPP.PostProcessing/PostProcessAssembly'
info: Unity.ILPP.Runner.PostProcessingPipeline[0]
      Processing assembly Library/Bee/artifacts/900b0aE.dag/Unity.Collections.Editor.dll, with 150 defines and 329 references
info: Unity.ILPP.Runner.PostProcessingPipeline[0]
      processors: Unity.Jobs.CodeGen.JobsILPostProcessor, zzzUnity.Burst.CodeGen.BurstILPostProcessor
info: Unity.ILPP.Runner.PostProcessingPipeline[0]
      running Unity.Jobs.CodeGen.JobsILPostProcessor
info: Unity.ILPP.Runner.PostProcessingPipeline[0]
      running zzzUnity.Burst.CodeGen.BurstILPostProcessor
info: Microsoft.AspNetCore.Routing.EndpointMiddleware[1]
      Executed endpoint 'gRPC - /UnityILPP.PostProcessing/PostProcessAssembly'
info: Microsoft.AspNetCore.Hosting.Diagnostics[2]
      Request finished HTTP/2 POST http://ilpp/UnityILPP.PostProcessing/PostProcessAssembly - 200 - application/grpc 20.0570ms
info: Microsoft.AspNetCore.Hosting.Diagnostics[1]
      Request starting HTTP/2 POST http://ilpp/UnityILPP.PostProcessing/PostProcessAssembly - application/grpc -
info: Microsoft.AspNetCore.Routing.EndpointMiddleware[0]
      Executing endpoint 'gRPC - /UnityILPP.PostProcessing/PostProcessAssembly'
info: Microsoft.AspNetCore.Hosting.Diagnostics[1]
      Request starting HTTP/2 POST http://ilpp/UnityILPP.PostProcessing/PostProcessAssembly - application/grpc -
info: Microsoft.AspNetCore.Routing.EndpointMiddleware[0]
      Executing endpoint 'gRPC - /UnityILPP.PostProcessing/PostProcessAssembly'
info: Unity.ILPP.Runner.PostProcessingPipeline[0]
      Processing assembly Library/Bee/artifacts/900b0aE.dag/Unity.InputSystem.ForUI.Editor.dll, with 149 defines and 330 references
info: Unity.ILPP.Runner.PostProcessingPipeline[0]
      processors: Unity.Jobs.CodeGen.JobsILPostProcessor, zzzUnity.Burst.CodeGen.BurstILPostProcessor
info: Unity.ILPP.Runner.PostProcessingPipeline[0]
      running Unity.Jobs.CodeGen.JobsILPostProcessor
info: Unity.ILPP.Runner.PostProcessingPipeline[0]
      running zzzUnity.Burst.CodeGen.BurstILPostProcessor
info: Microsoft.AspNetCore.Routing.EndpointMiddleware[1]
      Executed endpoint 'gRPC - /UnityILPP.PostProcessing/PostProcessAssembly'
info: Microsoft.AspNetCore.Hosting.Diagnostics[2]
      Request finished HTTP/2 POST http://ilpp/UnityILPP.PostProcessing/PostProcessAssembly - 200 - application/grpc 8.5676ms
info: Unity.ILPP.Runner.PostProcessingPipeline[0]
      Processing assembly Library/Bee/artifacts/900b0aE.dag/Unity.ScriptableBuildPipeline.Editor.dll, with 152 defines and 329 references
info: Unity.ILPP.Runner.PostProcessingPipeline[0]
      processors: Unity.Jobs.CodeGen.JobsILPostProcessor, zzzUnity.Burst.CodeGen.BurstILPostProcessor
info: Unity.ILPP.Runner.PostProcessingPipeline[0]
      running Unity.Jobs.CodeGen.JobsILPostProcessor
info: Unity.ILPP.Runner.PostProcessingPipeline[0]
      running zzzUnity.Burst.CodeGen.BurstILPostProcessor
info: Microsoft.AspNetCore.Routing.EndpointMiddleware[1]
      Executed endpoint 'gRPC - /UnityILPP.PostProcessing/PostProcessAssembly'
info: Microsoft.AspNetCore.Hosting.Diagnostics[2]
      Request finished HTTP/2 POST http://ilpp/UnityILPP.PostProcessing/PostProcessAssembly - 200 - application/grpc 12.3264ms
info: Microsoft.AspNetCore.Hosting.Diagnostics[1]
      Request starting HTTP/2 POST http://ilpp/UnityILPP.PostProcessing/PostProcessAssembly - application/grpc -
info: Microsoft.AspNetCore.Routing.EndpointMiddleware[0]
      Executing endpoint 'gRPC - /UnityILPP.PostProcessing/PostProcessAssembly'
info: Microsoft.AspNetCore.Hosting.Diagnostics[1]
      Request starting HTTP/2 POST http://ilpp/UnityILPP.PostProcessing/PostProcessAssembly - application/grpc -
info: Microsoft.AspNetCore.Routing.EndpointMiddleware[0]
      Executing endpoint 'gRPC - /UnityILPP.PostProcessing/PostProcessAssembly'
info: Microsoft.AspNetCore.Hosting.Diagnostics[1]
      Request starting HTTP/2 POST http://ilpp/UnityILPP.PostProcessing/PostProcessAssembly - application/grpc -
info: Microsoft.AspNetCore.Routing.EndpointMiddleware[0]
      Executing endpoint 'gRPC - /UnityILPP.PostProcessing/PostProcessAssembly'
info: Unity.ILPP.Runner.PostProcessingPipeline[0]
      Processing assembly Library/Bee/artifacts/900b0aE.dag/Unity.InternalAPIEditorBridge.013.dll, with 152 defines and 328 references
info: Unity.ILPP.Runner.PostProcessingPipeline[0]
      processors: Unity.Jobs.CodeGen.JobsILPostProcessor, zzzUnity.Burst.CodeGen.BurstILPostProcessor
info: Unity.ILPP.Runner.PostProcessingPipeline[0]
      running Unity.Jobs.CodeGen.JobsILPostProcessor
info: Unity.ILPP.Runner.PostProcessingPipeline[0]
      running zzzUnity.Burst.CodeGen.BurstILPostProcessor
info: Microsoft.AspNetCore.Routing.EndpointMiddleware[1]
      Executed endpoint 'gRPC - /UnityILPP.PostProcessing/PostProcessAssembly'
info: Microsoft.AspNetCore.Hosting.Diagnostics[2]
      Request finished HTTP/2 POST http://ilpp/UnityILPP.PostProcessing/PostProcessAssembly - 200 - application/grpc 4.7107ms
info: Microsoft.AspNetCore.Hosting.Diagnostics[1]
      Request starting HTTP/2 POST http://ilpp/UnityILPP.PostProcessing/PostProcessAssembly - application/grpc -
info: Microsoft.AspNetCore.Routing.EndpointMiddleware[0]
      Executing endpoint 'gRPC - /UnityILPP.PostProcessing/PostProcessAssembly'
info: Unity.ILPP.Runner.PostProcessingPipeline[0]
      Processing assembly Library/Bee/artifacts/900b0aE.dag/Unity.InputSystem.DocCodeSamples.dll, with 149 defines and 299 references
info: Unity.ILPP.Runner.PostProcessingPipeline[0]
      processors: Unity.Jobs.CodeGen.JobsILPostProcessor, zzzUnity.Burst.CodeGen.BurstILPostProcessor
info: Unity.ILPP.Runner.PostProcessingPipeline[0]
      running Unity.Jobs.CodeGen.JobsILPostProcessor
info: Unity.ILPP.Runner.PostProcessingPipeline[0]
      running zzzUnity.Burst.CodeGen.BurstILPostProcessor
info: Microsoft.AspNetCore.Hosting.Diagnostics[1]
      Request starting HTTP/2 POST http://ilpp/UnityILPP.PostProcessing/PostProcessAssembly - application/grpc -
info: Microsoft.AspNetCore.Routing.EndpointMiddleware[0]
      Executing endpoint 'gRPC - /UnityILPP.PostProcessing/PostProcessAssembly'
info: Microsoft.AspNetCore.Hosting.Diagnostics[1]
      Request starting HTTP/2 POST http://ilpp/UnityILPP.PostProcessing/PostProcessAssembly - application/grpc -
info: Microsoft.AspNetCore.Routing.EndpointMiddleware[0]
      Executing endpoint 'gRPC - /UnityILPP.PostProcessing/PostProcessAssembly'
info: Microsoft.AspNetCore.Routing.EndpointMiddleware[1]
      Executed endpoint 'gRPC - /UnityILPP.PostProcessing/PostProcessAssembly'
info: Microsoft.AspNetCore.Hosting.Diagnostics[2]
      Request finished HTTP/2 POST http://ilpp/UnityILPP.PostProcessing/PostProcessAssembly - 200 - application/grpc 13.6262ms
info: Unity.ILPP.Runner.PostProcessingPipeline[0]
      Processing assembly Library/Bee/artifacts/900b0aE.dag/Unity.InternalAPIEditorBridge.ShaderGraph.Editor.dll, with 149 defines and 328 references
info: Unity.ILPP.Runner.PostProcessingPipeline[0]
      processors: Unity.Jobs.CodeGen.JobsILPostProcessor, zzzUnity.Burst.CodeGen.BurstILPostProcessor
info: Unity.ILPP.Runner.PostProcessingPipeline[0]
      running Unity.Jobs.CodeGen.JobsILPostProcessor
info: Unity.ILPP.Runner.PostProcessingPipeline[0]
      running zzzUnity.Burst.CodeGen.BurstILPostProcessor
info: Microsoft.AspNetCore.Routing.EndpointMiddleware[1]
      Executed endpoint 'gRPC - /UnityILPP.PostProcessing/PostProcessAssembly'
info: Microsoft.AspNetCore.Hosting.Diagnostics[2]
      Request finished HTTP/2 POST http://ilpp/UnityILPP.PostProcessing/PostProcessAssembly - 200 - application/grpc 6.9038ms
info: Unity.ILPP.Runner.PostProcessingPipeline[0]
      Processing assembly Library/Bee/artifacts/900b0aE.dag/Unity.Services.Core.Environments.Editor.dll, with 149 defines and 333 references
info: Unity.ILPP.Runner.PostProcessingPipeline[0]
      processors: Unity.Jobs.CodeGen.JobsILPostProcessor, zzzUnity.Burst.CodeGen.BurstILPostProcessor
info: Unity.ILPP.Runner.PostProcessingPipeline[0]
      running Unity.Jobs.CodeGen.JobsILPostProcessor
info: Unity.ILPP.Runner.PostProcessingPipeline[0]
      running zzzUnity.Burst.CodeGen.BurstILPostProcessor
info: Unity.ILPP.Runner.PostProcessingPipeline[0]
      Processing assembly Library/Bee/artifacts/900b0aE.dag/NoSuchLocalizationCore-Editor.dll, with 149 defines and 329 references
info: Unity.ILPP.Runner.PostProcessingPipeline[0]
      processors: Unity.Jobs.CodeGen.JobsILPostProcessor, zzzUnity.Burst.CodeGen.BurstILPostProcessor
info: Unity.ILPP.Runner.PostProcessingPipeline[0]
      Processing assembly Library/Bee/artifacts/900b0aE.dag/Unity.RenderPipelines.Universal.Editor.dll, with 151 defines and 341 references
info: Unity.ILPP.Runner.PostProcessingPipeline[0]
      processors: Unity.Jobs.CodeGen.JobsILPostProcessor, zzzUnity.Burst.CodeGen.BurstILPostProcessor
info: Microsoft.AspNetCore.Routing.EndpointMiddleware[1]
      Executed endpoint 'gRPC - /UnityILPP.PostProcessing/PostProcessAssembly'
info: Microsoft.AspNetCore.Hosting.Diagnostics[2]
      Request finished HTTP/2 POST http://ilpp/UnityILPP.PostProcessing/PostProcessAssembly - 200 - application/grpc 5.8040ms
info: Unity.ILPP.Runner.PostProcessingPipeline[0]
      running Unity.Jobs.CodeGen.JobsILPostProcessor
info: Unity.ILPP.Runner.PostProcessingPipeline[0]
      running zzzUnity.Burst.CodeGen.BurstILPostProcessor
info: Microsoft.AspNetCore.Routing.EndpointMiddleware[1]
      Executed endpoint 'gRPC - /UnityILPP.PostProcessing/PostProcessAssembly'
info: Microsoft.AspNetCore.Hosting.Diagnostics[2]
      Request finished HTTP/2 POST http://ilpp/UnityILPP.PostProcessing/PostProcessAssembly - 200 - application/grpc 4.6157ms
info: Unity.ILPP.Runner.PostProcessingPipeline[0]
      running Unity.Jobs.CodeGen.JobsILPostProcessor
info: Unity.ILPP.Runner.PostProcessingPipeline[0]
      running zzzUnity.Burst.CodeGen.BurstILPostProcessor
info: Microsoft.AspNetCore.Routing.EndpointMiddleware[1]
      Executed endpoint 'gRPC - /UnityILPP.PostProcessing/PostProcessAssembly'
info: Microsoft.AspNetCore.Hosting.Diagnostics[2]
      Request finished HTTP/2 POST http://ilpp/UnityILPP.PostProcessing/PostProcessAssembly - 200 - application/grpc 5.4665ms
info: Microsoft.AspNetCore.Hosting.Diagnostics[1]
      Request starting HTTP/2 POST http://ilpp/UnityILPP.PostProcessing/PostProcessAssembly - application/grpc -
info: Microsoft.AspNetCore.Routing.EndpointMiddleware[0]
      Executing endpoint 'gRPC - /UnityILPP.PostProcessing/PostProcessAssembly'
info: Unity.ILPP.Runner.PostProcessingPipeline[0]
      Processing assembly Library/Bee/artifacts/900b0aE.dag/Unity.Timeline.Editor.dll, with 150 defines and 329 references
info: Unity.ILPP.Runner.PostProcessingPipeline[0]
      processors: Unity.Jobs.CodeGen.JobsILPostProcessor, zzzUnity.Burst.CodeGen.BurstILPostProcessor
info: Unity.ILPP.Runner.PostProcessingPipeline[0]
      running Unity.Jobs.CodeGen.JobsILPostProcessor
info: Unity.ILPP.Runner.PostProcessingPipeline[0]
      running zzzUnity.Burst.CodeGen.BurstILPostProcessor
info: Microsoft.AspNetCore.Routing.EndpointMiddleware[1]
      Executed endpoint 'gRPC - /UnityILPP.PostProcessing/PostProcessAssembly'
info: Microsoft.AspNetCore.Hosting.Diagnostics[2]
      Request finished HTTP/2 POST http://ilpp/UnityILPP.PostProcessing/PostProcessAssembly - 200 - application/grpc 3.3752ms
info: Microsoft.AspNetCore.Hosting.Diagnostics[1]
      Request starting HTTP/2 POST http://ilpp/UnityILPP.PostProcessing/PostProcessAssembly - application/grpc -
info: Microsoft.AspNetCore.Routing.EndpointMiddleware[0]
      Executing endpoint 'gRPC - /UnityILPP.PostProcessing/PostProcessAssembly'
info: Unity.ILPP.Runner.PostProcessingPipeline[0]
      Processing assembly Library/Bee/artifacts/900b0aE.dag/Unity.PerformanceTesting.Editor.dll, with 150 defines and 299 references
info: Unity.ILPP.Runner.PostProcessingPipeline[0]
      processors: Unity.Jobs.CodeGen.JobsILPostProcessor, zzzUnity.Burst.CodeGen.BurstILPostProcessor
info: Unity.ILPP.Runner.PostProcessingPipeline[0]
      running Unity.Jobs.CodeGen.JobsILPostProcessor
info: Unity.ILPP.Runner.PostProcessingPipeline[0]
      running zzzUnity.Burst.CodeGen.BurstILPostProcessor
info: Microsoft.AspNetCore.Routing.EndpointMiddleware[1]
      Executed endpoint 'gRPC - /UnityILPP.PostProcessing/PostProcessAssembly'
info: Microsoft.AspNetCore.Hosting.Diagnostics[2]
      Request finished HTTP/2 POST http://ilpp/UnityILPP.PostProcessing/PostProcessAssembly - 200 - application/grpc 11.3775ms
info: Microsoft.AspNetCore.Hosting.Diagnostics[1]
      Request starting HTTP/2 POST http://ilpp/UnityILPP.PostProcessing/PostProcessAssembly - application/grpc -
info: Microsoft.AspNetCore.Routing.EndpointMiddleware[0]
      Executing endpoint 'gRPC - /UnityILPP.PostProcessing/PostProcessAssembly'
info: Microsoft.AspNetCore.Hosting.Diagnostics[1]
      Request starting HTTP/2 POST http://ilpp/UnityILPP.PostProcessing/PostProcessAssembly - application/grpc -
info: Microsoft.AspNetCore.Routing.EndpointMiddleware[0]
      Executing endpoint 'gRPC - /UnityILPP.PostProcessing/PostProcessAssembly'
info: Unity.ILPP.Runner.PostProcessingPipeline[0]
      Processing assembly Library/Bee/artifacts/900b0aE.dag/Unity.Services.Core.Editor.dll, with 149 defines and 338 references
info: Unity.ILPP.Runner.PostProcessingPipeline[0]
      processors: Unity.Jobs.CodeGen.JobsILPostProcessor, zzzUnity.Burst.CodeGen.BurstILPostProcessor
info: Unity.ILPP.Runner.PostProcessingPipeline[0]
      running Unity.Jobs.CodeGen.JobsILPostProcessor
info: Unity.ILPP.Runner.PostProcessingPipeline[0]
      running zzzUnity.Burst.CodeGen.BurstILPostProcessor
info: Microsoft.AspNetCore.Hosting.Diagnostics[1]
      Request starting HTTP/2 POST http://ilpp/UnityILPP.PostProcessing/PostProcessAssembly - application/grpc -
info: Microsoft.AspNetCore.Routing.EndpointMiddleware[0]
      Executing endpoint 'gRPC - /UnityILPP.PostProcessing/PostProcessAssembly'
info: Microsoft.AspNetCore.Hosting.Diagnostics[1]
      Request starting HTTP/2 POST http://ilpp/UnityILPP.PostProcessing/PostProcessAssembly - application/grpc -
info: Microsoft.AspNetCore.Routing.EndpointMiddleware[0]
      Executing endpoint 'gRPC - /UnityILPP.PostProcessing/PostProcessAssembly'
info: Microsoft.AspNetCore.Routing.EndpointMiddleware[1]
      Executed endpoint 'gRPC - /UnityILPP.PostProcessing/PostProcessAssembly'
info: Microsoft.AspNetCore.Hosting.Diagnostics[2]
      Request finished HTTP/2 POST http://ilpp/UnityILPP.PostProcessing/PostProcessAssembly - 200 - application/grpc 7.4859ms
info: Unity.ILPP.Runner.PostProcessingPipeline[0]
      Processing assembly Library/Bee/artifacts/900b0aE.dag/Unity.PathTracing.Editor.dll, with 150 defines and 332 references
info: Unity.ILPP.Runner.PostProcessingPipeline[0]
      processors: Unity.Jobs.CodeGen.JobsILPostProcessor, zzzUnity.Burst.CodeGen.BurstILPostProcessor
info: Unity.ILPP.Runner.PostProcessingPipeline[0]
      running Unity.Jobs.CodeGen.JobsILPostProcessor
info: Unity.ILPP.Runner.PostProcessingPipeline[0]
      running zzzUnity.Burst.CodeGen.BurstILPostProcessor
info: Microsoft.AspNetCore.Routing.EndpointMiddleware[1]
      Executed endpoint 'gRPC - /UnityILPP.PostProcessing/PostProcessAssembly'
info: Microsoft.AspNetCore.Hosting.Diagnostics[2]
      Request finished HTTP/2 POST http://ilpp/UnityILPP.PostProcessing/PostProcessAssembly - 200 - application/grpc 4.4047ms
info: Unity.ILPP.Runner.PostProcessingPipeline[0]
      Processing assembly Library/Bee/artifacts/900b0aE.dag/Unity.Rendering.LightTransport.Editor.dll, with 149 defines and 328 references
info: Unity.ILPP.Runner.PostProcessingPipeline[0]
      processors: Unity.Jobs.CodeGen.JobsILPostProcessor, zzzUnity.Burst.CodeGen.BurstILPostProcessor
info: Unity.ILPP.Runner.PostProcessingPipeline[0]
      Processing assembly Library/Bee/artifacts/900b0aE.dag/Unity.Purchasing.Editor.Shared.dll, with 149 defines and 328 references
info: Unity.ILPP.Runner.PostProcessingPipeline[0]
      processors: Unity.Jobs.CodeGen.JobsILPostProcessor, zzzUnity.Burst.CodeGen.BurstILPostProcessor
info: Microsoft.AspNetCore.Hosting.Diagnostics[1]
      Request starting HTTP/2 POST http://ilpp/UnityILPP.PostProcessing/PostProcessAssembly - application/grpc -
info: Microsoft.AspNetCore.Routing.EndpointMiddleware[0]
      Executing endpoint 'gRPC - /UnityILPP.PostProcessing/PostProcessAssembly'
info: Unity.ILPP.Runner.PostProcessingPipeline[0]
      running Unity.Jobs.CodeGen.JobsILPostProcessor
info: Unity.ILPP.Runner.PostProcessingPipeline[0]
      running zzzUnity.Burst.CodeGen.BurstILPostProcessor
info: Unity.ILPP.Runner.PostProcessingPipeline[0]
      running Unity.Jobs.CodeGen.JobsILPostProcessor
info: Unity.ILPP.Runner.PostProcessingPipeline[0]
      running zzzUnity.Burst.CodeGen.BurstILPostProcessor
info: Microsoft.AspNetCore.Routing.EndpointMiddleware[1]
      Executed endpoint 'gRPC - /UnityILPP.PostProcessing/PostProcessAssembly'
info: Microsoft.AspNetCore.Hosting.Diagnostics[2]
      Request finished HTTP/2 POST http://ilpp/UnityILPP.PostProcessing/PostProcessAssembly - 200 - application/grpc 9.3128ms
info: Microsoft.AspNetCore.Hosting.Diagnostics[1]
      Request starting HTTP/2 POST http://ilpp/UnityILPP.PostProcessing/PostProcessAssembly - application/grpc -
info: Microsoft.AspNetCore.Routing.EndpointMiddleware[0]
      Executing endpoint 'gRPC - /UnityILPP.PostProcessing/PostProcessAssembly'
info: Microsoft.AspNetCore.Routing.EndpointMiddleware[1]
      Executed endpoint 'gRPC - /UnityILPP.PostProcessing/PostProcessAssembly'
info: Microsoft.AspNetCore.Hosting.Diagnostics[2]
      Request finished HTTP/2 POST http://ilpp/UnityILPP.PostProcessing/PostProcessAssembly - 200 - application/grpc 12.1102ms
info: Microsoft.AspNetCore.Hosting.Diagnostics[1]
      Request starting HTTP/2 POST http://ilpp/UnityILPP.PostProcessing/PostProcessAssembly - application/grpc -
info: Microsoft.AspNetCore.Routing.EndpointMiddleware[0]
      Executing endpoint 'gRPC - /UnityILPP.PostProcessing/PostProcessAssembly'
info: Microsoft.AspNetCore.Hosting.Diagnostics[1]
      Request starting HTTP/2 POST http://ilpp/UnityILPP.PostProcessing/PostProcessAssembly - application/grpc -
info: Microsoft.AspNetCore.Routing.EndpointMiddleware[0]
      Executing endpoint 'gRPC - /UnityILPP.PostProcessing/PostProcessAssembly'
info: Unity.ILPP.Runner.PostProcessingPipeline[0]
      Processing assembly Library/Bee/artifacts/900b0aE.dag/Heureka.Upgrade.dll, with 149 defines and 328 references
info: Unity.ILPP.Runner.PostProcessingPipeline[0]
      processors: Unity.Jobs.CodeGen.JobsILPostProcessor, zzzUnity.Burst.CodeGen.BurstILPostProcessor
info: Unity.ILPP.Runner.PostProcessingPipeline[0]
      running Unity.Jobs.CodeGen.JobsILPostProcessor
info: Unity.ILPP.Runner.PostProcessingPipeline[0]
      running zzzUnity.Burst.CodeGen.BurstILPostProcessor
info: Unity.ILPP.Runner.PostProcessingPipeline[0]
      Processing assembly Library/Bee/artifacts/900b0aE.dag/Unity.RenderPipelines.Universal.2D.Editor.Overrides.dll, with 151 defines and 337 references
info: Unity.ILPP.Runner.PostProcessingPipeline[0]
      processors: Unity.Jobs.CodeGen.JobsILPostProcessor, zzzUnity.Burst.CodeGen.BurstILPostProcessor
info: Unity.ILPP.Runner.PostProcessingPipeline[0]
      running Unity.Jobs.CodeGen.JobsILPostProcessor
info: Unity.ILPP.Runner.PostProcessingPipeline[0]
      running zzzUnity.Burst.CodeGen.BurstILPostProcessor
info: Microsoft.AspNetCore.Routing.EndpointMiddleware[1]
      Executed endpoint 'gRPC - /UnityILPP.PostProcessing/PostProcessAssembly'
info: Microsoft.AspNetCore.Hosting.Diagnostics[2]
      Request finished HTTP/2 POST http://ilpp/UnityILPP.PostProcessing/PostProcessAssembly - 200 - application/grpc 5.9395ms
info: Microsoft.AspNetCore.Routing.EndpointMiddleware[1]
      Executed endpoint 'gRPC - /UnityILPP.PostProcessing/PostProcessAssembly'
info: Microsoft.AspNetCore.Hosting.Diagnostics[2]
      Request finished HTTP/2 POST http://ilpp/UnityILPP.PostProcessing/PostProcessAssembly - 200 - application/grpc 10.7146ms
info: Unity.ILPP.Runner.PostProcessingPipeline[0]
      Processing assembly Library/Bee/artifacts/900b0aE.dag/Unity.AutoGroupGenerator.Editor.dll, with 149 defines and 330 references
info: Unity.ILPP.Runner.PostProcessingPipeline[0]
      processors: Unity.Jobs.CodeGen.JobsILPostProcessor, zzzUnity.Burst.CodeGen.BurstILPostProcessor
info: Unity.ILPP.Runner.PostProcessingPipeline[0]
      running Unity.Jobs.CodeGen.JobsILPostProcessor
info: Unity.ILPP.Runner.PostProcessingPipeline[0]
      running zzzUnity.Burst.CodeGen.BurstILPostProcessor
info: Unity.ILPP.Runner.PostProcessingPipeline[0]
      Processing assembly Library/Bee/artifacts/900b0aE.dag/MagicaClothV2.Editor.dll, with 151 defines and 332 references
info: Unity.ILPP.Runner.PostProcessingPipeline[0]
      processors: Unity.Jobs.CodeGen.JobsILPostProcessor, zzzUnity.Burst.CodeGen.BurstILPostProcessor
info: Microsoft.AspNetCore.Routing.EndpointMiddleware[1]
      Executed endpoint 'gRPC - /UnityILPP.PostProcessing/PostProcessAssembly'
info: Microsoft.AspNetCore.Hosting.Diagnostics[2]
      Request finished HTTP/2 POST http://ilpp/UnityILPP.PostProcessing/PostProcessAssembly - 200 - application/grpc 9.1360ms
info: Unity.ILPP.Runner.PostProcessingPipeline[0]
      running Unity.Jobs.CodeGen.JobsILPostProcessor
info: Unity.ILPP.Runner.PostProcessingPipeline[0]
      running zzzUnity.Burst.CodeGen.BurstILPostProcessor
info: Microsoft.AspNetCore.Hosting.Diagnostics[1]
      Request starting HTTP/2 POST http://ilpp/UnityILPP.PostProcessing/PostProcessAssembly - application/grpc -
info: Microsoft.AspNetCore.Routing.EndpointMiddleware[0]
      Executing endpoint 'gRPC - /UnityILPP.PostProcessing/PostProcessAssembly'
info: Unity.ILPP.Runner.PostProcessingPipeline[0]
      Processing assembly Library/Bee/artifacts/900b0aE.dag/Unity.RenderPipelines.Core.Editor.Shared.dll, with 149 defines and 335 references
info: Unity.ILPP.Runner.PostProcessingPipeline[0]
      processors: Unity.Jobs.CodeGen.JobsILPostProcessor, zzzUnity.Burst.CodeGen.BurstILPostProcessor
info: Unity.ILPP.Runner.PostProcessingPipeline[0]
      running Unity.Jobs.CodeGen.JobsILPostProcessor
info: Unity.ILPP.Runner.PostProcessingPipeline[0]
      running zzzUnity.Burst.CodeGen.BurstILPostProcessor
info: Microsoft.AspNetCore.Routing.EndpointMiddleware[1]
      Executed endpoint 'gRPC - /UnityILPP.PostProcessing/PostProcessAssembly'
info: Microsoft.AspNetCore.Hosting.Diagnostics[2]
      Request finished HTTP/2 POST http://ilpp/UnityILPP.PostProcessing/PostProcessAssembly - 200 - application/grpc 37.9427ms
info: Microsoft.AspNetCore.Routing.EndpointMiddleware[1]
      Executed endpoint 'gRPC - /UnityILPP.PostProcessing/PostProcessAssembly'
info: Microsoft.AspNetCore.Hosting.Diagnostics[2]
      Request finished HTTP/2 POST http://ilpp/UnityILPP.PostProcessing/PostProcessAssembly - 200 - application/grpc 2.9495ms
info: Microsoft.AspNetCore.Hosting.Diagnostics[1]
      Request starting HTTP/2 POST http://ilpp/UnityILPP.PostProcessing/PostProcessAssembly - application/grpc -
info: Microsoft.AspNetCore.Routing.EndpointMiddleware[0]
      Executing endpoint 'gRPC - /UnityILPP.PostProcessing/PostProcessAssembly'
info: Unity.ILPP.Runner.PostProcessingPipeline[0]
      Processing assembly Library/Bee/artifacts/900b0aE.dag/GoogleMobileAds.Editor.dll, with 149 defines and 328 references
info: Unity.ILPP.Runner.PostProcessingPipeline[0]
      processors: Unity.Jobs.CodeGen.JobsILPostProcessor, zzzUnity.Burst.CodeGen.BurstILPostProcessor
info: Unity.ILPP.Runner.PostProcessingPipeline[0]
      running Unity.Jobs.CodeGen.JobsILPostProcessor
info: Unity.ILPP.Runner.PostProcessingPipeline[0]
      running zzzUnity.Burst.CodeGen.BurstILPostProcessor
info: Microsoft.AspNetCore.Routing.EndpointMiddleware[1]
      Executed endpoint 'gRPC - /UnityILPP.PostProcessing/PostProcessAssembly'
info: Microsoft.AspNetCore.Hosting.Diagnostics[2]
      Request finished HTTP/2 POST http://ilpp/UnityILPP.PostProcessing/PostProcessAssembly - 200 - application/grpc 17.1432ms
info: Microsoft.AspNetCore.Hosting.Diagnostics[1]
      Request starting HTTP/2 POST http://ilpp/UnityILPP.PostProcessing/PostProcessAssembly - application/grpc -
info: Microsoft.AspNetCore.Routing.EndpointMiddleware[0]
      Executing endpoint 'gRPC - /UnityILPP.PostProcessing/PostProcessAssembly'
info: Microsoft.AspNetCore.Hosting.Diagnostics[1]
      Request starting HTTP/2 POST http://ilpp/UnityILPP.PostProcessing/PostProcessAssembly - application/grpc -
info: Microsoft.AspNetCore.Routing.EndpointMiddleware[0]
      Executing endpoint 'gRPC - /UnityILPP.PostProcessing/PostProcessAssembly'
info: Microsoft.AspNetCore.Hosting.Diagnostics[1]
      Request starting HTTP/2 POST http://ilpp/UnityILPP.PostProcessing/PostProcessAssembly - application/grpc -
info: Microsoft.AspNetCore.Routing.EndpointMiddleware[0]
      Executing endpoint 'gRPC - /UnityILPP.PostProcessing/PostProcessAssembly'
info: Microsoft.AspNetCore.Hosting.Diagnostics[1]
      Request starting HTTP/2 POST http://ilpp/UnityILPP.PostProcessing/PostProcessAssembly - application/grpc -
info: Microsoft.AspNetCore.Routing.EndpointMiddleware[0]
      Executing endpoint 'gRPC - /UnityILPP.PostProcessing/PostProcessAssembly'
info: Microsoft.AspNetCore.Hosting.Diagnostics[1]
      Request starting HTTP/2 POST http://ilpp/UnityILPP.PostProcessing/PostProcessAssembly - application/grpc -
info: Microsoft.AspNetCore.Routing.EndpointMiddleware[0]
      Executing endpoint 'gRPC - /UnityILPP.PostProcessing/PostProcessAssembly'
info: Unity.ILPP.Runner.PostProcessingPipeline[0]
      Processing assembly Library/Bee/artifacts/900b0aE.dag/AppleAuth.Editor.dll, with 149 defines and 329 references
info: Unity.ILPP.Runner.PostProcessingPipeline[0]
      processors: Unity.Jobs.CodeGen.JobsILPostProcessor, zzzUnity.Burst.CodeGen.BurstILPostProcessor
info: Unity.ILPP.Runner.PostProcessingPipeline[0]
      running Unity.Jobs.CodeGen.JobsILPostProcessor
info: Unity.ILPP.Runner.PostProcessingPipeline[0]
      running zzzUnity.Burst.CodeGen.BurstILPostProcessor
info: Unity.ILPP.Runner.PostProcessingPipeline[0]
      Processing assembly Library/Bee/artifacts/900b0aE.dag/Unity.CollabProxy.Editor.dll, with 149 defines and 329 references
info: Microsoft.AspNetCore.Hosting.Diagnostics[1]
      Request starting HTTP/2 POST http://ilpp/UnityILPP.PostProcessing/PostProcessAssembly - application/grpc -
info: Unity.ILPP.Runner.PostProcessingPipeline[0]
      Processing assembly Library/Bee/artifacts/900b0aE.dag/UniTask.Editor.dll, with 149 defines and 329 references
info: Unity.ILPP.Runner.PostProcessingPipeline[0]
      processors: Unity.Jobs.CodeGen.JobsILPostProcessor, zzzUnity.Burst.CodeGen.BurstILPostProcessor
info: Unity.ILPP.Runner.PostProcessingPipeline[0]
      processors: Unity.Jobs.CodeGen.JobsILPostProcessor, zzzUnity.Burst.CodeGen.BurstILPostProcessor
info: Microsoft.AspNetCore.Routing.EndpointMiddleware[0]
      Executing endpoint 'gRPC - /UnityILPP.PostProcessing/PostProcessAssembly'
info: Unity.ILPP.Runner.PostProcessingPipeline[0]
      Processing assembly Library/Bee/artifacts/900b0aE.dag/Unity.PlasticSCM.Editor.dll, with 149 defines and 302 references
info: Unity.ILPP.Runner.PostProcessingPipeline[0]
      processors: Unity.Jobs.CodeGen.JobsILPostProcessor, zzzUnity.Burst.CodeGen.BurstILPostProcessor
info: Unity.ILPP.Runner.PostProcessingPipeline[0]
      running Unity.Jobs.CodeGen.JobsILPostProcessor
info: Unity.ILPP.Runner.PostProcessingPipeline[0]
      running zzzUnity.Burst.CodeGen.BurstILPostProcessor
info: Unity.ILPP.Runner.PostProcessingPipeline[0]
      running Unity.Jobs.CodeGen.JobsILPostProcessor
info: Unity.ILPP.Runner.PostProcessingPipeline[0]
      running zzzUnity.Burst.CodeGen.BurstILPostProcessor
info: Microsoft.AspNetCore.Routing.EndpointMiddleware[1]
      Executed endpoint 'gRPC - /UnityILPP.PostProcessing/PostProcessAssembly'
info: Microsoft.AspNetCore.Hosting.Diagnostics[2]
      Request finished HTTP/2 POST http://ilpp/UnityILPP.PostProcessing/PostProcessAssembly - 200 - application/grpc 17.9420ms
info: Microsoft.AspNetCore.Hosting.Diagnostics[1]
      Request starting HTTP/2 POST http://ilpp/UnityILPP.PostProcessing/PostProcessAssembly - application/grpc -
info: Microsoft.AspNetCore.Routing.EndpointMiddleware[0]
      Executing endpoint 'gRPC - /UnityILPP.PostProcessing/PostProcessAssembly'
info: Microsoft.AspNetCore.Hosting.Diagnostics[1]
      Request starting HTTP/2 POST http://ilpp/UnityILPP.PostProcessing/PostProcessAssembly - application/grpc -
info: Microsoft.AspNetCore.Routing.EndpointMiddleware[0]
      Executing endpoint 'gRPC - /UnityILPP.PostProcessing/PostProcessAssembly'
info: Microsoft.AspNetCore.Routing.EndpointMiddleware[1]
      Executed endpoint 'gRPC - /UnityILPP.PostProcessing/PostProcessAssembly'
info: Unity.ILPP.Runner.PostProcessingPipeline[0]
      Processing assembly Library/Bee/artifacts/900b0aE.dag/AssetUsageFinder.dll, with 149 defines and 328 references
info: Unity.ILPP.Runner.PostProcessingPipeline[0]
      processors: Unity.Jobs.CodeGen.JobsILPostProcessor, zzzUnity.Burst.CodeGen.BurstILPostProcessor
info: Microsoft.AspNetCore.Hosting.Diagnostics[2]
      Request finished HTTP/2 POST http://ilpp/UnityILPP.PostProcessing/PostProcessAssembly - 200 - application/grpc 12.1223ms
info: Microsoft.AspNetCore.Hosting.Diagnostics[1]
      Request starting HTTP/2 POST http://ilpp/UnityILPP.PostProcessing/PostProcessAssembly - application/grpc -
info: Microsoft.AspNetCore.Routing.EndpointMiddleware[0]
      Executing endpoint 'gRPC - /UnityILPP.PostProcessing/PostProcessAssembly'
info: Unity.ILPP.Runner.PostProcessingPipeline[0]
      running Unity.Jobs.CodeGen.JobsILPostProcessor
info: Unity.ILPP.Runner.PostProcessingPipeline[0]
      running zzzUnity.Burst.CodeGen.BurstILPostProcessor
info: Unity.ILPP.Runner.PostProcessingPipeline[0]
      running Unity.Jobs.CodeGen.JobsILPostProcessor
info: Unity.ILPP.Runner.PostProcessingPipeline[0]
      running zzzUnity.Burst.CodeGen.BurstILPostProcessor
info: Microsoft.AspNetCore.Routing.EndpointMiddleware[1]
      Executed endpoint 'gRPC - /UnityILPP.PostProcessing/PostProcessAssembly'
info: Microsoft.AspNetCore.Hosting.Diagnostics[2]
      Request finished HTTP/2 POST http://ilpp/UnityILPP.PostProcessing/PostProcessAssembly - 200 - application/grpc 17.4478ms
info: Microsoft.AspNetCore.Routing.EndpointMiddleware[1]
      Executed endpoint 'gRPC - /UnityILPP.PostProcessing/PostProcessAssembly'
info: Microsoft.AspNetCore.Hosting.Diagnostics[2]
      Request finished HTTP/2 POST http://ilpp/UnityILPP.PostProcessing/PostProcessAssembly - 200 - application/grpc 12.0964ms
info: Microsoft.AspNetCore.Routing.EndpointMiddleware[1]
      Executed endpoint 'gRPC - /UnityILPP.PostProcessing/PostProcessAssembly'
info: Microsoft.AspNetCore.Hosting.Diagnostics[2]
      Request finished HTTP/2 POST http://ilpp/UnityILPP.PostProcessing/PostProcessAssembly - 200 - application/grpc 12.2184ms
info: Unity.ILPP.Runner.PostProcessingPipeline[0]
      Processing assembly Library/Bee/artifacts/900b0aE.dag/UnityEditor.Purchasing.dll, with 150 defines and 307 references
info: Unity.ILPP.Runner.PostProcessingPipeline[0]
      processors: Unity.Jobs.CodeGen.JobsILPostProcessor, zzzUnity.Burst.CodeGen.BurstILPostProcessor
info: Unity.ILPP.Runner.PostProcessingPipeline[0]
      running Unity.Jobs.CodeGen.JobsILPostProcessor
info: Unity.ILPP.Runner.PostProcessingPipeline[0]
      running zzzUnity.Burst.CodeGen.BurstILPostProcessor
info: Unity.ILPP.Runner.PostProcessingPipeline[0]
      Processing assembly Library/Bee/artifacts/900b0aE.dag/Unity.Mobile.AndroidLogcat.Editor.dll, with 149 defines and 328 references
info: Unity.ILPP.Runner.PostProcessingPipeline[0]
      processors: Unity.Jobs.CodeGen.JobsILPostProcessor, zzzUnity.Burst.CodeGen.BurstILPostProcessor
info: Microsoft.AspNetCore.Routing.EndpointMiddleware[1]
      Executed endpoint 'gRPC - /UnityILPP.PostProcessing/PostProcessAssembly'
info: Microsoft.AspNetCore.Hosting.Diagnostics[2]
      Request finished HTTP/2 POST http://ilpp/UnityILPP.PostProcessing/PostProcessAssembly - 200 - application/grpc 7.6597ms
info: Unity.ILPP.Runner.PostProcessingPipeline[0]
      Processing assembly Library/Bee/artifacts/900b0aE.dag/MCombat.Shared.Editor.dll, with 149 defines and 331 references
info: Unity.ILPP.Runner.PostProcessingPipeline[0]
      processors: Unity.Jobs.CodeGen.JobsILPostProcessor, zzzUnity.Burst.CodeGen.BurstILPostProcessor
info: Unity.ILPP.Runner.PostProcessingPipeline[0]
      Processing assembly Library/Bee/artifacts/900b0aE.dag/Unity.Multiplayer.Center.Editor.dll, with 149 defines and 329 references
info: Unity.ILPP.Runner.PostProcessingPipeline[0]
      processors: Unity.Jobs.CodeGen.JobsILPostProcessor, zzzUnity.Burst.CodeGen.BurstILPostProcessor
info: Unity.ILPP.Runner.PostProcessingPipeline[0]
      running Unity.Jobs.CodeGen.JobsILPostProcessor
info: Unity.ILPP.Runner.PostProcessingPipeline[0]
      running zzzUnity.Burst.CodeGen.BurstILPostProcessor
info: Unity.ILPP.Runner.PostProcessingPipeline[0]
      running Unity.Jobs.CodeGen.JobsILPostProcessor
info: Unity.ILPP.Runner.PostProcessingPipeline[0]
      running zzzUnity.Burst.CodeGen.BurstILPostProcessor
info: Unity.ILPP.Runner.PostProcessingPipeline[0]
      running Unity.Jobs.CodeGen.JobsILPostProcessor
info: Unity.ILPP.Runner.PostProcessingPipeline[0]
      running zzzUnity.Burst.CodeGen.BurstILPostProcessor
info: Microsoft.AspNetCore.Routing.EndpointMiddleware[1]
      Executed endpoint 'gRPC - /UnityILPP.PostProcessing/PostProcessAssembly'
info: Microsoft.AspNetCore.Hosting.Diagnostics[2]
      Request finished HTTP/2 POST http://ilpp/UnityILPP.PostProcessing/PostProcessAssembly - 200 - application/grpc 7.5980ms
info: Microsoft.AspNetCore.Routing.EndpointMiddleware[1]
      Executed endpoint 'gRPC - /UnityILPP.PostProcessing/PostProcessAssembly'
info: Microsoft.AspNetCore.Hosting.Diagnostics[2]
      Request finished HTTP/2 POST http://ilpp/UnityILPP.PostProcessing/PostProcessAssembly - 200 - application/grpc 9.5537ms
info: Microsoft.AspNetCore.Routing.EndpointMiddleware[1]
      Executed endpoint 'gRPC - /UnityILPP.PostProcessing/PostProcessAssembly'
info: Microsoft.AspNetCore.Hosting.Diagnostics[2]
      Request finished HTTP/2 POST http://ilpp/UnityILPP.PostProcessing/PostProcessAssembly - 200 - application/grpc 15.9703ms
info: Microsoft.AspNetCore.Hosting.Diagnostics[1]
      Request starting HTTP/2 POST http://ilpp/UnityILPP.PostProcessing/PostProcessAssembly - application/grpc -
info: Microsoft.AspNetCore.Routing.EndpointMiddleware[0]
      Executing endpoint 'gRPC - /UnityILPP.PostProcessing/PostProcessAssembly'
info: Unity.ILPP.Runner.PostProcessingPipeline[0]
      Processing assembly Library/Bee/artifacts/900b0aE.dag/Unity.Addressables.Editor.dll, with 150 defines and 333 references
info: Unity.ILPP.Runner.PostProcessingPipeline[0]
      processors: Unity.Jobs.CodeGen.JobsILPostProcessor, zzzUnity.Burst.CodeGen.BurstILPostProcessor
info: Unity.ILPP.Runner.PostProcessingPipeline[0]
      running Unity.Jobs.CodeGen.JobsILPostProcessor
info: Unity.ILPP.Runner.PostProcessingPipeline[0]
      running zzzUnity.Burst.CodeGen.BurstILPostProcessor
info: Microsoft.AspNetCore.Routing.EndpointMiddleware[1]
      Executed endpoint 'gRPC - /UnityILPP.PostProcessing/PostProcessAssembly'
info: Microsoft.AspNetCore.Hosting.Diagnostics[2]
      Request finished HTTP/2 POST http://ilpp/UnityILPP.PostProcessing/PostProcessAssembly - 200 - application/grpc 3.7017ms
info: Microsoft.AspNetCore.Hosting.Diagnostics[1]
      Request starting HTTP/2 POST http://ilpp/UnityILPP.PostProcessing/PostProcessAssembly - application/grpc -
info: Microsoft.AspNetCore.Routing.EndpointMiddleware[0]
      Executing endpoint 'gRPC - /UnityILPP.PostProcessing/PostProcessAssembly'
info: Microsoft.AspNetCore.Hosting.Diagnostics[1]
      Request starting HTTP/2 POST http://ilpp/UnityILPP.PostProcessing/PostProcessAssembly - application/grpc -
info: Microsoft.AspNetCore.Routing.EndpointMiddleware[0]
      Executing endpoint 'gRPC - /UnityILPP.PostProcessing/PostProcessAssembly'
info: Microsoft.AspNetCore.Hosting.Diagnostics[1]
      Request starting HTTP/2 POST http://ilpp/UnityILPP.PostProcessing/PostProcessAssembly - application/grpc -
info: Microsoft.AspNetCore.Routing.EndpointMiddleware[0]
      Executing endpoint 'gRPC - /UnityILPP.PostProcessing/PostProcessAssembly'
info: Unity.ILPP.Runner.PostProcessingPipeline[0]
      Processing assembly Library/Bee/artifacts/900b0aE.dag/PlayFabEditorExtensions.dll, with 149 defines and 328 references
info: Unity.ILPP.Runner.PostProcessingPipeline[0]
      processors: Unity.Jobs.CodeGen.JobsILPostProcessor, zzzUnity.Burst.CodeGen.BurstILPostProcessor
info: Microsoft.AspNetCore.Hosting.Diagnostics[1]
      Request starting HTTP/2 POST http://ilpp/UnityILPP.PostProcessing/PostProcessAssembly - application/grpc -
info: Microsoft.AspNetCore.Routing.EndpointMiddleware[0]
      Executing endpoint 'gRPC - /UnityILPP.PostProcessing/PostProcessAssembly'
info: Unity.ILPP.Runner.PostProcessingPipeline[0]
      Processing assembly Library/Bee/artifacts/900b0aE.dag/Unity.Localization.Editor.dll, with 158 defines and 305 references
info: Microsoft.AspNetCore.Hosting.Diagnostics[1]
      Request starting HTTP/2 POST http://ilpp/UnityILPP.PostProcessing/PostProcessAssembly - application/grpc -
info: Unity.ILPP.Runner.PostProcessingPipeline[0]
      processors: Unity.Jobs.CodeGen.JobsILPostProcessor, zzzUnity.Burst.CodeGen.BurstILPostProcessor
info: Microsoft.AspNetCore.Routing.EndpointMiddleware[0]
      Executing endpoint 'gRPC - /UnityILPP.PostProcessing/PostProcessAssembly'
info: Unity.ILPP.Runner.PostProcessingPipeline[0]
      running Unity.Jobs.CodeGen.JobsILPostProcessor
info: Unity.ILPP.Runner.PostProcessingPipeline[0]
      running zzzUnity.Burst.CodeGen.BurstILPostProcessor
info: Microsoft.AspNetCore.Routing.EndpointMiddleware[1]
      Executed endpoint 'gRPC - /UnityILPP.PostProcessing/PostProcessAssembly'
info: Microsoft.AspNetCore.Hosting.Diagnostics[2]
      Request finished HTTP/2 POST http://ilpp/UnityILPP.PostProcessing/PostProcessAssembly - 200 - application/grpc 13.2031ms
info: Unity.ILPP.Runner.PostProcessingPipeline[0]
      running Unity.Jobs.CodeGen.JobsILPostProcessor
info: Unity.ILPP.Runner.PostProcessingPipeline[0]
      running zzzUnity.Burst.CodeGen.BurstILPostProcessor
info: Microsoft.AspNetCore.Routing.EndpointMiddleware[1]
      Executed endpoint 'gRPC - /UnityILPP.PostProcessing/PostProcessAssembly'
info: Microsoft.AspNetCore.Hosting.Diagnostics[2]
      Request finished HTTP/2 POST http://ilpp/UnityILPP.PostProcessing/PostProcessAssembly - 200 - application/grpc 8.6427ms
info: Microsoft.AspNetCore.Hosting.Diagnostics[1]
      Request starting HTTP/2 POST http://ilpp/UnityILPP.PostProcessing/PostProcessAssembly - application/grpc -
info: Microsoft.AspNetCore.Routing.EndpointMiddleware[0]
      Executing endpoint 'gRPC - /UnityILPP.PostProcessing/PostProcessAssembly'
info: Unity.ILPP.Runner.PostProcessingPipeline[0]
      Processing assembly Library/Bee/artifacts/900b0aE.dag/Unity.TextMeshPro.Editor.dll, with 149 defines and 330 references
info: Unity.ILPP.Runner.PostProcessingPipeline[0]
      processors: Unity.Jobs.CodeGen.JobsILPostProcessor, zzzUnity.Burst.CodeGen.BurstILPostProcessor
info: Microsoft.AspNetCore.Hosting.Diagnostics[1]
      Request starting HTTP/2 POST http://ilpp/UnityILPP.PostProcessing/PostProcessAssembly - application/grpc -
info: Microsoft.AspNetCore.Routing.EndpointMiddleware[0]
      Executing endpoint 'gRPC - /UnityILPP.PostProcessing/PostProcessAssembly'
info: Unity.ILPP.Runner.PostProcessingPipeline[0]
      running Unity.Jobs.CodeGen.JobsILPostProcessor
info: Unity.ILPP.Runner.PostProcessingPipeline[0]
      running zzzUnity.Burst.CodeGen.BurstILPostProcessor
info: Microsoft.AspNetCore.Routing.EndpointMiddleware[1]
      Executed endpoint 'gRPC - /UnityILPP.PostProcessing/PostProcessAssembly'
info: Microsoft.AspNetCore.Hosting.Diagnostics[2]
      Request finished HTTP/2 POST http://ilpp/UnityILPP.PostProcessing/PostProcessAssembly - 200 - application/grpc 10.9035ms
info: Unity.ILPP.Runner.PostProcessingPipeline[0]
      Processing assembly Library/Bee/artifacts/900b0aE.dag/PlayFabSDKEditor.dll, with 149 defines and 329 references
info: Unity.ILPP.Runner.PostProcessingPipeline[0]
      processors: Unity.Jobs.CodeGen.JobsILPostProcessor, zzzUnity.Burst.CodeGen.BurstILPostProcessor
info: Microsoft.AspNetCore.Hosting.Diagnostics[1]
      Request starting HTTP/2 POST http://ilpp/UnityILPP.PostProcessing/PostProcessAssembly - application/grpc -
info: Microsoft.AspNetCore.Routing.EndpointMiddleware[0]
      Executing endpoint 'gRPC - /UnityILPP.PostProcessing/PostProcessAssembly'
info: Microsoft.AspNetCore.Hosting.Diagnostics[1]
      Request starting HTTP/2 POST http://ilpp/UnityILPP.PostProcessing/PostProcessAssembly - application/grpc -
info: Microsoft.AspNetCore.Routing.EndpointMiddleware[0]
      Executing endpoint 'gRPC - /UnityILPP.PostProcessing/PostProcessAssembly'
info: Unity.ILPP.Runner.PostProcessingPipeline[0]
      Processing assembly Library/Bee/artifacts/900b0aE.dag/Unity.Services.Core.Configuration.Editor.dll, with 149 defines and 331 references
info: Unity.ILPP.Runner.PostProcessingPipeline[0]
      processors: Unity.Jobs.CodeGen.JobsILPostProcessor, zzzUnity.Burst.CodeGen.BurstILPostProcessor
info: Unity.ILPP.Runner.PostProcessingPipeline[0]
      running Unity.Jobs.CodeGen.JobsILPostProcessor
info: Unity.ILPP.Runner.PostProcessingPipeline[0]
      running zzzUnity.Burst.CodeGen.BurstILPostProcessor
info: Unity.ILPP.Runner.PostProcessingPipeline[0]
      running Unity.Jobs.CodeGen.JobsILPostProcessor
info: Unity.ILPP.Runner.PostProcessingPipeline[0]
      running zzzUnity.Burst.CodeGen.BurstILPostProcessor
info: Microsoft.AspNetCore.Routing.EndpointMiddleware[1]
      Executed endpoint 'gRPC - /UnityILPP.PostProcessing/PostProcessAssembly'
info: Microsoft.AspNetCore.Hosting.Diagnostics[2]
      Request finished HTTP/2 POST http://ilpp/UnityILPP.PostProcessing/PostProcessAssembly - 200 - application/grpc 8.7057ms
info: Unity.ILPP.Runner.PostProcessingPipeline[0]
      Processing assembly Library/Bee/artifacts/900b0aE.dag/OmniShade.Editor.dll, with 149 defines and 329 references
info: Unity.ILPP.Runner.PostProcessingPipeline[0]
      processors: Unity.Jobs.CodeGen.JobsILPostProcessor, zzzUnity.Burst.CodeGen.BurstILPostProcessor
info: Unity.ILPP.Runner.PostProcessingPipeline[0]
      running Unity.Jobs.CodeGen.JobsILPostProcessor
info: Microsoft.AspNetCore.Routing.EndpointMiddleware[1]
      Executed endpoint 'gRPC - /UnityILPP.PostProcessing/PostProcessAssembly'
info: Unity.ILPP.Runner.PostProcessingPipeline[0]
      running zzzUnity.Burst.CodeGen.BurstILPostProcessor
info: Microsoft.AspNetCore.Hosting.Diagnostics[2]
      Request finished HTTP/2 POST http://ilpp/UnityILPP.PostProcessing/PostProcessAssembly - 200 - application/grpc 9.3958ms
info: Microsoft.AspNetCore.Hosting.Diagnostics[1]
      Request starting HTTP/2 POST http://ilpp/UnityILPP.PostProcessing/PostProcessAssembly - application/grpc -
info: Microsoft.AspNetCore.Routing.EndpointMiddleware[0]
      Executing endpoint 'gRPC - /UnityILPP.PostProcessing/PostProcessAssembly'
info: Microsoft.AspNetCore.Routing.EndpointMiddleware[1]
      Executed endpoint 'gRPC - /UnityILPP.PostProcessing/PostProcessAssembly'
info: Microsoft.AspNetCore.Hosting.Diagnostics[2]
      Request finished HTTP/2 POST http://ilpp/UnityILPP.PostProcessing/PostProcessAssembly - 200 - application/grpc 8.0143ms
info: Unity.ILPP.Runner.PostProcessingPipeline[0]
      Processing assembly Library/Bee/artifacts/900b0aE.dag/IngameDebugConsole.Editor.dll, with 149 defines and 329 references
info: Unity.ILPP.Runner.PostProcessingPipeline[0]
      processors: Unity.Jobs.CodeGen.JobsILPostProcessor, zzzUnity.Burst.CodeGen.BurstILPostProcessor
info: Unity.ILPP.Runner.PostProcessingPipeline[0]
      Processing assembly Library/Bee/artifacts/900b0aE.dag/Unity.Burst.Editor.dll, with 149 defines and 329 references
info: Unity.ILPP.Runner.PostProcessingPipeline[0]
      processors: Unity.Jobs.CodeGen.JobsILPostProcessor, zzzUnity.Burst.CodeGen.BurstILPostProcessor
info: Unity.ILPP.Runner.PostProcessingPipeline[0]
      running Unity.Jobs.CodeGen.JobsILPostProcessor
info: Unity.ILPP.Runner.PostProcessingPipeline[0]
      running zzzUnity.Burst.CodeGen.BurstILPostProcessor
info: Unity.ILPP.Runner.PostProcessingPipeline[0]
      Processing assembly Library/Bee/artifacts/900b0aE.dag/Unity.ShaderGraph.Utilities.dll, with 149 defines and 328 references
info: Unity.ILPP.Runner.PostProcessingPipeline[0]
      processors: Unity.Jobs.CodeGen.JobsILPostProcessor, zzzUnity.Burst.CodeGen.BurstILPostProcessor
info: Unity.ILPP.Runner.PostProcessingPipeline[0]
      running Unity.Jobs.CodeGen.JobsILPostProcessor
info: Unity.ILPP.Runner.PostProcessingPipeline[0]
      running zzzUnity.Burst.CodeGen.BurstILPostProcessor
info: Unity.ILPP.Runner.PostProcessingPipeline[0]
      Processing assembly Library/Bee/artifacts/900b0aE.dag/Unity.InternalAPIEngineBridge.RenderPipelines.Core.Editor.dll, with 149 defines and 328 references
info: Unity.ILPP.Runner.PostProcessingPipeline[0]
      processors: Unity.Jobs.CodeGen.JobsILPostProcessor, zzzUnity.Burst.CodeGen.BurstILPostProcessor
info: Microsoft.AspNetCore.Routing.EndpointMiddleware[1]
      Executed endpoint 'gRPC - /UnityILPP.PostProcessing/PostProcessAssembly'
info: Microsoft.AspNetCore.Hosting.Diagnostics[2]
      Request finished HTTP/2 POST http://ilpp/UnityILPP.PostProcessing/PostProcessAssembly - 200 - application/grpc 9.6983ms
info: Microsoft.AspNetCore.Routing.EndpointMiddleware[1]
      Executed endpoint 'gRPC - /UnityILPP.PostProcessing/PostProcessAssembly'
info: Microsoft.AspNetCore.Hosting.Diagnostics[2]
      Request finished HTTP/2 POST http://ilpp/UnityILPP.PostProcessing/PostProcessAssembly - 200 - application/grpc 4.3419ms
info: Unity.ILPP.Runner.PostProcessingPipeline[0]
      running Unity.Jobs.CodeGen.JobsILPostProcessor
info: Unity.ILPP.Runner.PostProcessingPipeline[0]
      running zzzUnity.Burst.CodeGen.BurstILPostProcessor
info: Unity.ILPP.Runner.PostProcessingPipeline[0]
      running Unity.Jobs.CodeGen.JobsILPostProcessor
info: Unity.ILPP.Runner.PostProcessingPipeline[0]
      running zzzUnity.Burst.CodeGen.BurstILPostProcessor
info: Microsoft.AspNetCore.Routing.EndpointMiddleware[1]
      Executed endpoint 'gRPC - /UnityILPP.PostProcessing/PostProcessAssembly'
info: Microsoft.AspNetCore.Hosting.Diagnostics[2]
      Request finished HTTP/2 POST http://ilpp/UnityILPP.PostProcessing/PostProcessAssembly - 200 - application/grpc 6.9079ms
info: Microsoft.AspNetCore.Routing.EndpointMiddleware[1]
      Executed endpoint 'gRPC - /UnityILPP.PostProcessing/PostProcessAssembly'
info: Microsoft.AspNetCore.Hosting.Diagnostics[2]
      Request finished HTTP/2 POST http://ilpp/UnityILPP.PostProcessing/PostProcessAssembly - 200 - application/grpc 28.7101ms
info: Microsoft.AspNetCore.Hosting.Diagnostics[1]
      Request starting HTTP/2 POST http://ilpp/UnityILPP.PostProcessing/PostProcessAssembly - application/grpc -
info: Microsoft.AspNetCore.Routing.EndpointMiddleware[0]
      Executing endpoint 'gRPC - /UnityILPP.PostProcessing/PostProcessAssembly'
info: Unity.ILPP.Runner.PostProcessingPipeline[0]
      Processing assembly Library/Bee/artifacts/900b0aE.dag/UnityEditor.UI.Analytics.dll, with 149 defines and 329 references
info: Unity.ILPP.Runner.PostProcessingPipeline[0]
      processors: Unity.Jobs.CodeGen.JobsILPostProcessor, zzzUnity.Burst.CodeGen.BurstILPostProcessor
info: Unity.ILPP.Runner.PostProcessingPipeline[0]
      running Unity.Jobs.CodeGen.JobsILPostProcessor
info: Unity.ILPP.Runner.PostProcessingPipeline[0]
      running zzzUnity.Burst.CodeGen.BurstILPostProcessor
info: Microsoft.AspNetCore.Routing.EndpointMiddleware[1]
      Executed endpoint 'gRPC - /UnityILPP.PostProcessing/PostProcessAssembly'
info: Microsoft.AspNetCore.Hosting.Diagnostics[2]
      Request finished HTTP/2 POST http://ilpp/UnityILPP.PostProcessing/PostProcessAssembly - 200 - application/grpc 7.6311ms
info: Microsoft.AspNetCore.Hosting.Diagnostics[1]
      Request starting HTTP/2 POST http://ilpp/UnityILPP.PostProcessing/PostProcessAssembly - application/grpc -
info: Microsoft.AspNetCore.Hosting.Diagnostics[1]
      Request starting HTTP/2 POST http://ilpp/UnityILPP.PostProcessing/PostProcessAssembly - application/grpc -
info: Microsoft.AspNetCore.Routing.EndpointMiddleware[0]
      Executing endpoint 'gRPC - /UnityILPP.PostProcessing/PostProcessAssembly'
info: Microsoft.AspNetCore.Routing.EndpointMiddleware[0]
      Executing endpoint 'gRPC - /UnityILPP.PostProcessing/PostProcessAssembly'
info: Unity.ILPP.Runner.PostProcessingPipeline[0]
      Processing assembly Library/Bee/artifacts/900b0aE.dag/Unity.Addressables.DocExampleCode.Editor.Tests.dll, with 151 defines and 303 references
info: Unity.ILPP.Runner.PostProcessingPipeline[0]
      processors: Unity.Jobs.CodeGen.JobsILPostProcessor, zzzUnity.Burst.CodeGen.BurstILPostProcessor
info: Microsoft.AspNetCore.Hosting.Diagnostics[1]
      Request starting HTTP/2 POST http://ilpp/UnityILPP.PostProcessing/PostProcessAssembly - application/grpc -
info: Microsoft.AspNetCore.Routing.EndpointMiddleware[0]
      Executing endpoint 'gRPC - /UnityILPP.PostProcessing/PostProcessAssembly'
info: Unity.ILPP.Runner.PostProcessingPipeline[0]
      running Unity.Jobs.CodeGen.JobsILPostProcessor
info: Unity.ILPP.Runner.PostProcessingPipeline[0]
      running zzzUnity.Burst.CodeGen.BurstILPostProcessor
info: Microsoft.AspNetCore.Hosting.Diagnostics[1]
      Request starting HTTP/2 POST http://ilpp/UnityILPP.PostProcessing/PostProcessAssembly - application/grpc -
info: Microsoft.AspNetCore.Routing.EndpointMiddleware[0]
      Executing endpoint 'gRPC - /UnityILPP.PostProcessing/PostProcessAssembly'
info: Unity.ILPP.Runner.PostProcessingPipeline[0]
      Processing assembly Library/Bee/artifacts/900b0aE.dag/Unity.RenderPipelines.Core.Editor.dll, with 152 defines and 337 references
info: Unity.ILPP.Runner.PostProcessingPipeline[0]
      processors: Unity.Jobs.CodeGen.JobsILPostProcessor, zzzUnity.Burst.CodeGen.BurstILPostProcessor
info: Microsoft.AspNetCore.Routing.EndpointMiddleware[1]
      Executed endpoint 'gRPC - /UnityILPP.PostProcessing/PostProcessAssembly'
info: Microsoft.AspNetCore.Hosting.Diagnostics[2]
      Request finished HTTP/2 POST http://ilpp/UnityILPP.PostProcessing/PostProcessAssembly - 200 - application/grpc 2.9100ms
info: Unity.ILPP.Runner.PostProcessingPipeline[0]
      running Unity.Jobs.CodeGen.JobsILPostProcessor
info: Unity.ILPP.Runner.PostProcessingPipeline[0]
      Processing assembly Library/Bee/artifacts/900b0aE.dag/IAPResolver.dll, with 149 defines and 328 references
info: Unity.ILPP.Runner.PostProcessingPipeline[0]
      processors: Unity.Jobs.CodeGen.JobsILPostProcessor, zzzUnity.Burst.CodeGen.BurstILPostProcessor
info: Unity.ILPP.Runner.PostProcessingPipeline[0]
      running Unity.Jobs.CodeGen.JobsILPostProcessor
info: Unity.ILPP.Runner.PostProcessingPipeline[0]
      running zzzUnity.Burst.CodeGen.BurstILPostProcessor
info: Unity.ILPP.Runner.PostProcessingPipeline[0]
      Processing assembly Library/Bee/artifacts/900b0aE.dag/HeurekaGames.Utils.dll, with 149 defines and 328 references
info: Unity.ILPP.Runner.PostProcessingPipeline[0]
      processors: Unity.Jobs.CodeGen.JobsILPostProcessor, zzzUnity.Burst.CodeGen.BurstILPostProcessor
info: Unity.ILPP.Runner.PostProcessingPipeline[0]
      running Unity.Jobs.CodeGen.JobsILPostProcessor
info: Unity.ILPP.Runner.PostProcessingPipeline[0]
      running zzzUnity.Burst.CodeGen.BurstILPostProcessor
info: Microsoft.AspNetCore.Routing.EndpointMiddleware[1]
      Executed endpoint 'gRPC - /UnityILPP.PostProcessing/PostProcessAssembly'
info: Microsoft.AspNetCore.Hosting.Diagnostics[2]
      Request finished HTTP/2 POST http://ilpp/UnityILPP.PostProcessing/PostProcessAssembly - 200 - application/grpc 6.1672ms
info: Microsoft.AspNetCore.Routing.EndpointMiddleware[1]
      Executed endpoint 'gRPC - /UnityILPP.PostProcessing/PostProcessAssembly'
info: Microsoft.AspNetCore.Hosting.Diagnostics[2]
      Request finished HTTP/2 POST http://ilpp/UnityILPP.PostProcessing/PostProcessAssembly - 200 - application/grpc 6.1458ms
info: Unity.ILPP.Runner.PostProcessingPipeline[0]
      running zzzUnity.Burst.CodeGen.BurstILPostProcessor
info: Microsoft.AspNetCore.Routing.EndpointMiddleware[1]
      Executed endpoint 'gRPC - /UnityILPP.PostProcessing/PostProcessAssembly'
info: Microsoft.AspNetCore.Hosting.Diagnostics[2]
      Request finished HTTP/2 POST http://ilpp/UnityILPP.PostProcessing/PostProcessAssembly - 200 - application/grpc 77.2615ms
ExitCode: 3 Duration: 4s4ms
Finished compiling graph: 1513 nodes, 35902 flattened edges (29186 ToBuild, 278 ToUse), maximum node priority 1745
[  58/1510  0s] WriteText Library/Bee/artifacts/900b0aE.dag/UnityEngine.TestRunner.UnityAdditionalFile.txt
[  61/1510  0s] WriteText Library/Bee/artifacts/900b0aE.dag/UnityEngine.UI.rsp2
[  66/1510  0s] WriteText Library/Bee/artifacts/900b0aE.dag/UnityEngine.UI.UnityAdditionalFile.txt
[  68/1510  0s] WriteText Library/Bee/artifacts/900b0aE.dag/UnityEngine.TestRunner.rsp2
[ 176/1510  0s] WriteText Library/Bee/artifacts/900b0aE.dag/UnityEditor.TestRunner.rsp2
[ 181/1510  0s] WriteText Library/Bee/artifacts/900b0aE.dag/UnityEditor.TestRunner.UnityAdditionalFile.txt
[ 183/1510  0s] WriteText Library/Bee/artifacts/900b0aE.dag/UnityEditor.UI.rsp2
[ 185/1510  0s] WriteText Library/Bee/artifacts/900b0aE.dag/Unity.Burst.UnityAdditionalFile.txt
[ 187/1510  0s] WriteText Library/Bee/artifacts/900b0aE.dag/Unity.Mathematics.rsp2
[ 188/1510  0s] WriteText Library/Bee/artifacts/900b0aE.dag/Unity.Burst.rsp2
[ 189/1510  0s] WriteText Library/Bee/artifacts/900b0aE.dag/Unity.Mathematics.UnityAdditionalFile.txt
[ 190/1510  0s] WriteText Library/Bee/artifacts/900b0aE.dag/Unity.Collections.UnityAdditionalFile.txt
[ 191/1510  0s] WriteText Library/Bee/artifacts/900b0aE.dag/Unity.Collections.rsp2
[ 192/1510  0s] WriteText Library/Bee/artifacts/900b0aE.dag/UnityEditor.UI.UnityAdditionalFile.txt
[ 193/1510  0s] WriteText Library/Bee/artifacts/900b0aE.dag/Unity.Services.Core.UnityAdditionalFile.txt
[ 194/1510  0s] WriteText Library/Bee/artifacts/900b0aE.dag/Unity.Burst.CodeGen.rsp2
[ 197/1510  0s] WriteText Library/Bee/artifacts/900b0aE.dag/Unity.Burst.CodeGen.UnityAdditionalFile.txt
[ 198/1510  0s] WriteText Library/Bee/artifacts/900b0aE.dag/Unity.Services.Core.rsp2
[ 200/1510  0s] WriteText Library/Bee/artifacts/900b0aE.dag/Unity.Services.Core.Internal.rsp2
[ 203/1510  0s] WriteText Library/Bee/artifacts/900b0aE.dag/Unity.Collections.CodeGen.rsp2
[ 205/1510  0s] WriteText Library/Bee/artifacts/900b0aE.dag/Unity.Collections.CodeGen.UnityAdditionalFile.txt
[ 213/1510  0s] WriteText Library/Bee/artifacts/900b0aE.dag/Unity.Services.Core.Internal.UnityAdditionalFile.txt
[ 216/1510  0s] WriteText Library/Bee/artifacts/900b0aE.dag/Unity.InputSystem.UnityAdditionalFile.txt
[ 217/1510  0s] WriteText Library/Bee/artifacts/900b0aE.dag/Unity.InputSystem.rsp2
[ 218/1510  0s] WriteText Library/Bee/artifacts/900b0aE.dag/Unity.RenderPipelines.Core.Runtime.rsp2
[ 220/1510  0s] WriteText Library/Bee/artifacts/900b0aE.dag/Unity.Purchasing.Utilities.UnityAdditionalFile.txt
[ 222/1510  0s] WriteText Library/Bee/artifacts/900b0aE.dag/Unity.Services.Core.Environments.UnityAdditionalFile.txt
[ 223/1510  0s] WriteText Library/Bee/artifacts/900b0aE.dag/Unity.UnifiedRayTracing.Runtime.rsp2
[ 225/1510  0s] WriteText Library/Bee/artifacts/900b0aE.dag/Unity.Purchasing.Utilities.rsp2
[ 226/1510  0s] WriteText Library/Bee/artifacts/900b0aE.dag/Unity.RenderPipelines.Core.Runtime.UnityAdditionalFile.txt
[ 228/1510  0s] WriteText Library/Bee/artifacts/900b0aE.dag/Unity.UnifiedRayTracing.Runtime.UnityAdditionalFile.txt
[ 234/1510  0s] WriteText Library/Bee/artifacts/900b0aE.dag/Unity.Services.Core.Environments.rsp2
[ 236/1510  0s] WriteText Library/Bee/artifacts/900b0aE.dag/Unity.Purchasing.SecurityCore.UnityAdditionalFile.txt
[ 237/1510  0s] WriteText Library/Bee/artifacts/900b0aE.dag/Unity.Purchasing.SecurityCore.rsp2
[ 240/1510  0s] WriteText Library/Bee/artifacts/900b0aE.dag/Unity.Profiling.Core.UnityAdditionalFile.txt
[ 241/1510  0s] WriteText Library/Bee/artifacts/900b0aE.dag/Unity.Purchasing.SecurityStub.UnityAdditionalFile.txt
[ 242/1510  0s] WriteText Library/Bee/artifacts/900b0aE.dag/Unity.Profiling.Core.rsp2
[ 243/1510  0s] WriteText Library/Bee/artifacts/900b0aE.dag/Unity.PathTracing.Runtime.UnityAdditionalFile.txt
[ 244/1510  0s] WriteText Library/Bee/artifacts/900b0aE.dag/Unity.PathTracing.Runtime.rsp2
[ 245/1510  0s] WriteText Library/Bee/artifacts/900b0aE.dag/Unity.Purchasing.SecurityStub.rsp2
[ 246/1510  0s] WriteText Library/Bee/artifacts/900b0aE.dag/Unity.Purchasing.WebshopService.rsp2
[ 247/1510  0s] WriteText Library/Bee/artifacts/900b0aE.dag/Unity.Purchasing.LiveContentAdapterService.UnityAdditionalFile.txt
[ 248/1510  0s] WriteText Library/Bee/artifacts/900b0aE.dag/Unity.Purchasing.WebshopService.UnityAdditionalFile.txt
[ 250/1510  0s] WriteText Library/Bee/artifacts/900b0aE.dag/Unity.Purchasing.PaymentProviderService.UnityAdditionalFile.txt
[ 251/1510  0s] WriteText Library/Bee/artifacts/900b0aE.dag/Unity.ResourceManager.UnityAdditionalFile.txt
[ 252/1510  0s] WriteText Library/Bee/artifacts/900b0aE.dag/Unity.ResourceManager.rsp2
[ 253/1510  0s] WriteText Library/Bee/artifacts/900b0aE.dag/Unity.Purchasing.LiveContentAdapterService.rsp2
[ 257/1510  0s] WriteText Library/Bee/artifacts/900b0aE.dag/Unity.Purchasing.PaymentProviderService.rsp2
[ 259/1510  0s] WriteText Library/Bee/artifacts/900b0aE.dag/Unity.InternalAPIEngineBridge.RenderPipelines.Core.Runtime.Shared.rsp2
[ 261/1510  0s] WriteText Library/Bee/artifacts/900b0aE.dag/Unity.InternalAPIEngineBridge.RenderPipelines.Core.Runtime.Shared.UnityAdditionalFile.txt
[ 270/1510  0s] WriteText Library/Bee/artifacts/900b0aE.dag/Unity.Purchasing.UnityAdditionalFile.txt
[ 271/1510  0s] WriteText Library/Bee/artifacts/900b0aE.dag/Unity.RenderPipelines.GPUDriven.Runtime.UnityAdditionalFile.txt
[ 272/1510  0s] WriteText Library/Bee/artifacts/900b0aE.dag/Unity.Purchasing.rsp2
[ 273/1510  0s] WriteText Library/Bee/artifacts/900b0aE.dag/Unity.ScriptableBuildPipeline.rsp2
[ 274/1510  0s] WriteText Library/Bee/artifacts/900b0aE.dag/Unity.RenderPipelines.GPUDriven.Runtime.rsp2
[ 275/1510  0s] WriteText Library/Bee/artifacts/900b0aE.dag/Unity.InternalAPIEngineBridge.RenderPipelines.Core.Editor.UnityAdditionalFile.txt
[ 276/1510  0s] WriteText Library/Bee/artifacts/900b0aE.dag/Unity.InternalAPIEngineBridge.RenderPipelines.Core.Editor.rsp2
[ 277/1510  0s] WriteText Library/Bee/artifacts/900b0aE.dag/Unity.InternalAPIEngineBridge.004.UnityAdditionalFile.txt
[ 278/1510  0s] WriteText Library/Bee/artifacts/900b0aE.dag/Unity.InternalAPIEngineBridge.004.rsp2
[ 279/1510  0s] WriteText Library/Bee/artifacts/900b0aE.dag/Unity.ScriptableBuildPipeline.UnityAdditionalFile.txt
[ 280/1510  0s] WriteText Library/Bee/artifacts/900b0aE.dag/Unity.RenderPipelines.Core.Runtime.Shared.UnityAdditionalFile.txt
[ 282/1510  0s] WriteText Library/Bee/artifacts/900b0aE.dag/Unity.RenderPipelines.Core.Runtime.Shared.rsp2
[ 283/1510  0s] WriteText Library/Bee/artifacts/900b0aE.dag/Unity.RenderPipeline.Universal.ShaderLibrary.rsp2
[ 284/1510  0s] WriteText Library/Bee/artifacts/900b0aE.dag/Unity.RenderPipeline.Universal.ShaderLibrary.UnityAdditionalFile.txt
[ 285/1510  0s] WriteText Library/Bee/artifacts/900b0aE.dag/Unity.PathTracing.Editor.rsp2
[ 286/1510  0s] WriteText Library/Bee/artifacts/900b0aE.dag/Unity.SurfaceCache.Runtime.UnityAdditionalFile.txt
[ 287/1510  0s] WriteText Library/Bee/artifacts/900b0aE.dag/Unity.SurfaceCache.Runtime.rsp2
[ 291/1510  0s] WriteText Library/Bee/artifacts/900b0aE.dag/Unity.PathTracing.Editor.UnityAdditionalFile.txt
[ 292/1510  0s] WriteText Library/Bee/artifacts/900b0aE.dag/Unity.RenderPipelines.Universal.Config.Runtime.UnityAdditionalFile.txt
[ 293/1510  0s] WriteText Library/Bee/artifacts/900b0aE.dag/Unity.AdaptivePerformance.rsp2
[ 295/1510  0s] WriteText Library/Bee/artifacts/900b0aE.dag/Unity.AdaptivePerformance.UnityAdditionalFile.txt
[ 298/1510  0s] WriteText Library/Bee/artifacts/900b0aE.dag/Unity.Addressables.UnityAdditionalFile.txt
[ 303/1510  0s] WriteText Library/Bee/artifacts/900b0aE.dag/Unity.RenderPipelines.Universal.Config.Runtime.rsp2
[ 304/1510  0s] WriteText Library/Bee/artifacts/900b0aE.dag/Unity.Addressables.rsp2
[ 313/1510  0s] WriteText Library/Bee/artifacts/900b0aE.dag/Unity.Purchasing.Stores.XboxCloudServices.rsp2
[ 314/1510  0s] WriteText Library/Bee/artifacts/900b0aE.dag/Unity.Purchasing.Stores.XboxCloudServices.UnityAdditionalFile.txt
[ 318/1510  0s] WriteText Library/Bee/artifacts/900b0aE.dag/Unity.Services.Core.Configuration.UnityAdditionalFile.txt
[ 319/1510  0s] WriteText Library/Bee/artifacts/900b0aE.dag/Unity.Services.Core.Configuration.rsp2
[ 320/1510  0s] WriteText Library/Bee/artifacts/900b0aE.dag/Unity.Services.Core.Telemetry.UnityAdditionalFile.txt
[ 321/1510  0s] WriteText Library/Bee/artifacts/900b0aE.dag/Unity.Services.Core.Scheduler.UnityAdditionalFile.txt
[ 323/1510  0s] WriteText Library/Bee/artifacts/900b0aE.dag/Unity.Services.Core.Scheduler.rsp2
[ 324/1510  0s] WriteText Library/Bee/artifacts/900b0aE.dag/Unity.ScriptableBuildPipeline.Editor.rsp2
[ 325/1510  0s] WriteText Library/Bee/artifacts/900b0aE.dag/Unity.TextMeshPro.rsp2
[ 326/1510  0s] WriteText Library/Bee/artifacts/900b0aE.dag/Unity.Services.Core.Telemetry.rsp2
[ 327/1510  0s] WriteText Library/Bee/artifacts/900b0aE.dag/Unity.TextMeshPro.UnityAdditionalFile.txt
[ 328/1510  0s] WriteText Library/Bee/artifacts/900b0aE.dag/Unity.ScriptableBuildPipeline.Editor.UnityAdditionalFile.txt
[ 329/1510  0s] WriteText Library/Bee/artifacts/900b0aE.dag/Unity.Services.Core.Environments.Internal.UnityAdditionalFile.txt
[ 330/1510  0s] WriteText Library/Bee/artifacts/900b0aE.dag/Unity.Services.Core.Threading.UnityAdditionalFile.txt
[ 331/1510  0s] WriteText Library/Bee/artifacts/900b0aE.dag/Unity.Services.Core.Environments.Internal.rsp2
[ 332/1510  0s] WriteText Library/Bee/artifacts/900b0aE.dag/Unity.RenderPipelines.Universal.Runtime.UnityAdditionalFile.txt
[ 333/1510  0s] WriteText Library/Bee/artifacts/900b0aE.dag/Unity.Services.Core.Device.rsp2
[ 334/1510  0s] WriteText Library/Bee/artifacts/900b0aE.dag/Unity.RenderPipelines.Universal.Runtime.rsp2
[ 335/1510  0s] WriteText Library/Bee/artifacts/900b0aE.dag/Unity.Services.Core.Threading.rsp2
[ 337/1510  0s] WriteText Library/Bee/artifacts/900b0aE.dag/Unity.RenderPipelines.Core.Editor.UnityAdditionalFile.txt
[ 339/1510  0s] WriteText Library/Bee/artifacts/900b0aE.dag/Unity.Services.Core.Device.UnityAdditionalFile.txt
[ 344/1510  0s] WriteText Library/Bee/artifacts/900b0aE.dag/Unity.RenderPipelines.Core.Editor.rsp2
[ 345/1510  0s] WriteText Library/Bee/artifacts/900b0aE.dag/Unity.Purchasing.AppleStub.rsp2
[ 347/1510  0s] WriteText Library/Bee/artifacts/900b0aE.dag/Unity.Purchasing.AppleMacosStub.UnityAdditionalFile.txt
[ 348/1510  0s] WriteText Library/Bee/artifacts/900b0aE.dag/Unity.Services.Core.Components.UnityAdditionalFile.txt
[ 349/1510  0s] WriteText Library/Bee/artifacts/900b0aE.dag/Unity.Purchasing.AppleStub.UnityAdditionalFile.txt
[ 350/1510  0s] WriteText Library/Bee/artifacts/900b0aE.dag/Unity.Services.Core.Components.rsp2
[ 353/1510  0s] WriteText Library/Bee/artifacts/900b0aE.dag/Unity.Purchasing.AppleMacosStub.rsp2
[ 361/1510  0s] WriteText Library/Bee/artifacts/900b0aE.dag/Unity.Timeline.rsp2
[ 362/1510  0s] WriteText Library/Bee/artifacts/900b0aE.dag/Unity.Timeline.UnityAdditionalFile.txt
[ 367/1510  0s] WriteText Library/Bee/artifacts/900b0aE.dag/Unity.Purchasing.Stores.UnityAdditionalFile.txt
[ 370/1510  0s] WriteText Library/Bee/artifacts/900b0aE.dag/Unity.Searcher.Editor.rsp2
[ 371/1510  0s] WriteText Library/Bee/artifacts/900b0aE.dag/Unity.InternalAPIEditorBridge.ShaderGraph.Editor.rsp2
[ 372/1510  0s] WriteText Library/Bee/artifacts/900b0aE.dag/Unity.Searcher.Editor.UnityAdditionalFile.txt
[ 376/1510  0s] WriteText Library/Bee/artifacts/900b0aE.dag/Unity.InternalAPIEditorBridge.ShaderGraph.Editor.UnityAdditionalFile.txt
[ 377/1510  0s] WriteText Library/Bee/artifacts/900b0aE.dag/Unity.Purchasing.Stores.rsp2
[ 378/1510  0s] WriteText Library/Bee/artifacts/900b0aE.dag/UniTask.UnityAdditionalFile.txt
[ 379/1510  0s] WriteText Library/Bee/artifacts/900b0aE.dag/UniTask.rsp2
[ 380/1510  0s] WriteText Library/Bee/artifacts/900b0aE.dag/Unity.Services.Core.Configuration.Editor.rsp2
[ 381/1510  0s] WriteText Library/Bee/artifacts/900b0aE.dag/Unity.Services.Core.Configuration.Editor.UnityAdditionalFile.txt
[ 384/1510  0s] WriteText Library/Bee/artifacts/900b0aE.dag/Unity.Services.Core.Networking.UnityAdditionalFile.txt
[ 394/1510  0s] WriteText Library/Bee/artifacts/900b0aE.dag/Unity.Services.Core.Registration.rsp2
[ 396/1510  0s] WriteText Library/Bee/artifacts/900b0aE.dag/Unity.Services.Core.Networking.rsp2
[ 399/1510  0s] WriteText Library/Bee/artifacts/900b0aE.dag/Unity.Services.Core.Registration.UnityAdditionalFile.txt
[ 400/1510  0s] WriteText Library/Bee/artifacts/900b0aE.dag/Unity.ShaderGraph.Utilities.rsp2
[ 401/1510  0s] WriteText Library/Bee/artifacts/900b0aE.dag/Unity.ShaderGraph.Utilities.UnityAdditionalFile.txt
[ 403/1510  0s] WriteText Library/Bee/artifacts/900b0aE.dag/Unity.Addressables.Editor.rsp2
[ 407/1510  0s] WriteText Library/Bee/artifacts/900b0aE.dag/Unity.Addressables.Editor.UnityAdditionalFile.txt
[ 412/1510  0s] WriteText Library/Bee/artifacts/900b0aE.dag/Unity.RenderPipelines.Core.Editor.Shared.rsp2
[ 414/1510  0s] WriteText Library/Bee/artifacts/900b0aE.dag/Unity.InternalAPIEngineBridge.013.rsp2
[ 415/1510  0s] WriteText Library/Bee/artifacts/900b0aE.dag/Unity.InternalAPIEngineBridge.013.UnityAdditionalFile.txt
[ 416/1510  0s] WriteText Library/Bee/artifacts/900b0aE.dag/Unity.Burst.Editor.rsp2
[ 417/1510  0s] WriteText Library/Bee/artifacts/900b0aE.dag/Unity.Services.Core.Editor.UnityAdditionalFile.txt
[ 418/1510  0s] WriteText Library/Bee/artifacts/900b0aE.dag/Unity.Services.Core.Editor.rsp2
[ 420/1510  0s] WriteText Library/Bee/artifacts/900b0aE.dag/Unity.Burst.Editor.UnityAdditionalFile.txt
[ 421/1510  0s] WriteText Library/Bee/artifacts/900b0aE.dag/Unity.RenderPipelines.Core.Editor.Shared.UnityAdditionalFile.txt
[ 422/1510  0s] WriteText Library/Bee/artifacts/900b0aE.dag/Unity.RenderPipelines.Universal.2D.Runtime.UnityAdditionalFile.txt
[ 423/1510  0s] WriteText Library/Bee/artifacts/900b0aE.dag/Unity.ShaderGraph.Editor.rsp2
[ 424/1510  0s] WriteText Library/Bee/artifacts/900b0aE.dag/Unity.RenderPipelines.Universal.2D.Runtime.rsp2
[ 425/1510  0s] WriteText Library/Bee/artifacts/900b0aE.dag/Unity.Recorder.UnityAdditionalFile.txt
[ 426/1510  0s] WriteText Library/Bee/artifacts/900b0aE.dag/Unity.Recorder.Base.rsp2
[ 427/1510  0s] WriteText Library/Bee/artifacts/900b0aE.dag/Unity.ShaderGraph.Editor.UnityAdditionalFile.txt
[ 428/1510  0s] WriteText Library/Bee/artifacts/900b0aE.dag/Unity.Recorder.Base.UnityAdditionalFile.txt
[ 429/1510  0s] WriteText Library/Bee/artifacts/900b0aE.dag/Unity.Recorder.rsp2
[ 430/1510  0s] WriteText Library/Bee/artifacts/900b0aE.dag/Unity.Purchasing.Codeless.UnityAdditionalFile.txt
[ 431/1510  0s] WriteText Library/Bee/artifacts/900b0aE.dag/Unity.Bindings.OpenImageIO.Editor.UnityAdditionalFile.txt
[ 432/1510  0s] WriteText Library/Bee/artifacts/900b0aE.dag/Unity.InputSystem.ForUI.UnityAdditionalFile.txt
[ 433/1510  0s] WriteText Library/Bee/artifacts/900b0aE.dag/Unity.Multiplayer.Center.Common.rsp2
[ 434/1510  0s] WriteText Library/Bee/artifacts/900b0aE.dag/Unity.Multiplayer.Center.Common.UnityAdditionalFile.txt
[ 436/1510  0s] WriteText Library/Bee/artifacts/900b0aE.dag/Unity.Purchasing.Codeless.rsp2
[ 437/1510  0s] WriteText Library/Bee/artifacts/900b0aE.dag/Unity.InputSystem.ForUI.rsp2
[ 441/1510  0s] WriteText Library/Bee/artifacts/900b0aE.dag/PlayFab.UnityAdditionalFile.txt
[ 443/1510  0s] WriteText Library/Bee/artifacts/900b0aE.dag/Unity.Timeline.Editor.UnityAdditionalFile.txt
[ 444/1510  0s] WriteText Library/Bee/artifacts/900b0aE.dag/Unity.Localization.rsp2
[ 446/1510  0s] WriteText Library/Bee/artifacts/900b0aE.dag/Unity.Bindings.OpenImageIO.Editor.rsp2
[ 449/1510  0s] WriteText Library/Bee/artifacts/900b0aE.dag/UniRx.rsp2
[ 451/1510  0s] WriteText Library/Bee/artifacts/900b0aE.dag/Unity.Localization.UnityAdditionalFile.txt
[ 454/1510  0s] WriteText Library/Bee/artifacts/900b0aE.dag/Unity.Timeline.Editor.rsp2
[ 462/1510  0s] WriteText Library/Bee/artifacts/900b0aE.dag/UniRx.UnityAdditionalFile.txt
[ 466/1510  0s] WriteText Library/Bee/artifacts/900b0aE.dag/UniTask.Addressables.rsp2
[ 474/1510  0s] WriteText Library/Bee/artifacts/900b0aE.dag/UniTask.Addressables.UnityAdditionalFile.txt
[ 487/1510  0s] WriteText Library/Bee/artifacts/900b0aE.dag/Unity.PlasticSCM.Editor.rsp2
[ 488/1510  0s] WriteText Library/Bee/artifacts/900b0aE.dag/YamlDotNet.UnityAdditionalFile.txt
[ 489/1510  0s] WriteText Library/Bee/artifacts/900b0aE.dag/Unity.InternalAPIEditorBridge.013.UnityAdditionalFile.txt
[ 490/1510  0s] WriteText Library/Bee/artifacts/900b0aE.dag/Unity.Services.Core.Environments.Editor.rsp2
[ 491/1510  0s] WriteText Library/Bee/artifacts/900b0aE.dag/Unity.PlasticSCM.Editor.UnityAdditionalFile.txt
[ 493/1510  0s] WriteText Library/Bee/artifacts/900b0aE.dag/Unity.Services.Core.Environments.Editor.UnityAdditionalFile.txt
[ 494/1510  0s] WriteText Library/Bee/artifacts/900b0aE.dag/Unity.InternalAPIEditorBridge.013.rsp2
[ 498/1510  0s] WriteText Library/Bee/artifacts/900b0aE.dag/OmniShade.UnityAdditionalFile.txt
[ 499/1510  0s] WriteText Library/Bee/artifacts/900b0aE.dag/IngameDebugConsole.Runtime.UnityAdditionalFile.txt
[ 500/1510  0s] WriteText Library/Bee/artifacts/900b0aE.dag/MagicaClothV2.UnityAdditionalFile.txt
[ 501/1510  0s] WriteText Library/Bee/artifacts/900b0aE.dag/AdvancedPeopleSystem2.UnityAdditionalFile.txt
[ 502/1510  0s] WriteText Library/Bee/artifacts/900b0aE.dag/NoSuchLocalizationCore.UnityAdditionalFile.txt
[ 503/1510  0s] WriteText Library/Bee/artifacts/900b0aE.dag/MCombat.Shared.rsp2
[ 504/1510  0s] WriteText Library/Bee/artifacts/900b0aE.dag/AppleAuth.UnityAdditionalFile.txt
[ 505/1510  0s] WriteText Library/Bee/artifacts/900b0aE.dag/IngameDebugConsole.Runtime.rsp2
[ 506/1510  0s] WriteText Library/Bee/artifacts/900b0aE.dag/AppleAuth.rsp2
[ 507/1510  0s] WriteText Library/Bee/artifacts/900b0aE.dag/MCombat.Shared.UnityAdditionalFile.txt
[ 508/1510  0s] WriteText Library/Bee/artifacts/900b0aE.dag/Unity.Rider.Editor.rsp2
[ 509/1510  0s] WriteText Library/Bee/artifacts/900b0aE.dag/Unity.Mobile.AndroidLogcat.Editor.rsp2
[ 510/1510  0s] WriteText Library/Bee/artifacts/900b0aE.dag/Unity.Rider.Editor.UnityAdditionalFile.txt
[ 511/1510  0s] WriteText Library/Bee/artifacts/900b0aE.dag/Unity.Mobile.AndroidLogcat.Editor.UnityAdditionalFile.txt
[ 512/1510  0s] WriteText Library/Bee/artifacts/900b0aE.dag/Unity.Multiplayer.Center.Editor.UnityAdditionalFile.txt
[ 513/1510  0s] WriteText Library/Bee/artifacts/900b0aE.dag/Unity.Localization.Editor.rsp2
[ 514/1510  0s] WriteText Library/Bee/artifacts/900b0aE.dag/Unity.Localization.Editor.UnityAdditionalFile.txt
[ 515/1510  0s] WriteText Library/Bee/artifacts/900b0aE.dag/Unity.RenderPipelines.Universal.Shaders.UnityAdditionalFile.txt
[ 516/1510  0s] WriteText Library/Bee/artifacts/900b0aE.dag/Unity.InputSystem.ForUI.Editor.rsp2
[ 517/1510  0s] WriteText Library/Bee/artifacts/900b0aE.dag/Unity.RenderPipelines.Universal.Editor.rsp2
[ 518/1510  0s] WriteText Library/Bee/artifacts/900b0aE.dag/Unity.RenderPipelines.Universal.2D.Editor.Overrides.rsp2
[ 519/1510  0s] WriteText Library/Bee/artifacts/900b0aE.dag/Unity.Multiplayer.Center.Editor.rsp2
[ 520/1510  0s] WriteText Library/Bee/artifacts/900b0aE.dag/Unity.RenderPipelines.Universal.2D.Editor.Overrides.UnityAdditionalFile.txt
[ 521/1510  0s] WriteText Library/Bee/artifacts/900b0aE.dag/Unity.InputSystem.ForUI.Editor.UnityAdditionalFile.txt
[ 522/1510  0s] WriteText Library/Bee/artifacts/900b0aE.dag/Unity.RenderPipelines.Universal.Editor.UnityAdditionalFile.txt
[ 523/1510  0s] WriteText Library/Bee/artifacts/900b0aE.dag/Unity.Rendering.LightTransport.Editor.UnityAdditionalFile.txt
[ 524/1510  0s] WriteText Library/Bee/artifacts/900b0aE.dag/Unity.RenderPipelines.Universal.Shaders.rsp2
[ 525/1510  0s] WriteText Library/Bee/artifacts/900b0aE.dag/Unity.Collections.Editor.rsp2
[ 526/1510  0s] WriteText Library/Bee/artifacts/900b0aE.dag/Unity.AutoGroupGenerator.Editor.rsp2
[ 527/1510  0s] WriteText Library/Bee/artifacts/900b0aE.dag/Unity.Recorder.Editor.rsp2
[ 528/1510  0s] WriteText Library/Bee/artifacts/900b0aE.dag/Unity.Collections.Editor.UnityAdditionalFile.txt
[ 529/1510  0s] WriteText Library/Bee/artifacts/900b0aE.dag/Unity.RenderPipelines.ShaderGraph.ShaderGraphLibrary.rsp2
[ 530/1510  0s] WriteText Library/Bee/artifacts/900b0aE.dag/Unity.Recorder.Editor.UnityAdditionalFile.txt
[ 531/1510  0s] WriteText Library/Bee/artifacts/900b0aE.dag/Unity.Services.Core.Analytics.UnityAdditionalFile.txt
[ 532/1510  0s] WriteText Library/Bee/artifacts/900b0aE.dag/UnityEditor.UI.Analytics.UnityAdditionalFile.txt
[ 533/1510  0s] WriteText Library/Bee/artifacts/900b0aE.dag/Unity.AutoGroupGenerator.Editor.UnityAdditionalFile.txt
[ 534/1510  0s] WriteText Library/Bee/artifacts/900b0aE.dag/UnityEditor.UI.Analytics.rsp2
[ 535/1510  0s] WriteText Library/Bee/artifacts/900b0aE.dag/Unity.RenderPipelines.Core.ShaderLibrary.rsp2
[ 536/1510  0s] WriteText Library/Bee/artifacts/900b0aE.dag/Unity.Rendering.LightTransport.Editor.rsp2
[ 537/1510  0s] WriteText Library/Bee/artifacts/900b0aE.dag/Unity.RenderPipelines.Core.ShaderLibrary.UnityAdditionalFile.txt
[ 538/1510  0s] WriteText Library/Bee/artifacts/900b0aE.dag/UnityEditor.Purchasing.rsp2
[ 542/1510  0s] WriteText Library/Bee/artifacts/900b0aE.dag/Unity.Services.Core.Analytics.rsp2
[ 547/1510  0s] WriteText Library/Bee/artifacts/900b0aE.dag/Unity.TextMeshPro.Editor.UnityAdditionalFile.txt
[ 548/1510  0s] WriteText Library/Bee/artifacts/900b0aE.dag/Unity.RenderPipelines.ShaderGraph.ShaderGraphLibrary.UnityAdditionalFile.txt
[ 551/1510  0s] WriteText Library/Bee/artifacts/900b0aE.dag/UnityEditor.Purchasing.UnityAdditionalFile.txt
[ 562/1510  0s] WriteText Library/Bee/artifacts/900b0aE.dag/Unity.TextMeshPro.Editor.rsp2
[ 584/1510  0s] WriteText Library/Bee/artifacts/900b0aE.dag/IngameDebugConsole.Editor.UnityAdditionalFile.txt
[ 585/1510  0s] WriteText Library/Bee/artifacts/900b0aE.dag/UniTask.TextMeshPro.UnityAdditionalFile.txt
[ 587/1510  0s] WriteText Library/Bee/artifacts/900b0aE.dag/IngameDebugConsole.Editor.rsp2
[ 588/1510  0s] WriteText Library/Bee/artifacts/900b0aE.dag/UniTask.TextMeshPro.rsp2
[ 592/1510  0s] WriteText Library/Bee/artifacts/900b0aE.dag/Heureka.Upgrade.rsp2
[ 593/1510  0s] WriteText Library/Bee/artifacts/900b0aE.dag/HeurekaGames.Utils.rsp2
[ 598/1510  0s] WriteText Library/Bee/artifacts/900b0aE.dag/MagicaClothV2.Editor.UnityAdditionalFile.txt
[ 599/1510  0s] WriteText Library/Bee/artifacts/900b0aE.dag/HeurekaGames.Utils.UnityAdditionalFile.txt
[ 602/1510  0s] WriteText Library/Bee/artifacts/900b0aE.dag/Heureka.Upgrade.UnityAdditionalFile.txt
[ 606/1510  0s] WriteText Library/Bee/artifacts/900b0aE.dag/Domain_Reload.rsp2
[ 607/1510  0s] WriteText Library/Bee/artifacts/900b0aE.dag/GoogleMobileAds.Editor.UnityAdditionalFile.txt
[ 608/1510  0s] WriteText Library/Bee/artifacts/900b0aE.dag/Domain_Reload.UnityAdditionalFile.txt
[ 614/1510  0s] WriteText Library/Bee/artifacts/900b0aE.dag/MCombat.Shared.Editor.rsp2
[ 615/1510  0s] WriteText Library/Bee/artifacts/900b0aE.dag/PlayFabEditorExtensions.UnityAdditionalFile.txt
[ 618/1510  0s] WriteText Library/Bee/artifacts/900b0aE.dag/UniTask.DOTween.rsp2
[ 619/1510  0s] WriteText Library/Bee/artifacts/900b0aE.dag/PlayFabSDKEditor.UnityAdditionalFile.txt
[ 620/1510  0s] WriteText Library/Bee/artifacts/900b0aE.dag/UniTask.DOTween.UnityAdditionalFile.txt
[ 621/1510  0s] WriteText Library/Bee/artifacts/900b0aE.dag/UniTask.Linq.rsp2
[ 622/1510  0s] WriteText Library/Bee/artifacts/900b0aE.dag/UniTask.Linq.UnityAdditionalFile.txt
[ 623/1510  0s] WriteText Library/Bee/artifacts/900b0aE.dag/MCombat.Shared.Editor.UnityAdditionalFile.txt
[ 627/1510  0s] WriteText Library/Bee/artifacts/900b0aE.dag/AppleAuth.Editor.UnityAdditionalFile.txt
[ 628/1510  0s] WriteText Library/Bee/artifacts/900b0aE.dag/AdvancedPeopleSystem2.Editor.UnityAdditionalFile.txt
[ 631/1510  0s] WriteText Library/Bee/artifacts/900b0aE.dag/OmniShade.Editor.UnityAdditionalFile.txt
[ 635/1510  0s] WriteText Library/Bee/artifacts/900b0aE.dag/AppleAuth.Editor.rsp2
[ 638/1510  0s] WriteText Library/Bee/artifacts/900b0aE.dag/NoSuchLocalizationCore-Editor.UnityAdditionalFile.txt
[ 673/1510  0s] WriteText Library/Bee/artifacts/900b0aE.dag/Assembly-CSharp-firstpass.UnityAdditionalFile.txt
[ 674/1510  0s] WriteText Library/Bee/artifacts/900b0aE.dag/Unity.PerformanceTesting.rsp2
[ 677/1510  0s] WriteText Library/Bee/artifacts/900b0aE.dag/Unity.PerformanceTesting.UnityAdditionalFile.txt
[ 680/1510  0s] WriteText Library/Bee/artifacts/900b0aE.dag/Assembly-CSharp-Editor-firstpass.UnityAdditionalFile.txt
[ 682/1510  0s] WriteText Library/Bee/artifacts/900b0aE.dag/Assembly-CSharp.UnityAdditionalFile.txt
[ 696/1510  0s] WriteText Library/Bee/artifacts/900b0aE.dag/Unity.InputSystem.TestFramework.UnityAdditionalFile.txt
[ 697/1510  0s] WriteText Library/Bee/artifacts/900b0aE.dag/Unity.InputSystem.TestFramework.rsp2
[ 698/1510  0s] WriteText Library/Bee/artifacts/900b0aE.dag/AssetUsageFinder.UnityAdditionalFile.txt
[ 699/1510  0s] WriteText Library/Bee/artifacts/900b0aE.dag/YamlDotNet.Examples.UnityAdditionalFile.txt
[ 700/1510  0s] WriteText Library/Bee/artifacts/900b0aE.dag/Unity.Addressables.DocExampleCode.Editor.Tests.UnityAdditionalFile.txt
[ 702/1510  0s] WriteText Library/Bee/artifacts/900b0aE.dag/Unity.CollabProxy.Editor.UnityAdditionalFile.txt
[ 703/1510  0s] WriteText Library/Bee/artifacts/900b0aE.dag/Unity.Addressables.DocExampleCode.Editor.Tests.rsp2
[ 704/1510  0s] WriteText Library/Bee/artifacts/900b0aE.dag/Unity.CollabProxy.Editor.rsp2
[ 705/1510  0s] WriteText Library/Bee/artifacts/900b0aE.dag/Assembly-CSharp-Editor.UnityAdditionalFile.txt
[ 706/1510  0s] WriteText Library/Bee/artifacts/900b0aE.dag/IAPResolver.UnityAdditionalFile.txt
[ 707/1510  0s] WriteText Library/Bee/artifacts/900b0aE.dag/UniTask.Editor.rsp2
[ 708/1510  0s] WriteText Library/Bee/artifacts/900b0aE.dag/UniTask.Editor.UnityAdditionalFile.txt
[ 709/1510  0s] WriteText Library/Bee/artifacts/900b0aE.dag/Unity.InputSystem.DocCodeSamples.UnityAdditionalFile.txt
[ 710/1510  0s] WriteText Library/Bee/artifacts/900b0aE.dag/Unity.PerformanceTesting.Editor.rsp2
[ 711/1510  0s] WriteText Library/Bee/artifacts/900b0aE.dag/Unity.PerformanceTesting.Editor.UnityAdditionalFile.txt
[ 715/1510  0s] WriteText Library/Bee/artifacts/900b0aE.dag/Unity.Purchasing.Editor.Shared.rsp2
[ 716/1510  0s] WriteText Library/Bee/artifacts/900b0aE.dag/IAPResolver.rsp2
[ 717/1510  0s] WriteText Library/Bee/artifacts/900b0aE.dag/Unity.InputSystem.DocCodeSamples.rsp2
[ 719/1510  0s] WriteText Library/Bee/artifacts/900b0aE.dag/Unity.PlasticSCM.Editor.Entities.UnityAdditionalFile.txt
[ 721/1510  0s] WriteText Library/Bee/artifacts/900b0aE.dag/Unity.PlasticSCM.Editor.Entities.rsp2
[ 722/1510  0s] WriteText Library/Bee/artifacts/900b0aE.dag/Unity.Purchasing.Editor.Shared.UnityAdditionalFile.txt
[ 727/1510  0s] WriteText Library/Bee/artifacts/900b0aE.dag/Assembly-CSharp-Editor.rsp
[1106/1510  0s] ILPP-Configuration Library/ilpp-configuration.nevergeneratedoutput
[1107/1510  0s] ILPostProcess Library/Bee/artifacts/900b0aE.dag/post-processed/Unity.Services.Core.Threading.dll (+pdb)
Processing assembly Library/Bee/artifacts/900b0aE.dag/Unity.Services.Core.Threading.dll, with 151 defines and 318 references
processors: Unity.Jobs.CodeGen.JobsILPostProcessor, zzzUnity.Burst.CodeGen.BurstILPostProcessor
running Unity.Jobs.CodeGen.JobsILPostProcessor
running zzzUnity.Burst.CodeGen.BurstILPostProcessor
[1108/1510  0s] ILPostProcess Library/Bee/artifacts/900b0aE.dag/post-processed/Unity.Timeline.dll (+pdb)
Processing assembly Library/Bee/artifacts/900b0aE.dag/Unity.Timeline.dll, with 152 defines and 316 references
processors: Unity.Jobs.CodeGen.JobsILPostProcessor, zzzUnity.Burst.CodeGen.BurstILPostProcessor
running Unity.Jobs.CodeGen.JobsILPostProcessor
running zzzUnity.Burst.CodeGen.BurstILPostProcessor
[1109/1510  0s] ILPostProcess Library/Bee/artifacts/900b0aE.dag/post-processed/Unity.Addressables.dll (+pdb)
Processing assembly Library/Bee/artifacts/900b0aE.dag/Unity.Addressables.dll, with 151 defines and 317 references
processors: Unity.Jobs.CodeGen.JobsILPostProcessor, zzzUnity.Burst.CodeGen.BurstILPostProcessor
running Unity.Jobs.CodeGen.JobsILPostProcessor
running zzzUnity.Burst.CodeGen.BurstILPostProcessor
[1110/1510  0s] ILPostProcess Library/Bee/artifacts/900b0aE.dag/post-processed/UniTask.dll (+pdb)
Processing assembly Library/Bee/artifacts/900b0aE.dag/UniTask.dll, with 157 defines and 316 references
processors: Unity.Jobs.CodeGen.JobsILPostProcessor, zzzUnity.Burst.CodeGen.BurstILPostProcessor
running Unity.Jobs.CodeGen.JobsILPostProcessor
running zzzUnity.Burst.CodeGen.BurstILPostProcessor
[1111/1510  0s] ILPostProcess Library/Bee/artifacts/900b0aE.dag/post-processed/PlayFab.dll (+pdb)
Processing assembly Library/Bee/artifacts/900b0aE.dag/PlayFab.dll, with 151 defines and 316 references
processors: Unity.Jobs.CodeGen.JobsILPostProcessor, zzzUnity.Burst.CodeGen.BurstILPostProcessor
running Unity.Jobs.CodeGen.JobsILPostProcessor
running zzzUnity.Burst.CodeGen.BurstILPostProcessor
[1112/1510  0s] ILPostProcess Library/Bee/artifacts/900b0aE.dag/post-processed/Unity.Services.Core.Components.dll (+pdb)
Processing assembly Library/Bee/artifacts/900b0aE.dag/Unity.Services.Core.Components.dll, with 151 defines and 319 references
processors: Unity.Jobs.CodeGen.JobsILPostProcessor, zzzUnity.Burst.CodeGen.BurstILPostProcessor
running Unity.Jobs.CodeGen.JobsILPostProcessor
running zzzUnity.Burst.CodeGen.BurstILPostProcessor
[1113/1510  0s] ILPostProcess Library/Bee/artifacts/900b0aE.dag/post-processed/Unity.Localization.dll (+pdb)
Processing assembly Library/Bee/artifacts/900b0aE.dag/Unity.Localization.dll, with 156 defines and 320 references
processors: Unity.Jobs.CodeGen.JobsILPostProcessor, zzzUnity.Burst.CodeGen.BurstILPostProcessor
running Unity.Jobs.CodeGen.JobsILPostProcessor
running zzzUnity.Burst.CodeGen.BurstILPostProcessor
[1114/1510  0s] ILPostProcess Library/Bee/artifacts/900b0aE.dag/post-processed/Assembly-CSharp-firstpass.dll (+pdb)
Processing assembly Library/Bee/artifacts/900b0aE.dag/Assembly-CSharp-firstpass.dll, with 151 defines and 393 references
processors: Unity.Jobs.CodeGen.JobsILPostProcessor, zzzUnity.Burst.CodeGen.BurstILPostProcessor
running Unity.Jobs.CodeGen.JobsILPostProcessor
running zzzUnity.Burst.CodeGen.BurstILPostProcessor
[1115/1510  0s] ILPostProcess Library/Bee/artifacts/900b0aE.dag/post-processed/Unity.Services.Core.Analytics.dll (+pdb)
Processing assembly Library/Bee/artifacts/900b0aE.dag/Unity.Services.Core.Analytics.dll, with 151 defines and 317 references
processors: Unity.Jobs.CodeGen.JobsILPostProcessor, zzzUnity.Burst.CodeGen.BurstILPostProcessor
running Unity.Jobs.CodeGen.JobsILPostProcessor
running zzzUnity.Burst.CodeGen.BurstILPostProcessor
[1116/1510  0s] ILPostProcess Library/Bee/artifacts/900b0aE.dag/post-processed/Unity.Services.Core.Registration.dll (+pdb)
Processing assembly Library/Bee/artifacts/900b0aE.dag/Unity.Services.Core.Registration.dll, with 151 defines and 325 references
processors: Unity.Jobs.CodeGen.JobsILPostProcessor, zzzUnity.Burst.CodeGen.BurstILPostProcessor
running Unity.Jobs.CodeGen.JobsILPostProcessor
running zzzUnity.Burst.CodeGen.BurstILPostProcessor
[1117/1510  0s] ILPostProcess Library/Bee/artifacts/900b0aE.dag/post-processed/OmniShade.dll (+pdb)
Processing assembly Library/Bee/artifacts/900b0aE.dag/OmniShade.dll, with 151 defines and 316 references
processors: Unity.Jobs.CodeGen.JobsILPostProcessor, zzzUnity.Burst.CodeGen.BurstILPostProcessor
running Unity.Jobs.CodeGen.JobsILPostProcessor
running zzzUnity.Burst.CodeGen.BurstILPostProcessor
[1118/1510  0s] ILPostProcess Library/Bee/artifacts/900b0aE.dag/post-processed/UniTask.Linq.dll (+pdb)
Processing assembly Library/Bee/artifacts/900b0aE.dag/UniTask.Linq.dll, with 151 defines and 317 references
processors: Unity.Jobs.CodeGen.JobsILPostProcessor, zzzUnity.Burst.CodeGen.BurstILPostProcessor
running Unity.Jobs.CodeGen.JobsILPostProcessor
running zzzUnity.Burst.CodeGen.BurstILPostProcessor
[1119/1510  0s] ILPostProcess Library/Bee/artifacts/900b0aE.dag/post-processed/Unity.InputSystem.TestFramework.dll (+pdb)
Processing assembly Library/Bee/artifacts/900b0aE.dag/Unity.InputSystem.TestFramework.dll, with 153 defines and 286 references
processors: Unity.Jobs.CodeGen.JobsILPostProcessor, zzzUnity.Burst.CodeGen.BurstILPostProcessor
running Unity.Jobs.CodeGen.JobsILPostProcessor
running zzzUnity.Burst.CodeGen.BurstILPostProcessor
[1120/1510  0s] ILPostProcess Library/Bee/artifacts/900b0aE.dag/post-processed/Unity.Purchasing.SecurityCore.dll (+pdb)
Processing assembly Library/Bee/artifacts/900b0aE.dag/Unity.Purchasing.SecurityCore.dll, with 151 defines and 316 references
processors: Unity.Jobs.CodeGen.JobsILPostProcessor, zzzUnity.Burst.CodeGen.BurstILPostProcessor
running Unity.Jobs.CodeGen.JobsILPostProcessor
running zzzUnity.Burst.CodeGen.BurstILPostProcessor
[1121/1510  0s] ILPostProcess Library/Bee/artifacts/900b0aE.dag/post-processed/Unity.Multiplayer.Center.Common.dll (+pdb)
Processing assembly Library/Bee/artifacts/900b0aE.dag/Unity.Multiplayer.Center.Common.dll, with 151 defines and 316 references
processors: Unity.Jobs.CodeGen.JobsILPostProcessor, zzzUnity.Burst.CodeGen.BurstILPostProcessor
running Unity.Jobs.CodeGen.JobsILPostProcessor
running zzzUnity.Burst.CodeGen.BurstILPostProcessor
[1122/1510  0s] ILPostProcess Library/Bee/artifacts/900b0aE.dag/post-processed/Unity.Purchasing.Stores.dll (+pdb)
Processing assembly Library/Bee/artifacts/900b0aE.dag/Unity.Purchasing.Stores.dll, with 151 defines and 298 references
processors: Unity.Jobs.CodeGen.JobsILPostProcessor, zzzUnity.Burst.CodeGen.BurstILPostProcessor
running Unity.Jobs.CodeGen.JobsILPostProcessor
running zzzUnity.Burst.CodeGen.BurstILPostProcessor
[1123/1510  0s] ILPostProcess Library/Bee/artifacts/900b0aE.dag/post-processed/Unity.Burst.dll (+pdb)
Processing assembly Library/Bee/artifacts/900b0aE.dag/Unity.Burst.dll, with 151 defines and 287 references
processors: Unity.Jobs.CodeGen.JobsILPostProcessor, zzzUnity.Burst.CodeGen.BurstILPostProcessor
running Unity.Jobs.CodeGen.JobsILPostProcessor
running zzzUnity.Burst.CodeGen.BurstILPostProcessor
[1124/1510  0s] ILPostProcess Library/Bee/artifacts/900b0aE.dag/post-processed/Unity.Purchasing.WebshopService.dll (+pdb)
Processing assembly Library/Bee/artifacts/900b0aE.dag/Unity.Purchasing.WebshopService.dll, with 151 defines and 320 references
processors: Unity.Jobs.CodeGen.JobsILPostProcessor, zzzUnity.Burst.CodeGen.BurstILPostProcessor
running Unity.Jobs.CodeGen.JobsILPostProcessor
running zzzUnity.Burst.CodeGen.BurstILPostProcessor
[1125/1510  0s] ILPostProcess Library/Bee/artifacts/900b0aE.dag/post-processed/Unity.RenderPipelines.Core.ShaderLibrary.dll (+pdb)
Processing assembly Library/Bee/artifacts/900b0aE.dag/Unity.RenderPipelines.Core.ShaderLibrary.dll, with 151 defines and 316 references
processors: Unity.Jobs.CodeGen.JobsILPostProcessor, zzzUnity.Burst.CodeGen.BurstILPostProcessor
running Unity.Jobs.CodeGen.JobsILPostProcessor
running zzzUnity.Burst.CodeGen.BurstILPostProcessor
[1126/1510  0s] ILPostProcess Library/Bee/artifacts/900b0aE.dag/post-processed/MagicaClothV2.dll (+pdb)
Processing assembly Library/Bee/artifacts/900b0aE.dag/MagicaClothV2.dll, with 154 defines and 296 references
processors: Unity.Jobs.CodeGen.JobsILPostProcessor, zzzUnity.Burst.CodeGen.BurstILPostProcessor
running Unity.Jobs.CodeGen.JobsILPostProcessor
running zzzUnity.Burst.CodeGen.BurstILPostProcessor
[1127/1510  0s] ILPostProcess Library/Bee/artifacts/900b0aE.dag/post-processed/UnityEngine.UI.dll (+pdb)
Processing assembly Library/Bee/artifacts/900b0aE.dag/UnityEngine.UI.dll, with 157 defines and 314 references
processors: Unity.Jobs.CodeGen.JobsILPostProcessor, zzzUnity.Burst.CodeGen.BurstILPostProcessor
running Unity.Jobs.CodeGen.JobsILPostProcessor
running zzzUnity.Burst.CodeGen.BurstILPostProcessor
[1128/1510  0s] ILPostProcess Library/Bee/artifacts/900b0aE.dag/post-processed/Unity.RenderPipelines.ShaderGraph.ShaderGraphLibrary.dll (+pdb)
Processing assembly Library/Bee/artifacts/900b0aE.dag/Unity.RenderPipelines.ShaderGraph.ShaderGraphLibrary.dll, with 151 defines and 316 references
processors: Unity.Jobs.CodeGen.JobsILPostProcessor, zzzUnity.Burst.CodeGen.BurstILPostProcessor
running Unity.Jobs.CodeGen.JobsILPostProcessor
running zzzUnity.Burst.CodeGen.BurstILPostProcessor
[1129/1510  0s] ILPostProcess Library/Bee/artifacts/900b0aE.dag/post-processed/Unity.RenderPipeline.Universal.ShaderLibrary.dll (+pdb)
Processing assembly Library/Bee/artifacts/900b0aE.dag/Unity.RenderPipeline.Universal.ShaderLibrary.dll, with 151 defines and 317 references
processors: Unity.Jobs.CodeGen.JobsILPostProcessor, zzzUnity.Burst.CodeGen.BurstILPostProcessor
running Unity.Jobs.CodeGen.JobsILPostProcessor
running zzzUnity.Burst.CodeGen.BurstILPostProcessor
[1130/1510  0s] ILPostProcess Library/Bee/artifacts/900b0aE.dag/post-processed/Unity.Recorder.Base.dll (+pdb)
Processing assembly Library/Bee/artifacts/900b0aE.dag/Unity.Recorder.Base.dll, with 151 defines and 316 references
processors: Unity.Jobs.CodeGen.JobsILPostProcessor, zzzUnity.Burst.CodeGen.BurstILPostProcessor
running Unity.Jobs.CodeGen.JobsILPostProcessor
running zzzUnity.Burst.CodeGen.BurstILPostProcessor
[1131/1510  0s] ILPostProcess Library/Bee/artifacts/900b0aE.dag/post-processed/Unity.RenderPipelines.Universal.Shaders.dll (+pdb)
Processing assembly Library/Bee/artifacts/900b0aE.dag/Unity.RenderPipelines.Universal.Shaders.dll, with 151 defines and 316 references
processors: Unity.Jobs.CodeGen.JobsILPostProcessor, zzzUnity.Burst.CodeGen.BurstILPostProcessor
running Unity.Jobs.CodeGen.JobsILPostProcessor
running zzzUnity.Burst.CodeGen.BurstILPostProcessor
[1132/1510  0s] ILPostProcess Library/Bee/artifacts/900b0aE.dag/post-processed/Unity.RenderPipelines.Universal.Config.Runtime.dll (+pdb)
Processing assembly Library/Bee/artifacts/900b0aE.dag/Unity.RenderPipelines.Universal.Config.Runtime.dll, with 151 defines and 317 references
processors: Unity.Jobs.CodeGen.JobsILPostProcessor, zzzUnity.Burst.CodeGen.BurstILPostProcessor
running Unity.Jobs.CodeGen.JobsILPostProcessor
running zzzUnity.Burst.CodeGen.BurstILPostProcessor
[1133/1510  0s] ILPostProcess Library/Bee/artifacts/900b0aE.dag/post-processed/Unity.Purchasing.AppleStub.dll (+pdb)
Processing assembly Library/Bee/artifacts/900b0aE.dag/Unity.Purchasing.AppleStub.dll, with 151 defines and 318 references
processors: Unity.Jobs.CodeGen.JobsILPostProcessor, zzzUnity.Burst.CodeGen.BurstILPostProcessor
running Unity.Jobs.CodeGen.JobsILPostProcessor
running zzzUnity.Burst.CodeGen.BurstILPostProcessor
[1134/1510  0s] ILPostProcess Library/Bee/artifacts/900b0aE.dag/post-processed/Unity.Services.Core.Internal.dll (+pdb)
Processing assembly Library/Bee/artifacts/900b0aE.dag/Unity.Services.Core.Internal.dll, with 151 defines and 317 references
processors: Unity.Jobs.CodeGen.JobsILPostProcessor, zzzUnity.Burst.CodeGen.BurstILPostProcessor
running Unity.Jobs.CodeGen.JobsILPostProcessor
running zzzUnity.Burst.CodeGen.BurstILPostProcessor
[1135/1510  0s] ILPostProcess Library/Bee/artifacts/900b0aE.dag/post-processed/Unity.Services.Core.Networking.dll (+pdb)
Processing assembly Library/Bee/artifacts/900b0aE.dag/Unity.Services.Core.Networking.dll, with 151 defines and 318 references
processors: Unity.Jobs.CodeGen.JobsILPostProcessor, zzzUnity.Burst.CodeGen.BurstILPostProcessor
running Unity.Jobs.CodeGen.JobsILPostProcessor
running zzzUnity.Burst.CodeGen.BurstILPostProcessor
[1136/1510  0s] ILPostProcess Library/Bee/artifacts/900b0aE.dag/post-processed/YamlDotNet.dll (+pdb)
Processing assembly Library/Bee/artifacts/900b0aE.dag/YamlDotNet.dll, with 151 defines and 138 references
processors: Unity.Jobs.CodeGen.JobsILPostProcessor, zzzUnity.Burst.CodeGen.BurstILPostProcessor
running Unity.Jobs.CodeGen.JobsILPostProcessor
running zzzUnity.Burst.CodeGen.BurstILPostProcessor
[1137/1510  0s] ILPostProcess Library/Bee/artifacts/900b0aE.dag/post-processed/UniRx.dll (+pdb)
Processing assembly Library/Bee/artifacts/900b0aE.dag/UniRx.dll, with 151 defines and 316 references
processors: Unity.Jobs.CodeGen.JobsILPostProcessor, zzzUnity.Burst.CodeGen.BurstILPostProcessor
running Unity.Jobs.CodeGen.JobsILPostProcessor
running zzzUnity.Burst.CodeGen.BurstILPostProcessor
[1138/1510  0s] ILPostProcess Library/Bee/artifacts/900b0aE.dag/post-processed/YamlDotNet.Examples.dll (+pdb)
Processing assembly Library/Bee/artifacts/900b0aE.dag/YamlDotNet.Examples.dll, with 151 defines and 287 references
processors: Unity.Jobs.CodeGen.JobsILPostProcessor, zzzUnity.Burst.CodeGen.BurstILPostProcessor
running Unity.Jobs.CodeGen.JobsILPostProcessor
running zzzUnity.Burst.CodeGen.BurstILPostProcessor
[1139/1510  0s] ILPostProcess Library/Bee/artifacts/900b0aE.dag/post-processed/Unity.InternalAPIEngineBridge.RenderPipelines.Core.Runtime.Shared.dll (+pdb)
Processing assembly Library/Bee/artifacts/900b0aE.dag/Unity.InternalAPIEngineBridge.RenderPipelines.Core.Runtime.Shared.dll, with 151 defines and 316 references
processors: Unity.Jobs.CodeGen.JobsILPostProcessor, zzzUnity.Burst.CodeGen.BurstILPostProcessor
running Unity.Jobs.CodeGen.JobsILPostProcessor
running zzzUnity.Burst.CodeGen.BurstILPostProcessor
[1140/1510  0s] ILPostProcess Library/Bee/artifacts/900b0aE.dag/post-processed/Unity.TextMeshPro.dll (+pdb)
Processing assembly Library/Bee/artifacts/900b0aE.dag/Unity.TextMeshPro.dll, with 152 defines and 317 references
processors: Unity.Jobs.CodeGen.JobsILPostProcessor, zzzUnity.Burst.CodeGen.BurstILPostProcessor
running Unity.Jobs.CodeGen.JobsILPostProcessor
running zzzUnity.Burst.CodeGen.BurstILPostProcessor
[1141/1510  0s] ILPostProcess Library/Bee/artifacts/900b0aE.dag/post-processed/Unity.Purchasing.Utilities.dll (+pdb)
Processing assembly Library/Bee/artifacts/900b0aE.dag/Unity.Purchasing.Utilities.dll, with 151 defines and 316 references
processors: Unity.Jobs.CodeGen.JobsILPostProcessor, zzzUnity.Burst.CodeGen.BurstILPostProcessor
running Unity.Jobs.CodeGen.JobsILPostProcessor
running zzzUnity.Burst.CodeGen.BurstILPostProcessor
[1142/1510  0s] ILPostProcess Library/Bee/artifacts/900b0aE.dag/post-processed/Unity.InputSystem.ForUI.dll (+pdb)
Processing assembly Library/Bee/artifacts/900b0aE.dag/Unity.InputSystem.ForUI.dll, with 151 defines and 317 references
processors: Unity.Jobs.CodeGen.JobsILPostProcessor, zzzUnity.Burst.CodeGen.BurstILPostProcessor
running Unity.Jobs.CodeGen.JobsILPostProcessor
running zzzUnity.Burst.CodeGen.BurstILPostProcessor
[1143/1510  0s] ILPostProcess Library/Bee/artifacts/900b0aE.dag/post-processed/UniTask.Addressables.dll (+pdb)
Processing assembly Library/Bee/artifacts/900b0aE.dag/UniTask.Addressables.dll, with 152 defines and 319 references
processors: Unity.Jobs.CodeGen.JobsILPostProcessor, zzzUnity.Burst.CodeGen.BurstILPostProcessor
running Unity.Jobs.CodeGen.JobsILPostProcessor
running zzzUnity.Burst.CodeGen.BurstILPostProcessor
[1144/1510  0s] ILPostProcess Library/Bee/artifacts/900b0aE.dag/post-processed/Unity.Purchasing.AppleMacosStub.dll (+pdb)
Processing assembly Library/Bee/artifacts/900b0aE.dag/Unity.Purchasing.AppleMacosStub.dll, with 151 defines and 317 references
processors: Unity.Jobs.CodeGen.JobsILPostProcessor, zzzUnity.Burst.CodeGen.BurstILPostProcessor
running Unity.Jobs.CodeGen.JobsILPostProcessor
running zzzUnity.Burst.CodeGen.BurstILPostProcessor
[1145/1510  0s] ILPostProcess Library/Bee/artifacts/900b0aE.dag/post-processed/AdvancedPeopleSystem2.Editor.dll (+pdb)
Processing assembly Library/Bee/artifacts/900b0aE.dag/AdvancedPeopleSystem2.Editor.dll, with 151 defines and 317 references
processors: Unity.Jobs.CodeGen.JobsILPostProcessor, zzzUnity.Burst.CodeGen.BurstILPostProcessor
running Unity.Jobs.CodeGen.JobsILPostProcessor
running zzzUnity.Burst.CodeGen.BurstILPostProcessor
[1146/1510  0s] ILPostProcess Library/Bee/artifacts/900b0aE.dag/post-processed/UniTask.DOTween.dll (+pdb)
Processing assembly Library/Bee/artifacts/900b0aE.dag/UniTask.DOTween.dll, with 151 defines and 317 references
processors: Unity.Jobs.CodeGen.JobsILPostProcessor, zzzUnity.Burst.CodeGen.BurstILPostProcessor
running Unity.Jobs.CodeGen.JobsILPostProcessor
running zzzUnity.Burst.CodeGen.BurstILPostProcessor
[1147/1510  0s] ILPostProcess Library/Bee/artifacts/900b0aE.dag/post-processed/UniTask.TextMeshPro.dll (+pdb)
Processing assembly Library/Bee/artifacts/900b0aE.dag/UniTask.TextMeshPro.dll, with 152 defines and 318 references
processors: Unity.Jobs.CodeGen.JobsILPostProcessor, zzzUnity.Burst.CodeGen.BurstILPostProcessor
running Unity.Jobs.CodeGen.JobsILPostProcessor
running zzzUnity.Burst.CodeGen.BurstILPostProcessor
[1148/1510  0s] ILPostProcess Library/Bee/artifacts/900b0aE.dag/post-processed/Unity.Services.Core.Environments.dll (+pdb)
Processing assembly Library/Bee/artifacts/900b0aE.dag/Unity.Services.Core.Environments.dll, with 151 defines and 318 references
processors: Unity.Jobs.CodeGen.JobsILPostProcessor, zzzUnity.Burst.CodeGen.BurstILPostProcessor
running Unity.Jobs.CodeGen.JobsILPostProcessor
running zzzUnity.Burst.CodeGen.BurstILPostProcessor
[1149/1510  0s] ILPostProcess Library/Bee/artifacts/900b0aE.dag/post-processed/Unity.InternalAPIEngineBridge.013.dll (+pdb)
Processing assembly Library/Bee/artifacts/900b0aE.dag/Unity.InternalAPIEngineBridge.013.dll, with 151 defines and 316 references
processors: Unity.Jobs.CodeGen.JobsILPostProcessor, zzzUnity.Burst.CodeGen.BurstILPostProcessor
running Unity.Jobs.CodeGen.JobsILPostProcessor
running zzzUnity.Burst.CodeGen.BurstILPostProcessor
[1150/1510  0s] ILPostProcess Library/Bee/artifacts/900b0aE.dag/post-processed/Unity.Profiling.Core.dll (+pdb)
Processing assembly Library/Bee/artifacts/900b0aE.dag/Unity.Profiling.Core.dll, with 151 defines and 316 references
processors: Unity.Jobs.CodeGen.JobsILPostProcessor, zzzUnity.Burst.CodeGen.BurstILPostProcessor
running Unity.Jobs.CodeGen.JobsILPostProcessor
running zzzUnity.Burst.CodeGen.BurstILPostProcessor
[1151/1510  0s] ILPostProcess Library/Bee/artifacts/900b0aE.dag/post-processed/Unity.RenderPipelines.GPUDriven.Runtime.dll (+pdb)
Processing assembly Library/Bee/artifacts/900b0aE.dag/Unity.RenderPipelines.GPUDriven.Runtime.dll, with 151 defines and 320 references
processors: Unity.Jobs.CodeGen.JobsILPostProcessor, zzzUnity.Burst.CodeGen.BurstILPostProcessor
running Unity.Jobs.CodeGen.JobsILPostProcessor
running zzzUnity.Burst.CodeGen.BurstILPostProcessor
[1152/1510  0s] ILPostProcess Library/Bee/artifacts/900b0aE.dag/post-processed/Unity.RenderPipelines.Core.Runtime.Shared.dll (+pdb)
Processing assembly Library/Bee/artifacts/900b0aE.dag/Unity.RenderPipelines.Core.Runtime.Shared.dll, with 151 defines and 319 references
processors: Unity.Jobs.CodeGen.JobsILPostProcessor, zzzUnity.Burst.CodeGen.BurstILPostProcessor
running Unity.Jobs.CodeGen.JobsILPostProcessor
running zzzUnity.Burst.CodeGen.BurstILPostProcessor
[1153/1510  0s] ILPostProcess Library/Bee/artifacts/900b0aE.dag/post-processed/Unity.Collections.dll (+pdb)
Processing assembly Library/Bee/artifacts/900b0aE.dag/Unity.Collections.dll, with 153 defines and 318 references
processors: Unity.Jobs.CodeGen.JobsILPostProcessor, zzzUnity.Burst.CodeGen.BurstILPostProcessor
running Unity.Jobs.CodeGen.JobsILPostProcessor
running zzzUnity.Burst.CodeGen.BurstILPostProcessor
[1154/1510  0s] ILPostProcess Library/Bee/artifacts/900b0aE.dag/post-processed/Unity.ScriptableBuildPipeline.dll (+pdb)
Processing assembly Library/Bee/artifacts/900b0aE.dag/Unity.ScriptableBuildPipeline.dll, with 151 defines and 316 references
processors: Unity.Jobs.CodeGen.JobsILPostProcessor, zzzUnity.Burst.CodeGen.BurstILPostProcessor
running Unity.Jobs.CodeGen.JobsILPostProcessor
running zzzUnity.Burst.CodeGen.BurstILPostProcessor
[1155/1510  0s] ILPostProcess Library/Bee/artifacts/900b0aE.dag/post-processed/Unity.Services.Core.Device.dll (+pdb)
Processing assembly Library/Bee/artifacts/900b0aE.dag/Unity.Services.Core.Device.dll, with 151 defines and 317 references
processors: Unity.Jobs.CodeGen.JobsILPostProcessor, zzzUnity.Burst.CodeGen.BurstILPostProcessor
running Unity.Jobs.CodeGen.JobsILPostProcessor
running zzzUnity.Burst.CodeGen.BurstILPostProcessor
[1156/1510  0s] ILPostProcess Library/Bee/artifacts/900b0aE.dag/post-processed/Unity.Purchasing.dll (+pdb)
Processing assembly Library/Bee/artifacts/900b0aE.dag/Unity.Purchasing.dll, with 152 defines and 325 references
processors: Unity.Jobs.CodeGen.JobsILPostProcessor, zzzUnity.Burst.CodeGen.BurstILPostProcessor
running Unity.Jobs.CodeGen.JobsILPostProcessor
running zzzUnity.Burst.CodeGen.BurstILPostProcessor
[1157/1510  0s] ILPostProcess Library/Bee/artifacts/900b0aE.dag/post-processed/Unity.Recorder.dll (+pdb)
Processing assembly Library/Bee/artifacts/900b0aE.dag/Unity.Recorder.dll, with 151 defines and 317 references
processors: Unity.Jobs.CodeGen.JobsILPostProcessor, zzzUnity.Burst.CodeGen.BurstILPostProcessor
running Unity.Jobs.CodeGen.JobsILPostProcessor
running zzzUnity.Burst.CodeGen.BurstILPostProcessor
[1158/1510  0s] ILPostProcess Library/Bee/artifacts/900b0aE.dag/post-processed/Unity.Purchasing.Stores.XboxCloudServices.dll (+pdb)
Processing assembly Library/Bee/artifacts/900b0aE.dag/Unity.Purchasing.Stores.XboxCloudServices.dll, with 151 defines and 317 references
processors: Unity.Jobs.CodeGen.JobsILPostProcessor, zzzUnity.Burst.CodeGen.BurstILPostProcessor
running Unity.Jobs.CodeGen.JobsILPostProcessor
running zzzUnity.Burst.CodeGen.BurstILPostProcessor
[1159/1510  0s] ILPostProcess Library/Bee/artifacts/900b0aE.dag/post-processed/Unity.InputSystem.dll (+pdb)
Processing assembly Library/Bee/artifacts/900b0aE.dag/Unity.InputSystem.dll, with 164 defines and 316 references
processors: Unity.Jobs.CodeGen.JobsILPostProcessor, zzzUnity.Burst.CodeGen.BurstILPostProcessor
running Unity.Jobs.CodeGen.JobsILPostProcessor
running zzzUnity.Burst.CodeGen.BurstILPostProcessor
[1160/1510  0s] ILPostProcess Library/Bee/artifacts/900b0aE.dag/post-processed/Unity.Purchasing.LiveContentAdapterService.dll (+pdb)
Processing assembly Library/Bee/artifacts/900b0aE.dag/Unity.Purchasing.LiveContentAdapterService.dll, with 151 defines and 320 references
processors: Unity.Jobs.CodeGen.JobsILPostProcessor, zzzUnity.Burst.CodeGen.BurstILPostProcessor
running Unity.Jobs.CodeGen.JobsILPostProcessor
running zzzUnity.Burst.CodeGen.BurstILPostProcessor
[1161/1510  0s] ILPostProcess Library/Bee/artifacts/900b0aE.dag/post-processed/Domain_Reload.dll (+pdb)
Processing assembly Library/Bee/artifacts/900b0aE.dag/Domain_Reload.dll, with 151 defines and 316 references
processors: Unity.Jobs.CodeGen.JobsILPostProcessor, zzzUnity.Burst.CodeGen.BurstILPostProcessor
running Unity.Jobs.CodeGen.JobsILPostProcessor
running zzzUnity.Burst.CodeGen.BurstILPostProcessor
[1162/1510  0s] ILPostProcess Library/Bee/artifacts/900b0aE.dag/post-processed/MCombat.Shared.dll (+pdb)
Processing assembly Library/Bee/artifacts/900b0aE.dag/MCombat.Shared.dll, with 151 defines and 322 references
processors: Unity.Jobs.CodeGen.JobsILPostProcessor, zzzUnity.Burst.CodeGen.BurstILPostProcessor
running Unity.Jobs.CodeGen.JobsILPostProcessor
running zzzUnity.Burst.CodeGen.BurstILPostProcessor
[1163/1510  0s] ILPostProcess Library/Bee/artifacts/900b0aE.dag/post-processed/Unity.InternalAPIEngineBridge.004.dll (+pdb)
Processing assembly Library/Bee/artifacts/900b0aE.dag/Unity.InternalAPIEngineBridge.004.dll, with 151 defines and 316 references
processors: Unity.Jobs.CodeGen.JobsILPostProcessor, zzzUnity.Burst.CodeGen.BurstILPostProcessor
running Unity.Jobs.CodeGen.JobsILPostProcessor
running zzzUnity.Burst.CodeGen.BurstILPostProcessor
[1164/1510  0s] ILPostProcess Library/Bee/artifacts/900b0aE.dag/post-processed/Unity.Services.Core.Scheduler.dll (+pdb)
Processing assembly Library/Bee/artifacts/900b0aE.dag/Unity.Services.Core.Scheduler.dll, with 151 defines and 318 references
processors: Unity.Jobs.CodeGen.JobsILPostProcessor, zzzUnity.Burst.CodeGen.BurstILPostProcessor
running Unity.Jobs.CodeGen.JobsILPostProcessor
running zzzUnity.Burst.CodeGen.BurstILPostProcessor
[1165/1510  0s] ILPostProcess Library/Bee/artifacts/900b0aE.dag/post-processed/Unity.Mathematics.dll (+pdb)
Processing assembly Library/Bee/artifacts/900b0aE.dag/Unity.Mathematics.dll, with 151 defines and 316 references
processors: Unity.Jobs.CodeGen.JobsILPostProcessor, zzzUnity.Burst.CodeGen.BurstILPostProcessor
running Unity.Jobs.CodeGen.JobsILPostProcessor
running zzzUnity.Burst.CodeGen.BurstILPostProcessor
[1166/1510  0s] ILPostProcess Library/Bee/artifacts/900b0aE.dag/post-processed/Unity.SurfaceCache.Runtime.dll (+pdb)
Processing assembly Library/Bee/artifacts/900b0aE.dag/Unity.SurfaceCache.Runtime.dll, with 151 defines and 320 references
processors: Unity.Jobs.CodeGen.JobsILPostProcessor, zzzUnity.Burst.CodeGen.BurstILPostProcessor
running Unity.Jobs.CodeGen.JobsILPostProcessor
running zzzUnity.Burst.CodeGen.BurstILPostProcessor
[1167/1510  0s] ILPostProcess Library/Bee/artifacts/900b0aE.dag/post-processed/AppleAuth.dll (+pdb)
Processing assembly Library/Bee/artifacts/900b0aE.dag/AppleAuth.dll, with 151 defines and 316 references
processors: Unity.Jobs.CodeGen.JobsILPostProcessor, zzzUnity.Burst.CodeGen.BurstILPostProcessor
running Unity.Jobs.CodeGen.JobsILPostProcessor
running zzzUnity.Burst.CodeGen.BurstILPostProcessor
[1168/1510  0s] ILPostProcess Library/Bee/artifacts/900b0aE.dag/post-processed/Unity.AdaptivePerformance.dll (+pdb)
Processing assembly Library/Bee/artifacts/900b0aE.dag/Unity.AdaptivePerformance.dll, with 151 defines and 316 references
processors: Unity.Jobs.CodeGen.JobsILPostProcessor, zzzUnity.Burst.CodeGen.BurstILPostProcessor
running Unity.Jobs.CodeGen.JobsILPostProcessor
running zzzUnity.Burst.CodeGen.BurstILPostProcessor
[1169/1510  0s] ILPostProcess Library/Bee/artifacts/900b0aE.dag/post-processed/Unity.RenderPipelines.Universal.Runtime.dll (+pdb)
Processing assembly Library/Bee/artifacts/900b0aE.dag/Unity.RenderPipelines.Universal.Runtime.dll, with 157 defines and 327 references
processors: Unity.Jobs.CodeGen.JobsILPostProcessor, zzzUnity.Burst.CodeGen.BurstILPostProcessor
running Unity.Jobs.CodeGen.JobsILPostProcessor
running zzzUnity.Burst.CodeGen.BurstILPostProcessor
[1170/1510  0s] ILPostProcess Library/Bee/artifacts/900b0aE.dag/post-processed/Unity.Services.Core.Environments.Internal.dll (+pdb)
Processing assembly Library/Bee/artifacts/900b0aE.dag/Unity.Services.Core.Environments.Internal.dll, with 151 defines and 317 references
processors: Unity.Jobs.CodeGen.JobsILPostProcessor, zzzUnity.Burst.CodeGen.BurstILPostProcessor
running Unity.Jobs.CodeGen.JobsILPostProcessor
running zzzUnity.Burst.CodeGen.BurstILPostProcessor
[1171/1510  0s] ILPostProcess Library/Bee/artifacts/900b0aE.dag/post-processed/NoSuchLocalizationCore.dll (+pdb)
Processing assembly Library/Bee/artifacts/900b0aE.dag/NoSuchLocalizationCore.dll, with 151 defines and 316 references
processors: Unity.Jobs.CodeGen.JobsILPostProcessor, zzzUnity.Burst.CodeGen.BurstILPostProcessor
running Unity.Jobs.CodeGen.JobsILPostProcessor
running zzzUnity.Burst.CodeGen.BurstILPostProcessor
[1172/1510  0s] ILPostProcess Library/Bee/artifacts/900b0aE.dag/post-processed/Assembly-CSharp.dll (+pdb)
Processing assembly Library/Bee/artifacts/900b0aE.dag/Assembly-CSharp.dll, with 151 defines and 394 references
processors: Unity.Jobs.CodeGen.JobsILPostProcessor, zzzUnity.Burst.CodeGen.BurstILPostProcessor
running Unity.Jobs.CodeGen.JobsILPostProcessor
running zzzUnity.Burst.CodeGen.BurstILPostProcessor
[1173/1510  0s] ILPostProcess Library/Bee/artifacts/900b0aE.dag/post-processed/Unity.Purchasing.PaymentProviderService.dll (+pdb)
Processing assembly Library/Bee/artifacts/900b0aE.dag/Unity.Purchasing.PaymentProviderService.dll, with 151 defines and 320 references
processors: Unity.Jobs.CodeGen.JobsILPostProcessor, zzzUnity.Burst.CodeGen.BurstILPostProcessor
running Unity.Jobs.CodeGen.JobsILPostProcessor
running zzzUnity.Burst.CodeGen.BurstILPostProcessor
[1174/1510  0s] ILPostProcess Library/Bee/artifacts/900b0aE.dag/post-processed/Unity.ResourceManager.dll (+pdb)
Processing assembly Library/Bee/artifacts/900b0aE.dag/Unity.ResourceManager.dll, with 152 defines and 317 references
processors: Unity.Jobs.CodeGen.JobsILPostProcessor, zzzUnity.Burst.CodeGen.BurstILPostProcessor
running Unity.Jobs.CodeGen.JobsILPostProcessor
running zzzUnity.Burst.CodeGen.BurstILPostProcessor
[1175/1510  0s] ILPostProcess Library/Bee/artifacts/900b0aE.dag/post-processed/Unity.Services.Core.dll (+pdb)
Processing assembly Library/Bee/artifacts/900b0aE.dag/Unity.Services.Core.dll, with 151 defines and 316 references
processors: Unity.Jobs.CodeGen.JobsILPostProcessor, zzzUnity.Burst.CodeGen.BurstILPostProcessor
running Unity.Jobs.CodeGen.JobsILPostProcessor
running zzzUnity.Burst.CodeGen.BurstILPostProcessor
[1176/1510  0s] ILPostProcess Library/Bee/artifacts/900b0aE.dag/post-processed/Unity.PerformanceTesting.dll (+pdb)
Processing assembly Library/Bee/artifacts/900b0aE.dag/Unity.PerformanceTesting.dll, with 152 defines and 284 references
processors: Unity.Jobs.CodeGen.JobsILPostProcessor, zzzUnity.Burst.CodeGen.BurstILPostProcessor
running Unity.Jobs.CodeGen.JobsILPostProcessor
running zzzUnity.Burst.CodeGen.BurstILPostProcessor
[1177/1510  0s] ILPostProcess Library/Bee/artifacts/900b0aE.dag/post-processed/IngameDebugConsole.Runtime.dll (+pdb)
Processing assembly Library/Bee/artifacts/900b0aE.dag/IngameDebugConsole.Runtime.dll, with 152 defines and 318 references
processors: Unity.Jobs.CodeGen.JobsILPostProcessor, zzzUnity.Burst.CodeGen.BurstILPostProcessor
running Unity.Jobs.CodeGen.JobsILPostProcessor
running zzzUnity.Burst.CodeGen.BurstILPostProcessor
[1178/1510  0s] ILPostProcess Library/Bee/artifacts/900b0aE.dag/post-processed/Unity.PathTracing.Runtime.dll (+pdb)
Processing assembly Library/Bee/artifacts/900b0aE.dag/Unity.PathTracing.Runtime.dll, with 152 defines and 320 references
processors: Unity.Jobs.CodeGen.JobsILPostProcessor, zzzUnity.Burst.CodeGen.BurstILPostProcessor
running Unity.Jobs.CodeGen.JobsILPostProcessor
running zzzUnity.Burst.CodeGen.BurstILPostProcessor
[1179/1510  0s] ILPostProcess Library/Bee/artifacts/900b0aE.dag/post-processed/Unity.UnifiedRayTracing.Runtime.dll (+pdb)
Processing assembly Library/Bee/artifacts/900b0aE.dag/Unity.UnifiedRayTracing.Runtime.dll, with 152 defines and 319 references
processors: Unity.Jobs.CodeGen.JobsILPostProcessor, zzzUnity.Burst.CodeGen.BurstILPostProcessor
running Unity.Jobs.CodeGen.JobsILPostProcessor
running zzzUnity.Burst.CodeGen.BurstILPostProcessor
[1180/1510  0s] ILPostProcess Library/Bee/artifacts/900b0aE.dag/post-processed/AdvancedPeopleSystem2.dll (+pdb)
Processing assembly Library/Bee/artifacts/900b0aE.dag/AdvancedPeopleSystem2.dll, with 151 defines and 316 references
processors: Unity.Jobs.CodeGen.JobsILPostProcessor, zzzUnity.Burst.CodeGen.BurstILPostProcessor
running Unity.Jobs.CodeGen.JobsILPostProcessor
running zzzUnity.Burst.CodeGen.BurstILPostProcessor
[1181/1510  0s] ILPostProcess Library/Bee/artifacts/900b0aE.dag/post-processed/Unity.RenderPipelines.Core.Runtime.dll (+pdb)
Processing assembly Library/Bee/artifacts/900b0aE.dag/Unity.RenderPipelines.Core.Runtime.dll, with 155 defines and 320 references
processors: Unity.Jobs.CodeGen.JobsILPostProcessor, zzzUnity.Burst.CodeGen.BurstILPostProcessor
running Unity.Jobs.CodeGen.JobsILPostProcessor
running zzzUnity.Burst.CodeGen.BurstILPostProcessor
[1182/1510  0s] ILPostProcess Library/Bee/artifacts/900b0aE.dag/post-processed/Unity.Services.Core.Telemetry.dll (+pdb)
Processing assembly Library/Bee/artifacts/900b0aE.dag/Unity.Services.Core.Telemetry.dll, with 151 defines and 318 references
processors: Unity.Jobs.CodeGen.JobsILPostProcessor, zzzUnity.Burst.CodeGen.BurstILPostProcessor
running Unity.Jobs.CodeGen.JobsILPostProcessor
running zzzUnity.Burst.CodeGen.BurstILPostProcessor
[1183/1510  0s] ILPostProcess Library/Bee/artifacts/900b0aE.dag/post-processed/Unity.Purchasing.SecurityStub.dll (+pdb)
Processing assembly Library/Bee/artifacts/900b0aE.dag/Unity.Purchasing.SecurityStub.dll, with 151 defines and 317 references
processors: Unity.Jobs.CodeGen.JobsILPostProcessor, zzzUnity.Burst.CodeGen.BurstILPostProcessor
running Unity.Jobs.CodeGen.JobsILPostProcessor
running zzzUnity.Burst.CodeGen.BurstILPostProcessor
[1184/1510  0s] ILPostProcess Library/Bee/artifacts/900b0aE.dag/post-processed/Unity.Services.Core.Configuration.dll (+pdb)
Processing assembly Library/Bee/artifacts/900b0aE.dag/Unity.Services.Core.Configuration.dll, with 151 defines and 318 references
processors: Unity.Jobs.CodeGen.JobsILPostProcessor, zzzUnity.Burst.CodeGen.BurstILPostProcessor
running Unity.Jobs.CodeGen.JobsILPostProcessor
running zzzUnity.Burst.CodeGen.BurstILPostProcessor
[1185/1510  0s] ILPostProcess Library/Bee/artifacts/900b0aE.dag/post-processed/Unity.Purchasing.Codeless.dll (+pdb)
Processing assembly Library/Bee/artifacts/900b0aE.dag/Unity.Purchasing.Codeless.dll, with 151 defines and 320 references
processors: Unity.Jobs.CodeGen.JobsILPostProcessor, zzzUnity.Burst.CodeGen.BurstILPostProcessor
running Unity.Jobs.CodeGen.JobsILPostProcessor
running zzzUnity.Burst.CodeGen.BurstILPostProcessor
[1186/1510  0s] ILPostProcess Library/Bee/artifacts/900b0aE.dag/post-processed/Unity.Searcher.Editor.dll (+pdb)
Processing assembly Library/Bee/artifacts/900b0aE.dag/Unity.Searcher.Editor.dll, with 149 defines and 328 references
processors: Unity.Jobs.CodeGen.JobsILPostProcessor, zzzUnity.Burst.CodeGen.BurstILPostProcessor
running Unity.Jobs.CodeGen.JobsILPostProcessor
running zzzUnity.Burst.CodeGen.BurstILPostProcessor
[1187/1510  0s] ILPostProcess Library/Bee/artifacts/900b0aE.dag/post-processed/Unity.RenderPipelines.Universal.2D.Runtime.dll (+pdb)
Processing assembly Library/Bee/artifacts/900b0aE.dag/Unity.RenderPipelines.Universal.2D.Runtime.dll, with 153 defines and 321 references
processors: Unity.Jobs.CodeGen.JobsILPostProcessor, zzzUnity.Burst.CodeGen.BurstILPostProcessor
running Unity.Jobs.CodeGen.JobsILPostProcessor
running zzzUnity.Burst.CodeGen.BurstILPostProcessor
[1188/1510  0s] ILPostProcess Library/Bee/artifacts/900b0aE.dag/post-processed/Assembly-CSharp-Editor-firstpass.dll (+pdb)
Processing assembly Library/Bee/artifacts/900b0aE.dag/Assembly-CSharp-Editor-firstpass.dll, with 149 defines and 429 references
processors: Unity.Jobs.CodeGen.JobsILPostProcessor, zzzUnity.Burst.CodeGen.BurstILPostProcessor
running Unity.Jobs.CodeGen.JobsILPostProcessor
running zzzUnity.Burst.CodeGen.BurstILPostProcessor
[1189/1510  0s] ILPostProcess Library/Bee/artifacts/900b0aE.dag/post-processed/UnityEditor.UI.dll (+pdb)
Processing assembly Library/Bee/artifacts/900b0aE.dag/UnityEditor.UI.dll, with 152 defines and 327 references
processors: Unity.Jobs.CodeGen.JobsILPostProcessor, zzzUnity.Burst.CodeGen.BurstILPostProcessor
running Unity.Jobs.CodeGen.JobsILPostProcessor
running zzzUnity.Burst.CodeGen.BurstILPostProcessor
[1190/1510  0s] ILPostProcess Library/Bee/artifacts/900b0aE.dag/post-processed/Unity.Bindings.OpenImageIO.Editor.dll (+pdb)
Processing assembly Library/Bee/artifacts/900b0aE.dag/Unity.Bindings.OpenImageIO.Editor.dll, with 149 defines and 329 references
processors: Unity.Jobs.CodeGen.JobsILPostProcessor, zzzUnity.Burst.CodeGen.BurstILPostProcessor
running Unity.Jobs.CodeGen.JobsILPostProcessor
running zzzUnity.Burst.CodeGen.BurstILPostProcessor
[1191/1510  0s] ILPostProcess Library/Bee/artifacts/900b0aE.dag/post-processed/Unity.Recorder.Editor.dll (+pdb)
Processing assembly Library/Bee/artifacts/900b0aE.dag/Unity.Recorder.Editor.dll, with 151 defines and 336 references
processors: Unity.Jobs.CodeGen.JobsILPostProcessor, zzzUnity.Burst.CodeGen.BurstILPostProcessor
running Unity.Jobs.CodeGen.JobsILPostProcessor
running zzzUnity.Burst.CodeGen.BurstILPostProcessor
[1192/1510  0s] ILPostProcess Library/Bee/artifacts/900b0aE.dag/post-processed/Unity.PlasticSCM.Editor.Entities.dll (+pdb)
Processing assembly Library/Bee/artifacts/900b0aE.dag/Unity.PlasticSCM.Editor.Entities.dll, with 149 defines and 329 references
processors: Unity.Jobs.CodeGen.JobsILPostProcessor, zzzUnity.Burst.CodeGen.BurstILPostProcessor
running Unity.Jobs.CodeGen.JobsILPostProcessor
running zzzUnity.Burst.CodeGen.BurstILPostProcessor
[1193/1510  0s] ILPostProcess Library/Bee/artifacts/900b0aE.dag/post-processed/Unity.ShaderGraph.Editor.dll (+pdb)
Processing assembly Library/Bee/artifacts/900b0aE.dag/Unity.ShaderGraph.Editor.dll, with 149 defines and 333 references
processors: Unity.Jobs.CodeGen.JobsILPostProcessor, zzzUnity.Burst.CodeGen.BurstILPostProcessor
running Unity.Jobs.CodeGen.JobsILPostProcessor
running zzzUnity.Burst.CodeGen.BurstILPostProcessor
[1194/1510  0s] ILPostProcess Library/Bee/artifacts/900b0aE.dag/post-processed/Unity.Collections.Editor.dll (+pdb)
Processing assembly Library/Bee/artifacts/900b0aE.dag/Unity.Collections.Editor.dll, with 150 defines and 329 references
processors: Unity.Jobs.CodeGen.JobsILPostProcessor, zzzUnity.Burst.CodeGen.BurstILPostProcessor
running Unity.Jobs.CodeGen.JobsILPostProcessor
running zzzUnity.Burst.CodeGen.BurstILPostProcessor
[1195/1510  0s] ILPostProcess Library/Bee/artifacts/900b0aE.dag/post-processed/Unity.ScriptableBuildPipeline.Editor.dll (+pdb)
Processing assembly Library/Bee/artifacts/900b0aE.dag/Unity.ScriptableBuildPipeline.Editor.dll, with 152 defines and 329 references
processors: Unity.Jobs.CodeGen.JobsILPostProcessor, zzzUnity.Burst.CodeGen.BurstILPostProcessor
running Unity.Jobs.CodeGen.JobsILPostProcessor
running zzzUnity.Burst.CodeGen.BurstILPostProcessor
[1196/1510  0s] ILPostProcess Library/Bee/artifacts/900b0aE.dag/post-processed/Unity.InputSystem.ForUI.Editor.dll (+pdb)
Processing assembly Library/Bee/artifacts/900b0aE.dag/Unity.InputSystem.ForUI.Editor.dll, with 149 defines and 330 references
processors: Unity.Jobs.CodeGen.JobsILPostProcessor, zzzUnity.Burst.CodeGen.BurstILPostProcessor
running Unity.Jobs.CodeGen.JobsILPostProcessor
running zzzUnity.Burst.CodeGen.BurstILPostProcessor
[1197/1510  0s] ILPostProcess Library/Bee/artifacts/900b0aE.dag/post-processed/Unity.InternalAPIEditorBridge.013.dll (+pdb)
Processing assembly Library/Bee/artifacts/900b0aE.dag/Unity.InternalAPIEditorBridge.013.dll, with 152 defines and 328 references
processors: Unity.Jobs.CodeGen.JobsILPostProcessor, zzzUnity.Burst.CodeGen.BurstILPostProcessor
running Unity.Jobs.CodeGen.JobsILPostProcessor
running zzzUnity.Burst.CodeGen.BurstILPostProcessor
[1198/1510  0s] ILPostProcess Library/Bee/artifacts/900b0aE.dag/post-processed/Unity.InputSystem.DocCodeSamples.dll (+pdb)
Processing assembly Library/Bee/artifacts/900b0aE.dag/Unity.InputSystem.DocCodeSamples.dll, with 149 defines and 299 references
processors: Unity.Jobs.CodeGen.JobsILPostProcessor, zzzUnity.Burst.CodeGen.BurstILPostProcessor
running Unity.Jobs.CodeGen.JobsILPostProcessor
running zzzUnity.Burst.CodeGen.BurstILPostProcessor
[1199/1510  0s] ILPostProcess Library/Bee/artifacts/900b0aE.dag/post-processed/Unity.InternalAPIEditorBridge.ShaderGraph.Editor.dll (+pdb)
Processing assembly Library/Bee/artifacts/900b0aE.dag/Unity.InternalAPIEditorBridge.ShaderGraph.Editor.dll, with 149 defines and 328 references
processors: Unity.Jobs.CodeGen.JobsILPostProcessor, zzzUnity.Burst.CodeGen.BurstILPostProcessor
running Unity.Jobs.CodeGen.JobsILPostProcessor
running zzzUnity.Burst.CodeGen.BurstILPostProcessor
[1200/1510  0s] ILPostProcess Library/Bee/artifacts/900b0aE.dag/post-processed/Unity.Services.Core.Environments.Editor.dll (+pdb)
Processing assembly Library/Bee/artifacts/900b0aE.dag/Unity.Services.Core.Environments.Editor.dll, with 149 defines and 333 references
processors: Unity.Jobs.CodeGen.JobsILPostProcessor, zzzUnity.Burst.CodeGen.BurstILPostProcessor
running Unity.Jobs.CodeGen.JobsILPostProcessor
running zzzUnity.Burst.CodeGen.BurstILPostProcessor
[1201/1510  0s] ILPostProcess Library/Bee/artifacts/900b0aE.dag/post-processed/NoSuchLocalizationCore-Editor.dll (+pdb)
Processing assembly Library/Bee/artifacts/900b0aE.dag/NoSuchLocalizationCore-Editor.dll, with 149 defines and 329 references
processors: Unity.Jobs.CodeGen.JobsILPostProcessor, zzzUnity.Burst.CodeGen.BurstILPostProcessor
running Unity.Jobs.CodeGen.JobsILPostProcessor
running zzzUnity.Burst.CodeGen.BurstILPostProcessor
[1202/1510  0s] ILPostProcess Library/Bee/artifacts/900b0aE.dag/post-processed/Unity.RenderPipelines.Universal.Editor.dll (+pdb)
Processing assembly Library/Bee/artifacts/900b0aE.dag/Unity.RenderPipelines.Universal.Editor.dll, with 151 defines and 341 references
processors: Unity.Jobs.CodeGen.JobsILPostProcessor, zzzUnity.Burst.CodeGen.BurstILPostProcessor
running Unity.Jobs.CodeGen.JobsILPostProcessor
running zzzUnity.Burst.CodeGen.BurstILPostProcessor
[1203/1510  0s] ILPostProcess Library/Bee/artifacts/900b0aE.dag/post-processed/Unity.Timeline.Editor.dll (+pdb)
Processing assembly Library/Bee/artifacts/900b0aE.dag/Unity.Timeline.Editor.dll, with 150 defines and 329 references
processors: Unity.Jobs.CodeGen.JobsILPostProcessor, zzzUnity.Burst.CodeGen.BurstILPostProcessor
running Unity.Jobs.CodeGen.JobsILPostProcessor
running zzzUnity.Burst.CodeGen.BurstILPostProcessor
[1204/1510  0s] ILPostProcess Library/Bee/artifacts/900b0aE.dag/post-processed/Unity.PerformanceTesting.Editor.dll (+pdb)
Processing assembly Library/Bee/artifacts/900b0aE.dag/Unity.PerformanceTesting.Editor.dll, with 150 defines and 299 references
processors: Unity.Jobs.CodeGen.JobsILPostProcessor, zzzUnity.Burst.CodeGen.BurstILPostProcessor
running Unity.Jobs.CodeGen.JobsILPostProcessor
running zzzUnity.Burst.CodeGen.BurstILPostProcessor
[1205/1510  0s] ILPostProcess Library/Bee/artifacts/900b0aE.dag/post-processed/Unity.Services.Core.Editor.dll (+pdb)
Processing assembly Library/Bee/artifacts/900b0aE.dag/Unity.Services.Core.Editor.dll, with 149 defines and 338 references
processors: Unity.Jobs.CodeGen.JobsILPostProcessor, zzzUnity.Burst.CodeGen.BurstILPostProcessor
running Unity.Jobs.CodeGen.JobsILPostProcessor
running zzzUnity.Burst.CodeGen.BurstILPostProcessor
[1206/1510  0s] ILPostProcess Library/Bee/artifacts/900b0aE.dag/post-processed/Unity.Rendering.LightTransport.Editor.dll (+pdb)
Processing assembly Library/Bee/artifacts/900b0aE.dag/Unity.Rendering.LightTransport.Editor.dll, with 149 defines and 328 references
processors: Unity.Jobs.CodeGen.JobsILPostProcessor, zzzUnity.Burst.CodeGen.BurstILPostProcessor
running Unity.Jobs.CodeGen.JobsILPostProcessor
running zzzUnity.Burst.CodeGen.BurstILPostProcessor
[1207/1510  0s] ILPostProcess Library/Bee/artifacts/900b0aE.dag/post-processed/Unity.PathTracing.Editor.dll (+pdb)
Processing assembly Library/Bee/artifacts/900b0aE.dag/Unity.PathTracing.Editor.dll, with 150 defines and 332 references
processors: Unity.Jobs.CodeGen.JobsILPostProcessor, zzzUnity.Burst.CodeGen.BurstILPostProcessor
running Unity.Jobs.CodeGen.JobsILPostProcessor
running zzzUnity.Burst.CodeGen.BurstILPostProcessor
[1208/1510  0s] ILPostProcess Library/Bee/artifacts/900b0aE.dag/post-processed/Heureka.Upgrade.dll (+pdb)
Processing assembly Library/Bee/artifacts/900b0aE.dag/Heureka.Upgrade.dll, with 149 defines and 328 references
processors: Unity.Jobs.CodeGen.JobsILPostProcessor, zzzUnity.Burst.CodeGen.BurstILPostProcessor
running Unity.Jobs.CodeGen.JobsILPostProcessor
running zzzUnity.Burst.CodeGen.BurstILPostProcessor
[1209/1510  0s] ILPostProcess Library/Bee/artifacts/900b0aE.dag/post-processed/Unity.RenderPipelines.Universal.2D.Editor.Overrides.dll (+pdb)
Processing assembly Library/Bee/artifacts/900b0aE.dag/Unity.RenderPipelines.Universal.2D.Editor.Overrides.dll, with 151 defines and 337 references
processors: Unity.Jobs.CodeGen.JobsILPostProcessor, zzzUnity.Burst.CodeGen.BurstILPostProcessor
running Unity.Jobs.CodeGen.JobsILPostProcessor
running zzzUnity.Burst.CodeGen.BurstILPostProcessor
[1210/1510  0s] ILPostProcess Library/Bee/artifacts/900b0aE.dag/post-processed/Unity.Purchasing.Editor.Shared.dll (+pdb)
Processing assembly Library/Bee/artifacts/900b0aE.dag/Unity.Purchasing.Editor.Shared.dll, with 149 defines and 328 references
processors: Unity.Jobs.CodeGen.JobsILPostProcessor, zzzUnity.Burst.CodeGen.BurstILPostProcessor
running Unity.Jobs.CodeGen.JobsILPostProcessor
running zzzUnity.Burst.CodeGen.BurstILPostProcessor
[1211/1510  0s] ILPostProcess Library/Bee/artifacts/900b0aE.dag/post-processed/Unity.AutoGroupGenerator.Editor.dll (+pdb)
Processing assembly Library/Bee/artifacts/900b0aE.dag/Unity.AutoGroupGenerator.Editor.dll, with 149 defines and 330 references
processors: Unity.Jobs.CodeGen.JobsILPostProcessor, zzzUnity.Burst.CodeGen.BurstILPostProcessor
running Unity.Jobs.CodeGen.JobsILPostProcessor
running zzzUnity.Burst.CodeGen.BurstILPostProcessor
[1212/1510  0s] ILPostProcess Library/Bee/artifacts/900b0aE.dag/post-processed/MagicaClothV2.Editor.dll (+pdb)
Processing assembly Library/Bee/artifacts/900b0aE.dag/MagicaClothV2.Editor.dll, with 151 defines and 332 references
processors: Unity.Jobs.CodeGen.JobsILPostProcessor, zzzUnity.Burst.CodeGen.BurstILPostProcessor
running Unity.Jobs.CodeGen.JobsILPostProcessor
running zzzUnity.Burst.CodeGen.BurstILPostProcessor
[1213/1510  0s] ILPostProcess Library/Bee/artifacts/900b0aE.dag/post-processed/Unity.RenderPipelines.Core.Editor.Shared.dll (+pdb)
Processing assembly Library/Bee/artifacts/900b0aE.dag/Unity.RenderPipelines.Core.Editor.Shared.dll, with 149 defines and 335 references
processors: Unity.Jobs.CodeGen.JobsILPostProcessor, zzzUnity.Burst.CodeGen.BurstILPostProcessor
running Unity.Jobs.CodeGen.JobsILPostProcessor
running zzzUnity.Burst.CodeGen.BurstILPostProcessor
[1214/1510  0s] ILPostProcess Library/Bee/artifacts/900b0aE.dag/post-processed/GoogleMobileAds.Editor.dll (+pdb)
Processing assembly Library/Bee/artifacts/900b0aE.dag/GoogleMobileAds.Editor.dll, with 149 defines and 328 references
processors: Unity.Jobs.CodeGen.JobsILPostProcessor, zzzUnity.Burst.CodeGen.BurstILPostProcessor
running Unity.Jobs.CodeGen.JobsILPostProcessor
running zzzUnity.Burst.CodeGen.BurstILPostProcessor
[1215/1510  0s] ILPostProcess Library/Bee/artifacts/900b0aE.dag/post-processed/AssetUsageFinder.dll (+pdb)
Processing assembly Library/Bee/artifacts/900b0aE.dag/AssetUsageFinder.dll, with 149 defines and 328 references
processors: Unity.Jobs.CodeGen.JobsILPostProcessor, zzzUnity.Burst.CodeGen.BurstILPostProcessor
running Unity.Jobs.CodeGen.JobsILPostProcessor
running zzzUnity.Burst.CodeGen.BurstILPostProcessor
[1216/1510  0s] ILPostProcess Library/Bee/artifacts/900b0aE.dag/post-processed/UniTask.Editor.dll (+pdb)
Processing assembly Library/Bee/artifacts/900b0aE.dag/UniTask.Editor.dll, with 149 defines and 329 references
processors: Unity.Jobs.CodeGen.JobsILPostProcessor, zzzUnity.Burst.CodeGen.BurstILPostProcessor
running Unity.Jobs.CodeGen.JobsILPostProcessor
running zzzUnity.Burst.CodeGen.BurstILPostProcessor
[1217/1510  0s] ILPostProcess Library/Bee/artifacts/900b0aE.dag/post-processed/AppleAuth.Editor.dll (+pdb)
Processing assembly Library/Bee/artifacts/900b0aE.dag/AppleAuth.Editor.dll, with 149 defines and 329 references
processors: Unity.Jobs.CodeGen.JobsILPostProcessor, zzzUnity.Burst.CodeGen.BurstILPostProcessor
running Unity.Jobs.CodeGen.JobsILPostProcessor
running zzzUnity.Burst.CodeGen.BurstILPostProcessor
[1218/1510  0s] ILPostProcess Library/Bee/artifacts/900b0aE.dag/post-processed/Unity.CollabProxy.Editor.dll (+pdb)
Processing assembly Library/Bee/artifacts/900b0aE.dag/Unity.CollabProxy.Editor.dll, with 149 defines and 329 references
processors: Unity.Jobs.CodeGen.JobsILPostProcessor, zzzUnity.Burst.CodeGen.BurstILPostProcessor
running Unity.Jobs.CodeGen.JobsILPostProcessor
running zzzUnity.Burst.CodeGen.BurstILPostProcessor
[1219/1510  0s] ILPostProcess Library/Bee/artifacts/900b0aE.dag/post-processed/Unity.PlasticSCM.Editor.dll (+pdb)
Processing assembly Library/Bee/artifacts/900b0aE.dag/Unity.PlasticSCM.Editor.dll, with 149 defines and 302 references
processors: Unity.Jobs.CodeGen.JobsILPostProcessor, zzzUnity.Burst.CodeGen.BurstILPostProcessor
running Unity.Jobs.CodeGen.JobsILPostProcessor
running zzzUnity.Burst.CodeGen.BurstILPostProcessor
[1220/1510  0s] ILPostProcess Library/Bee/artifacts/900b0aE.dag/post-processed/UnityEditor.Purchasing.dll (+pdb)
Processing assembly Library/Bee/artifacts/900b0aE.dag/UnityEditor.Purchasing.dll, with 150 defines and 307 references
processors: Unity.Jobs.CodeGen.JobsILPostProcessor, zzzUnity.Burst.CodeGen.BurstILPostProcessor
running Unity.Jobs.CodeGen.JobsILPostProcessor
running zzzUnity.Burst.CodeGen.BurstILPostProcessor
[1221/1510  0s] ILPostProcess Library/Bee/artifacts/900b0aE.dag/post-processed/Unity.Mobile.AndroidLogcat.Editor.dll (+pdb)
Processing assembly Library/Bee/artifacts/900b0aE.dag/Unity.Mobile.AndroidLogcat.Editor.dll, with 149 defines and 328 references
processors: Unity.Jobs.CodeGen.JobsILPostProcessor, zzzUnity.Burst.CodeGen.BurstILPostProcessor
running Unity.Jobs.CodeGen.JobsILPostProcessor
running zzzUnity.Burst.CodeGen.BurstILPostProcessor
[1222/1510  0s] ILPostProcess Library/Bee/artifacts/900b0aE.dag/post-processed/Unity.Multiplayer.Center.Editor.dll (+pdb)
Processing assembly Library/Bee/artifacts/900b0aE.dag/Unity.Multiplayer.Center.Editor.dll, with 149 defines and 329 references
processors: Unity.Jobs.CodeGen.JobsILPostProcessor, zzzUnity.Burst.CodeGen.BurstILPostProcessor
running Unity.Jobs.CodeGen.JobsILPostProcessor
running zzzUnity.Burst.CodeGen.BurstILPostProcessor
[1223/1510  0s] ILPostProcess Library/Bee/artifacts/900b0aE.dag/post-processed/MCombat.Shared.Editor.dll (+pdb)
Processing assembly Library/Bee/artifacts/900b0aE.dag/MCombat.Shared.Editor.dll, with 149 defines and 331 references
processors: Unity.Jobs.CodeGen.JobsILPostProcessor, zzzUnity.Burst.CodeGen.BurstILPostProcessor
running Unity.Jobs.CodeGen.JobsILPostProcessor
running zzzUnity.Burst.CodeGen.BurstILPostProcessor
[1224/1510  0s] ILPostProcess Library/Bee/artifacts/900b0aE.dag/post-processed/Unity.Addressables.Editor.dll (+pdb)
Processing assembly Library/Bee/artifacts/900b0aE.dag/Unity.Addressables.Editor.dll, with 150 defines and 333 references
processors: Unity.Jobs.CodeGen.JobsILPostProcessor, zzzUnity.Burst.CodeGen.BurstILPostProcessor
running Unity.Jobs.CodeGen.JobsILPostProcessor
running zzzUnity.Burst.CodeGen.BurstILPostProcessor
[1225/1510  0s] ILPostProcess Library/Bee/artifacts/900b0aE.dag/post-processed/PlayFabEditorExtensions.dll (+pdb)
Processing assembly Library/Bee/artifacts/900b0aE.dag/PlayFabEditorExtensions.dll, with 149 defines and 328 references
processors: Unity.Jobs.CodeGen.JobsILPostProcessor, zzzUnity.Burst.CodeGen.BurstILPostProcessor
running Unity.Jobs.CodeGen.JobsILPostProcessor
running zzzUnity.Burst.CodeGen.BurstILPostProcessor
[1226/1510  0s] ILPostProcess Library/Bee/artifacts/900b0aE.dag/post-processed/Unity.Services.Core.Configuration.Editor.dll (+pdb)
Processing assembly Library/Bee/artifacts/900b0aE.dag/Unity.Services.Core.Configuration.Editor.dll, with 149 defines and 331 references
processors: Unity.Jobs.CodeGen.JobsILPostProcessor, zzzUnity.Burst.CodeGen.BurstILPostProcessor
running Unity.Jobs.CodeGen.JobsILPostProcessor
running zzzUnity.Burst.CodeGen.BurstILPostProcessor
[1227/1510  0s] ILPostProcess Library/Bee/artifacts/900b0aE.dag/post-processed/PlayFabSDKEditor.dll (+pdb)
Processing assembly Library/Bee/artifacts/900b0aE.dag/PlayFabSDKEditor.dll, with 149 defines and 329 references
processors: Unity.Jobs.CodeGen.JobsILPostProcessor, zzzUnity.Burst.CodeGen.BurstILPostProcessor
running Unity.Jobs.CodeGen.JobsILPostProcessor
running zzzUnity.Burst.CodeGen.BurstILPostProcessor
[1228/1510  0s] ILPostProcess Library/Bee/artifacts/900b0aE.dag/post-processed/OmniShade.Editor.dll (+pdb)
Processing assembly Library/Bee/artifacts/900b0aE.dag/OmniShade.Editor.dll, with 149 defines and 329 references
processors: Unity.Jobs.CodeGen.JobsILPostProcessor, zzzUnity.Burst.CodeGen.BurstILPostProcessor
running Unity.Jobs.CodeGen.JobsILPostProcessor
running zzzUnity.Burst.CodeGen.BurstILPostProcessor
[1229/1510  0s] ILPostProcess Library/Bee/artifacts/900b0aE.dag/post-processed/Unity.InternalAPIEngineBridge.RenderPipelines.Core.Editor.dll (+pdb)
Processing assembly Library/Bee/artifacts/900b0aE.dag/Unity.InternalAPIEngineBridge.RenderPipelines.Core.Editor.dll, with 149 defines and 328 references
processors: Unity.Jobs.CodeGen.JobsILPostProcessor, zzzUnity.Burst.CodeGen.BurstILPostProcessor
running Unity.Jobs.CodeGen.JobsILPostProcessor
running zzzUnity.Burst.CodeGen.BurstILPostProcessor
[1230/1510  0s] ILPostProcess Library/Bee/artifacts/900b0aE.dag/post-processed/Unity.ShaderGraph.Utilities.dll (+pdb)
Processing assembly Library/Bee/artifacts/900b0aE.dag/Unity.ShaderGraph.Utilities.dll, with 149 defines and 328 references
processors: Unity.Jobs.CodeGen.JobsILPostProcessor, zzzUnity.Burst.CodeGen.BurstILPostProcessor
running Unity.Jobs.CodeGen.JobsILPostProcessor
running zzzUnity.Burst.CodeGen.BurstILPostProcessor
[1231/1510  0s] ILPostProcess Library/Bee/artifacts/900b0aE.dag/post-processed/Unity.Localization.Editor.dll (+pdb)
Processing assembly Library/Bee/artifacts/900b0aE.dag/Unity.Localization.Editor.dll, with 158 defines and 305 references
processors: Unity.Jobs.CodeGen.JobsILPostProcessor, zzzUnity.Burst.CodeGen.BurstILPostProcessor
running Unity.Jobs.CodeGen.JobsILPostProcessor
running zzzUnity.Burst.CodeGen.BurstILPostProcessor
[1232/1510  0s] ILPostProcess Library/Bee/artifacts/900b0aE.dag/post-processed/Unity.TextMeshPro.Editor.dll (+pdb)
Processing assembly Library/Bee/artifacts/900b0aE.dag/Unity.TextMeshPro.Editor.dll, with 149 defines and 330 references
processors: Unity.Jobs.CodeGen.JobsILPostProcessor, zzzUnity.Burst.CodeGen.BurstILPostProcessor
running Unity.Jobs.CodeGen.JobsILPostProcessor
running zzzUnity.Burst.CodeGen.BurstILPostProcessor
[1233/1510  0s] ILPostProcess Library/Bee/artifacts/900b0aE.dag/post-processed/IngameDebugConsole.Editor.dll (+pdb)
Processing assembly Library/Bee/artifacts/900b0aE.dag/IngameDebugConsole.Editor.dll, with 149 defines and 329 references
processors: Unity.Jobs.CodeGen.JobsILPostProcessor, zzzUnity.Burst.CodeGen.BurstILPostProcessor
running Unity.Jobs.CodeGen.JobsILPostProcessor
running zzzUnity.Burst.CodeGen.BurstILPostProcessor
[1234/1510  0s] ILPostProcess Library/Bee/artifacts/900b0aE.dag/post-processed/Unity.Burst.Editor.dll (+pdb)
Processing assembly Library/Bee/artifacts/900b0aE.dag/Unity.Burst.Editor.dll, with 149 defines and 329 references
processors: Unity.Jobs.CodeGen.JobsILPostProcessor, zzzUnity.Burst.CodeGen.BurstILPostProcessor
running Unity.Jobs.CodeGen.JobsILPostProcessor
running zzzUnity.Burst.CodeGen.BurstILPostProcessor
[1462/1510  0s] ILPostProcess Library/Bee/artifacts/900b0aE.dag/post-processed/UnityEditor.UI.Analytics.dll (+pdb)
Processing assembly Library/Bee/artifacts/900b0aE.dag/UnityEditor.UI.Analytics.dll, with 149 defines and 329 references
processors: Unity.Jobs.CodeGen.JobsILPostProcessor, zzzUnity.Burst.CodeGen.BurstILPostProcessor
running Unity.Jobs.CodeGen.JobsILPostProcessor
running zzzUnity.Burst.CodeGen.BurstILPostProcessor
[1494/1510  0s] ILPostProcess Library/Bee/artifacts/900b0aE.dag/post-processed/Unity.Addressables.DocExampleCode.Editor.Tests.dll (+pdb)
Processing assembly Library/Bee/artifacts/900b0aE.dag/Unity.Addressables.DocExampleCode.Editor.Tests.dll, with 151 defines and 303 references
processors: Unity.Jobs.CodeGen.JobsILPostProcessor, zzzUnity.Burst.CodeGen.BurstILPostProcessor
running Unity.Jobs.CodeGen.JobsILPostProcessor
running zzzUnity.Burst.CodeGen.BurstILPostProcessor
[1495/1510  0s] ILPostProcess Library/Bee/artifacts/900b0aE.dag/post-processed/IAPResolver.dll (+pdb)
Processing assembly Library/Bee/artifacts/900b0aE.dag/IAPResolver.dll, with 149 defines and 328 references
processors: Unity.Jobs.CodeGen.JobsILPostProcessor, zzzUnity.Burst.CodeGen.BurstILPostProcessor
running Unity.Jobs.CodeGen.JobsILPostProcessor
running zzzUnity.Burst.CodeGen.BurstILPostProcessor
[1496/1510  0s] ILPostProcess Library/Bee/artifacts/900b0aE.dag/post-processed/HeurekaGames.Utils.dll (+pdb)
Processing assembly Library/Bee/artifacts/900b0aE.dag/HeurekaGames.Utils.dll, with 149 defines and 328 references
processors: Unity.Jobs.CodeGen.JobsILPostProcessor, zzzUnity.Burst.CodeGen.BurstILPostProcessor
running Unity.Jobs.CodeGen.JobsILPostProcessor
running zzzUnity.Burst.CodeGen.BurstILPostProcessor
[1503/1510  0s] ILPostProcess Library/Bee/artifacts/900b0aE.dag/post-processed/Unity.RenderPipelines.Core.Editor.dll (+pdb)
Processing assembly Library/Bee/artifacts/900b0aE.dag/Unity.RenderPipelines.Core.Editor.dll, with 152 defines and 337 references
processors: Unity.Jobs.CodeGen.JobsILPostProcessor, zzzUnity.Burst.CodeGen.BurstILPostProcessor
running Unity.Jobs.CodeGen.JobsILPostProcessor
running zzzUnity.Burst.CodeGen.BurstILPostProcessor
[1506/1510  2s] Csc Library/Bee/artifacts/900b0aE.dag/Assembly-CSharp-Editor.dll (+2 others)
##### CommandLine
"/Applications/Unity/Hub/Editor/6000.5.1f1/Unity.app/Contents/Resources/Scripting/DotNetSdk/dotnet" exec "/Applications/Unity/Hub/Editor/6000.5.1f1/Unity.app/Contents/Resources/Scripting/DotNetSdk/sdk/8.0.318/Roslyn/bincore/csc.dll" /nostdlib /noconfig /shared "@Library/Bee/artifacts/900b0aE.dag/Assembly-CSharp-Editor.rsp" "@Library/Bee/artifacts/900b0aE.dag/Assembly-CSharp-Editor.rsp2"
##### Contents of Library/Bee/artifacts/900b0aE.dag/Assembly-CSharp-Editor.rsp
-target:library
-out:"Library/Bee/artifacts/900b0aE.dag/Assembly-CSharp-Editor.dll"
-refout:"Library/Bee/artifacts/900b0aE.dag/Assembly-CSharp-Editor.ref.dll"
-define:UNITY_6000_5_1
-define:UNITY_6000_5
-define:UNITY_6000
-define:UNITY_5_3_OR_NEWER
-define:UNITY_5_4_OR_NEWER
-define:UNITY_5_5_OR_NEWER
-define:UNITY_5_6_OR_NEWER
-define:UNITY_2017_1_OR_NEWER
-define:UNITY_2017_2_OR_NEWER
-define:UNITY_2017_3_OR_NEWER
-define:UNITY_2017_4_OR_NEWER
-define:UNITY_2018_1_OR_NEWER
-define:UNITY_2018_2_OR_NEWER
-define:UNITY_2018_3_OR_NEWER
-define:UNITY_2018_4_OR_NEWER
-define:UNITY_2019_1_OR_NEWER
-define:UNITY_2019_2_OR_NEWER
-define:UNITY_2019_3_OR_NEWER
-define:UNITY_2019_4_OR_NEWER
-define:UNITY_2020_1_OR_NEWER
-define:UNITY_2020_2_OR_NEWER
-define:UNITY_2020_3_OR_NEWER
-define:UNITY_2021_1_OR_NEWER
-define:UNITY_2021_2_OR_NEWER
-define:UNITY_2021_3_OR_NEWER
-define:UNITY_2022_1_OR_NEWER
-define:UNITY_2022_2_OR_NEWER
-define:UNITY_2022_3_OR_NEWER
-define:UNITY_2023_1_OR_NEWER
-define:UNITY_2023_2_OR_NEWER
-define:UNITY_2023_3_OR_NEWER
-define:UNITY_6000_0_OR_NEWER
-define:UNITY_6000_1_OR_NEWER
-define:UNITY_6000_2_OR_NEWER
-define:UNITY_6000_3_OR_NEWER
-define:UNITY_6000_4_OR_NEWER
-define:UNITY_6000_5_OR_NEWER
-define:UNITY_INCLUDE_TESTS
-define:ENABLE_AR
-define:ENABLE_AUDIO
-define:ENABLE_AUDIO_SCRIPTABLE_PIPELINE
-define:ENABLE_CACHING
-define:ENABLE_CLOTH
-define:ENABLE_MICROPHONE
-define:ENABLE_MULTIPLE_DISPLAYS
-define:ENABLE_PHYSICS
-define:ENABLE_TEXTURE_STREAMING
-define:ENABLE_LZMA
-define:ENABLE_UNITYEVENTS
-define:ENABLE_VR
-define:ENABLE_WEBCAM
-define:ENABLE_UNITYWEBREQUEST
-define:ENABLE_WWW
-define:ENABLE_CLOUD_SERVICES
-define:ENABLE_CLOUD_SERVICES_ADS
-define:ENABLE_CLOUD_SERVICES_USE_WEBREQUEST
-define:ENABLE_UNITY_CONSENT
-define:ENABLE_UNITY_CLOUD_IDENTIFIERS
-define:ENABLE_CLOUD_SERVICES_CRASH_REPORTING
-define:ENABLE_CLOUD_SERVICES_PURCHASING
-define:ENABLE_CLOUD_SERVICES_ANALYTICS
-define:ENABLE_CLOUD_SERVICES_BUILD
-define:ENABLE_EDITOR_GAME_SERVICES
-define:ENABLE_UNITY_GAME_SERVICES_ANALYTICS_SUPPORT
-define:ENABLE_CLOUD_LICENSE
-define:ENABLE_EDITOR_HUB_LICENSE
-define:ENABLE_WEBSOCKET_CLIENT
-define:ENABLE_GENERATE_NATIVE_PLUGINS_FOR_ASSEMBLIES_API
-define:ENABLE_DIRECTOR_AUDIO
-define:ENABLE_DIRECTOR_TEXTURE
-define:ENABLE_MANAGED_JOBS
-define:ENABLE_MANAGED_TRANSFORM_JOBS
-define:ENABLE_MANAGED_ANIMATION_JOBS
-define:ENABLE_MANAGED_AUDIO_JOBS
-define:ENABLE_ENGINE_CODE_STRIPPING
-define:ENABLE_ONSCREEN_KEYBOARD
-define:ENABLE_MANAGED_UNITYTLS
-define:INCLUDE_DYNAMIC_GI
-define:ENABLE_SCRIPTING_GC_WBARRIERS
-define:PLATFORM_SUPPORTS_MONO
-define:ENABLE_MARSHALLING_TESTS
-define:ENABLE_VIDEO
-define:ENABLE_NAVIGATION_OFFMESHLINK_TO_NAVMESHLINK
-define:ENABLE_ACCELERATOR_CLIENT_DEBUGGING
-define:ENABLE_ACCESSIBILITY_SCREEN_READER
-define:ENABLE_ACCESSIBILITY_SETTINGS
-define:TEXTCORE_1_0_OR_NEWER
-define:EDITOR_ONLY_NAVMESH_BUILDER_DEPRECATED
-define:ENABLE_RUNTIME_GI
-define:ENABLE_GAMECENTER
-define:ENABLE_NETWORK
-define:ENABLE_IOS_ON_DEMAND_RESOURCES
-define:ENABLE_IOS_APP_SLICING
-define:PLAYERCONNECTION_LISTENS_FIXED_PORT
-define:DEBUGGER_LISTENS_FIXED_PORT
-define:PLATFORM_SUPPORTS_ADS_ID
-define:PLATFORM_SUPPORTS_INSIGHTS_IDFA
-define:PLATFORM_SUPPORTS_INSIGHTS_DEVICE_INFO
-define:SUPPORT_ENVIRONMENT_VARIABLES
-define:PLATFORM_SUPPORTS_PROFILER
-define:ENABLE_CRUNCH_TEXTURE_COMPRESSION
-define:ENABLE_ETC_COMPRESSION
-define:UNITY_IPHONE_API
-define:PLATFORM_SUPPORTS_SPLIT_GRAPHICS_JOBS
-define:ENABLE_INSIGHTS_PLATFORM_SPECIFIC_RESOURCES
-define:ENABLE_UNITYADS_RUNTIME
-define:UNITY_UNITYADS_API
-define:PLATFORM_IOS
-define:UNITY_IOS
-define:PLATFORM_IPHONE
-define:UNITY_IPHONE
-define:UNITY_HAS_GOOGLEVR
-define:ENABLE_SPATIALTRACKING
-define:ENABLE_CLOUD_SERVICES_ENGINE_DIAGNOSTICS
-define:ENABLE_FIREBASE_IDENTIFIERS
-define:ENABLE_MONO
-define:NET_4_6
-define:NET_UNITY_4_8
-define:ENABLE_PROFILER
-define:DEBUG
-define:TRACE
-define:UNITY_ASSERTIONS
-define:UNITY_EDITOR
-define:UNITY_EDITOR_64
-define:UNITY_EDITOR_OSX
-define:ENABLE_UNITY_COLLECTIONS_CHECKS
-define:ENABLE_BURST_AOT
-define:UNITY_TEAM_LICENSE
-define:ENABLE_CUSTOM_RENDER_TEXTURE
-define:ENABLE_DIRECTOR
-define:ENABLE_LOCALIZATION
-define:ENABLE_SPRITES
-define:ENABLE_TERRAIN
-define:ENABLE_TILEMAP
-define:ENABLE_TIMELINE
-define:ENABLE_INPUT_SYSTEM
-define:ENABLE_LEGACY_INPUT_MANAGER
-define:TEXTCORE_FONT_ENGINE_1_5_OR_NEWER
-define:TEXTCORE_TEXT_ENGINE_1_5_OR_NEWER
-define:TEXTCORE_FONT_ENGINE_1_6_OR_NEWER
-define:CT_BWF
-define:ENABLE_PLAYFABADMIN_API
-define:ENABLE_PLAYFABSERVER_API
-define:MAGICACLOTH2
-define:DOTWEEN
-define:POCKETSTRIKER_QUEUED_STORIES
-define:CSHARP_7_OR_LATER
-define:CSHARP_7_3_OR_NEWER
-define:UNITY_EDITOR_ONLY_COMPILATION
-r:"/Applications/Unity/Hub/Editor/6000.5.1f1/Unity.app/Contents/Resources/Scripting/BCLExtensions/TargetingPacks/netstandard2.1/ref/Microsoft.Bcl.AsyncInterfaces.dll"
-r:"/Applications/Unity/Hub/Editor/6000.5.1f1/Unity.app/Contents/Resources/Scripting/BCLExtensions/TargetingPacks/netstandard2.1/ref/Microsoft.Extensions.DependencyInjection.Abstractions.dll"
-r:"/Applications/Unity/Hub/Editor/6000.5.1f1/Unity.app/Contents/Resources/Scripting/BCLExtensions/TargetingPacks/netstandard2.1/ref/Microsoft.Extensions.Logging.Abstractions.dll"
-r:"/Applications/Unity/Hub/Editor/6000.5.1f1/Unity.app/Contents/Resources/Scripting/BCLExtensions/TargetingPacks/netstandard2.1/ref/System.Collections.Immutable.dll"
-r:"/Applications/Unity/Hub/Editor/6000.5.1f1/Unity.app/Contents/Resources/Scripting/BCLExtensions/TargetingPacks/netstandard2.1/ref/System.Diagnostics.DiagnosticSource.dll"
-r:"/Applications/Unity/Hub/Editor/6000.5.1f1/Unity.app/Contents/Resources/Scripting/BCLExtensions/TargetingPacks/netstandard2.1/ref/System.IO.Hashing.dll"
-r:"/Applications/Unity/Hub/Editor/6000.5.1f1/Unity.app/Contents/Resources/Scripting/BCLExtensions/TargetingPacks/netstandard2.1/ref/System.Reflection.Metadata.dll"
-r:"/Applications/Unity/Hub/Editor/6000.5.1f1/Unity.app/Contents/Resources/Scripting/BCLExtensions/TargetingPacks/netstandard2.1/ref/System.Runtime.CompilerServices.Unsafe.dll"
-r:"/Applications/Unity/Hub/Editor/6000.5.1f1/Unity.app/Contents/Resources/Scripting/BCLExtensions/TargetingPacks/netstandard2.1/ref/System.Text.Encodings.Web.dll"
-r:"/Applications/Unity/Hub/Editor/6000.5.1f1/Unity.app/Contents/Resources/Scripting/BCLExtensions/TargetingPacks/netstandard2.1/ref/System.Text.Json.dll"
-r:"/Applications/Unity/Hub/Editor/6000.5.1f1/PlaybackEngines/AndroidPlayer/Unity.Android.Gradle.dll"
-r:"/Applications/Unity/Hub/Editor/6000.5.1f1/PlaybackEngines/AndroidPlayer/Unity.Android.Types.dll"
-r:"/Applications/Unity/Hub/Editor/6000.5.1f1/PlaybackEngines/AndroidPlayer/UnityEditor.Android.Extensions.dll"
-r:"/Applications/Unity/Hub/Editor/6000.5.1f1/PlaybackEngines/MacStandaloneSupport/UnityEditor.OSXStandalone.Extensions.dll"
-r:"/Applications/Unity/Hub/Editor/6000.5.1f1/PlaybackEngines/MacStandaloneSupport/UnityEditor.iOS.Extensions.Xcode.dll"
-r:"/Applications/Unity/Hub/Editor/6000.5.1f1/PlaybackEngines/iOSSupport/UnityEditor.Apple.Extensions.Common.dll"
-r:"/Applications/Unity/Hub/Editor/6000.5.1f1/PlaybackEngines/iOSSupport/UnityEditor.iOS.Extensions.Common.dll"
-r:"/Applications/Unity/Hub/Editor/6000.5.1f1/PlaybackEngines/iOSSupport/UnityEditor.iOS.Extensions.Xcode.dll"
-r:"/Applications/Unity/Hub/Editor/6000.5.1f1/PlaybackEngines/iOSSupport/UnityEditor.iOS.Extensions.dll"
-r:"/Applications/Unity/Hub/Editor/6000.5.1f1/Unity.app/Contents/Resources/Scripting/Managed/UnityEditor.Graphs.dll"
-r:"/Applications/Unity/Hub/Editor/6000.5.1f1/Unity.app/Contents/Resources/Scripting/Managed/UnityEngine/Unity.Scripting.dll"
-r:"/Applications/Unity/Hub/Editor/6000.5.1f1/Unity.app/Contents/Resources/Scripting/Managed/UnityEngine/UnityEditor.AIModule.dll"
-r:"/Applications/Unity/Hub/Editor/6000.5.1f1/Unity.app/Contents/Resources/Scripting/Managed/UnityEngine/UnityEditor.AccessibilityModule.dll"
-r:"/Applications/Unity/Hub/Editor/6000.5.1f1/Unity.app/Contents/Resources/Scripting/Managed/UnityEngine/UnityEditor.AdaptivePerformanceModule.dll"
-r:"/Applications/Unity/Hub/Editor/6000.5.1f1/Unity.app/Contents/Resources/Scripting/Managed/UnityEngine/UnityEditor.AssetComplianceModule.dll"
-r:"/Applications/Unity/Hub/Editor/6000.5.1f1/Unity.app/Contents/Resources/Scripting/Managed/UnityEngine/UnityEditor.BuildProfileModule.dll"
-r:"/Applications/Unity/Hub/Editor/6000.5.1f1/Unity.app/Contents/Resources/Scripting/Managed/UnityEngine/UnityEditor.ClothModule.dll"
-r:"/Applications/Unity/Hub/Editor/6000.5.1f1/Unity.app/Contents/Resources/Scripting/Managed/UnityEngine/UnityEditor.ContentLoadModule.dll"
-r:"/Applications/Unity/Hub/Editor/6000.5.1f1/Unity.app/Contents/Resources/Scripting/Managed/UnityEngine/UnityEditor.CoreBusinessMetricsModule.dll"
-r:"/Applications/Unity/Hub/Editor/6000.5.1f1/Unity.app/Contents/Resources/Scripting/Managed/UnityEngine/UnityEditor.CoreModule.dll"
-r:"/Applications/Unity/Hub/Editor/6000.5.1f1/Unity.app/Contents/Resources/Scripting/Managed/UnityEngine/UnityEditor.DeviceSimulatorModule.dll"
-r:"/Applications/Unity/Hub/Editor/6000.5.1f1/Unity.app/Contents/Resources/Scripting/Managed/UnityEngine/UnityEditor.DiagnosticsModule.dll"
-r:"/Applications/Unity/Hub/Editor/6000.5.1f1/Unity.app/Contents/Resources/Scripting/Managed/UnityEngine/UnityEditor.EditorToolbarModule.dll"
-r:"/Applications/Unity/Hub/Editor/6000.5.1f1/Unity.app/Contents/Resources/Scripting/Managed/UnityEngine/UnityEditor.EmbreeModule.dll"
-r:"/Applications/Unity/Hub/Editor/6000.5.1f1/Unity.app/Contents/Resources/Scripting/Managed/UnityEngine/UnityEditor.GIModule.dll"
-r:"/Applications/Unity/Hub/Editor/6000.5.1f1/Unity.app/Contents/Resources/Scripting/Managed/UnityEngine/UnityEditor.GenericRemoteModule.dll"
-r:"/Applications/Unity/Hub/Editor/6000.5.1f1/Unity.app/Contents/Resources/Scripting/Managed/UnityEngine/UnityEditor.GraphToolkitModule.dll"
-r:"/Applications/Unity/Hub/Editor/6000.5.1f1/Unity.app/Contents/Resources/Scripting/Managed/UnityEngine/UnityEditor.GraphViewModule.dll"
-r:"/Applications/Unity/Hub/Editor/6000.5.1f1/Unity.app/Contents/Resources/Scripting/Managed/UnityEngine/UnityEditor.GraphicsStateCollectionSerializerModule.dll"
-r:"/Applications/Unity/Hub/Editor/6000.5.1f1/Unity.app/Contents/Resources/Scripting/Managed/UnityEngine/UnityEditor.GridAndSnapModule.dll"
-r:"/Applications/Unity/Hub/Editor/6000.5.1f1/Unity.app/Contents/Resources/Scripting/Managed/UnityEngine/UnityEditor.GridModule.dll"
-r:"/Applications/Unity/Hub/Editor/6000.5.1f1/Unity.app/Contents/Resources/Scripting/Managed/UnityEngine/UnityEditor.HierarchyModule.dll"
-r:"/Applications/Unity/Hub/Editor/6000.5.1f1/Unity.app/Contents/Resources/Scripting/Managed/UnityEngine/UnityEditor.LightingModule.dll"
-r:"/Applications/Unity/Hub/Editor/6000.5.1f1/Unity.app/Contents/Resources/Scripting/Managed/UnityEngine/UnityEditor.MathematicsModule.dll"
-r:"/Applications/Unity/Hub/Editor/6000.5.1f1/Unity.app/Contents/Resources/Scripting/Managed/UnityEngine/UnityEditor.MediaModule.dll"
-r:"/Applications/Unity/Hub/Editor/6000.5.1f1/Unity.app/Contents/Resources/Scripting/Managed/UnityEngine/UnityEditor.MultiplayerModule.dll"
-r:"/Applications/Unity/Hub/Editor/6000.5.1f1/Unity.app/Contents/Resources/Scripting/Managed/UnityEngine/UnityEditor.Physics2DModule.dll"
-r:"/Applications/Unity/Hub/Editor/6000.5.1f1/Unity.app/Contents/Resources/Scripting/Managed/UnityEngine/UnityEditor.PhysicsCore2DModule.dll"
-r:"/Applications/Unity/Hub/Editor/6000.5.1f1/Unity.app/Contents/Resources/Scripting/Managed/UnityEngine/UnityEditor.PhysicsModule.dll"
-r:"/Applications/Unity/Hub/Editor/6000.5.1f1/Unity.app/Contents/Resources/Scripting/Managed/UnityEngine/UnityEditor.PlayModeModule.dll"
-r:"/Applications/Unity/Hub/Editor/6000.5.1f1/Unity.app/Contents/Resources/Scripting/Managed/UnityEngine/UnityEditor.PresetsUIModule.dll"
-r:"/Applications/Unity/Hub/Editor/6000.5.1f1/Unity.app/Contents/Resources/Scripting/Managed/UnityEngine/UnityEditor.ProjectAuditorModule.dll"
-r:"/Applications/Unity/Hub/Editor/6000.5.1f1/Unity.app/Contents/Resources/Scripting/Managed/UnityEngine/UnityEditor.PropertiesModule.dll"
-r:"/Applications/Unity/Hub/Editor/6000.5.1f1/Unity.app/Contents/Resources/Scripting/Managed/UnityEngine/UnityEditor.QuickInstallModule.dll"
-r:"/Applications/Unity/Hub/Editor/6000.5.1f1/Unity.app/Contents/Resources/Scripting/Managed/UnityEngine/UnityEditor.QuickSearchModule.dll"
-r:"/Applications/Unity/Hub/Editor/6000.5.1f1/Unity.app/Contents/Resources/Scripting/Managed/UnityEngine/UnityEditor.SafeModeModule.dll"
-r:"/Applications/Unity/Hub/Editor/6000.5.1f1/Unity.app/Contents/Resources/Scripting/Managed/UnityEngine/UnityEditor.SceneTemplateModule.dll"
-r:"/Applications/Unity/Hub/Editor/6000.5.1f1/Unity.app/Contents/Resources/Scripting/Managed/UnityEngine/UnityEditor.SceneViewModule.dll"
-r:"/Applications/Unity/Hub/Editor/6000.5.1f1/Unity.app/Contents/Resources/Scripting/Managed/UnityEngine/UnityEditor.ShaderBuildSettingsModule.dll"
-r:"/Applications/Unity/Hub/Editor/6000.5.1f1/Unity.app/Contents/Resources/Scripting/Managed/UnityEngine/UnityEditor.ShaderCompilationModule.dll"
-r:"/Applications/Unity/Hub/Editor/6000.5.1f1/Unity.app/Contents/Resources/Scripting/Managed/UnityEngine/UnityEditor.ShaderFoundryModule.dll"
-r:"/Applications/Unity/Hub/Editor/6000.5.1f1/Unity.app/Contents/Resources/Scripting/Managed/UnityEngine/UnityEditor.SketchUpModule.dll"
-r:"/Applications/Unity/Hub/Editor/6000.5.1f1/Unity.app/Contents/Resources/Scripting/Managed/UnityEngine/UnityEditor.SpriteMaskModule.dll"
-r:"/Applications/Unity/Hub/Editor/6000.5.1f1/Unity.app/Contents/Resources/Scripting/Managed/UnityEngine/UnityEditor.SpriteShapeModule.dll"
-r:"/Applications/Unity/Hub/Editor/6000.5.1f1/Unity.app/Contents/Resources/Scripting/Managed/UnityEngine/UnityEditor.SubstanceModule.dll"
-r:"/Applications/Unity/Hub/Editor/6000.5.1f1/Unity.app/Contents/Resources/Scripting/Managed/UnityEngine/UnityEditor.TerrainModule.dll"
-r:"/Applications/Unity/Hub/Editor/6000.5.1f1/Unity.app/Contents/Resources/Scripting/Managed/UnityEngine/UnityEditor.TextCoreFontEngineModule.dll"
-r:"/Applications/Unity/Hub/Editor/6000.5.1f1/Unity.app/Contents/Resources/Scripting/Managed/UnityEngine/UnityEditor.TextCoreTextEngineModule.dll"
-r:"/Applications/Unity/Hub/Editor/6000.5.1f1/Unity.app/Contents/Resources/Scripting/Managed/UnityEngine/UnityEditor.TextRenderingModule.dll"
-r:"/Applications/Unity/Hub/Editor/6000.5.1f1/Unity.app/Contents/Resources/Scripting/Managed/UnityEngine/UnityEditor.TilemapModule.dll"
-r:"/Applications/Unity/Hub/Editor/6000.5.1f1/Unity.app/Contents/Resources/Scripting/Managed/UnityEngine/UnityEditor.TreeModule.dll"
-r:"/Applications/Unity/Hub/Editor/6000.5.1f1/Unity.app/Contents/Resources/Scripting/Managed/UnityEngine/UnityEditor.U2DModule.dll"
-r:"/Applications/Unity/Hub/Editor/6000.5.1f1/Unity.app/Contents/Resources/Scripting/Managed/UnityEngine/UnityEditor.UIAutomationModule.dll"
-r:"/Applications/Unity/Hub/Editor/6000.5.1f1/Unity.app/Contents/Resources/Scripting/Managed/UnityEngine/UnityEditor.UIBuilderModule.dll"
-r:"/Applications/Unity/Hub/Editor/6000.5.1f1/Unity.app/Contents/Resources/Scripting/Managed/UnityEngine/UnityEditor.UIElementsModule.dll"
-r:"/Applications/Unity/Hub/Editor/6000.5.1f1/Unity.app/Contents/Resources/Scripting/Managed/UnityEngine/UnityEditor.UIElementsSamplesModule.dll"
-r:"/Applications/Unity/Hub/Editor/6000.5.1f1/Unity.app/Contents/Resources/Scripting/Managed/UnityEngine/UnityEditor.UIToolkitAuthoringModule.dll"
-r:"/Applications/Unity/Hub/Editor/6000.5.1f1/Unity.app/Contents/Resources/Scripting/Managed/UnityEngine/UnityEditor.UmbraModule.dll"
-r:"/Applications/Unity/Hub/Editor/6000.5.1f1/Unity.app/Contents/Resources/Scripting/Managed/UnityEngine/UnityEditor.UnityConnectModule.dll"
-r:"/Applications/Unity/Hub/Editor/6000.5.1f1/Unity.app/Contents/Resources/Scripting/Managed/UnityEngine/UnityEditor.VFXModule.dll"
-r:"/Applications/Unity/Hub/Editor/6000.5.1f1/Unity.app/Contents/Resources/Scripting/Managed/UnityEngine/UnityEditor.VectorGraphicsModule.dll"
-r:"/Applications/Unity/Hub/Editor/6000.5.1f1/Unity.app/Contents/Resources/Scripting/Managed/UnityEngine/UnityEditor.VideoModule.dll"
-r:"/Applications/Unity/Hub/Editor/6000.5.1f1/Unity.app/Contents/Resources/Scripting/Managed/UnityEngine/UnityEditor.XRModule.dll"
-r:"/Applications/Unity/Hub/Editor/6000.5.1f1/Unity.app/Contents/Resources/Scripting/Managed/UnityEngine/UnityEditor.dll"
-r:"/Applications/Unity/Hub/Editor/6000.5.1f1/Unity.app/Contents/Resources/Scripting/Managed/UnityEngine/UnityEngine.AIModule.dll"
-r:"/Applications/Unity/Hub/Editor/6000.5.1f1/Unity.app/Contents/Resources/Scripting/Managed/UnityEngine/UnityEngine.AMDModule.dll"
-r:"/Applications/Unity/Hub/Editor/6000.5.1f1/Unity.app/Contents/Resources/Scripting/Managed/UnityEngine/UnityEngine.ARModule.dll"
-r:"/Applications/Unity/Hub/Editor/6000.5.1f1/Unity.app/Contents/Resources/Scripting/Managed/UnityEngine/UnityEngine.AccessibilityModule.dll"
-r:"/Applications/Unity/Hub/Editor/6000.5.1f1/Unity.app/Contents/Resources/Scripting/Managed/UnityEngine/UnityEngine.AdaptivePerformanceModule.dll"
-r:"/Applications/Unity/Hub/Editor/6000.5.1f1/Unity.app/Contents/Resources/Scripting/Managed/UnityEngine/UnityEngine.AndroidJNIModule.dll"
-r:"/Applications/Unity/Hub/Editor/6000.5.1f1/Unity.app/Contents/Resources/Scripting/Managed/UnityEngine/UnityEngine.AnimationModule.dll"
-r:"/Applications/Unity/Hub/Editor/6000.5.1f1/Unity.app/Contents/Resources/Scripting/Managed/UnityEngine/UnityEngine.AssetBundleModule.dll"
-r:"/Applications/Unity/Hub/Editor/6000.5.1f1/Unity.app/Contents/Resources/Scripting/Managed/UnityEngine/UnityEngine.AudioModule.dll"
-r:"/Applications/Unity/Hub/Editor/6000.5.1f1/Unity.app/Contents/Resources/Scripting/Managed/UnityEngine/UnityEngine.ClothModule.dll"
-r:"/Applications/Unity/Hub/Editor/6000.5.1f1/Unity.app/Contents/Resources/Scripting/Managed/UnityEngine/UnityEngine.ClusterInputModule.dll"
-r:"/Applications/Unity/Hub/Editor/6000.5.1f1/Unity.app/Contents/Resources/Scripting/Managed/UnityEngine/UnityEngine.ClusterRendererModule.dll"
-r:"/Applications/Unity/Hub/Editor/6000.5.1f1/Unity.app/Contents/Resources/Scripting/Managed/UnityEngine/UnityEngine.ContentLoadModule.dll"
-r:"/Applications/Unity/Hub/Editor/6000.5.1f1/Unity.app/Contents/Resources/Scripting/Managed/UnityEngine/UnityEngine.CoreModule.dll"
-r:"/Applications/Unity/Hub/Editor/6000.5.1f1/Unity.app/Contents/Resources/Scripting/Managed/UnityEngine/UnityEngine.CrashReportingModule.dll"
-r:"/Applications/Unity/Hub/Editor/6000.5.1f1/Unity.app/Contents/Resources/Scripting/Managed/UnityEngine/UnityEngine.DSPGraphModule.dll"
-r:"/Applications/Unity/Hub/Editor/6000.5.1f1/Unity.app/Contents/Resources/Scripting/Managed/UnityEngine/UnityEngine.DirectorModule.dll"
-r:"/Applications/Unity/Hub/Editor/6000.5.1f1/Unity.app/Contents/Resources/Scripting/Managed/UnityEngine/UnityEngine.GIModule.dll"
-r:"/Applications/Unity/Hub/Editor/6000.5.1f1/Unity.app/Contents/Resources/Scripting/Managed/UnityEngine/UnityEngine.GameCenterModule.dll"
-r:"/Applications/Unity/Hub/Editor/6000.5.1f1/Unity.app/Contents/Resources/Scripting/Managed/UnityEngine/UnityEngine.GraphicsStateCollectionSerializerModule.dll"
-r:"/Applications/Unity/Hub/Editor/6000.5.1f1/Unity.app/Contents/Resources/Scripting/Managed/UnityEngine/UnityEngine.GridModule.dll"
-r:"/Applications/Unity/Hub/Editor/6000.5.1f1/Unity.app/Contents/Resources/Scripting/Managed/UnityEngine/UnityEngine.HierarchyCoreModule.dll"
-r:"/Applications/Unity/Hub/Editor/6000.5.1f1/Unity.app/Contents/Resources/Scripting/Managed/UnityEngine/UnityEngine.HierarchyModule.dll"
-r:"/Applications/Unity/Hub/Editor/6000.5.1f1/Unity.app/Contents/Resources/Scripting/Managed/UnityEngine/UnityEngine.HotReloadModule.dll"
-r:"/Applications/Unity/Hub/Editor/6000.5.1f1/Unity.app/Contents/Resources/Scripting/Managed/UnityEngine/UnityEngine.IMGUIModule.dll"
-r:"/Applications/Unity/Hub/Editor/6000.5.1f1/Unity.app/Contents/Resources/Scripting/Managed/UnityEngine/UnityEngine.IdentifiersModule.dll"
-r:"/Applications/Unity/Hub/Editor/6000.5.1f1/Unity.app/Contents/Resources/Scripting/Managed/UnityEngine/UnityEngine.ImageConversionModule.dll"
-r:"/Applications/Unity/Hub/Editor/6000.5.1f1/Unity.app/Contents/Resources/Scripting/Managed/UnityEngine/UnityEngine.InputForUIModule.dll"
-r:"/Applications/Unity/Hub/Editor/6000.5.1f1/Unity.app/Contents/Resources/Scripting/Managed/UnityEngine/UnityEngine.InputLegacyModule.dll"
-r:"/Applications/Unity/Hub/Editor/6000.5.1f1/Unity.app/Contents/Resources/Scripting/Managed/UnityEngine/UnityEngine.InputModule.dll"
-r:"/Applications/Unity/Hub/Editor/6000.5.1f1/Unity.app/Contents/Resources/Scripting/Managed/UnityEngine/UnityEngine.InsightsModule.dll"
-r:"/Applications/Unity/Hub/Editor/6000.5.1f1/Unity.app/Contents/Resources/Scripting/Managed/UnityEngine/UnityEngine.JSONSerializeModule.dll"
-r:"/Applications/Unity/Hub/Editor/6000.5.1f1/Unity.app/Contents/Resources/Scripting/Managed/UnityEngine/UnityEngine.LocalizationModule.dll"
-r:"/Applications/Unity/Hub/Editor/6000.5.1f1/Unity.app/Contents/Resources/Scripting/Managed/UnityEngine/UnityEngine.MarshallingModule.dll"
-r:"/Applications/Unity/Hub/Editor/6000.5.1f1/Unity.app/Contents/Resources/Scripting/Managed/UnityEngine/UnityEngine.MathematicsModule.dll"
-r:"/Applications/Unity/Hub/Editor/6000.5.1f1/Unity.app/Contents/Resources/Scripting/Managed/UnityEngine/UnityEngine.MultiplayerModule.dll"
-r:"/Applications/Unity/Hub/Editor/6000.5.1f1/Unity.app/Contents/Resources/Scripting/Managed/UnityEngine/UnityEngine.NVIDIAModule.dll"
-r:"/Applications/Unity/Hub/Editor/6000.5.1f1/Unity.app/Contents/Resources/Scripting/Managed/UnityEngine/UnityEngine.ParticleSystemModule.dll"
-r:"/Applications/Unity/Hub/Editor/6000.5.1f1/Unity.app/Contents/Resources/Scripting/Managed/UnityEngine/UnityEngine.PerformanceReportingModule.dll"
-r:"/Applications/Unity/Hub/Editor/6000.5.1f1/Unity.app/Contents/Resources/Scripting/Managed/UnityEngine/UnityEngine.Physics2DModule.dll"
-r:"/Applications/Unity/Hub/Editor/6000.5.1f1/Unity.app/Contents/Resources/Scripting/Managed/UnityEngine/UnityEngine.PhysicsBackendPhysXModule.dll"
-r:"/Applications/Unity/Hub/Editor/6000.5.1f1/Unity.app/Contents/Resources/Scripting/Managed/UnityEngine/UnityEngine.PhysicsCore2DModule.dll"
-r:"/Applications/Unity/Hub/Editor/6000.5.1f1/Unity.app/Contents/Resources/Scripting/Managed/UnityEngine/UnityEngine.PhysicsModule.dll"
-r:"/Applications/Unity/Hub/Editor/6000.5.1f1/Unity.app/Contents/Resources/Scripting/Managed/UnityEngine/UnityEngine.PropertiesModule.dll"
-r:"/Applications/Unity/Hub/Editor/6000.5.1f1/Unity.app/Contents/Resources/Scripting/Managed/UnityEngine/UnityEngine.RenderAs2DModule.dll"
-r:"/Applications/Unity/Hub/Editor/6000.5.1f1/Unity.app/Contents/Resources/Scripting/Managed/UnityEngine/UnityEngine.RuntimeInitializeOnLoadManagerInitializerModule.dll"
-r:"/Applications/Unity/Hub/Editor/6000.5.1f1/Unity.app/Contents/Resources/Scripting/Managed/UnityEngine/UnityEngine.ScreenCaptureModule.dll"
-r:"/Applications/Unity/Hub/Editor/6000.5.1f1/Unity.app/Contents/Resources/Scripting/Managed/UnityEngine/UnityEngine.ScriptingModule.dll"
-r:"/Applications/Unity/Hub/Editor/6000.5.1f1/Unity.app/Contents/Resources/Scripting/Managed/UnityEngine/UnityEngine.ShaderVariantAnalyticsModule.dll"
-r:"/Applications/Unity/Hub/Editor/6000.5.1f1/Unity.app/Contents/Resources/Scripting/Managed/UnityEngine/UnityEngine.SharedInternalsModule.dll"
-r:"/Applications/Unity/Hub/Editor/6000.5.1f1/Unity.app/Contents/Resources/Scripting/Managed/UnityEngine/UnityEngine.SpriteMaskModule.dll"
-r:"/Applications/Unity/Hub/Editor/6000.5.1f1/Unity.app/Contents/Resources/Scripting/Managed/UnityEngine/UnityEngine.SpriteShapeModule.dll"
-r:"/Applications/Unity/Hub/Editor/6000.5.1f1/Unity.app/Contents/Resources/Scripting/Managed/UnityEngine/UnityEngine.StreamingModule.dll"
-r:"/Applications/Unity/Hub/Editor/6000.5.1f1/Unity.app/Contents/Resources/Scripting/Managed/UnityEngine/UnityEngine.SubstanceModule.dll"
-r:"/Applications/Unity/Hub/Editor/6000.5.1f1/Unity.app/Contents/Resources/Scripting/Managed/UnityEngine/UnityEngine.SubsystemsModule.dll"
-r:"/Applications/Unity/Hub/Editor/6000.5.1f1/Unity.app/Contents/Resources/Scripting/Managed/UnityEngine/UnityEngine.TLSModule.dll"
-r:"/Applications/Unity/Hub/Editor/6000.5.1f1/Unity.app/Contents/Resources/Scripting/Managed/UnityEngine/UnityEngine.TerrainModule.dll"
-r:"/Applications/Unity/Hub/Editor/6000.5.1f1/Unity.app/Contents/Resources/Scripting/Managed/UnityEngine/UnityEngine.TerrainPhysicsModule.dll"
-r:"/Applications/Unity/Hub/Editor/6000.5.1f1/Unity.app/Contents/Resources/Scripting/Managed/UnityEngine/UnityEngine.TextCoreFontEngineModule.dll"
-r:"/Applications/Unity/Hub/Editor/6000.5.1f1/Unity.app/Contents/Resources/Scripting/Managed/UnityEngine/UnityEngine.TextCoreTextEngineModule.dll"
-r:"/Applications/Unity/Hub/Editor/6000.5.1f1/Unity.app/Contents/Resources/Scripting/Managed/UnityEngine/UnityEngine.TextRenderingModule.dll"
-r:"/Applications/Unity/Hub/Editor/6000.5.1f1/Unity.app/Contents/Resources/Scripting/Managed/UnityEngine/UnityEngine.TilemapModule.dll"
-r:"/Applications/Unity/Hub/Editor/6000.5.1f1/Unity.app/Contents/Resources/Scripting/Managed/UnityEngine/UnityEngine.U2DRuntimeModule.dll"
-r:"/Applications/Unity/Hub/Editor/6000.5.1f1/Unity.app/Contents/Resources/Scripting/Managed/UnityEngine/UnityEngine.UIElementsModule.dll"
-r:"/Applications/Unity/Hub/Editor/6000.5.1f1/Unity.app/Contents/Resources/Scripting/Managed/UnityEngine/UnityEngine.UIModule.dll"
-r:"/Applications/Unity/Hub/Editor/6000.5.1f1/Unity.app/Contents/Resources/Scripting/Managed/UnityEngine/UnityEngine.UmbraModule.dll"
-r:"/Applications/Unity/Hub/Editor/6000.5.1f1/Unity.app/Contents/Resources/Scripting/Managed/UnityEngine/UnityEngine.UnityAnalyticsCommonModule.dll"
-r:"/Applications/Unity/Hub/Editor/6000.5.1f1/Unity.app/Contents/Resources/Scripting/Managed/UnityEngine/UnityEngine.UnityAnalyticsModule.dll"
-r:"/Applications/Unity/Hub/Editor/6000.5.1f1/Unity.app/Contents/Resources/Scripting/Managed/UnityEngine/UnityEngine.UnityConnectModule.dll"
-r:"/Applications/Unity/Hub/Editor/6000.5.1f1/Unity.app/Contents/Resources/Scripting/Managed/UnityEngine/UnityEngine.UnityConsentModule.dll"
-r:"/Applications/Unity/Hub/Editor/6000.5.1f1/Unity.app/Contents/Resources/Scripting/Managed/UnityEngine/UnityEngine.UnityCurlModule.dll"
-r:"/Applications/Unity/Hub/Editor/6000.5.1f1/Unity.app/Contents/Resources/Scripting/Managed/UnityEngine/UnityEngine.UnityWebRequestAssetBundleModule.dll"
-r:"/Applications/Unity/Hub/Editor/6000.5.1f1/Unity.app/Contents/Resources/Scripting/Managed/UnityEngine/UnityEngine.UnityWebRequestAudioModule.dll"
-r:"/Applications/Unity/Hub/Editor/6000.5.1f1/Unity.app/Contents/Resources/Scripting/Managed/UnityEngine/UnityEngine.UnityWebRequestModule.dll"
-r:"/Applications/Unity/Hub/Editor/6000.5.1f1/Unity.app/Contents/Resources/Scripting/Managed/UnityEngine/UnityEngine.UnityWebRequestTextureModule.dll"
-r:"/Applications/Unity/Hub/Editor/6000.5.1f1/Unity.app/Contents/Resources/Scripting/Managed/UnityEngine/UnityEngine.UnityWebRequestWWWModule.dll"
-r:"/Applications/Unity/Hub/Editor/6000.5.1f1/Unity.app/Contents/Resources/Scripting/Managed/UnityEngine/UnityEngine.VFXModule.dll"
-r:"/Applications/Unity/Hub/Editor/6000.5.1f1/Unity.app/Contents/Resources/Scripting/Managed/UnityEngine/UnityEngine.VectorGraphicsModule.dll"
-r:"/Applications/Unity/Hub/Editor/6000.5.1f1/Unity.app/Contents/Resources/Scripting/Managed/UnityEngine/UnityEngine.VehiclesModule.dll"
-r:"/Applications/Unity/Hub/Editor/6000.5.1f1/Unity.app/Contents/Resources/Scripting/Managed/UnityEngine/UnityEngine.VideoModule.dll"
-r:"/Applications/Unity/Hub/Editor/6000.5.1f1/Unity.app/Contents/Resources/Scripting/Managed/UnityEngine/UnityEngine.VirtualTexturingModule.dll"
-r:"/Applications/Unity/Hub/Editor/6000.5.1f1/Unity.app/Contents/Resources/Scripting/Managed/UnityEngine/UnityEngine.WindModule.dll"
-r:"/Applications/Unity/Hub/Editor/6000.5.1f1/Unity.app/Contents/Resources/Scripting/Managed/UnityEngine/UnityEngine.XRModule.dll"
-r:"/Applications/Unity/Hub/Editor/6000.5.1f1/Unity.app/Contents/Resources/Scripting/Managed/UnityEngine/UnityEngine.dll"
-r:"/Applications/Unity/Hub/Editor/6000.5.1f1/Unity.app/Contents/Resources/Scripting/UnityReferenceAssemblies/unity-4.8-api/Facades/Microsoft.Win32.Primitives.dll"
-r:"/Applications/Unity/Hub/Editor/6000.5.1f1/Unity.app/Contents/Resources/Scripting/UnityReferenceAssemblies/unity-4.8-api/Facades/System.AppContext.dll"
-r:"/Applications/Unity/Hub/Editor/6000.5.1f1/Unity.app/Contents/Resources/Scripting/UnityReferenceAssemblies/unity-4.8-api/Facades/System.Buffers.dll"
-r:"/Applications/Unity/Hub/Editor/6000.5.1f1/Unity.app/Contents/Resources/Scripting/UnityReferenceAssemblies/unity-4.8-api/Facades/System.Collections.Concurrent.dll"
-r:"/Applications/Unity/Hub/Editor/6000.5.1f1/Unity.app/Contents/Resources/Scripting/UnityReferenceAssemblies/unity-4.8-api/Facades/System.Collections.NonGeneric.dll"
-r:"/Applications/Unity/Hub/Editor/6000.5.1f1/Unity.app/Contents/Resources/Scripting/UnityReferenceAssemblies/unity-4.8-api/Facades/System.Collections.Specialized.dll"
-r:"/Applications/Unity/Hub/Editor/6000.5.1f1/Unity.app/Contents/Resources/Scripting/UnityReferenceAssemblies/unity-4.8-api/Facades/System.Collections.dll"
-r:"/Applications/Unity/Hub/Editor/6000.5.1f1/Unity.app/Contents/Resources/Scripting/UnityReferenceAssemblies/unity-4.8-api/Facades/System.ComponentModel.Annotations.dll"
-r:"/Applications/Unity/Hub/Editor/6000.5.1f1/Unity.app/Contents/Resources/Scripting/UnityReferenceAssemblies/unity-4.8-api/Facades/System.ComponentModel.EventBasedAsync.dll"
-r:"/Applications/Unity/Hub/Editor/6000.5.1f1/Unity.app/Contents/Resources/Scripting/UnityReferenceAssemblies/unity-4.8-api/Facades/System.ComponentModel.Primitives.dll"
-r:"/Applications/Unity/Hub/Editor/6000.5.1f1/Unity.app/Contents/Resources/Scripting/UnityReferenceAssemblies/unity-4.8-api/Facades/System.ComponentModel.TypeConverter.dll"
-r:"/Applications/Unity/Hub/Editor/6000.5.1f1/Unity.app/Contents/Resources/Scripting/UnityReferenceAssemblies/unity-4.8-api/Facades/System.ComponentModel.dll"
-r:"/Applications/Unity/Hub/Editor/6000.5.1f1/Unity.app/Contents/Resources/Scripting/UnityReferenceAssemblies/unity-4.8-api/Facades/System.Console.dll"
-r:"/Applications/Unity/Hub/Editor/6000.5.1f1/Unity.app/Contents/Resources/Scripting/UnityReferenceAssemblies/unity-4.8-api/Facades/System.Data.Common.dll"
-r:"/Applications/Unity/Hub/Editor/6000.5.1f1/Unity.app/Contents/Resources/Scripting/UnityReferenceAssemblies/unity-4.8-api/Facades/System.Diagnostics.Contracts.dll"
-r:"/Applications/Unity/Hub/Editor/6000.5.1f1/Unity.app/Contents/Resources/Scripting/UnityReferenceAssemblies/unity-4.8-api/Facades/System.Diagnostics.Debug.dll"
-r:"/Applications/Unity/Hub/Editor/6000.5.1f1/Unity.app/Contents/Resources/Scripting/UnityReferenceAssemblies/unity-4.8-api/Facades/System.Diagnostics.FileVersionInfo.dll"
-r:"/Applications/Unity/Hub/Editor/6000.5.1f1/Unity.app/Contents/Resources/Scripting/UnityReferenceAssemblies/unity-4.8-api/Facades/System.Diagnostics.Process.dll"
-r:"/Applications/Unity/Hub/Editor/6000.5.1f1/Unity.app/Contents/Resources/Scripting/UnityReferenceAssemblies/unity-4.8-api/Facades/System.Diagnostics.StackTrace.dll"
-r:"/Applications/Unity/Hub/Editor/6000.5.1f1/Unity.app/Contents/Resources/Scripting/UnityReferenceAssemblies/unity-4.8-api/Facades/System.Diagnostics.TextWriterTraceListener.dll"
-r:"/Applications/Unity/Hub/Editor/6000.5.1f1/Unity.app/Contents/Resources/Scripting/UnityReferenceAssemblies/unity-4.8-api/Facades/System.Diagnostics.Tools.dll"
-r:"/Applications/Unity/Hub/Editor/6000.5.1f1/Unity.app/Contents/Resources/Scripting/UnityReferenceAssemblies/unity-4.8-api/Facades/System.Diagnostics.TraceSource.dll"
-r:"/Applications/Unity/Hub/Editor/6000.5.1f1/Unity.app/Contents/Resources/Scripting/UnityReferenceAssemblies/unity-4.8-api/Facades/System.Drawing.Primitives.dll"
-r:"/Applications/Unity/Hub/Editor/6000.5.1f1/Unity.app/Contents/Resources/Scripting/UnityReferenceAssemblies/unity-4.8-api/Facades/System.Dynamic.Runtime.dll"
-r:"/Applications/Unity/Hub/Editor/6000.5.1f1/Unity.app/Contents/Resources/Scripting/UnityReferenceAssemblies/unity-4.8-api/Facades/System.Globalization.Calendars.dll"
-r:"/Applications/Unity/Hub/Editor/6000.5.1f1/Unity.app/Contents/Resources/Scripting/UnityReferenceAssemblies/unity-4.8-api/Facades/System.Globalization.Extensions.dll"
-r:"/Applications/Unity/Hub/Editor/6000.5.1f1/Unity.app/Contents/Resources/Scripting/UnityReferenceAssemblies/unity-4.8-api/Facades/System.Globalization.dll"
-r:"/Applications/Unity/Hub/Editor/6000.5.1f1/Unity.app/Contents/Resources/Scripting/UnityReferenceAssemblies/unity-4.8-api/Facades/System.IO.Compression.ZipFile.dll"
-r:"/Applications/Unity/Hub/Editor/6000.5.1f1/Unity.app/Contents/Resources/Scripting/UnityReferenceAssemblies/unity-4.8-api/Facades/System.IO.FileSystem.DriveInfo.dll"
-r:"/Applications/Unity/Hub/Editor/6000.5.1f1/Unity.app/Contents/Resources/Scripting/UnityReferenceAssemblies/unity-4.8-api/Facades/System.IO.FileSystem.Primitives.dll"
-r:"/Applications/Unity/Hub/Editor/6000.5.1f1/Unity.app/Contents/Resources/Scripting/UnityReferenceAssemblies/unity-4.8-api/Facades/System.IO.FileSystem.Watcher.dll"
-r:"/Applications/Unity/Hub/Editor/6000.5.1f1/Unity.app/Contents/Resources/Scripting/UnityReferenceAssemblies/unity-4.8-api/Facades/System.IO.FileSystem.dll"
-r:"/Applications/Unity/Hub/Editor/6000.5.1f1/Unity.app/Contents/Resources/Scripting/UnityReferenceAssemblies/unity-4.8-api/Facades/System.IO.IsolatedStorage.dll"
-r:"/Applications/Unity/Hub/Editor/6000.5.1f1/Unity.app/Contents/Resources/Scripting/UnityReferenceAssemblies/unity-4.8-api/Facades/System.IO.MemoryMappedFiles.dll"
-r:"/Applications/Unity/Hub/Editor/6000.5.1f1/Unity.app/Contents/Resources/Scripting/UnityReferenceAssemblies/unity-4.8-api/Facades/System.IO.Pipes.dll"
-r:"/Applications/Unity/Hub/Editor/6000.5.1f1/Unity.app/Contents/Resources/Scripting/UnityReferenceAssemblies/unity-4.8-api/Facades/System.IO.UnmanagedMemoryStream.dll"
-r:"/Applications/Unity/Hub/Editor/6000.5.1f1/Unity.app/Contents/Resources/Scripting/UnityReferenceAssemblies/unity-4.8-api/Facades/System.IO.dll"
-r:"/Applications/Unity/Hub/Editor/6000.5.1f1/Unity.app/Contents/Resources/Scripting/UnityReferenceAssemblies/unity-4.8-api/Facades/System.Linq.Expressions.dll"
-r:"/Applications/Unity/Hub/Editor/6000.5.1f1/Unity.app/Contents/Resources/Scripting/UnityReferenceAssemblies/unity-4.8-api/Facades/System.Linq.Parallel.dll"
-r:"/Applications/Unity/Hub/Editor/6000.5.1f1/Unity.app/Contents/Resources/Scripting/UnityReferenceAssemblies/unity-4.8-api/Facades/System.Linq.Queryable.dll"
-r:"/Applications/Unity/Hub/Editor/6000.5.1f1/Unity.app/Contents/Resources/Scripting/UnityReferenceAssemblies/unity-4.8-api/Facades/System.Linq.dll"
-r:"/Applications/Unity/Hub/Editor/6000.5.1f1/Unity.app/Contents/Resources/Scripting/UnityReferenceAssemblies/unity-4.8-api/Facades/System.Memory.dll"
-r:"/Applications/Unity/Hub/Editor/6000.5.1f1/Unity.app/Contents/Resources/Scripting/UnityReferenceAssemblies/unity-4.8-api/Facades/System.Net.Http.Rtc.dll"
-r:"/Applications/Unity/Hub/Editor/6000.5.1f1/Unity.app/Contents/Resources/Scripting/UnityReferenceAssemblies/unity-4.8-api/Facades/System.Net.NameResolution.dll"
-r:"/Applications/Unity/Hub/Editor/6000.5.1f1/Unity.app/Contents/Resources/Scripting/UnityReferenceAssemblies/unity-4.8-api/Facades/System.Net.NetworkInformation.dll"
-r:"/Applications/Unity/Hub/Editor/6000.5.1f1/Unity.app/Contents/Resources/Scripting/UnityReferenceAssemblies/unity-4.8-api/Facades/System.Net.Ping.dll"
-r:"/Applications/Unity/Hub/Editor/6000.5.1f1/Unity.app/Contents/Resources/Scripting/UnityReferenceAssemblies/unity-4.8-api/Facades/System.Net.Primitives.dll"
-r:"/Applications/Unity/Hub/Editor/6000.5.1f1/Unity.app/Contents/Resources/Scripting/UnityReferenceAssemblies/unity-4.8-api/Facades/System.Net.Requests.dll"
-r:"/Applications/Unity/Hub/Editor/6000.5.1f1/Unity.app/Contents/Resources/Scripting/UnityReferenceAssemblies/unity-4.8-api/Facades/System.Net.Security.dll"
-r:"/Applications/Unity/Hub/Editor/6000.5.1f1/Unity.app/Contents/Resources/Scripting/UnityReferenceAssemblies/unity-4.8-api/Facades/System.Net.Sockets.dll"
-r:"/Applications/Unity/Hub/Editor/6000.5.1f1/Unity.app/Contents/Resources/Scripting/UnityReferenceAssemblies/unity-4.8-api/Facades/System.Net.WebHeaderCollection.dll"
-r:"/Applications/Unity/Hub/Editor/6000.5.1f1/Unity.app/Contents/Resources/Scripting/UnityReferenceAssemblies/unity-4.8-api/Facades/System.Net.WebSockets.Client.dll"
-r:"/Applications/Unity/Hub/Editor/6000.5.1f1/Unity.app/Contents/Resources/Scripting/UnityReferenceAssemblies/unity-4.8-api/Facades/System.Net.WebSockets.dll"
-r:"/Applications/Unity/Hub/Editor/6000.5.1f1/Unity.app/Contents/Resources/Scripting/UnityReferenceAssemblies/unity-4.8-api/Facades/System.ObjectModel.dll"
-r:"/Applications/Unity/Hub/Editor/6000.5.1f1/Unity.app/Contents/Resources/Scripting/UnityReferenceAssemblies/unity-4.8-api/Facades/System.Reflection.DispatchProxy.dll"
-r:"/Applications/Unity/Hub/Editor/6000.5.1f1/Unity.app/Contents/Resources/Scripting/UnityReferenceAssemblies/unity-4.8-api/Facades/System.Reflection.Emit.ILGeneration.dll"
-r:"/Applications/Unity/Hub/Editor/6000.5.1f1/Unity.app/Contents/Resources/Scripting/UnityReferenceAssemblies/unity-4.8-api/Facades/System.Reflection.Emit.Lightweight.dll"
-r:"/Applications/Unity/Hub/Editor/6000.5.1f1/Unity.app/Contents/Resources/Scripting/UnityReferenceAssemblies/unity-4.8-api/Facades/System.Reflection.Emit.dll"
-r:"/Applications/Unity/Hub/Editor/6000.5.1f1/Unity.app/Contents/Resources/Scripting/UnityReferenceAssemblies/unity-4.8-api/Facades/System.Reflection.Extensions.dll"
-r:"/Applications/Unity/Hub/Editor/6000.5.1f1/Unity.app/Contents/Resources/Scripting/UnityReferenceAssemblies/unity-4.8-api/Facades/System.Reflection.Primitives.dll"
-r:"/Applications/Unity/Hub/Editor/6000.5.1f1/Unity.app/Contents/Resources/Scripting/UnityReferenceAssemblies/unity-4.8-api/Facades/System.Reflection.dll"
-r:"/Applications/Unity/Hub/Editor/6000.5.1f1/Unity.app/Contents/Resources/Scripting/UnityReferenceAssemblies/unity-4.8-api/Facades/System.Resources.Reader.dll"
-r:"/Applications/Unity/Hub/Editor/6000.5.1f1/Unity.app/Contents/Resources/Scripting/UnityReferenceAssemblies/unity-4.8-api/Facades/System.Resources.ResourceManager.dll"
-r:"/Applications/Unity/Hub/Editor/6000.5.1f1/Unity.app/Contents/Resources/Scripting/UnityReferenceAssemblies/unity-4.8-api/Facades/System.Resources.Writer.dll"
-r:"/Applications/Unity/Hub/Editor/6000.5.1f1/Unity.app/Contents/Resources/Scripting/UnityReferenceAssemblies/unity-4.8-api/Facades/System.Runtime.CompilerServices.VisualC.dll"
-r:"/Applications/Unity/Hub/Editor/6000.5.1f1/Unity.app/Contents/Resources/Scripting/UnityReferenceAssemblies/unity-4.8-api/Facades/System.Runtime.Extensions.dll"
-r:"/Applications/Unity/Hub/Editor/6000.5.1f1/Unity.app/Contents/Resources/Scripting/UnityReferenceAssemblies/unity-4.8-api/Facades/System.Runtime.Handles.dll"
-r:"/Applications/Unity/Hub/Editor/6000.5.1f1/Unity.app/Contents/Resources/Scripting/UnityReferenceAssemblies/unity-4.8-api/Facades/System.Runtime.InteropServices.RuntimeInformation.dll"
-r:"/Applications/Unity/Hub/Editor/6000.5.1f1/Unity.app/Contents/Resources/Scripting/UnityReferenceAssemblies/unity-4.8-api/Facades/System.Runtime.InteropServices.WindowsRuntime.dll"
-r:"/Applications/Unity/Hub/Editor/6000.5.1f1/Unity.app/Contents/Resources/Scripting/UnityReferenceAssemblies/unity-4.8-api/Facades/System.Runtime.InteropServices.dll"
-r:"/Applications/Unity/Hub/Editor/6000.5.1f1/Unity.app/Contents/Resources/Scripting/UnityReferenceAssemblies/unity-4.8-api/Facades/System.Runtime.Numerics.dll"
-r:"/Applications/Unity/Hub/Editor/6000.5.1f1/Unity.app/Contents/Resources/Scripting/UnityReferenceAssemblies/unity-4.8-api/Facades/System.Runtime.Serialization.Formatters.dll"
-r:"/Applications/Unity/Hub/Editor/6000.5.1f1/Unity.app/Contents/Resources/Scripting/UnityReferenceAssemblies/unity-4.8-api/Facades/System.Runtime.Serialization.Json.dll"
-r:"/Applications/Unity/Hub/Editor/6000.5.1f1/Unity.app/Contents/Resources/Scripting/UnityReferenceAssemblies/unity-4.8-api/Facades/System.Runtime.Serialization.Primitives.dll"
-r:"/Applications/Unity/Hub/Editor/6000.5.1f1/Unity.app/Contents/Resources/Scripting/UnityReferenceAssemblies/unity-4.8-api/Facades/System.Runtime.Serialization.Xml.dll"
-r:"/Applications/Unity/Hub/Editor/6000.5.1f1/Unity.app/Contents/Resources/Scripting/UnityReferenceAssemblies/unity-4.8-api/Facades/System.Runtime.dll"
-r:"/Applications/Unity/Hub/Editor/6000.5.1f1/Unity.app/Contents/Resources/Scripting/UnityReferenceAssemblies/unity-4.8-api/Facades/System.Security.Claims.dll"
-r:"/Applications/Unity/Hub/Editor/6000.5.1f1/Unity.app/Contents/Resources/Scripting/UnityReferenceAssemblies/unity-4.8-api/Facades/System.Security.Cryptography.Algorithms.dll"
-r:"/Applications/Unity/Hub/Editor/6000.5.1f1/Unity.app/Contents/Resources/Scripting/UnityReferenceAssemblies/unity-4.8-api/Facades/System.Security.Cryptography.Csp.dll"
-r:"/Applications/Unity/Hub/Editor/6000.5.1f1/Unity.app/Contents/Resources/Scripting/UnityReferenceAssemblies/unity-4.8-api/Facades/System.Security.Cryptography.Encoding.dll"
-r:"/Applications/Unity/Hub/Editor/6000.5.1f1/Unity.app/Contents/Resources/Scripting/UnityReferenceAssemblies/unity-4.8-api/Facades/System.Security.Cryptography.Primitives.dll"
-r:"/Applications/Unity/Hub/Editor/6000.5.1f1/Unity.app/Contents/Resources/Scripting/UnityReferenceAssemblies/unity-4.8-api/Facades/System.Security.Cryptography.X509Certificates.dll"
-r:"/Applications/Unity/Hub/Editor/6000.5.1f1/Unity.app/Contents/Resources/Scripting/UnityReferenceAssemblies/unity-4.8-api/Facades/System.Security.Principal.dll"
-r:"/Applications/Unity/Hub/Editor/6000.5.1f1/Unity.app/Contents/Resources/Scripting/UnityReferenceAssemblies/unity-4.8-api/Facades/System.Security.SecureString.dll"
-r:"/Applications/Unity/Hub/Editor/6000.5.1f1/Unity.app/Contents/Resources/Scripting/UnityReferenceAssemblies/unity-4.8-api/Facades/System.ServiceModel.Duplex.dll"
-r:"/Applications/Unity/Hub/Editor/6000.5.1f1/Unity.app/Contents/Resources/Scripting/UnityReferenceAssemblies/unity-4.8-api/Facades/System.ServiceModel.Http.dll"
-r:"/Applications/Unity/Hub/Editor/6000.5.1f1/Unity.app/Contents/Resources/Scripting/UnityReferenceAssemblies/unity-4.8-api/Facades/System.ServiceModel.NetTcp.dll"
-r:"/Applications/Unity/Hub/Editor/6000.5.1f1/Unity.app/Contents/Resources/Scripting/UnityReferenceAssemblies/unity-4.8-api/Facades/System.ServiceModel.Primitives.dll"
-r:"/Applications/Unity/Hub/Editor/6000.5.1f1/Unity.app/Contents/Resources/Scripting/UnityReferenceAssemblies/unity-4.8-api/Facades/System.ServiceModel.Security.dll"
-r:"/Applications/Unity/Hub/Editor/6000.5.1f1/Unity.app/Contents/Resources/Scripting/UnityReferenceAssemblies/unity-4.8-api/Facades/System.Text.Encoding.Extensions.dll"
-r:"/Applications/Unity/Hub/Editor/6000.5.1f1/Unity.app/Contents/Resources/Scripting/UnityReferenceAssemblies/unity-4.8-api/Facades/System.Text.Encoding.dll"
-r:"/Applications/Unity/Hub/Editor/6000.5.1f1/Unity.app/Contents/Resources/Scripting/UnityReferenceAssemblies/unity-4.8-api/Facades/System.Text.RegularExpressions.dll"
-r:"/Applications/Unity/Hub/Editor/6000.5.1f1/Unity.app/Contents/Resources/Scripting/UnityReferenceAssemblies/unity-4.8-api/Facades/System.Threading.Overlapped.dll"
-r:"/Applications/Unity/Hub/Editor/6000.5.1f1/Unity.app/Contents/Resources/Scripting/UnityReferenceAssemblies/unity-4.8-api/Facades/System.Threading.Tasks.Extensions.dll"
-r:"/Applications/Unity/Hub/Editor/6000.5.1f1/Unity.app/Contents/Resources/Scripting/UnityReferenceAssemblies/unity-4.8-api/Facades/System.Threading.Tasks.Parallel.dll"
-r:"/Applications/Unity/Hub/Editor/6000.5.1f1/Unity.app/Contents/Resources/Scripting/UnityReferenceAssemblies/unity-4.8-api/Facades/System.Threading.Tasks.dll"
-r:"/Applications/Unity/Hub/Editor/6000.5.1f1/Unity.app/Contents/Resources/Scripting/UnityReferenceAssemblies/unity-4.8-api/Facades/System.Threading.Thread.dll"
-r:"/Applications/Unity/Hub/Editor/6000.5.1f1/Unity.app/Contents/Resources/Scripting/UnityReferenceAssemblies/unity-4.8-api/Facades/System.Threading.ThreadPool.dll"
-r:"/Applications/Unity/Hub/Editor/6000.5.1f1/Unity.app/Contents/Resources/Scripting/UnityReferenceAssemblies/unity-4.8-api/Facades/System.Threading.Timer.dll"
-r:"/Applications/Unity/Hub/Editor/6000.5.1f1/Unity.app/Contents/Resources/Scripting/UnityReferenceAssemblies/unity-4.8-api/Facades/System.Threading.dll"
-r:"/Applications/Unity/Hub/Editor/6000.5.1f1/Unity.app/Contents/Resources/Scripting/UnityReferenceAssemblies/unity-4.8-api/Facades/System.ValueTuple.dll"
-r:"/Applications/Unity/Hub/Editor/6000.5.1f1/Unity.app/Contents/Resources/Scripting/UnityReferenceAssemblies/unity-4.8-api/Facades/System.Xml.ReaderWriter.dll"
-r:"/Applications/Unity/Hub/Editor/6000.5.1f1/Unity.app/Contents/Resources/Scripting/UnityReferenceAssemblies/unity-4.8-api/Facades/System.Xml.XDocument.dll"
-r:"/Applications/Unity/Hub/Editor/6000.5.1f1/Unity.app/Contents/Resources/Scripting/UnityReferenceAssemblies/unity-4.8-api/Facades/System.Xml.XPath.XDocument.dll"
-r:"/Applications/Unity/Hub/Editor/6000.5.1f1/Unity.app/Contents/Resources/Scripting/UnityReferenceAssemblies/unity-4.8-api/Facades/System.Xml.XPath.dll"
-r:"/Applications/Unity/Hub/Editor/6000.5.1f1/Unity.app/Contents/Resources/Scripting/UnityReferenceAssemblies/unity-4.8-api/Facades/System.Xml.XmlDocument.dll"
-r:"/Applications/Unity/Hub/Editor/6000.5.1f1/Unity.app/Contents/Resources/Scripting/UnityReferenceAssemblies/unity-4.8-api/Facades/System.Xml.XmlSerializer.dll"
-r:"/Applications/Unity/Hub/Editor/6000.5.1f1/Unity.app/Contents/Resources/Scripting/UnityReferenceAssemblies/unity-4.8-api/Facades/netstandard.dll"
-r:"/Applications/Unity/Hub/Editor/6000.5.1f1/Unity.app/Contents/Resources/Scripting/UnityReferenceAssemblies/unity-4.8-api/Microsoft.CSharp.dll"
-r:"/Applications/Unity/Hub/Editor/6000.5.1f1/Unity.app/Contents/Resources/Scripting/UnityReferenceAssemblies/unity-4.8-api/System.ComponentModel.Composition.dll"
-r:"/Applications/Unity/Hub/Editor/6000.5.1f1/Unity.app/Contents/Resources/Scripting/UnityReferenceAssemblies/unity-4.8-api/System.Core.dll"
-r:"/Applications/Unity/Hub/Editor/6000.5.1f1/Unity.app/Contents/Resources/Scripting/UnityReferenceAssemblies/unity-4.8-api/System.Data.DataSetExtensions.dll"
-r:"/Applications/Unity/Hub/Editor/6000.5.1f1/Unity.app/Contents/Resources/Scripting/UnityReferenceAssemblies/unity-4.8-api/System.Data.dll"
-r:"/Applications/Unity/Hub/Editor/6000.5.1f1/Unity.app/Contents/Resources/Scripting/UnityReferenceAssemblies/unity-4.8-api/System.Drawing.dll"
-r:"/Applications/Unity/Hub/Editor/6000.5.1f1/Unity.app/Contents/Resources/Scripting/UnityReferenceAssemblies/unity-4.8-api/System.IO.Compression.FileSystem.dll"
-r:"/Applications/Unity/Hub/Editor/6000.5.1f1/Unity.app/Contents/Resources/Scripting/UnityReferenceAssemblies/unity-4.8-api/System.IO.Compression.dll"
-r:"/Applications/Unity/Hub/Editor/6000.5.1f1/Unity.app/Contents/Resources/Scripting/UnityReferenceAssemblies/unity-4.8-api/System.Net.Http.dll"
-r:"/Applications/Unity/Hub/Editor/6000.5.1f1/Unity.app/Contents/Resources/Scripting/UnityReferenceAssemblies/unity-4.8-api/System.Numerics.Vectors.dll"
-r:"/Applications/Unity/Hub/Editor/6000.5.1f1/Unity.app/Contents/Resources/Scripting/UnityReferenceAssemblies/unity-4.8-api/System.Numerics.dll"
-r:"/Applications/Unity/Hub/Editor/6000.5.1f1/Unity.app/Contents/Resources/Scripting/UnityReferenceAssemblies/unity-4.8-api/System.Runtime.Serialization.dll"
-r:"/Applications/Unity/Hub/Editor/6000.5.1f1/Unity.app/Contents/Resources/Scripting/UnityReferenceAssemblies/unity-4.8-api/System.Transactions.dll"
-r:"/Applications/Unity/Hub/Editor/6000.5.1f1/Unity.app/Contents/Resources/Scripting/UnityReferenceAssemblies/unity-4.8-api/System.Xml.Linq.dll"
-r:"/Applications/Unity/Hub/Editor/6000.5.1f1/Unity.app/Contents/Resources/Scripting/UnityReferenceAssemblies/unity-4.8-api/System.Xml.dll"
-r:"/Applications/Unity/Hub/Editor/6000.5.1f1/Unity.app/Contents/Resources/Scripting/UnityReferenceAssemblies/unity-4.8-api/System.dll"
-r:"/Applications/Unity/Hub/Editor/6000.5.1f1/Unity.app/Contents/Resources/Scripting/UnityReferenceAssemblies/unity-4.8-api/mscorlib.dll"
-r:"Assets/Demigiant/DOTween/DOTween.dll"
-r:"Assets/Demigiant/DOTween/Editor/DOTweenEditor.dll"
-r:"Assets/GoogleMobileAds/GoogleMobileAds.Common.dll"
-r:"Assets/GoogleMobileAds/GoogleMobileAds.Core.dll"
-r:"Assets/GoogleMobileAds/GoogleMobileAds.Ump.Unity.dll"
-r:"Assets/GoogleMobileAds/GoogleMobileAds.Ump.dll"
-r:"Assets/GoogleMobileAds/GoogleMobileAds.Unity.dll"
-r:"Assets/GoogleMobileAds/GoogleMobileAds.dll"
-r:"Assets/PlayFabEditorExtensions/Editor/Resources/Microsoft.Identity.Client.dll"
-r:"Assets/PlayFabEditorExtensions/Editor/Resources/Microsoft.IdentityModel.Clients.ActiveDirectory.dll"
-r:"Assets/PlayFabEditorExtensions/Editor/Resources/Microsoft.IdentityModel.JsonWebTokens.dll"
-r:"Assets/PlayFabEditorExtensions/Editor/Resources/Microsoft.IdentityModel.Logging.dll"
-r:"Assets/PlayFabEditorExtensions/Editor/Resources/Microsoft.IdentityModel.Tokens.dll"
-r:"Assets/PlayFabEditorExtensions/Editor/Resources/System.IdentityModel.Tokens.Jwt.dll"
-r:"Library/PackageCache/com.google.external-dependency-manager@eb15acb9d1f0/ExternalDependencyManager/Editor/1.2.189/Google.IOSResolver.dll"
-r:"Library/PackageCache/com.google.external-dependency-manager@eb15acb9d1f0/ExternalDependencyManager/Editor/1.2.189/Google.JarResolver.dll"
-r:"Library/PackageCache/com.google.external-dependency-manager@eb15acb9d1f0/ExternalDependencyManager/Editor/1.2.189/Google.PackageManagerResolver.dll"
-r:"Library/PackageCache/com.google.external-dependency-manager@eb15acb9d1f0/ExternalDependencyManager/Editor/1.2.189/Google.VersionHandlerImpl.dll"
-r:"Library/PackageCache/com.google.external-dependency-manager@eb15acb9d1f0/ExternalDependencyManager/Editor/Google.VersionHandler.dll"
-r:"Library/PackageCache/com.unity.collab-proxy@0b1559bcd34e/Lib/Editor/TextMateSharp/Onigwrap/OnigwrapPlastic.dll"
-r:"Library/PackageCache/com.unity.collab-proxy@0b1559bcd34e/Lib/Editor/TextMateSharp/TextMateSharpPlastic.Grammars.dll"
-r:"Library/PackageCache/com.unity.collab-proxy@0b1559bcd34e/Lib/Editor/TextMateSharp/TextMateSharpPlastic.dll"
-r:"Library/PackageCache/com.unity.collab-proxy@0b1559bcd34e/Lib/Editor/Unity.Plastic.Antlr3.Runtime.dll"
-r:"Library/PackageCache/com.unity.collab-proxy@0b1559bcd34e/Lib/Editor/Unity.Plastic.Newtonsoft.Json.dll"
-r:"Library/PackageCache/com.unity.collab-proxy@0b1559bcd34e/Lib/Editor/log4netPlastic.dll"
-r:"Library/PackageCache/com.unity.collab-proxy@0b1559bcd34e/Lib/Editor/unityplastic.dll"
-r:"Library/PackageCache/com.unity.collections@a43cabe808ca/Unity.Collections.LowLevel.ILSupport/Unity.Collections.LowLevel.ILSupport.dll"
-r:"Library/PackageCache/com.unity.ext.nunit@44f7d31723bd/net472/unity-custom/nunit.framework.dll"
-r:"Library/PackageCache/com.unity.ext.nunit@44f7d31723bd/net472/unity-custom/nunit.framework.dll"
-r:"Library/PackageCache/com.unity.nuget.mono-cecil@ecb9724e46ff/Mono.Cecil.dll"
-r:"Library/PackageCache/com.unity.nuget.newtonsoft-json@4dfd81071c64/Runtime/Newtonsoft.Json.dll"
-r:"Library/Bee/artifacts/900b0aE.dag/AdvancedPeopleSystem2.Editor.ref.dll"
-r:"Library/Bee/artifacts/900b0aE.dag/AdvancedPeopleSystem2.ref.dll"
-r:"Library/Bee/artifacts/900b0aE.dag/AppleAuth.Editor.ref.dll"
-r:"Library/Bee/artifacts/900b0aE.dag/AppleAuth.ref.dll"
-r:"Library/Bee/artifacts/900b0aE.dag/Assembly-CSharp-Editor-firstpass.ref.dll"
-r:"Library/Bee/artifacts/900b0aE.dag/Assembly-CSharp-firstpass.ref.dll"
-r:"Library/Bee/artifacts/900b0aE.dag/Assembly-CSharp.ref.dll"
-r:"Library/Bee/artifacts/900b0aE.dag/Domain_Reload.ref.dll"
-r:"Library/Bee/artifacts/900b0aE.dag/GoogleMobileAds.Editor.ref.dll"
-r:"Library/Bee/artifacts/900b0aE.dag/Heureka.Upgrade.ref.dll"
-r:"Library/Bee/artifacts/900b0aE.dag/HeurekaGames.Utils.ref.dll"
-r:"Library/Bee/artifacts/900b0aE.dag/IngameDebugConsole.Editor.ref.dll"
-r:"Library/Bee/artifacts/900b0aE.dag/IngameDebugConsole.Runtime.ref.dll"
-r:"Library/Bee/artifacts/900b0aE.dag/MagicaClothV2.Editor.ref.dll"
-r:"Library/Bee/artifacts/900b0aE.dag/MagicaClothV2.ref.dll"
-r:"Library/Bee/artifacts/900b0aE.dag/MCombat.Shared.Editor.ref.dll"
-r:"Library/Bee/artifacts/900b0aE.dag/MCombat.Shared.ref.dll"
-r:"Library/Bee/artifacts/900b0aE.dag/NoSuchLocalizationCore-Editor.ref.dll"
-r:"Library/Bee/artifacts/900b0aE.dag/NoSuchLocalizationCore.ref.dll"
-r:"Library/Bee/artifacts/900b0aE.dag/OmniShade.Editor.ref.dll"
-r:"Library/Bee/artifacts/900b0aE.dag/OmniShade.ref.dll"
-r:"Library/Bee/artifacts/900b0aE.dag/PlayFab.ref.dll"
-r:"Library/Bee/artifacts/900b0aE.dag/PlayFabEditorExtensions.ref.dll"
-r:"Library/Bee/artifacts/900b0aE.dag/PlayFabSDKEditor.ref.dll"
-r:"Library/Bee/artifacts/900b0aE.dag/UniRx.ref.dll"
-r:"Library/Bee/artifacts/900b0aE.dag/UniTask.Addressables.ref.dll"
-r:"Library/Bee/artifacts/900b0aE.dag/UniTask.DOTween.ref.dll"
-r:"Library/Bee/artifacts/900b0aE.dag/UniTask.Linq.ref.dll"
-r:"Library/Bee/artifacts/900b0aE.dag/UniTask.ref.dll"
-r:"Library/Bee/artifacts/900b0aE.dag/UniTask.TextMeshPro.ref.dll"
-r:"Library/Bee/artifacts/900b0aE.dag/Unity.AdaptivePerformance.ref.dll"
-r:"Library/Bee/artifacts/900b0aE.dag/Unity.Addressables.Editor.ref.dll"
-r:"Library/Bee/artifacts/900b0aE.dag/Unity.Addressables.ref.dll"
-r:"Library/Bee/artifacts/900b0aE.dag/Unity.AutoGroupGenerator.Editor.ref.dll"
-r:"Library/Bee/artifacts/900b0aE.dag/Unity.Bindings.OpenImageIO.Editor.ref.dll"
-r:"Library/Bee/artifacts/900b0aE.dag/Unity.Burst.Editor.ref.dll"
-r:"Library/Bee/artifacts/900b0aE.dag/Unity.Burst.ref.dll"
-r:"Library/Bee/artifacts/900b0aE.dag/Unity.Collections.Editor.ref.dll"
-r:"Library/Bee/artifacts/900b0aE.dag/Unity.Collections.ref.dll"
-r:"Library/Bee/artifacts/900b0aE.dag/Unity.InputSystem.ForUI.Editor.ref.dll"
-r:"Library/Bee/artifacts/900b0aE.dag/Unity.InputSystem.ForUI.ref.dll"
-r:"Library/Bee/artifacts/900b0aE.dag/Unity.InputSystem.ref.dll"
-r:"Library/Bee/artifacts/900b0aE.dag/Unity.InternalAPIEditorBridge.ShaderGraph.Editor.ref.dll"
-r:"Library/Bee/artifacts/900b0aE.dag/Unity.InternalAPIEngineBridge.004.ref.dll"
-r:"Library/Bee/artifacts/900b0aE.dag/Unity.InternalAPIEngineBridge.RenderPipelines.Core.Editor.ref.dll"
-r:"Library/Bee/artifacts/900b0aE.dag/Unity.InternalAPIEngineBridge.RenderPipelines.Core.Runtime.Shared.ref.dll"
-r:"Library/Bee/artifacts/900b0aE.dag/Unity.Localization.Editor.ref.dll"
-r:"Library/Bee/artifacts/900b0aE.dag/Unity.Localization.ref.dll"
-r:"Library/Bee/artifacts/900b0aE.dag/Unity.Mathematics.ref.dll"
-r:"Library/Bee/artifacts/900b0aE.dag/Unity.Mobile.AndroidLogcat.Editor.ref.dll"
-r:"Library/Bee/artifacts/900b0aE.dag/Unity.Multiplayer.Center.Common.ref.dll"
-r:"Library/Bee/artifacts/900b0aE.dag/Unity.Multiplayer.Center.Editor.ref.dll"
-r:"Library/Bee/artifacts/900b0aE.dag/Unity.PathTracing.Editor.ref.dll"
-r:"Library/Bee/artifacts/900b0aE.dag/Unity.PathTracing.Runtime.ref.dll"
-r:"Library/Bee/artifacts/900b0aE.dag/Unity.PlasticSCM.Editor.ref.dll"
-r:"Library/Bee/artifacts/900b0aE.dag/Unity.Profiling.Core.ref.dll"
-r:"Library/Bee/artifacts/900b0aE.dag/Unity.Purchasing.Codeless.ref.dll"
-r:"Library/Bee/artifacts/900b0aE.dag/Unity.Purchasing.LiveContentAdapterService.ref.dll"
-r:"Library/Bee/artifacts/900b0aE.dag/Unity.Purchasing.PaymentProviderService.ref.dll"
-r:"Library/Bee/artifacts/900b0aE.dag/Unity.Purchasing.ref.dll"
-r:"Library/Bee/artifacts/900b0aE.dag/Unity.Purchasing.SecurityCore.ref.dll"
-r:"Library/Bee/artifacts/900b0aE.dag/Unity.Purchasing.SecurityStub.ref.dll"
-r:"Library/Bee/artifacts/900b0aE.dag/Unity.Purchasing.Stores.ref.dll"
-r:"Library/Bee/artifacts/900b0aE.dag/Unity.Purchasing.Stores.XboxCloudServices.ref.dll"
-r:"Library/Bee/artifacts/900b0aE.dag/Unity.Purchasing.Utilities.ref.dll"
-r:"Library/Bee/artifacts/900b0aE.dag/Unity.Purchasing.WebshopService.ref.dll"
-r:"Library/Bee/artifacts/900b0aE.dag/Unity.Recorder.Base.ref.dll"
-r:"Library/Bee/artifacts/900b0aE.dag/Unity.Recorder.Editor.ref.dll"
-r:"Library/Bee/artifacts/900b0aE.dag/Unity.Recorder.ref.dll"
-r:"Library/Bee/artifacts/900b0aE.dag/Unity.Rendering.LightTransport.Editor.ref.dll"
-r:"Library/Bee/artifacts/900b0aE.dag/Unity.RenderPipeline.Universal.ShaderLibrary.ref.dll"
-r:"Library/Bee/artifacts/900b0aE.dag/Unity.RenderPipelines.Core.Editor.ref.dll"
-r:"Library/Bee/artifacts/900b0aE.dag/Unity.RenderPipelines.Core.Editor.Shared.ref.dll"
-r:"Library/Bee/artifacts/900b0aE.dag/Unity.RenderPipelines.Core.Runtime.ref.dll"
-r:"Library/Bee/artifacts/900b0aE.dag/Unity.RenderPipelines.Core.Runtime.Shared.ref.dll"
-r:"Library/Bee/artifacts/900b0aE.dag/Unity.RenderPipelines.Core.ShaderLibrary.ref.dll"
-r:"Library/Bee/artifacts/900b0aE.dag/Unity.RenderPipelines.GPUDriven.Runtime.ref.dll"
-r:"Library/Bee/artifacts/900b0aE.dag/Unity.RenderPipelines.ShaderGraph.ShaderGraphLibrary.ref.dll"
-r:"Library/Bee/artifacts/900b0aE.dag/Unity.RenderPipelines.Universal.2D.Editor.Overrides.ref.dll"
-r:"Library/Bee/artifacts/900b0aE.dag/Unity.RenderPipelines.Universal.2D.Runtime.ref.dll"
-r:"Library/Bee/artifacts/900b0aE.dag/Unity.RenderPipelines.Universal.Config.Runtime.ref.dll"
-r:"Library/Bee/artifacts/900b0aE.dag/Unity.RenderPipelines.Universal.Editor.ref.dll"
-r:"Library/Bee/artifacts/900b0aE.dag/Unity.RenderPipelines.Universal.Runtime.ref.dll"
-r:"Library/Bee/artifacts/900b0aE.dag/Unity.RenderPipelines.Universal.Shaders.ref.dll"
-r:"Library/Bee/artifacts/900b0aE.dag/Unity.ResourceManager.ref.dll"
-r:"Library/Bee/artifacts/900b0aE.dag/Unity.Rider.Editor.ref.dll"
-r:"Library/Bee/artifacts/900b0aE.dag/Unity.ScriptableBuildPipeline.Editor.ref.dll"
-r:"Library/Bee/artifacts/900b0aE.dag/Unity.ScriptableBuildPipeline.ref.dll"
-r:"Library/Bee/artifacts/900b0aE.dag/Unity.Searcher.Editor.ref.dll"
-r:"Library/Bee/artifacts/900b0aE.dag/Unity.Services.Core.Analytics.ref.dll"
-r:"Library/Bee/artifacts/900b0aE.dag/Unity.Services.Core.Components.ref.dll"
-r:"Library/Bee/artifacts/900b0aE.dag/Unity.Services.Core.Environments.ref.dll"
-r:"Library/Bee/artifacts/900b0aE.dag/Unity.Services.Core.ref.dll"
-r:"Library/Bee/artifacts/900b0aE.dag/Unity.ShaderGraph.Editor.ref.dll"
-r:"Library/Bee/artifacts/900b0aE.dag/Unity.SurfaceCache.Runtime.ref.dll"
-r:"Library/Bee/artifacts/900b0aE.dag/Unity.TextMeshPro.Editor.ref.dll"
-r:"Library/Bee/artifacts/900b0aE.dag/Unity.TextMeshPro.ref.dll"
-r:"Library/Bee/artifacts/900b0aE.dag/Unity.Timeline.Editor.ref.dll"
-r:"Library/Bee/artifacts/900b0aE.dag/Unity.Timeline.ref.dll"
-r:"Library/Bee/artifacts/900b0aE.dag/Unity.UnifiedRayTracing.Runtime.ref.dll"
-r:"Library/Bee/artifacts/900b0aE.dag/UnityEditor.Purchasing.ref.dll"
-r:"Library/Bee/artifacts/900b0aE.dag/UnityEditor.TestRunner.ref.dll"
-r:"Library/Bee/artifacts/900b0aE.dag/UnityEditor.UI.Analytics.ref.dll"
-r:"Library/Bee/artifacts/900b0aE.dag/UnityEditor.UI.ref.dll"
-r:"Library/Bee/artifacts/900b0aE.dag/UnityEngine.TestRunner.ref.dll"
-r:"Library/Bee/artifacts/900b0aE.dag/UnityEngine.UI.ref.dll"
-r:"Library/Bee/artifacts/900b0aE.dag/YamlDotNet.ref.dll"
-analyzer:"/Applications/Unity/Hub/Editor/6000.5.1f1/Unity.app/Contents/Resources/BuildPipeline/Unity.Analyzers.Common/Unity.Analyzers.Common.dll"
-analyzer:"/Applications/Unity/Hub/Editor/6000.5.1f1/Unity.app/Contents/Resources/BuildPipeline/Unity.Analyzers.LongLiving/Unity.Analyzers.LongLiving.dll"
-analyzer:"/Applications/Unity/Hub/Editor/6000.5.1f1/Unity.app/Contents/Resources/BuildPipeline/Unity.SourceGenerators/Unity.Properties.SourceGenerator.dll"
-analyzer:"/Applications/Unity/Hub/Editor/6000.5.1f1/Unity.app/Contents/Resources/BuildPipeline/Unity.SourceGenerators/Unity.SourceGenerators.dll"
-analyzer:"/Applications/Unity/Hub/Editor/6000.5.1f1/Unity.app/Contents/Resources/BuildPipeline/Unity.SourceGenerators/Unity.UIToolkit.SourceGenerator.dll"
-analyzer:"/Applications/Unity/Hub/Editor/6000.5.1f1/Unity.app/Contents/Resources/Scripting/BCLExtensions/TargetingPacks/netstandard2.1/analyzers/dotnet/roslyn4.0/cs/Microsoft.Extensions.Logging.Generators.dll"
-analyzer:"/Applications/Unity/Hub/Editor/6000.5.1f1/Unity.app/Contents/Resources/Scripting/BCLExtensions/TargetingPacks/netstandard2.1/analyzers/dotnet/roslyn4.0/cs/System.Text.Json.SourceGeneration.dll"
-analyzer:"Library/PackageCache/com.unity.project-auditor-rules@1fa74fdf90ed/RoslynAnalyzers/Domain_Reload_Analyzer.dll"
"Assets/App/Editor/AssetBundle/BuildAddressableAssets.cs"
"Assets/App/Editor/Build/BuildClient.cs"
"Assets/App/Editor/Build/ConfigurationSetter.cs"
"Assets/App/Editor/Build/VersionSyncWindow.cs"
"Assets/AppCenter/Editor/AndroidLibraryHelper.cs"
"Assets/AppCenter/Editor/AppCenterBehaviorEditor.cs"
"Assets/AppCenter/Editor/AppCenterBehaviorEditorAdvanced.cs"
"Assets/AppCenter/Editor/AppCenterPostBuild.cs"
"Assets/AppCenter/Editor/AppCenterPreBuild.cs"
"Assets/AppCenter/Editor/AppCenterSettingsContext.cs"
"Assets/AppCenter/Editor/AppCenterSettingsEditor.cs"
"Assets/AppCenter/Editor/AppCenterSettingsEditorAdvanced.cs"
"Assets/AppCenter/Editor/AppCenterSettingsMakerAndroid.cs"
"Assets/AppCenter/Editor/AppCenterSettingsMakerIos.cs"
"Assets/AppCenter/Editor/AppSecretDrawer.cs"
"Assets/AppCenter/Editor/ApplicationIdHelper.cs"
"Assets/AppCenter/Editor/CustomDropDownPropertyDrawer.cs"
"Assets/AppCenter/Editor/CustomUrlPropertyDrawer.cs"
"Assets/AppCenter/Editor/IAppCenterSettingsMaker.cs"
"Assets/AppCenter/Editor/MaxStorageSizePropertyDrawer.cs"
"Assets/AppCenter/Editor/PBXProjectWrapper.cs"
"Assets/AppCenter/Editor/PlistDocumentWrapper.cs"
"Assets/AppCenter/Editor/ProjectCapabilityManagerWrapper.cs"
"Assets/AppCenter/Editor/XmlResourceHelper.cs"
"Assets/AppleAuthSample/Editor/SignInWithApplePostprocessor.cs"
"Assets/D_Asset/OrangedKeys/TitleFX/Editor/AssetPostImportProcess_TitleFX.cs"
"Assets/D_Asset/OrangedKeys/TitleFX/Editor/TitleFX_Welcome.cs"
"Assets/D_Asset/OrangedKeys/TitleFX/Editor/Title_fx_GUI.cs"
"Assets/D_Asset/OrangedKeys/TitleFX/Editor/Title_fx_GUI_V2.cs"
"Assets/D_Asset/RPG and MMO UI 11/Scripts/Attributes/Editor/BitMaskEditor.cs"
"Assets/D_Asset/RPG and MMO UI 11/Scripts/Attributes/Editor/ResourcePathDrawer.cs"
"Assets/D_Asset/RPG and MMO UI 11/Scripts/Color Scheme/Editor/ColorSchemeEditor.cs"
"Assets/D_Asset/RPG and MMO UI 11/Scripts/Color Scheme/Editor/ColorSchemeManagerEditor.cs"
"Assets/D_Asset/RPG and MMO UI 11/Scripts/Editor/Miscellaneous/ColorPropertyDrawer.cs"
"Assets/D_Asset/RPG and MMO UI 11/Scripts/Editor/Tools/CreatePrefabs.cs"
"Assets/D_Asset/RPG and MMO UI 11/Scripts/Editor/Tools/NavigationTools.cs"
"Assets/D_Asset/RPG and MMO UI 11/Scripts/UI/Bars/Editor/UIBulletBarEditor.cs"
"Assets/D_Asset/RPG and MMO UI 11/Scripts/UI/Bars/Editor/UICastBarEditor.cs"
"Assets/D_Asset/RPG and MMO UI 11/Scripts/UI/Bars/Editor/UIProgressBarEditor.cs"
"Assets/D_Asset/RPG and MMO UI 11/Scripts/UI/Bars/Editor/UIStepBarEditor.cs"
"Assets/D_Asset/RPG and MMO UI 11/Scripts/UI/Controls/Editor/UISliderExtendedEditor.cs"
"Assets/D_Asset/RPG and MMO UI 11/Scripts/UI/Controls/Editor/UISwitchSelectEditor.cs"
"Assets/D_Asset/RPG and MMO UI 11/Scripts/UI/Controls/Editor/UITabEditor.cs"
"Assets/D_Asset/RPG and MMO UI 11/Scripts/UI/Controls/Select Field/Editor/UISelectFieldEditor.cs"
"Assets/D_Asset/RPG and MMO UI 11/Scripts/UI/Controls/Select Field/Editor/UISelectField_ListEditor.cs"
"Assets/D_Asset/RPG and MMO UI 11/Scripts/UI/Controls/Select Field/Editor/UISelectField_TransitionEditor.cs"
"Assets/D_Asset/RPG and MMO UI 11/Scripts/UI/Databases/Editor/UIItemDatabaseEditor.cs"
"Assets/D_Asset/RPG and MMO UI 11/Scripts/UI/Databases/Editor/UISpellDatabaseEditor.cs"
"Assets/D_Asset/RPG and MMO UI 11/Scripts/UI/Databases/Editor/UITalentDatabaseEditor.cs"
"Assets/D_Asset/RPG and MMO UI 11/Scripts/UI/Editor/UIAnimatorControllerGenerator.cs"
"Assets/D_Asset/RPG and MMO UI 11/Scripts/UI/Editor/UIDragObjectEditor.cs"
"Assets/D_Asset/RPG and MMO UI 11/Scripts/UI/Loading Overlay/Editor/UILoadingOverlayManagerEditor.cs"
"Assets/D_Asset/RPG and MMO UI 11/Scripts/UI/Modal Box/Editor/UIModalBoxManagerEditor.cs"
"Assets/D_Asset/RPG and MMO UI 11/Scripts/UI/Raycast Filters/Editor/UICircularRaycastFilterEditor.cs"
"Assets/D_Asset/RPG and MMO UI 11/Scripts/UI/Raycast Filters/Editor/UIRectangularRaycastFilterEditor.cs"
"Assets/D_Asset/RPG and MMO UI 11/Scripts/UI/Scene System/Editor/UISceneEditor.cs"
"Assets/D_Asset/RPG and MMO UI 11/Scripts/UI/Serializables/Editor/AnimationTriggersExtendedDrawer.cs"
"Assets/D_Asset/RPG and MMO UI 11/Scripts/UI/Serializables/Editor/ColorBlockExtendedDrawer.cs"
"Assets/D_Asset/RPG and MMO UI 11/Scripts/UI/Serializables/Editor/SpriteStateExtendedDrawer.cs"
"Assets/D_Asset/RPG and MMO UI 11/Scripts/UI/Tooltips/Editor/UITooltipEditor.cs"
"Assets/D_Asset/RPG and MMO UI 11/Scripts/UI/Tooltips/Editor/UITooltipLineContentDrawer.cs"
"Assets/D_Asset/RPG and MMO UI 11/Scripts/UI/Tooltips/Editor/UITooltipLineStyleDrawer.cs"
"Assets/D_Asset/RPG and MMO UI 11/Scripts/UI/Tooltips/Editor/UITooltipManagerEditor.cs"
"Assets/D_Asset/RPG and MMO UI 11/Scripts/UI/Transitions/Editor/UIEffectTransitionEditor.cs"
"Assets/D_Asset/RPG and MMO UI 11/Scripts/UI/Transitions/Editor/UIHighlightTransitionEditor.cs"
"Assets/D_Asset/RPG and MMO UI 11/Scripts/UI/Transitions/Editor/UIPressTransitionEditor.cs"
"Assets/D_Asset/RPG and MMO UI 11/Scripts/UI/Transitions/Editor/UIToggleActiveTransitionEditor.cs"
"Assets/D_Asset/RPG and MMO UI 11/Scripts/UI/Window/Editor/UIBlackOverlayManagerEditor.cs"
"Assets/D_Asset/RPG and MMO UI 11/Scripts/UI/Window/Editor/UIWindowEditor.cs"
"Assets/D_Resources/Malbers Animations/Common/Scripts/Editor/Menu/MalbersMenu.cs"
"Assets/DynamicStarrySky/Editor/EditorCoroutine.cs"
"Assets/DynamicStarrySky/Editor/StarrySkyShaderEditor.cs"
"Assets/Editor/MCombatResourceOrganizer.cs"
"Assets/Editor/MCombatUsedResourceConsolidator.cs"
"Assets/Editor/MyEditorWindow.cs"
"Assets/Editor/PocketStrikerAIStoryLifecycleValidation.cs"
"Assets/Editor/PocketStrikerAIStoryLiveSmoke.cs"
"Assets/Editor/PocketStrikerAncientEmpireReadabilityValidation.cs"
"Assets/Editor/PocketStrikerArenaAwardValidation.cs"
"Assets/Editor/PocketStrikerAsyncIconValidation.cs"
"Assets/Editor/PocketStrikerBattleCameraOpeningValidation.cs"
"Assets/Editor/PocketStrikerBattleCameraSmoke.Handoffs.cs"
"Assets/Editor/PocketStrikerBattleCameraSmoke.Impact.cs"
"Assets/Editor/PocketStrikerBattleCameraSmoke.Opening.cs"
"Assets/Editor/PocketStrikerBattleCameraSmoke.Transitions.cs"
"Assets/Editor/PocketStrikerBattleCameraSmoke.cs"
"Assets/Editor/PocketStrikerBattleCameraStabilityValidation.cs"
"Assets/Editor/PocketStrikerBattleCameraValidation.cs"
"Assets/Editor/PocketStrikerBattleEffectLifetimeValidation.cs"
"Assets/Editor/PocketStrikerBattleHUDValidation.cs"
"Assets/Editor/PocketStrikerBattleModeValidation.cs"
"Assets/Editor/PocketStrikerBattlePauseValidation.cs"
"Assets/Editor/PocketStrikerCameraLoadingValidation.cs"
"Assets/Editor/PocketStrikerCombatFlowSmoke.cs"
"Assets/Editor/PocketStrikerCombatVisualValidation.cs"
"Assets/Editor/PocketStrikerDebugConsoleValidation.cs"
"Assets/Editor/PocketStrikerDownloadCacheValidation.cs"
"Assets/Editor/PocketStrikerDownloadValidation.cs"
"Assets/Editor/PocketStrikerEditorDefaults.cs"
"Assets/Editor/PocketStrikerEffectResourceValidation.cs"
"Assets/Editor/PocketStrikerEnergySplitValidation.cs"
"Assets/Editor/PocketStrikerFightPrepareValidation.cs"
"Assets/Editor/PocketStrikerFontValidation.cs"
"Assets/Editor/PocketStrikerGachaRecoveryValidation.cs"
"Assets/Editor/PocketStrikerGroupBattleCameraValidation.cs"
"Assets/Editor/PocketStrikerGroupBattleValidation.cs"
"Assets/Editor/PocketStrikerGroupFormationValidation.cs"
"Assets/Editor/PocketStrikerGroupPreparationRTValidation.cs"
"Assets/Editor/PocketStrikerIOSPods.cs"
"Assets/Editor/PocketStrikerLoadingReviewValidation.cs"
"Assets/Editor/PocketStrikerLoginArtSmoke.cs"
"Assets/Editor/PocketStrikerMenuBackgroundValidation.cs"
"Assets/Editor/PocketStrikerPostBattleAdUIValidation.cs"
"Assets/Editor/PocketStrikerPreBattleTutorialValidation.cs"
"Assets/Editor/PocketStrikerQueuedLiveValidation.cs"
"Assets/Editor/PocketStrikerRemotePromptBundleValidation.cs"
"Assets/Editor/PocketStrikerRenderingValidation.cs"
"Assets/Editor/PocketStrikerResourceCleanupAudit.cs"
"Assets/Editor/PocketStrikerReturnValidation.cs"
"Assets/Editor/PocketStrikerRound2Validation.cs"
"Assets/Editor/PocketStrikerSettingsInteractionValidation.cs"
"Assets/Editor/PocketStrikerShadowCoverageValidation.cs"
"Assets/Editor/PocketStrikerSkillIconReferenceValidation.cs"
"Assets/Editor/PocketStrikerSkillUIValidation.cs"
"Assets/Editor/PocketStrikerSlotEffectValidation.cs"
"Assets/Editor/PocketStrikerStageCardValidation.cs"
"Assets/Editor/PocketStrikerStoryJobValidation.cs"
"Assets/Editor/PocketStrikerStoryPresentationValidation.cs"
"Assets/Editor/PocketStrikerStoryVarietyValidation.cs"
"Assets/Editor/PocketStrikerTutorialBalanceSmoke.cs"
"Assets/Editor/PocketStrikerTutorialLayoutValidation.cs"
"Assets/Editor/PocketStrikerTutorialPlaymodeSmoke.cs"
"Assets/Editor/PocketStrikerTutorialValidation.cs"
"Assets/Editor/PocketStrikerUIArtValidation.cs"
"Assets/Editor/PocketStrikerUIInterruptionValidation.cs"
"Assets/Editor/PocketStrikerUILayoutValidation.cs"
"Assets/Editor/PocketStrikerUILiveReview.AsyncIcons.cs"
"Assets/Editor/PocketStrikerUILiveReview.Banners.cs"
"Assets/Editor/PocketStrikerUILiveReview.BattleCapture.cs"
"Assets/Editor/PocketStrikerUILiveReview.DynamicSkills.cs"
"Assets/Editor/PocketStrikerUILiveReview.StoreCapture.cs"
"Assets/Editor/PocketStrikerUILiveReview.StoreVideoFlow.cs"
"Assets/Editor/PocketStrikerUILiveReview.StoreVideoRecorder.cs"
"Assets/Editor/PocketStrikerUILiveReview.cs"
"Assets/Editor/PocketStrikerValidation.cs"
"Assets/Editor/PocketStrikerVersionValidation.cs"
"Assets/SineVFX/TopDownEffects/Assets/Scripts/Editor/CustomRampGeneratorEditor.cs"
"Assets/Tank & Healer Studio/Ultimate Joystick/Editor/UltimateJoystickEditor.cs"
"Assets/Tank & Healer Studio/Ultimate Joystick/Editor/UltimateJoystickReadme.cs"
"Assets/Tank & Healer Studio/Ultimate Joystick/Editor/UltimateJoystickReadmeEditor.cs"
"Assets/UltimateCircularHealthBar/Editor/HelpEditorWindow.cs"
"Assets/UltimateCircularHealthBar/Editor/RadialSegmentedHealthBarEditor.cs"
-langversion:9.0
/deterministic
/optimize+
/debug:portable
/nologo
/RuntimeMetadataVersion:v4.0.30319
/nowarn:0169
/nowarn:0649
/nowarn:0282
/nowarn:1701
/nowarn:1702
/utf8output
/preferreduilang:en-US
/additionalfile:"Library/Bee/artifacts/900b0aE.dag/Assembly-CSharp-Editor.UnityAdditionalFile.txt"
##### Custom Environment Variables
DOTNET_HOST_PATH=/Applications/Unity/Hub/Editor/6000.5.1f1/Unity.app/Contents/Resources/Scripting/DotNetSdk/dotnet
DOTNET_MULTILEVEL_LOOKUP=0
##### ExitCode
1
##### Output
Assets/AppCenter/Editor/AppCenterBehaviorEditorAdvanced.cs(31,24): warning CS0618: 'Object.FindObjectsOfType<T>()' is obsolete: 'Object.FindObjectsOfType has been deprecated. Use Object.FindObjectsByType instead which lets you decide whether you need the results sorted or not.  FindObjectsOfType sorts the results by InstanceID but if you do not need this using FindObjectSortMode.None is considerably faster.'
Assets/AppCenter/Editor/AppCenterPostBuild.cs(42,17): warning CS0618: 'PlayerSettings.GetScriptingBackend(BuildTargetGroup)' is obsolete: 'Use GetScriptingBackend(NamedBuildTarget buildTarget) instead'
Assets/App/Editor/Build/BuildClient.cs(412,6): warning CS0618: 'PlayerSettings.SetApplicationIdentifier(BuildTargetGroup, string)' is obsolete: 'Use SetApplicationIdentifier(NamedBuildTarget buildTarget, string identifier) instead'
Assets/App/Editor/Build/BuildClient.cs(1027,28): warning CS0618: 'PlayerSettings.GetApplicationIdentifier(BuildTargetGroup)' is obsolete: 'Use GetApplicationIdentifier(NamedBuildTarget buildTarget) instead'
Assets/Editor/PocketStrikerCombatFlowSmoke.cs(191,77): warning CS0618: 'FindObjectsSortMode' is obsolete: 'FindObjectsSortMode has been deprecated. Use the FindObjectsByType overloads that do not take a FindObjectsSortMode parameter.'
Assets/Editor/PocketStrikerCombatFlowSmoke.cs(191,22): warning CS0618: 'Object.FindObjectsByType<T>(FindObjectsSortMode)' is obsolete: 'FindObjectsByType with FindObjectsSortMode parameter has been deprecated. Use FindObjectsByType<T>() or FindObjectsByType<T>(FindObjectsInactive) instead. InstanceID will be replaced in the future with EntityId and previous sort order cannot be maintained.'
Assets/Editor/PocketStrikerDownloadCacheValidation.cs(182,120): warning CS0618: 'FindObjectsSortMode' is obsolete: 'FindObjectsSortMode has been deprecated. Use the FindObjectsByType overloads that do not take a FindObjectsSortMode parameter.'
Assets/Editor/PocketStrikerDownloadCacheValidation.cs(182,33): warning CS0618: 'Object.FindObjectsByType<T>(FindObjectsInactive, FindObjectsSortMode)' is obsolete: 'FindObjectsByType with FindObjectsSortMode parameter has been deprecated. Use FindObjectsByType<T>() or FindObjectsByType<T>(FindObjectsInactive) instead. InstanceID will be replaced in the future with EntityId and previous sort order cannot be maintained.'
Assets/Editor/PocketStrikerDownloadCacheValidation.cs(183,114): warning CS0618: 'FindObjectsSortMode' is obsolete: 'FindObjectsSortMode has been deprecated. Use the FindObjectsByType overloads that do not take a FindObjectsSortMode parameter.'
Assets/Editor/PocketStrikerDownloadCacheValidation.cs(183,29): warning CS0618: 'Object.FindObjectsByType<T>(FindObjectsInactive, FindObjectsSortMode)' is obsolete: 'FindObjectsByType with FindObjectsSortMode parameter has been deprecated. Use FindObjectsByType<T>() or FindObjectsByType<T>(FindObjectsInactive) instead. InstanceID will be replaced in the future with EntityId and previous sort order cannot be maintained.'
Assets/Editor/PocketStrikerDownloadCacheValidation.cs(184,107): warning CS0618: 'FindObjectsSortMode' is obsolete: 'FindObjectsSortMode has been deprecated. Use the FindObjectsByType overloads that do not take a FindObjectsSortMode parameter.'
Assets/Editor/PocketStrikerDownloadCacheValidation.cs(184,29): warning CS0618: 'Object.FindObjectsByType<T>(FindObjectsInactive, FindObjectsSortMode)' is obsolete: 'FindObjectsByType with FindObjectsSortMode parameter has been deprecated. Use FindObjectsByType<T>() or FindObjectsByType<T>(FindObjectsInactive) instead. InstanceID will be replaced in the future with EntityId and previous sort order cannot be maintained.'
Assets/Editor/PocketStrikerDownloadCacheValidation.cs(186,111): warning CS0618: 'FindObjectsSortMode' is obsolete: 'FindObjectsSortMode has been deprecated. Use the FindObjectsByType overloads that do not take a FindObjectsSortMode parameter.'
Assets/Editor/PocketStrikerDownloadCacheValidation.cs(186,29): warning CS0618: 'Object.FindObjectsByType<T>(FindObjectsInactive, FindObjectsSortMode)' is obsolete: 'FindObjectsByType with FindObjectsSortMode parameter has been deprecated. Use FindObjectsByType<T>() or FindObjectsByType<T>(FindObjectsInactive) instead. InstanceID will be replaced in the future with EntityId and previous sort order cannot be maintained.'
Assets/Editor/PocketStrikerDownloadCacheValidation.cs(187,114): warning CS0618: 'FindObjectsSortMode' is obsolete: 'FindObjectsSortMode has been deprecated. Use the FindObjectsByType overloads that do not take a FindObjectsSortMode parameter.'
Assets/Editor/PocketStrikerDownloadCacheValidation.cs(187,31): warning CS0618: 'Object.FindObjectsByType<T>(FindObjectsInactive, FindObjectsSortMode)' is obsolete: 'FindObjectsByType with FindObjectsSortMode parameter has been deprecated. Use FindObjectsByType<T>() or FindObjectsByType<T>(FindObjectsInactive) instead. InstanceID will be replaced in the future with EntityId and previous sort order cannot be maintained.'
Assets/Editor/PocketStrikerCombatFlowSmoke.cs(498,34): warning CS0618: 'Object.FindFirstObjectByType<T>()' is obsolete: 'FindFirstObjectByType has been deprecated because it relies on instance ID ordering. Use FindAnyObjectByType instead, which does not depend on ordering.'
Assets/Editor/PocketStrikerCombatFlowSmoke.cs(548,59): warning CS0618: 'Object.FindFirstObjectByType<T>()' is obsolete: 'FindFirstObjectByType has been deprecated because it relies on instance ID ordering. Use FindAnyObjectByType instead, which does not depend on ordering.'
Assets/Editor/PocketStrikerCombatFlowSmoke.cs(549,23): warning CS0618: 'Object.FindFirstObjectByType<T>()' is obsolete: 'FindFirstObjectByType has been deprecated because it relies on instance ID ordering. Use FindAnyObjectByType instead, which does not depend on ordering.'
Assets/Editor/PocketStrikerGachaRecoveryValidation.cs(179,96): warning CS0618: 'FindObjectsSortMode' is obsolete: 'FindObjectsSortMode has been deprecated. Use the FindObjectsByType overloads that do not take a FindObjectsSortMode parameter.'
Assets/Editor/PocketStrikerGachaRecoveryValidation.cs(179,21): warning CS0618: 'Object.FindObjectsByType<T>(FindObjectsInactive, FindObjectsSortMode)' is obsolete: 'FindObjectsByType with FindObjectsSortMode parameter has been deprecated. Use FindObjectsByType<T>() or FindObjectsByType<T>(FindObjectsInactive) instead. InstanceID will be replaced in the future with EntityId and previous sort order cannot be maintained.'
Assets/Editor/PocketStrikerLoadingReviewValidation.cs(170,120): warning CS0618: 'FindObjectsSortMode' is obsolete: 'FindObjectsSortMode has been deprecated. Use the FindObjectsByType overloads that do not take a FindObjectsSortMode parameter.'
Assets/Editor/PocketStrikerLoadingReviewValidation.cs(170,33): warning CS0618: 'Object.FindObjectsByType<T>(FindObjectsInactive, FindObjectsSortMode)' is obsolete: 'FindObjectsByType with FindObjectsSortMode parameter has been deprecated. Use FindObjectsByType<T>() or FindObjectsByType<T>(FindObjectsInactive) instead. InstanceID will be replaced in the future with EntityId and previous sort order cannot be maintained.'
Assets/Editor/PocketStrikerLoadingReviewValidation.cs(171,105): warning CS0618: 'FindObjectsSortMode' is obsolete: 'FindObjectsSortMode has been deprecated. Use the FindObjectsByType overloads that do not take a FindObjectsSortMode parameter.'
Assets/Editor/PocketStrikerLoadingReviewValidation.cs(171,29): warning CS0618: 'Object.FindObjectsByType<T>(FindObjectsInactive, FindObjectsSortMode)' is obsolete: 'FindObjectsByType with FindObjectsSortMode parameter has been deprecated. Use FindObjectsByType<T>() or FindObjectsByType<T>(FindObjectsInactive) instead. InstanceID will be replaced in the future with EntityId and previous sort order cannot be maintained.'
Assets/Editor/PocketStrikerLoadingReviewValidation.cs(172,107): warning CS0618: 'FindObjectsSortMode' is obsolete: 'FindObjectsSortMode has been deprecated. Use the FindObjectsByType overloads that do not take a FindObjectsSortMode parameter.'
Assets/Editor/PocketStrikerLoadingReviewValidation.cs(172,29): warning CS0618: 'Object.FindObjectsByType<T>(FindObjectsInactive, FindObjectsSortMode)' is obsolete: 'FindObjectsByType with FindObjectsSortMode parameter has been deprecated. Use FindObjectsByType<T>() or FindObjectsByType<T>(FindObjectsInactive) instead. InstanceID will be replaced in the future with EntityId and previous sort order cannot be maintained.'
Assets/Editor/PocketStrikerLoadingReviewValidation.cs(178,111): warning CS0618: 'FindObjectsSortMode' is obsolete: 'FindObjectsSortMode has been deprecated. Use the FindObjectsByType overloads that do not take a FindObjectsSortMode parameter.'
Assets/Editor/PocketStrikerLoadingReviewValidation.cs(178,29): warning CS0618: 'Object.FindObjectsByType<T>(FindObjectsInactive, FindObjectsSortMode)' is obsolete: 'FindObjectsByType with FindObjectsSortMode parameter has been deprecated. Use FindObjectsByType<T>() or FindObjectsByType<T>(FindObjectsInactive) instead. InstanceID will be replaced in the future with EntityId and previous sort order cannot be maintained.'
Assets/Editor/PocketStrikerLoadingReviewValidation.cs(185,115): warning CS0618: 'FindObjectsSortMode' is obsolete: 'FindObjectsSortMode has been deprecated. Use the FindObjectsByType overloads that do not take a FindObjectsSortMode parameter.'
Assets/Editor/PocketStrikerLoadingReviewValidation.cs(185,32): warning CS0618: 'Object.FindObjectsByType<T>(FindObjectsInactive, FindObjectsSortMode)' is obsolete: 'FindObjectsByType with FindObjectsSortMode parameter has been deprecated. Use FindObjectsByType<T>() or FindObjectsByType<T>(FindObjectsInactive) instead. InstanceID will be replaced in the future with EntityId and previous sort order cannot be maintained.'
Assets/Editor/PocketStrikerMenuBackgroundValidation.cs(271,105): warning CS0618: 'FindObjectsSortMode' is obsolete: 'FindObjectsSortMode has been deprecated. Use the FindObjectsByType overloads that do not take a FindObjectsSortMode parameter.'
Assets/Editor/PocketStrikerMenuBackgroundValidation.cs(271,29): warning CS0618: 'Object.FindObjectsByType<T>(FindObjectsInactive, FindObjectsSortMode)' is obsolete: 'FindObjectsByType with FindObjectsSortMode parameter has been deprecated. Use FindObjectsByType<T>() or FindObjectsByType<T>(FindObjectsInactive) instead. InstanceID will be replaced in the future with EntityId and previous sort order cannot be maintained.'
Assets/Editor/PocketStrikerMenuBackgroundValidation.cs(272,120): warning CS0618: 'FindObjectsSortMode' is obsolete: 'FindObjectsSortMode has been deprecated. Use the FindObjectsByType overloads that do not take a FindObjectsSortMode parameter.'
Assets/Editor/PocketStrikerMenuBackgroundValidation.cs(272,33): warning CS0618: 'Object.FindObjectsByType<T>(FindObjectsInactive, FindObjectsSortMode)' is obsolete: 'FindObjectsByType with FindObjectsSortMode parameter has been deprecated. Use FindObjectsByType<T>() or FindObjectsByType<T>(FindObjectsInactive) instead. InstanceID will be replaced in the future with EntityId and previous sort order cannot be maintained.'
Assets/Editor/PocketStrikerMenuBackgroundValidation.cs(273,108): warning CS0618: 'FindObjectsSortMode' is obsolete: 'FindObjectsSortMode has been deprecated. Use the FindObjectsByType overloads that do not take a FindObjectsSortMode parameter.'
Assets/Editor/PocketStrikerMenuBackgroundValidation.cs(273,30): warning CS0618: 'Object.FindObjectsByType<T>(FindObjectsInactive, FindObjectsSortMode)' is obsolete: 'FindObjectsByType with FindObjectsSortMode parameter has been deprecated. Use FindObjectsByType<T>() or FindObjectsByType<T>(FindObjectsInactive) instead. InstanceID will be replaced in the future with EntityId and previous sort order cannot be maintained.'
Assets/Editor/PocketStrikerMenuBackgroundValidation.cs(279,111): warning CS0618: 'FindObjectsSortMode' is obsolete: 'FindObjectsSortMode has been deprecated. Use the FindObjectsByType overloads that do not take a FindObjectsSortMode parameter.'
Assets/Editor/PocketStrikerMenuBackgroundValidation.cs(279,29): warning CS0618: 'Object.FindObjectsByType<T>(FindObjectsInactive, FindObjectsSortMode)' is obsolete: 'FindObjectsByType with FindObjectsSortMode parameter has been deprecated. Use FindObjectsByType<T>() or FindObjectsByType<T>(FindObjectsInactive) instead. InstanceID will be replaced in the future with EntityId and previous sort order cannot be maintained.'
Assets/Editor/PocketStrikerMenuBackgroundValidation.cs(284,114): warning CS0618: 'FindObjectsSortMode' is obsolete: 'FindObjectsSortMode has been deprecated. Use the FindObjectsByType overloads that do not take a FindObjectsSortMode parameter.'
Assets/Editor/PocketStrikerMenuBackgroundValidation.cs(284,31): warning CS0618: 'Object.FindObjectsByType<T>(FindObjectsInactive, FindObjectsSortMode)' is obsolete: 'FindObjectsByType with FindObjectsSortMode parameter has been deprecated. Use FindObjectsByType<T>() or FindObjectsByType<T>(FindObjectsInactive) instead. InstanceID will be replaced in the future with EntityId and previous sort order cannot be maintained.'
Assets/Editor/PocketStrikerMenuBackgroundValidation.cs(288,119): warning CS0618: 'FindObjectsSortMode' is obsolete: 'FindObjectsSortMode has been deprecated. Use the FindObjectsByType overloads that do not take a FindObjectsSortMode parameter.'
Assets/Editor/PocketStrikerMenuBackgroundValidation.cs(288,36): warning CS0618: 'Object.FindObjectsByType<T>(FindObjectsInactive, FindObjectsSortMode)' is obsolete: 'FindObjectsByType with FindObjectsSortMode parameter has been deprecated. Use FindObjectsByType<T>() or FindObjectsByType<T>(FindObjectsInactive) instead. InstanceID will be replaced in the future with EntityId and previous sort order cannot be maintained.'
Assets/Editor/PocketStrikerLoginArtSmoke.cs(179,120): warning CS0618: 'FindObjectsSortMode' is obsolete: 'FindObjectsSortMode has been deprecated. Use the FindObjectsByType overloads that do not take a FindObjectsSortMode parameter.'
Assets/Editor/PocketStrikerLoginArtSmoke.cs(179,43): warning CS0618: 'Object.FindObjectsByType<T>(FindObjectsInactive, FindObjectsSortMode)' is obsolete: 'FindObjectsByType with FindObjectsSortMode parameter has been deprecated. Use FindObjectsByType<T>() or FindObjectsByType<T>(FindObjectsInactive) instead. InstanceID will be replaced in the future with EntityId and previous sort order cannot be maintained.'
Assets/Editor/PocketStrikerCombatFlowSmoke.cs(645,20): warning CS0618: 'Object.FindFirstObjectByType<T>()' is obsolete: 'FindFirstObjectByType has been deprecated because it relies on instance ID ordering. Use FindAnyObjectByType instead, which does not depend on ordering.'
Assets/Editor/PocketStrikerCombatFlowSmoke.cs(669,25): warning CS0618: 'Object.FindFirstObjectByType<T>()' is obsolete: 'FindFirstObjectByType has been deprecated because it relies on instance ID ordering. Use FindAnyObjectByType instead, which does not depend on ordering.'
Assets/Editor/PocketStrikerCombatFlowSmoke.cs(681,23): warning CS0618: 'Object.FindFirstObjectByType<T>()' is obsolete: 'FindFirstObjectByType has been deprecated because it relies on instance ID ordering. Use FindAnyObjectByType instead, which does not depend on ordering.'
Assets/Editor/PocketStrikerCombatFlowSmoke.cs(930,76): warning CS0618: 'FindObjectsSortMode' is obsolete: 'FindObjectsSortMode has been deprecated. Use the FindObjectsByType overloads that do not take a FindObjectsSortMode parameter.'
Assets/Editor/PocketStrikerCombatFlowSmoke.cs(929,56): warning CS0618: 'Object.FindObjectsByType<T>(FindObjectsInactive, FindObjectsSortMode)' is obsolete: 'FindObjectsByType with FindObjectsSortMode parameter has been deprecated. Use FindObjectsByType<T>() or FindObjectsByType<T>(FindObjectsInactive) instead. InstanceID will be replaced in the future with EntityId and previous sort order cannot be maintained.'
Assets/Editor/PocketStrikerCombatFlowSmoke.cs(955,30): warning CS0618: 'Object.FindFirstObjectByType<T>()' is obsolete: 'FindFirstObjectByType has been deprecated because it relies on instance ID ordering. Use FindAnyObjectByType instead, which does not depend on ordering.'
Assets/Editor/PocketStrikerBattleCameraSmoke.cs(167,76): warning CS0618: 'FindObjectsSortMode' is obsolete: 'FindObjectsSortMode has been deprecated. Use the FindObjectsByType overloads that do not take a FindObjectsSortMode parameter.'
Assets/Editor/PocketStrikerBattleCameraSmoke.cs(167,21): warning CS0618: 'Object.FindObjectsByType<T>(FindObjectsSortMode)' is obsolete: 'FindObjectsByType with FindObjectsSortMode parameter has been deprecated. Use FindObjectsByType<T>() or FindObjectsByType<T>(FindObjectsInactive) instead. InstanceID will be replaced in the future with EntityId and previous sort order cannot be maintained.'
Assets/Editor/PocketStrikerMenuBackgroundValidation.cs(355,99): warning CS0618: 'FindObjectsSortMode' is obsolete: 'FindObjectsSortMode has been deprecated. Use the FindObjectsByType overloads that do not take a FindObjectsSortMode parameter.'
Assets/Editor/PocketStrikerMenuBackgroundValidation.cs(355,21): warning CS0618: 'Object.FindObjectsByType<T>(FindObjectsInactive, FindObjectsSortMode)' is obsolete: 'FindObjectsByType with FindObjectsSortMode parameter has been deprecated. Use FindObjectsByType<T>() or FindObjectsByType<T>(FindObjectsInactive) instead. InstanceID will be replaced in the future with EntityId and previous sort order cannot be maintained.'
Assets/Editor/PocketStrikerLoadingReviewValidation.cs(610,125): warning CS0618: 'FindObjectsSortMode' is obsolete: 'FindObjectsSortMode has been deprecated. Use the FindObjectsByType overloads that do not take a FindObjectsSortMode parameter.'
Assets/Editor/PocketStrikerLoadingReviewValidation.cs(610,38): warning CS0618: 'Object.FindObjectsByType<T>(FindObjectsInactive, FindObjectsSortMode)' is obsolete: 'FindObjectsByType with FindObjectsSortMode parameter has been deprecated. Use FindObjectsByType<T>() or FindObjectsByType<T>(FindObjectsInactive) instead. InstanceID will be replaced in the future with EntityId and previous sort order cannot be maintained.'
Assets/Editor/PocketStrikerLoadingReviewValidation.cs(611,115): warning CS0618: 'FindObjectsSortMode' is obsolete: 'FindObjectsSortMode has been deprecated. Use the FindObjectsByType overloads that do not take a FindObjectsSortMode parameter.'
Assets/Editor/PocketStrikerLoadingReviewValidation.cs(611,39): warning CS0618: 'Object.FindObjectsByType<T>(FindObjectsInactive, FindObjectsSortMode)' is obsolete: 'FindObjectsByType with FindObjectsSortMode parameter has been deprecated. Use FindObjectsByType<T>() or FindObjectsByType<T>(FindObjectsInactive) instead. InstanceID will be replaced in the future with EntityId and previous sort order cannot be maintained.'
Assets/Editor/PocketStrikerLoadingReviewValidation.cs(612,111): warning CS0618: 'FindObjectsSortMode' is obsolete: 'FindObjectsSortMode has been deprecated. Use the FindObjectsByType overloads that do not take a FindObjectsSortMode parameter.'
Assets/Editor/PocketStrikerLoadingReviewValidation.cs(612,33): warning CS0618: 'Object.FindObjectsByType<T>(FindObjectsInactive, FindObjectsSortMode)' is obsolete: 'FindObjectsByType with FindObjectsSortMode parameter has been deprecated. Use FindObjectsByType<T>() or FindObjectsByType<T>(FindObjectsInactive) instead. InstanceID will be replaced in the future with EntityId and previous sort order cannot be maintained.'
Assets/Editor/PocketStrikerLoadingReviewValidation.cs(613,115): warning CS0618: 'FindObjectsSortMode' is obsolete: 'FindObjectsSortMode has been deprecated. Use the FindObjectsByType overloads that do not take a FindObjectsSortMode parameter.'
Assets/Editor/PocketStrikerLoadingReviewValidation.cs(613,33): warning CS0618: 'Object.FindObjectsByType<T>(FindObjectsInactive, FindObjectsSortMode)' is obsolete: 'FindObjectsByType with FindObjectsSortMode parameter has been deprecated. Use FindObjectsByType<T>() or FindObjectsByType<T>(FindObjectsInactive) instead. InstanceID will be replaced in the future with EntityId and previous sort order cannot be maintained.'
Assets/Editor/PocketStrikerRenderingValidation.cs(59,74): warning CS0618: 'FindObjectsSortMode' is obsolete: 'FindObjectsSortMode has been deprecated. Use the FindObjectsByType overloads that do not take a FindObjectsSortMode parameter.'
Assets/Editor/PocketStrikerRenderingValidation.cs(59,24): warning CS0618: 'Object.FindObjectsByType<T>(FindObjectsSortMode)' is obsolete: 'FindObjectsByType with FindObjectsSortMode parameter has been deprecated. Use FindObjectsByType<T>() or FindObjectsByType<T>(FindObjectsInactive) instead. InstanceID will be replaced in the future with EntityId and previous sort order cannot be maintained.'
Assets/Editor/PocketStrikerRenderingValidation.cs(116,27): warning CS0618: 'Object.FindFirstObjectByType<T>()' is obsolete: 'FindFirstObjectByType has been deprecated because it relies on instance ID ordering. Use FindAnyObjectByType instead, which does not depend on ordering.'
Assets/Editor/PocketStrikerLoadingReviewValidation.cs(638,126): warning CS0618: 'FindObjectsSortMode' is obsolete: 'FindObjectsSortMode has been deprecated. Use the FindObjectsByType overloads that do not take a FindObjectsSortMode parameter.'
Assets/Editor/PocketStrikerLoadingReviewValidation.cs(638,39): warning CS0618: 'Object.FindObjectsByType<T>(FindObjectsInactive, FindObjectsSortMode)' is obsolete: 'FindObjectsByType with FindObjectsSortMode parameter has been deprecated. Use FindObjectsByType<T>() or FindObjectsByType<T>(FindObjectsInactive) instead. InstanceID will be replaced in the future with EntityId and previous sort order cannot be maintained.'
Assets/Editor/PocketStrikerLoadingReviewValidation.cs(639,88): warning CS0618: 'FindObjectsSortMode' is obsolete: 'FindObjectsSortMode has been deprecated. Use the FindObjectsByType overloads that do not take a FindObjectsSortMode parameter.'
Assets/Editor/PocketStrikerLoadingReviewValidation.cs(639,12): warning CS0618: 'Object.FindObjectsByType<T>(FindObjectsInactive, FindObjectsSortMode)' is obsolete: 'FindObjectsByType with FindObjectsSortMode parameter has been deprecated. Use FindObjectsByType<T>() or FindObjectsByType<T>(FindObjectsInactive) instead. InstanceID will be replaced in the future with EntityId and previous sort order cannot be maintained.'
Assets/Editor/PocketStrikerLoadingReviewValidation.cs(640,90): warning CS0618: 'FindObjectsSortMode' is obsolete: 'FindObjectsSortMode has been deprecated. Use the FindObjectsByType overloads that do not take a FindObjectsSortMode parameter.'
Assets/Editor/PocketStrikerLoadingReviewValidation.cs(640,12): warning CS0618: 'Object.FindObjectsByType<T>(FindObjectsInactive, FindObjectsSortMode)' is obsolete: 'FindObjectsByType with FindObjectsSortMode parameter has been deprecated. Use FindObjectsByType<T>() or FindObjectsByType<T>(FindObjectsInactive) instead. InstanceID will be replaced in the future with EntityId and previous sort order cannot be maintained.'
Assets/Editor/PocketStrikerLoadingReviewValidation.cs(641,94): warning CS0618: 'FindObjectsSortMode' is obsolete: 'FindObjectsSortMode has been deprecated. Use the FindObjectsByType overloads that do not take a FindObjectsSortMode parameter.'
Assets/Editor/PocketStrikerLoadingReviewValidation.cs(641,12): warning CS0618: 'Object.FindObjectsByType<T>(FindObjectsInactive, FindObjectsSortMode)' is obsolete: 'FindObjectsByType with FindObjectsSortMode parameter has been deprecated. Use FindObjectsByType<T>() or FindObjectsByType<T>(FindObjectsInactive) instead. InstanceID will be replaced in the future with EntityId and previous sort order cannot be maintained.'
Assets/Editor/PocketStrikerBattleCameraSmoke.cs(703,42): warning CS0618: 'Object.FindFirstObjectByType<T>()' is obsolete: 'FindFirstObjectByType has been deprecated because it relies on instance ID ordering. Use FindAnyObjectByType instead, which does not depend on ordering.'
Assets/Editor/PocketStrikerReturnValidation.cs(327,111): warning CS0618: 'FindObjectsSortMode' is obsolete: 'FindObjectsSortMode has been deprecated. Use the FindObjectsByType overloads that do not take a FindObjectsSortMode parameter.'
Assets/Editor/PocketStrikerReturnValidation.cs(327,32): warning CS0618: 'Object.FindObjectsByType<T>(FindObjectsInactive, FindObjectsSortMode)' is obsolete: 'FindObjectsByType with FindObjectsSortMode parameter has been deprecated. Use FindObjectsByType<T>() or FindObjectsByType<T>(FindObjectsInactive) instead. InstanceID will be replaced in the future with EntityId and previous sort order cannot be maintained.'
Assets/Editor/PocketStrikerReturnValidation.cs(328,110): warning CS0618: 'FindObjectsSortMode' is obsolete: 'FindObjectsSortMode has been deprecated. Use the FindObjectsByType overloads that do not take a FindObjectsSortMode parameter.'
Assets/Editor/PocketStrikerReturnValidation.cs(328,31): warning CS0618: 'Object.FindObjectsByType<T>(FindObjectsInactive, FindObjectsSortMode)' is obsolete: 'FindObjectsByType with FindObjectsSortMode parameter has been deprecated. Use FindObjectsByType<T>() or FindObjectsByType<T>(FindObjectsInactive) instead. InstanceID will be replaced in the future with EntityId and previous sort order cannot be maintained.'
Assets/Editor/PocketStrikerTutorialPlaymodeSmoke.cs(106,77): warning CS0618: 'FindObjectsSortMode' is obsolete: 'FindObjectsSortMode has been deprecated. Use the FindObjectsByType overloads that do not take a FindObjectsSortMode parameter.'
Assets/Editor/PocketStrikerTutorialPlaymodeSmoke.cs(106,22): warning CS0618: 'Object.FindObjectsByType<T>(FindObjectsSortMode)' is obsolete: 'FindObjectsByType with FindObjectsSortMode parameter has been deprecated. Use FindObjectsByType<T>() or FindObjectsByType<T>(FindObjectsInactive) instead. InstanceID will be replaced in the future with EntityId and previous sort order cannot be maintained.'
Assets/Editor/PocketStrikerMenuBackgroundValidation.cs(813,95): warning CS0618: 'FindObjectsSortMode' is obsolete: 'FindObjectsSortMode has been deprecated. Use the FindObjectsByType overloads that do not take a FindObjectsSortMode parameter.'
Assets/Editor/PocketStrikerMenuBackgroundValidation.cs(813,17): warning CS0618: 'Object.FindObjectsByType<T>(FindObjectsInactive, FindObjectsSortMode)' is obsolete: 'FindObjectsByType with FindObjectsSortMode parameter has been deprecated. Use FindObjectsByType<T>() or FindObjectsByType<T>(FindObjectsInactive) instead. InstanceID will be replaced in the future with EntityId and previous sort order cannot be maintained.'
Assets/Editor/PocketStrikerTutorialPlaymodeSmoke.cs(148,20): warning CS0618: 'Object.FindFirstObjectByType<T>()' is obsolete: 'FindFirstObjectByType has been deprecated because it relies on instance ID ordering. Use FindAnyObjectByType instead, which does not depend on ordering.'
Assets/Editor/PocketStrikerTutorialPlaymodeSmoke.cs(150,25): warning CS0618: 'Object.FindFirstObjectByType<T>()' is obsolete: 'FindFirstObjectByType has been deprecated because it relies on instance ID ordering. Use FindAnyObjectByType instead, which does not depend on ordering.'
Assets/Editor/PocketStrikerTutorialPlaymodeSmoke.cs(300,90): warning CS0618: 'FindObjectsSortMode' is obsolete: 'FindObjectsSortMode has been deprecated. Use the FindObjectsByType overloads that do not take a FindObjectsSortMode parameter.'
Assets/Editor/PocketStrikerTutorialPlaymodeSmoke.cs(300,50): warning CS0618: 'Object.FindObjectsByType<T>(FindObjectsSortMode)' is obsolete: 'FindObjectsByType with FindObjectsSortMode parameter has been deprecated. Use FindObjectsByType<T>() or FindObjectsByType<T>(FindObjectsInactive) instead. InstanceID will be replaced in the future with EntityId and previous sort order cannot be maintained.'
Assets/Editor/PocketStrikerUILiveReview.DynamicSkills.cs(134,87): warning CS0618: 'FindObjectsSortMode' is obsolete: 'FindObjectsSortMode has been deprecated. Use the FindObjectsByType overloads that do not take a FindObjectsSortMode parameter.'
Assets/Editor/PocketStrikerUILiveReview.DynamicSkills.cs(134,18): warning CS0618: 'Object.FindObjectsByType<T>(FindObjectsInactive, FindObjectsSortMode)' is obsolete: 'FindObjectsByType with FindObjectsSortMode parameter has been deprecated. Use FindObjectsByType<T>() or FindObjectsByType<T>(FindObjectsInactive) instead. InstanceID will be replaced in the future with EntityId and previous sort order cannot be maintained.'
Assets/Editor/PocketStrikerValidation.cs(188,25): warning CS0618: 'Object.FindFirstObjectByType<T>()' is obsolete: 'FindFirstObjectByType has been deprecated because it relies on instance ID ordering. Use FindAnyObjectByType instead, which does not depend on ordering.'
Assets/Editor/PocketStrikerValidation.cs(202,69): warning CS0618: 'FindObjectsSortMode' is obsolete: 'FindObjectsSortMode has been deprecated. Use the FindObjectsByType overloads that do not take a FindObjectsSortMode parameter.'
Assets/Editor/PocketStrikerValidation.cs(202,17): warning CS0618: 'Object.FindObjectsByType<T>(FindObjectsSortMode)' is obsolete: 'FindObjectsByType with FindObjectsSortMode parameter has been deprecated. Use FindObjectsByType<T>() or FindObjectsByType<T>(FindObjectsInactive) instead. InstanceID will be replaced in the future with EntityId and previous sort order cannot be maintained.'
Assets/Editor/PocketStrikerUILiveReview.Banners.cs(97,106): warning CS0618: 'FindObjectsSortMode' is obsolete: 'FindObjectsSortMode has been deprecated. Use the FindObjectsByType overloads that do not take a FindObjectsSortMode parameter.'
Assets/Editor/PocketStrikerUILiveReview.Banners.cs(97,50): warning CS0618: 'Object.FindObjectsByType<T>(FindObjectsSortMode)' is obsolete: 'FindObjectsByType with FindObjectsSortMode parameter has been deprecated. Use FindObjectsByType<T>() or FindObjectsByType<T>(FindObjectsInactive) instead. InstanceID will be replaced in the future with EntityId and previous sort order cannot be maintained.'
Assets/Editor/PocketStrikerValidation.cs(360,31): warning CS0618: 'Object.FindFirstObjectByType<T>()' is obsolete: 'FindFirstObjectByType has been deprecated because it relies on instance ID ordering. Use FindAnyObjectByType instead, which does not depend on ordering.'
Assets/Editor/PocketStrikerValidation.cs(457,46): warning CS0618: 'FindObjectsSortMode' is obsolete: 'FindObjectsSortMode has been deprecated. Use the FindObjectsByType overloads that do not take a FindObjectsSortMode parameter.'
Assets/Editor/PocketStrikerValidation.cs(456,50): warning CS0618: 'Object.FindObjectsByType<T>(FindObjectsSortMode)' is obsolete: 'FindObjectsByType with FindObjectsSortMode parameter has been deprecated. Use FindObjectsByType<T>() or FindObjectsByType<T>(FindObjectsInactive) instead. InstanceID will be replaced in the future with EntityId and previous sort order cannot be maintained.'
Assets/Editor/PocketStrikerUILiveReview.Banners.cs(118,90): warning CS0618: 'FindObjectsSortMode' is obsolete: 'FindObjectsSortMode has been deprecated. Use the FindObjectsByType overloads that do not take a FindObjectsSortMode parameter.'
Assets/Editor/PocketStrikerUILiveReview.Banners.cs(118,34): warning CS0618: 'Object.FindObjectsByType<T>(FindObjectsSortMode)' is obsolete: 'FindObjectsByType with FindObjectsSortMode parameter has been deprecated. Use FindObjectsByType<T>() or FindObjectsByType<T>(FindObjectsInactive) instead. InstanceID will be replaced in the future with EntityId and previous sort order cannot be maintained.'
Assets/Editor/PocketStrikerUILiveReview.BattleCapture.cs(41,30): error CS0103: The name 'SessionState' does not exist in the current context
Assets/Editor/PocketStrikerUILiveReview.BattleCapture.cs(42,31): error CS0103: The name 'SessionState' does not exist in the current context
Assets/Editor/PocketStrikerUILiveReview.BattleCapture.cs(53,30): error CS0103: The name 'PreScene' does not exist in the current context
Assets/Editor/PocketStrikerUILiveReview.BattleCapture.cs(53,89): error CS0103: The name 'ProcessesRunner' does not exist in the current context
Assets/Editor/PocketStrikerUILiveReview.BattleCapture.cs(77,39): error CS0103: The name 'MainSceneStep' does not exist in the current context
Assets/Editor/PocketStrikerUILiveReview.BattleCapture.cs(79,31): error CS0103: The name 'MainSceneStep' does not exist in the current context
Assets/Editor/PocketStrikerUILiveReview.BattleCapture.cs(118,47): error CS0103: The name 'MainSceneStep' does not exist in the current context
Assets/Editor/PocketStrikerUILiveReview.BattleCapture.cs(130,35): error CS0103: The name 'MainSceneStep' does not exist in the current context
Assets/Editor/PocketStrikerUILiveReview.DynamicSkills.cs(338,86): warning CS0618: 'FindObjectsSortMode' is obsolete: 'FindObjectsSortMode has been deprecated. Use the FindObjectsByType overloads that do not take a FindObjectsSortMode parameter.'
Assets/Editor/PocketStrikerUILiveReview.DynamicSkills.cs(338,17): warning CS0618: 'Object.FindObjectsByType<T>(FindObjectsInactive, FindObjectsSortMode)' is obsolete: 'FindObjectsByType with FindObjectsSortMode parameter has been deprecated. Use FindObjectsByType<T>() or FindObjectsByType<T>(FindObjectsInactive) instead. InstanceID will be replaced in the future with EntityId and previous sort order cannot be maintained.'
Assets/Editor/PocketStrikerUILiveReview.DynamicSkills.cs(344,96): warning CS0618: 'FindObjectsSortMode' is obsolete: 'FindObjectsSortMode has been deprecated. Use the FindObjectsByType overloads that do not take a FindObjectsSortMode parameter.'
Assets/Editor/PocketStrikerUILiveReview.DynamicSkills.cs(344,27): warning CS0618: 'Object.FindObjectsByType<T>(FindObjectsInactive, FindObjectsSortMode)' is obsolete: 'FindObjectsByType with FindObjectsSortMode parameter has been deprecated. Use FindObjectsByType<T>() or FindObjectsByType<T>(FindObjectsInactive) instead. InstanceID will be replaced in the future with EntityId and previous sort order cannot be maintained.'
Assets/Editor/PocketStrikerUILiveReview.BattleCapture.cs(195,38): error CS0103: The name 'SessionState' does not exist in the current context
Assets/Editor/PocketStrikerUILiveReview.BattleCapture.cs(195,103): error CS0103: The name 'SessionState' does not exist in the current context
Assets/Editor/PocketStrikerUILiveReview.BattleCapture.cs(215,87): error CS0103: The name 'PreScene' does not exist in the current context
Assets/Editor/PocketStrikerUILiveReview.BattleCapture.cs(227,20): error CS0246: The type or namespace name 'SelfFightLayer' could not be found (are you missing a using directive or an assembly reference?)
Assets/Editor/PocketStrikerUILiveReview.BattleCapture.cs(227,36): error CS0103: The name 'MainSceneStep' does not exist in the current context
Assets/Editor/PocketStrikerUILiveReview.BattleCapture.cs(228,26): error CS0246: The type or namespace name 'SelfFightLayer' could not be found (are you missing a using directive or an assembly reference?)
Assets/Editor/PocketStrikerUILiveReview.BattleCapture.cs(229,27): error CS0246: The type or namespace name 'UnitsLayer' could not be found (are you missing a using directive or an assembly reference?)
Assets/Editor/PocketStrikerMenuBackgroundValidation.cs(1447,115): warning CS0618: 'FindObjectsSortMode' is obsolete: 'FindObjectsSortMode has been deprecated. Use the FindObjectsByType overloads that do not take a FindObjectsSortMode parameter.'
Assets/Editor/PocketStrikerMenuBackgroundValidation.cs(1447,46): warning CS0618: 'Object.FindObjectsByType<T>(FindObjectsInactive, FindObjectsSortMode)' is obsolete: 'FindObjectsByType with FindObjectsSortMode parameter has been deprecated. Use FindObjectsByType<T>() or FindObjectsByType<T>(FindObjectsInactive) instead. InstanceID will be replaced in the future with EntityId and previous sort order cannot be maintained.'
Assets/Editor/PocketStrikerMenuBackgroundValidation.cs(1449,121): warning CS0618: 'FindObjectsSortMode' is obsolete: 'FindObjectsSortMode has been deprecated. Use the FindObjectsByType overloads that do not take a FindObjectsSortMode parameter.'
Assets/Editor/PocketStrikerMenuBackgroundValidation.cs(1449,52): warning CS0618: 'Object.FindObjectsByType<T>(FindObjectsInactive, FindObjectsSortMode)' is obsolete: 'FindObjectsByType with FindObjectsSortMode parameter has been deprecated. Use FindObjectsByType<T>() or FindObjectsByType<T>(FindObjectsInactive) instead. InstanceID will be replaced in the future with EntityId and previous sort order cannot be maintained.'
Assets/Editor/PocketStrikerUILiveReview.StoreCapture.cs(139,51): error CS7036: There is no argument given that corresponds to the required parameter 'defaultValue' of 'SessionState.GetFloat(string, float)'
Assets/Editor/PocketStrikerUILiveReview.StoreCapture.cs(140,55): error CS7036: There is no argument given that corresponds to the required parameter 'defaultValue' of 'SessionState.GetFloat(string, float)'
Assets/Editor/PocketStrikerUILiveReview.StoreCapture.cs(141,54): error CS7036: There is no argument given that corresponds to the required parameter 'defaultValue' of 'SessionState.GetBool(string, bool)'
Assets/Editor/PocketStrikerUILiveReview.StoreCapture.cs(142,44): error CS7036: There is no argument given that corresponds to the required parameter 'defaultValue' of 'SessionState.GetBool(string, bool)'
Assets/Editor/PocketStrikerUILiveReview.StoreCapture.cs(143,45): error CS7036: There is no argument given that corresponds to the required parameter 'defaultValue' of 'SessionState.GetFloat(string, float)'
Assets/Tank & Healer Studio/Ultimate Joystick/Editor/UltimateJoystickEditor.cs(1787,17): warning CS0618: 'Object.FindObjectOfType<T>()' is obsolete: 'Object.FindObjectOfType has been deprecated. Use Object.FindAnyObjectByType instead.'
Assets/Tank & Healer Studio/Ultimate Joystick/Editor/UltimateJoystickEditor.cs(1799,24): warning CS0618: 'Object.FindObjectsOfType(Type)' is obsolete: 'Object.FindObjectsOfType has been deprecated. Use Object.FindObjectsByType instead which lets you decide whether you need the results sorted or not.  FindObjectsOfType sorts the results by InstanceID, but if you do not need this using FindObjectSortMode.None is considerably faster.'
Assets/App/Editor/Build/BuildClient.cs(88,23): warning UDR0001: No method with RuntimeInitializeOnLoadMethod attribute
Assets/Editor/PocketStrikerReturnValidation.cs(21,19): warning UDR0001: No method with RuntimeInitializeOnLoadMethod attribute
Assets/Editor/PocketStrikerReturnValidation.cs(22,17): warning UDR0001: No method with RuntimeInitializeOnLoadMethod attribute
Assets/D_Asset/OrangedKeys/TitleFX/Editor/AssetPostImportProcess_TitleFX.cs(10,25): warning UDR0001: No method with RuntimeInitializeOnLoadMethod attribute
Assets/App/Editor/Build/BuildClient.cs(108,36): warning UDR0001: No method with RuntimeInitializeOnLoadMethod attribute
Assets/App/Editor/Build/BuildClient.cs(113,37): warning UDR0001: No method with RuntimeInitializeOnLoadMethod attribute
Assets/D_Asset/OrangedKeys/TitleFX/Editor/TitleFX_Welcome.cs(38,34): warning UDR0001: No method with RuntimeInitializeOnLoadMethod attribute
Assets/D_Asset/OrangedKeys/TitleFX/Editor/TitleFX_Welcome.cs(40,33): warning UDR0001: No method with RuntimeInitializeOnLoadMethod attribute
Assets/D_Asset/OrangedKeys/TitleFX/Editor/TitleFX_Welcome.cs(62,33): warning UDR0001: No method with RuntimeInitializeOnLoadMethod attribute
Assets/D_Asset/OrangedKeys/TitleFX/Editor/TitleFX_Welcome.cs(83,33): warning UDR0001: No method with RuntimeInitializeOnLoadMethod attribute
Assets/D_Asset/OrangedKeys/TitleFX/Editor/Title_fx_GUI.cs(19,23): warning UDR0001: No method with RuntimeInitializeOnLoadMethod attribute
Assets/D_Asset/OrangedKeys/TitleFX/Editor/Title_fx_GUI_V2.cs(19,23): warning UDR0001: No method with RuntimeInitializeOnLoadMethod attribute
Assets/Editor/PocketStrikerSettingsInteractionValidation.cs(19,17): warning UDR0001: No method with RuntimeInitializeOnLoadMethod attribute
Assets/Editor/PocketStrikerTutorialPlaymodeSmoke.cs(26,17): warning UDR0001: No method with RuntimeInitializeOnLoadMethod attribute
Assets/Editor/PocketStrikerTutorialPlaymodeSmoke.cs(27,19): warning UDR0001: No method with RuntimeInitializeOnLoadMethod attribute
Assets/Editor/PocketStrikerUIArtValidation.cs(25,17): warning UDR0001: No method with RuntimeInitializeOnLoadMethod attribute
Assets/Editor/PocketStrikerUIArtValidation.cs(26,27): warning UDR0001: No method with RuntimeInitializeOnLoadMethod attribute
Assets/Editor/PocketStrikerLoadingReviewValidation.cs(43,17): warning UDR0001: No method with RuntimeInitializeOnLoadMethod attribute
Assets/Editor/PocketStrikerLoadingReviewValidation.cs(44,19): warning UDR0001: No method with RuntimeInitializeOnLoadMethod attribute
Assets/Editor/PocketStrikerUIInterruptionValidation.cs(21,17): warning UDR0001: No method with RuntimeInitializeOnLoadMethod attribute
Assets/Editor/PocketStrikerUIInterruptionValidation.cs(33,19): warning UDR0001: No method with RuntimeInitializeOnLoadMethod attribute
Assets/Editor/PocketStrikerGachaRecoveryValidation.cs(66,17): warning UDR0001: No method with RuntimeInitializeOnLoadMethod attribute
Assets/Editor/PocketStrikerSlotEffectValidation.cs(18,17): warning UDR0001: No method with RuntimeInitializeOnLoadMethod attribute
Assets/Editor/PocketStrikerAIStoryLiveSmoke.cs(27,17): warning UDR0001: No method with RuntimeInitializeOnLoadMethod attribute
Assets/Editor/PocketStrikerAIStoryLiveSmoke.cs(28,19): warning UDR0001: No method with RuntimeInitializeOnLoadMethod attribute
Assets/Editor/PocketStrikerAIStoryLiveSmoke.cs(29,36): warning UDR0001: No method with RuntimeInitializeOnLoadMethod attribute
Assets/Editor/PocketStrikerAsyncIconValidation.cs(23,17): warning UDR0001: No method with RuntimeInitializeOnLoadMethod attribute
Assets/Editor/PocketStrikerAsyncIconValidation.cs(24,19): warning UDR0001: No method with RuntimeInitializeOnLoadMethod attribute
Assets/Editor/PocketStrikerAsyncIconValidation.cs(25,22): warning UDR0001: No method with RuntimeInitializeOnLoadMethod attribute
Assets/Editor/PocketStrikerAsyncIconValidation.cs(26,23): warning UDR0001: No method with RuntimeInitializeOnLoadMethod attribute
Assets/Editor/PocketStrikerAsyncIconValidation.cs(28,19): warning UDR0001: No method with RuntimeInitializeOnLoadMethod attribute
Assets/Editor/PocketStrikerAsyncIconValidation.cs(28,28): warning UDR0001: No method with RuntimeInitializeOnLoadMethod attribute
Assets/Editor/PocketStrikerAsyncIconValidation.cs(29,19): warning UDR0001: No method with RuntimeInitializeOnLoadMethod attribute
Assets/Editor/PocketStrikerAsyncIconValidation.cs(29,32): warning UDR0001: No method with RuntimeInitializeOnLoadMethod attribute
Assets/Editor/PocketStrikerTutorialValidation.cs(24,17): warning UDR0001: No method with RuntimeInitializeOnLoadMethod attribute
Assets/Editor/PocketStrikerLoginArtSmoke.cs(30,17): warning UDR0001: No method with RuntimeInitializeOnLoadMethod attribute
Assets/Editor/PocketStrikerLoginArtSmoke.cs(31,19): warning UDR0001: No method with RuntimeInitializeOnLoadMethod attribute
Assets/Editor/PocketStrikerLoginArtSmoke.cs(32,36): warning UDR0001: No method with RuntimeInitializeOnLoadMethod attribute
Assets/Editor/PocketStrikerUILayoutValidation.cs(33,17): warning UDR0001: No method with RuntimeInitializeOnLoadMethod attribute
Assets/Editor/PocketStrikerBattleModeValidation.cs(19,17): warning UDR0001: No method with RuntimeInitializeOnLoadMethod attribute
Assets/AppCenter/Editor/AppCenterSettingsContext.cs(11,27): warning UDR0001: No method with RuntimeInitializeOnLoadMethod attribute
Assets/Editor/PocketStrikerDebugConsoleValidation.cs(24,28): warning UDR0001: No method with RuntimeInitializeOnLoadMethod attribute
Assets/Editor/PocketStrikerDebugConsoleValidation.cs(25,16): warning UDR0001: No method with RuntimeInitializeOnLoadMethod attribute
Assets/Editor/PocketStrikerDebugConsoleValidation.cs(26,16): warning UDR0001: No method with RuntimeInitializeOnLoadMethod attribute
Assets/Editor/PocketStrikerDebugConsoleValidation.cs(27,19): warning UDR0001: No method with RuntimeInitializeOnLoadMethod attribute
Assets/Editor/PocketStrikerBattlePauseValidation.cs(26,17): warning UDR0001: No method with RuntimeInitializeOnLoadMethod attribute
Assets/Tank & Healer Studio/Ultimate Joystick/Editor/UltimateJoystickReadme.cs(25,26): warning UAC1001: Field 'versionHistory' type 'UltimateJoystickReadme.VersionHistory' is skipped by serialization (missing the [Serializable] attribute). Refer to the Serialization rules analyzer reference. (https://docs.unity3d.com/6000.5/Documentation/Manual/script-serialization-analyzer.html#uac1001)
Assets/Tank & Healer Studio/Ultimate Joystick/Editor/UltimateJoystickReadme.cs(19,20): warning UDR0001: No method with RuntimeInitializeOnLoadMethod attribute
Assets/Editor/PocketStrikerDownloadCacheValidation.cs(41,19): warning UDR0001: No method with RuntimeInitializeOnLoadMethod attribute
Assets/Editor/PocketStrikerDownloadCacheValidation.cs(42,17): warning UDR0001: No method with RuntimeInitializeOnLoadMethod attribute
Assets/Editor/PocketStrikerDownloadCacheValidation.cs(42,28): warning UDR0001: No method with RuntimeInitializeOnLoadMethod attribute
Assets/Editor/PocketStrikerDownloadCacheValidation.cs(44,25): warning UDR0001: No method with RuntimeInitializeOnLoadMethod attribute
Assets/Editor/PocketStrikerDownloadCacheValidation.cs(45,26): warning UDR0001: No method with RuntimeInitializeOnLoadMethod attribute
Assets/Editor/PocketStrikerDownloadCacheValidation.cs(46,36): warning UDR0001: No method with RuntimeInitializeOnLoadMethod attribute
Assets/Editor/PocketStrikerDownloadCacheValidation.cs(47,18): warning UDR0001: No method with RuntimeInitializeOnLoadMethod attribute
Assets/Editor/PocketStrikerDownloadCacheValidation.cs(47,28): warning UDR0001: No method with RuntimeInitializeOnLoadMethod attribute
Assets/Tank & Healer Studio/Ultimate Joystick/Editor/UltimateJoystickReadmeEditor.cs(12,32): warning UDR0001: No method with RuntimeInitializeOnLoadMethod attribute
Assets/Tank & Healer Studio/Ultimate Joystick/Editor/UltimateJoystickReadmeEditor.cs(37,31): warning UDR0001: No method with RuntimeInitializeOnLoadMethod attribute
Assets/Tank & Healer Studio/Ultimate Joystick/Editor/UltimateJoystickReadmeEditor.cs(38,27): warning UDR0001: No method with RuntimeInitializeOnLoadMethod attribute
Assets/UltimateCircularHealthBar/Editor/HelpEditorWindow.cs(8,34): warning UDR0001: No method with RuntimeInitializeOnLoadMethod attribute
Assets/UltimateCircularHealthBar/Editor/HelpEditorWindow.cs(9,31): warning UDR0001: No method with RuntimeInitializeOnLoadMethod attribute
Assets/UltimateCircularHealthBar/Editor/HelpEditorWindow.cs(10,31): warning UDR0001: No method with RuntimeInitializeOnLoadMethod attribute
Assets/Editor/PocketStrikerCombatFlowSmoke.cs(28,17): warning UDR0001: No method with RuntimeInitializeOnLoadMethod attribute
Assets/Editor/PocketStrikerCombatFlowSmoke.cs(29,19): warning UDR0001: No method with RuntimeInitializeOnLoadMethod attribute
Assets/Editor/PocketStrikerMenuBackgroundValidation.cs(33,17): warning UDR0001: No method with RuntimeInitializeOnLoadMethod attribute
Assets/Editor/PocketStrikerMenuBackgroundValidation.cs(34,19): warning UDR0001: No method with RuntimeInitializeOnLoadMethod attribute
Assets/Editor/PocketStrikerMenuBackgroundValidation.cs(35,19): warning UDR0001: No method with RuntimeInitializeOnLoadMethod attribute
Assets/Editor/PocketStrikerMenuBackgroundValidation.cs(36,17): warning UDR0001: No method with RuntimeInitializeOnLoadMethod attribute
Assets/D_Asset/RPG and MMO UI 11/Scripts/UI/Serializables/Editor/ColorBlockExtendedDrawer.cs(10,39): warning UDR0001: No method with RuntimeInitializeOnLoadMethod attribute
Assets/D_Asset/RPG and MMO UI 11/Scripts/UI/Serializables/Editor/ColorBlockExtendedDrawer.cs(11,25): warning UDR0001: No method with RuntimeInitializeOnLoadMethod attribute
Assets/Editor/PocketStrikerBattleCameraSmoke.Impact.cs(87,25): warning UDR0001: No method with RuntimeInitializeOnLoadMethod attribute
Assets/Editor/PocketStrikerBattleCameraSmoke.Opening.cs(36,26): warning UDR0001: No method with RuntimeInitializeOnLoadMethod attribute
Assets/Editor/PocketStrikerBattleCameraSmoke.cs(28,17): warning UDR0001: No method with RuntimeInitializeOnLoadMethod attribute
Assets/Editor/PocketStrikerBattleCameraSmoke.cs(29,19): warning UDR0001: No method with RuntimeInitializeOnLoadMethod attribute
Assets/Editor/PocketStrikerQueuedLiveValidation.cs(42,19): warning UDR0001: No method with RuntimeInitializeOnLoadMethod attribute
Assets/Editor/PocketStrikerQueuedLiveValidation.cs(43,19): warning UDR0001: No method with RuntimeInitializeOnLoadMethod attribute
Assets/Editor/PocketStrikerQueuedLiveValidation.cs(44,20): warning UDR0001: No method with RuntimeInitializeOnLoadMethod attribute
Assets/Editor/PocketStrikerQueuedLiveValidation.cs(45,17): warning UDR0001: No method with RuntimeInitializeOnLoadMethod attribute
Assets/Editor/PocketStrikerQueuedLiveValidation.cs(46,19): warning UDR0001: No method with RuntimeInitializeOnLoadMethod attribute
Assets/Editor/PocketStrikerUILiveReview.Banners.cs(28,25): warning UDR0001: No method with RuntimeInitializeOnLoadMethod attribute
Assets/Editor/PocketStrikerUILiveReview.Banners.cs(29,26): warning UDR0001: No method with RuntimeInitializeOnLoadMethod attribute
Assets/Editor/PocketStrikerUILiveReview.Banners.cs(30,18): warning UDR0001: No method with RuntimeInitializeOnLoadMethod attribute
Assets/Editor/PocketStrikerUILiveReview.Banners.cs(31,18): warning UDR0001: No method with RuntimeInitializeOnLoadMethod attribute
Assets/Editor/PocketStrikerUILiveReview.Banners.cs(32,22): warning UDR0001: No method with RuntimeInitializeOnLoadMethod attribute
Assets/Editor/PocketStrikerUILiveReview.StoreCapture.cs(55,33): warning UDR0001: No method with RuntimeInitializeOnLoadMethod attribute
Assets/Editor/PocketStrikerUILiveReview.StoreVideoRecorder.cs(22,31): warning UDR0001: No method with RuntimeInitializeOnLoadMethod attribute
Assets/Editor/PocketStrikerUILiveReview.StoreVideoRecorder.cs(23,39): warning UDR0001: No method with RuntimeInitializeOnLoadMethod attribute
Assets/Editor/PocketStrikerUILiveReview.StoreVideoRecorder.cs(24,34): warning UDR0001: No method with RuntimeInitializeOnLoadMethod attribute
Assets/Editor/PocketStrikerUILiveReview.StoreVideoRecorder.cs(25,24): warning UDR0001: No method with RuntimeInitializeOnLoadMethod attribute
Assets/Editor/PocketStrikerUILiveReview.StoreVideoRecorder.cs(26,27): warning UDR0001: No method with RuntimeInitializeOnLoadMethod attribute
Assets/Editor/PocketStrikerUILiveReview.StoreVideoRecorder.cs(27,31): warning UDR0001: No method with RuntimeInitializeOnLoadMethod attribute
Assets/Editor/PocketStrikerUILiveReview.StoreVideoRecorder.cs(28,17): warning UDR0001: No method with RuntimeInitializeOnLoadMethod attribute
Assets/Editor/PocketStrikerUILiveReview.StoreVideoRecorder.cs(29,16): warning UDR0001: No method with RuntimeInitializeOnLoadMethod attribute
Assets/Editor/PocketStrikerUILiveReview.StoreVideoRecorder.cs(30,18): warning UDR0001: No method with RuntimeInitializeOnLoadMethod attribute
Assets/Editor/PocketStrikerUILiveReview.StoreVideoRecorder.cs(31,17): warning UDR0001: No method with RuntimeInitializeOnLoadMethod attribute
Assets/Editor/PocketStrikerUILiveReview.cs(31,17): warning UDR0001: No method with RuntimeInitializeOnLoadMethod attribute
Assets/Editor/PocketStrikerUILiveReview.cs(32,19): warning UDR0001: No method with RuntimeInitializeOnLoadMethod attribute
Assets/Editor/PocketStrikerUILiveReview.cs(33,36): warning UDR0001: No method with RuntimeInitializeOnLoadMethod attribute
Assets/Editor/PocketStrikerUILiveReview.cs(34,17): warning UDR0001: No method with RuntimeInitializeOnLoadMethod attribute
Assets/DynamicStarrySky/Editor/EditorCoroutine.cs(25,5): warning UDR0004: Non-static method subscribed to static event in start is not deregistered. Deregister it in OnDisable.
Assets/Editor/PocketStrikerAIStoryLiveSmoke.cs(77,9): warning UDR0001: No method with RuntimeInitializeOnLoadMethod attribute
Assets/Editor/PocketStrikerAIStoryLiveSmoke.cs(127,9): warning UDR0001: No method with RuntimeInitializeOnLoadMethod attribute
Assets/Editor/PocketStrikerAIStoryLiveSmoke.cs(129,9): warning UDR0001: No method with RuntimeInitializeOnLoadMethod attribute
Assets/Editor/PocketStrikerAsyncIconValidation.cs(58,47): warning UDR0001: No method with RuntimeInitializeOnLoadMethod attribute
Assets/Editor/PocketStrikerAsyncIconValidation.cs(66,43): warning UDR0001: No method with RuntimeInitializeOnLoadMethod attribute
Assets/Editor/PocketStrikerAsyncIconValidation.cs(89,44): warning UDR0001: No method with RuntimeInitializeOnLoadMethod attribute
Assets/Editor/PocketStrikerCombatFlowSmoke.cs(165,9): warning UDR0001: No method with RuntimeInitializeOnLoadMethod attribute
Assets/Editor/PocketStrikerCombatFlowSmoke.cs(167,9): warning UDR0001: No method with RuntimeInitializeOnLoadMethod attribute
Assets/Editor/PocketStrikerCombatFlowSmoke.cs(169,9): warning UDR0001: No method with RuntimeInitializeOnLoadMethod attribute
Assets/Editor/PocketStrikerBattleModeValidation.cs(112,9): warning UDR0004: Non-static method subscribed to static event in Validate is not deregistered. Deregister it in OnDisable.
Assets/Editor/PocketStrikerBattleModeValidation.cs(116,9): warning UDR0001: No method with RuntimeInitializeOnLoadMethod attribute
Assets/Editor/PocketStrikerBattleHUDValidation.cs(151,9): warning UDR0004: Non-static method subscribed to static event in RunBattleHUDFixture is not deregistered. Deregister it in OnDisable.
Assets/Editor/PocketStrikerDebugConsoleValidation.cs(44,9): warning UDR0001: No method with RuntimeInitializeOnLoadMethod attribute
Assets/Editor/PocketStrikerDebugConsoleValidation.cs(45,9): warning UDR0004: Non-static method subscribed to static event in Unknown is not deregistered. Deregister it in OnDisable.
Assets/Editor/PocketStrikerDownloadCacheValidation.cs(109,9): warning UDR0001: No method with RuntimeInitializeOnLoadMethod attribute
Assets/Editor/PocketStrikerBattlePauseValidation.cs(106,9): warning UDR0004: Non-static method subscribed to static event in Run is not deregistered. Deregister it in OnDisable.
Assets/Editor/PocketStrikerEditorDefaults.cs(20,9): warning UDR0001: No method with RuntimeInitializeOnLoadMethod attribute
Assets/Editor/PocketStrikerDownloadCacheValidation.cs(175,50): warning UDR0001: No method with RuntimeInitializeOnLoadMethod attribute
Assets/Editor/PocketStrikerDebugConsoleValidation.cs(184,17): warning UDR0001: No method with RuntimeInitializeOnLoadMethod attribute
Assets/Editor/PocketStrikerDownloadCacheValidation.cs(176,46): warning UDR0001: No method with RuntimeInitializeOnLoadMethod attribute
Assets/Editor/PocketStrikerDownloadCacheValidation.cs(177,43): warning UDR0001: No method with RuntimeInitializeOnLoadMethod attribute
Assets/Editor/PocketStrikerGachaRecoveryValidation.cs(99,57): warning UDR0001: No method with RuntimeInitializeOnLoadMethod attribute
Assets/Editor/PocketStrikerGachaRecoveryValidation.cs(100,43): warning UDR0001: No method with RuntimeInitializeOnLoadMethod attribute
Assets/Editor/PocketStrikerLoadingReviewValidation.cs(119,9): warning UDR0001: No method with RuntimeInitializeOnLoadMethod attribute
Assets/Editor/PocketStrikerLoadingReviewValidation.cs(162,57): warning UDR0001: No method with RuntimeInitializeOnLoadMethod attribute
Assets/Editor/PocketStrikerLoadingReviewValidation.cs(163,54): warning UDR0001: No method with RuntimeInitializeOnLoadMethod attribute
Assets/Editor/PocketStrikerLoginArtSmoke.cs(58,9): warning UDR0001: No method with RuntimeInitializeOnLoadMethod attribute
Assets/Editor/PocketStrikerLoadingReviewValidation.cs(164,43): warning UDR0001: No method with RuntimeInitializeOnLoadMethod attribute
Assets/Editor/PocketStrikerLoginArtSmoke.cs(115,9): warning UDR0001: No method with RuntimeInitializeOnLoadMethod attribute
Assets/Editor/PocketStrikerLoginArtSmoke.cs(117,9): warning UDR0001: No method with RuntimeInitializeOnLoadMethod attribute
Assets/Editor/PocketStrikerMenuBackgroundValidation.cs(181,9): warning UDR0001: No method with RuntimeInitializeOnLoadMethod attribute
Assets/Editor/PocketStrikerMenuBackgroundValidation.cs(263,57): warning UDR0001: No method with RuntimeInitializeOnLoadMethod attribute
Assets/Editor/PocketStrikerMenuBackgroundValidation.cs(264,43): warning UDR0001: No method with RuntimeInitializeOnLoadMethod attribute
Assets/Editor/PocketStrikerMenuBackgroundValidation.cs(265,54): warning UDR0001: No method with RuntimeInitializeOnLoadMethod attribute
Assets/Editor/PocketStrikerTutorialLayoutValidation.cs(117,9): warning UDR0004: Non-static method subscribed to static event in ValidateTutorialLayout is not deregistered. Deregister it in OnDisable.
Assets/Editor/PocketStrikerBattleCameraSmoke.cs(137,9): warning UDR0001: No method with RuntimeInitializeOnLoadMethod attribute
Assets/Editor/PocketStrikerBattleCameraSmoke.cs(139,9): warning UDR0001: No method with RuntimeInitializeOnLoadMethod attribute
Assets/Editor/PocketStrikerReturnValidation.cs(73,9): warning UDR0001: No method with RuntimeInitializeOnLoadMethod attribute
Assets/Editor/PocketStrikerBattleCameraSmoke.cs(141,9): warning UDR0001: No method with RuntimeInitializeOnLoadMethod attribute
Assets/Editor/PocketStrikerReturnValidation.cs(75,9): warning UDR0001: No method with RuntimeInitializeOnLoadMethod attribute
Assets/Editor/PocketStrikerTutorialValidation.cs(76,9): warning UDR0004: Non-static method subscribed to static event in Run is not deregistered. Deregister it in OnDisable.
Assets/Editor/PocketStrikerSkillUIValidation.cs(58,9): warning UDR0004: Non-static method subscribed to static event in Run is not deregistered. Deregister it in OnDisable.
Assets/Editor/PocketStrikerPreBattleTutorialValidation.cs(62,9): warning UDR0004: Non-static method subscribed to static event in Run is not deregistered. Deregister it in OnDisable.
Assets/Editor/PocketStrikerUIArtValidation.cs(115,9): warning UDR0004: Non-static method subscribed to static event in QueueSnapshot is not deregistered. Deregister it in OnDisable.
Assets/Editor/PocketStrikerUIArtValidation.cs(115,46): warning UDR0004: Non-static method subscribed to static event in QueueSnapshot is not deregistered. Deregister it in OnDisable.
Assets/Editor/PocketStrikerUIArtValidation.cs(115,83): warning UDR0004: Non-static method subscribed to static event in QueueSnapshot is not deregistered. Deregister it in OnDisable.
Assets/Editor/PocketStrikerUIArtValidation.cs(293,9): warning UDR0001: No method with RuntimeInitializeOnLoadMethod attribute
Assets/Editor/PocketStrikerUIArtValidation.cs(295,9): warning UDR0001: No method with RuntimeInitializeOnLoadMethod attribute
Assets/Editor/PocketStrikerUIInterruptionValidation.cs(143,47): warning UDR0001: No method with RuntimeInitializeOnLoadMethod attribute
Assets/Editor/PocketStrikerUIInterruptionValidation.cs(152,43): warning UDR0001: No method with RuntimeInitializeOnLoadMethod attribute
Assets/Editor/PocketStrikerUIInterruptionValidation.cs(176,9): warning UDR0001: No method with RuntimeInitializeOnLoadMethod attribute
Assets/Editor/PocketStrikerTutorialPlaymodeSmoke.cs(78,57): warning UDR0001: No method with RuntimeInitializeOnLoadMethod attribute
Assets/Editor/PocketStrikerTutorialPlaymodeSmoke.cs(79,43): warning UDR0001: No method with RuntimeInitializeOnLoadMethod attribute
Assets/Editor/PocketStrikerValidation.cs(255,9): warning UDR0001: No method with RuntimeInitializeOnLoadMethod attribute
Assets/Tank & Healer Studio/Ultimate Joystick/Editor/UltimateJoystickReadmeEditor.cs(426,3): warning UDR0001: No method with RuntimeInitializeOnLoadMethod attribute
Assets/Editor/PocketStrikerValidation.cs(257,9): warning UDR0001: No method with RuntimeInitializeOnLoadMethod attribute
Assets/Tank & Healer Studio/Ultimate Joystick/Editor/UltimateJoystickReadmeEditor.cs(504,3): warning UDR0004: Non-static method subscribed to static event in OnEnable is not deregistered. Deregister it in OnDisable.
Assets/Editor/PocketStrikerTutorialPlaymodeSmoke.cs(80,54): warning UDR0001: No method with RuntimeInitializeOnLoadMethod attribute
Assets/Editor/PocketStrikerValidation.cs(539,9): warning UDR0004: Non-static method subscribed to static event in BuildLocalPlayer is not deregistered. Deregister it in OnDisable.
Assets/Tank & Healer Studio/Ultimate Joystick/Editor/UltimateJoystickEditor.cs(157,3): warning UDR0004: Non-static method subscribed to static event in OnEnable is not deregistered. Deregister it in OnDisable.
Assets/UltimateCircularHealthBar/Editor/HelpEditorWindow.cs(13,13): warning UDR0001: No method with RuntimeInitializeOnLoadMethod attribute
Assets/UltimateCircularHealthBar/Editor/HelpEditorWindow.cs(14,13): warning UDR0001: No method with RuntimeInitializeOnLoadMethod attribute
Assets/Editor/PocketStrikerUILiveReview.StoreCapture.cs(83,9): warning UDR0001: No method with RuntimeInitializeOnLoadMethod attribute
Assets/Editor/PocketStrikerUILiveReview.StoreCapture.cs(387,9): warning UDR0001: No method with RuntimeInitializeOnLoadMethod attribute
Assets/Editor/PocketStrikerValidation.cs(82,9): warning UDR0001: No method with RuntimeInitializeOnLoadMethod attribute
Assets/Editor/PocketStrikerValidation.cs(83,9): warning UDR0001: No method with RuntimeInitializeOnLoadMethod attribute
Assets/Editor/PocketStrikerUILiveReview.StoreVideoRecorder.cs(89,9): warning UDR0001: No method with RuntimeInitializeOnLoadMethod attribute
Assets/Editor/PocketStrikerUILiveReview.StoreVideoRecorder.cs(91,9): warning UDR0001: No method with RuntimeInitializeOnLoadMethod attribute
Assets/Editor/PocketStrikerUILiveReview.StoreVideoRecorder.cs(93,9): warning UDR0001: No method with RuntimeInitializeOnLoadMethod attribute
Assets/Editor/PocketStrikerUILiveReview.StoreVideoRecorder.cs(340,13): warning UDR0001: No method with RuntimeInitializeOnLoadMethod attribute
Assets/Editor/PocketStrikerUILiveReview.cs(101,9): warning UDR0001: No method with RuntimeInitializeOnLoadMethod attribute
Assets/Editor/PocketStrikerUILiveReview.cs(155,9): warning UDR0001: No method with RuntimeInitializeOnLoadMethod attribute
Assets/Editor/PocketStrikerUILiveReview.cs(157,9): warning UDR0001: No method with RuntimeInitializeOnLoadMethod attribute
*** Tundra build failed (3.99 seconds), 395 items updated, 1510 evaluated
## Script Compilation Error for: Csc Library/Bee/artifacts/900b0aE.dag/Assembly-CSharp-Editor.dll (+2 others)
## CmdLine: "/Applications/Unity/Hub/Editor/6000.5.1f1/Unity.app/Contents/Resources/Scripting/DotNetSdk/dotnet" exec "/Applications/Unity/Hub/Editor/6000.5.1f1/Unity.app/Contents/Resources/Scripting/DotNetSdk/sdk/8.0.318/Roslyn/bincore/csc.dll" /nostdlib /noconfig /shared "@Library/Bee/artifacts/900b0aE.dag/Assembly-CSharp-Editor.rsp" "@Library/Bee/artifacts/900b0aE.dag/Assembly-CSharp-Editor.rsp2"
## Output:
Assets/AppCenter/Editor/AppCenterBehaviorEditorAdvanced.cs(31,24): warning CS0618: 'Object.FindObjectsOfType<T>()' is obsolete: 'Object.FindObjectsOfType has been deprecated. Use Object.FindObjectsByType instead which lets you decide whether you need the results sorted or not.  FindObjectsOfType sorts the results by InstanceID but if you do not need this using FindObjectSortMode.None is considerably faster.'
Assets/AppCenter/Editor/AppCenterPostBuild.cs(42,17): warning CS0618: 'PlayerSettings.GetScriptingBackend(BuildTargetGroup)' is obsolete: 'Use GetScriptingBackend(NamedBuildTarget buildTarget) instead'
Assets/App/Editor/Build/BuildClient.cs(412,6): warning CS0618: 'PlayerSettings.SetApplicationIdentifier(BuildTargetGroup, string)' is obsolete: 'Use SetApplicationIdentifier(NamedBuildTarget buildTarget, string identifier) instead'
Assets/App/Editor/Build/BuildClient.cs(1027,28): warning CS0618: 'PlayerSettings.GetApplicationIdentifier(BuildTargetGroup)' is obsolete: 'Use GetApplicationIdentifier(NamedBuildTarget buildTarget) instead'
Assets/Editor/PocketStrikerCombatFlowSmoke.cs(191,77): warning CS0618: 'FindObjectsSortMode' is obsolete: 'FindObjectsSortMode has been deprecated. Use the FindObjectsByType overloads that do not take a FindObjectsSortMode parameter.'
Assets/Editor/PocketStrikerCombatFlowSmoke.cs(191,22): warning CS0618: 'Object.FindObjectsByType<T>(FindObjectsSortMode)' is obsolete: 'FindObjectsByType with FindObjectsSortMode parameter has been deprecated. Use FindObjectsByType<T>() or FindObjectsByType<T>(FindObjectsInactive) instead. InstanceID will be replaced in the future with EntityId and previous sort order cannot be maintained.'
Assets/Editor/PocketStrikerDownloadCacheValidation.cs(182,120): warning CS0618: 'FindObjectsSortMode' is obsolete: 'FindObjectsSortMode has been deprecated. Use the FindObjectsByType overloads that do not take a FindObjectsSortMode parameter.'
Assets/Editor/PocketStrikerDownloadCacheValidation.cs(182,33): warning CS0618: 'Object.FindObjectsByType<T>(FindObjectsInactive, FindObjectsSortMode)' is obsolete: 'FindObjectsByType with FindObjectsSortMode parameter has been deprecated. Use FindObjectsByType<T>() or FindObjectsByType<T>(FindObjectsInactive) instead. InstanceID will be replaced in the future with EntityId and previous sort order cannot be maintained.'
Assets/Editor/PocketStrikerDownloadCacheValidation.cs(183,114): warning CS0618: 'FindObjectsSortMode' is obsolete: 'FindObjectsSortMode has been deprecated. Use the FindObjectsByType overloads that do not take a FindObjectsSortMode parameter.'
Assets/Editor/PocketStrikerDownloadCacheValidation.cs(183,29): warning CS0618: 'Object.FindObjectsByType<T>(FindObjectsInactive, FindObjectsSortMode)' is obsolete: 'FindObjectsByType with FindObjectsSortMode parameter has been deprecated. Use FindObjectsByType<T>() or FindObjectsByType<T>(FindObjectsInactive) instead. InstanceID will be replaced in the future with EntityId and previous sort order cannot be maintained.'
Assets/Editor/PocketStrikerDownloadCacheValidation.cs(184,107): warning CS0618: 'FindObjectsSortMode' is obsolete: 'FindObjectsSortMode has been deprecated. Use the FindObjectsByType overloads that do not take a FindObjectsSortMode parameter.'
Assets/Editor/PocketStrikerDownloadCacheValidation.cs(184,29): warning CS0618: 'Object.FindObjectsByType<T>(FindObjectsInactive, FindObjectsSortMode)' is obsolete: 'FindObjectsByType with FindObjectsSortMode parameter has been deprecated. Use FindObjectsByType<T>() or FindObjectsByType<T>(FindObjectsInactive) instead. InstanceID will be replaced in the future with EntityId and previous sort order cannot be maintained.'
Assets/Editor/PocketStrikerDownloadCacheValidation.cs(186,111): warning CS0618: 'FindObjectsSortMode' is obsolete: 'FindObjectsSortMode has been deprecated. Use the FindObjectsByType overloads that do not take a FindObjectsSortMode parameter.'
Assets/Editor/PocketStrikerDownloadCacheValidation.cs(186,29): warning CS0618: 'Object.FindObjectsByType<T>(FindObjectsInactive, FindObjectsSortMode)' is obsolete: 'FindObjectsByType with FindObjectsSortMode parameter has been deprecated. Use FindObjectsByType<T>() or FindObjectsByType<T>(FindObjectsInactive) instead. InstanceID will be replaced in the future with EntityId and previous sort order cannot be maintained.'
Assets/Editor/PocketStrikerDownloadCacheValidation.cs(187,114): warning CS0618: 'FindObjectsSortMode' is obsolete: 'FindObjectsSortMode has been deprecated. Use the FindObjectsByType overloads that do not take a FindObjectsSortMode parameter.'
Assets/Editor/PocketStrikerDownloadCacheValidation.cs(187,31): warning CS0618: 'Object.FindObjectsByType<T>(FindObjectsInactive, FindObjectsSortMode)' is obsolete: 'FindObjectsByType with FindObjectsSortMode parameter has been deprecated. Use FindObjectsByType<T>() or FindObjectsByType<T>(FindObjectsInactive) instead. InstanceID will be replaced in the future with EntityId and previous sort order cannot be maintained.'
Assets/Editor/PocketStrikerCombatFlowSmoke.cs(498,34): warning CS0618: 'Object.FindFirstObjectByType<T>()' is obsolete: 'FindFirstObjectByType has been deprecated because it relies on instance ID ordering. Use FindAnyObjectByType instead, which does not depend on ordering.'
Assets/Editor/PocketStrikerCombatFlowSmoke.cs(548,59): warning CS0618: 'Object.FindFirstObjectByType<T>()' is obsolete: 'FindFirstObjectByType has been deprecated because it relies on instance ID ordering. Use FindAnyObjectByType instead, which does not depend on ordering.'
Assets/Editor/PocketStrikerCombatFlowSmoke.cs(549,23): warning CS0618: 'Object.FindFirstObjectByType<T>()' is obsolete: 'FindFirstObjectByType has been deprecated because it relies on instance ID ordering. Use FindAnyObjectByType instead, which does not depend on ordering.'
Assets/Editor/PocketStrikerGachaRecoveryValidation.cs(179,96): warning CS0618: 'FindObjectsSortMode' is obsolete: 'FindObjectsSortMode has been deprecated. Use the FindObjectsByType overloads that do not take a FindObjectsSortMode parameter.'
Assets/Editor/PocketStrikerGachaRecoveryValidation.cs(179,21): warning CS0618: 'Object.FindObjectsByType<T>(FindObjectsInactive, FindObjectsSortMode)' is obsolete: 'FindObjectsByType with FindObjectsSortMode parameter has been deprecated. Use FindObjectsByType<T>() or FindObjectsByType<T>(FindObjectsInactive) instead. InstanceID will be replaced in the future with EntityId and previous sort order cannot be maintained.'
Assets/Editor/PocketStrikerLoadingReviewValidation.cs(170,120): warning CS0618: 'FindObjectsSortMode' is obsolete: 'FindObjectsSortMode has been deprecated. Use the FindObjectsByType overloads that do not take a FindObjectsSortMode parameter.'
Assets/Editor/PocketStrikerLoadingReviewValidation.cs(170,33): warning CS0618: 'Object.FindObjectsByType<T>(FindObjectsInactive, FindObjectsSortMode)' is obsolete: 'FindObjectsByType with FindObjectsSortMode parameter has been deprecated. Use FindObjectsByType<T>() or FindObjectsByType<T>(FindObjectsInactive) instead. InstanceID will be replaced in the future with EntityId and previous sort order cannot be maintained.'
Assets/Editor/PocketStrikerLoadingReviewValidation.cs(171,105): warning CS0618: 'FindObjectsSortMode' is obsolete: 'FindObjectsSortMode has been deprecated. Use the FindObjectsByType overloads that do not take a FindObjectsSortMode parameter.'
Assets/Editor/PocketStrikerLoadingReviewValidation.cs(171,29): warning CS0618: 'Object.FindObjectsByType<T>(FindObjectsInactive, FindObjectsSortMode)' is obsolete: 'FindObjectsByType with FindObjectsSortMode parameter has been deprecated. Use FindObjectsByType<T>() or FindObjectsByType<T>(FindObjectsInactive) instead. InstanceID will be replaced in the future with EntityId and previous sort order cannot be maintained.'
Assets/Editor/PocketStrikerLoadingReviewValidation.cs(172,107): warning CS0618: 'FindObjectsSortMode' is obsolete: 'FindObjectsSortMode has been deprecated. Use the FindObjectsByType overloads that do not take a FindObjectsSortMode parameter.'
Assets/Editor/PocketStrikerLoadingReviewValidation.cs(172,29): warning CS0618: 'Object.FindObjectsByType<T>(FindObjectsInactive, FindObjectsSortMode)' is obsolete: 'FindObjectsByType with FindObjectsSortMode parameter has been deprecated. Use FindObjectsByType<T>() or FindObjectsByType<T>(FindObjectsInactive) instead. InstanceID will be replaced in the future with EntityId and previous sort order cannot be maintained.'
Assets/Editor/PocketStrikerLoadingReviewValidation.cs(178,111): warning CS0618: 'FindObjectsSortMode' is obsolete: 'FindObjectsSortMode has been deprecated. Use the FindObjectsByType overloads that do not take a FindObjectsSortMode parameter.'
Assets/Editor/PocketStrikerLoadingReviewValidation.cs(178,29): warning CS0618: 'Object.FindObjectsByType<T>(FindObjectsInactive, FindObjectsSortMode)' is obsolete: 'FindObjectsByType with FindObjectsSortMode parameter has been deprecated. Use FindObjectsByType<T>() or FindObjectsByType<T>(FindObjectsInactive) instead. InstanceID will be replaced in the future with EntityId and previous sort order cannot be maintained.'
Assets/Editor/PocketStrikerLoadingReviewValidation.cs(185,115): warning CS0618: 'FindObjectsSortMode' is obsolete: 'FindObjectsSortMode has been deprecated. Use the FindObjectsByType overloads that do not take a FindObjectsSortMode parameter.'
Assets/Editor/PocketStrikerLoadingReviewValidation.cs(185,32): warning CS0618: 'Object.FindObjectsByType<T>(FindObjectsInactive, FindObjectsSortMode)' is obsolete: 'FindObjectsByType with FindObjectsSortMode parameter has been deprecated. Use FindObjectsByType<T>() or FindObjectsByType<T>(FindObjectsInactive) instead. InstanceID will be replaced in the future with EntityId and previous sort order cannot be maintained.'
Assets/Editor/PocketStrikerMenuBackgroundValidation.cs(271,105): warning CS0618: 'FindObjectsSortMode' is obsolete: 'FindObjectsSortMode has been deprecated. Use the FindObjectsByType overloads that do not take a FindObjectsSortMode parameter.'
Assets/Editor/PocketStrikerMenuBackgroundValidation.cs(271,29): warning CS0618: 'Object.FindObjectsByType<T>(FindObjectsInactive, FindObjectsSortMode)' is obsolete: 'FindObjectsByType with FindObjectsSortMode parameter has been deprecated. Use FindObjectsByType<T>() or FindObjectsByType<T>(FindObjectsInactive) instead. InstanceID will be replaced in the future with EntityId and previous sort order cannot be maintained.'
Assets/Editor/PocketStrikerMenuBackgroundValidation.cs(272,120): warning CS0618: 'FindObjectsSortMode' is obsolete: 'FindObjectsSortMode has been deprecated. Use the FindObjectsByType overloads that do not take a FindObjectsSortMode parameter.'
Assets/Editor/PocketStrikerMenuBackgroundValidation.cs(272,33): warning CS0618: 'Object.FindObjectsByType<T>(FindObjectsInactive, FindObjectsSortMode)' is obsolete: 'FindObjectsByType with FindObjectsSortMode parameter has been deprecated. Use FindObjectsByType<T>() or FindObjectsByType<T>(FindObjectsInactive) instead. InstanceID will be replaced in the future with EntityId and previous sort order cannot be maintained.'
Assets/Editor/PocketStrikerMenuBackgroundValidation.cs(273,108): warning CS0618: 'FindObjectsSortMode' is obsolete: 'FindObjectsSortMode has been deprecated. Use the FindObjectsByType overloads that do not take a FindObjectsSortMode parameter.'
Assets/Editor/PocketStrikerMenuBackgroundValidation.cs(273,30): warning CS0618: 'Object.FindObjectsByType<T>(FindObjectsInactive, FindObjectsSortMode)' is obsolete: 'FindObjectsByType with FindObjectsSortMode parameter has been deprecated. Use FindObjectsByType<T>() or FindObjectsByType<T>(FindObjectsInactive) instead. InstanceID will be replaced in the future with EntityId and previous sort order cannot be maintained.'
Assets/Editor/PocketStrikerMenuBackgroundValidation.cs(279,111): warning CS0618: 'FindObjectsSortMode' is obsolete: 'FindObjectsSortMode has been deprecated. Use the FindObjectsByType overloads that do not take a FindObjectsSortMode parameter.'
Assets/Editor/PocketStrikerMenuBackgroundValidation.cs(279,29): warning CS0618: 'Object.FindObjectsByType<T>(FindObjectsInactive, FindObjectsSortMode)' is obsolete: 'FindObjectsByType with FindObjectsSortMode parameter has been deprecated. Use FindObjectsByType<T>() or FindObjectsByType<T>(FindObjectsInactive) instead. InstanceID will be replaced in the future with EntityId and previous sort order cannot be maintained.'
Assets/Editor/PocketStrikerMenuBackgroundValidation.cs(284,114): warning CS0618: 'FindObjectsSortMode' is obsolete: 'FindObjectsSortMode has been deprecated. Use the FindObjectsByType overloads that do not take a FindObjectsSortMode parameter.'
Assets/Editor/PocketStrikerMenuBackgroundValidation.cs(284,31): warning CS0618: 'Object.FindObjectsByType<T>(FindObjectsInactive, FindObjectsSortMode)' is obsolete: 'FindObjectsByType with FindObjectsSortMode parameter has been deprecated. Use FindObjectsByType<T>() or FindObjectsByType<T>(FindObjectsInactive) instead. InstanceID will be replaced in the future with EntityId and previous sort order cannot be maintained.'
Assets/Editor/PocketStrikerMenuBackgroundValidation.cs(288,119): warning CS0618: 'FindObjectsSortMode' is obsolete: 'FindObjectsSortMode has been deprecated. Use the FindObjectsByType overloads that do not take a FindObjectsSortMode parameter.'
Assets/Editor/PocketStrikerMenuBackgroundValidation.cs(288,36): warning CS0618: 'Object.FindObjectsByType<T>(FindObjectsInactive, FindObjectsSortMode)' is obsolete: 'FindObjectsByType with FindObjectsSortMode parameter has been deprecated. Use FindObjectsByType<T>() or FindObjectsByType<T>(FindObjectsInactive) instead. InstanceID will be replaced in the future with EntityId and previous sort order cannot be maintained.'
Assets/Editor/PocketStrikerLoginArtSmoke.cs(179,120): warning CS0618: 'FindObjectsSortMode' is obsolete: 'FindObjectsSortMode has been deprecated. Use the FindObjectsByType overloads that do not take a FindObjectsSortMode parameter.'
Assets/Editor/PocketStrikerLoginArtSmoke.cs(179,43): warning CS0618: 'Object.FindObjectsByType<T>(FindObjectsInactive, FindObjectsSortMode)' is obsolete: 'FindObjectsByType with FindObjectsSortMode parameter has been deprecated. Use FindObjectsByType<T>() or FindObjectsByType<T>(FindObjectsInactive) instead. InstanceID will be replaced in the future with EntityId and previous sort order cannot be maintained.'
Assets/Editor/PocketStrikerCombatFlowSmoke.cs(645,20): warning CS0618: 'Object.FindFirstObjectByType<T>()' is obsolete: 'FindFirstObjectByType has been deprecated because it relies on instance ID ordering. Use FindAnyObjectByType instead, which does not depend on ordering.'
Assets/Editor/PocketStrikerCombatFlowSmoke.cs(669,25): warning CS0618: 'Object.FindFirstObjectByType<T>()' is obsolete: 'FindFirstObjectByType has been deprecated because it relies on instance ID ordering. Use FindAnyObjectByType instead, which does not depend on ordering.'
Assets/Editor/PocketStrikerCombatFlowSmoke.cs(681,23): warning CS0618: 'Object.FindFirstObjectByType<T>()' is obsolete: 'FindFirstObjectByType has been deprecated because it relies on instance ID ordering. Use FindAnyObjectByType instead, which does not depend on ordering.'
Assets/Editor/PocketStrikerCombatFlowSmoke.cs(930,76): warning CS0618: 'FindObjectsSortMode' is obsolete: 'FindObjectsSortMode has been deprecated. Use the FindObjectsByType overloads that do not take a FindObjectsSortMode parameter.'
Assets/Editor/PocketStrikerCombatFlowSmoke.cs(929,56): warning CS0618: 'Object.FindObjectsByType<T>(FindObjectsInactive, FindObjectsSortMode)' is obsolete: 'FindObjectsByType with FindObjectsSortMode parameter has been deprecated. Use FindObjectsByType<T>() or FindObjectsByType<T>(FindObjectsInactive) instead. InstanceID will be replaced in the future with EntityId and previous sort order cannot be maintained.'
Assets/Editor/PocketStrikerCombatFlowSmoke.cs(955,30): warning CS0618: 'Object.FindFirstObjectByType<T>()' is obsolete: 'FindFirstObjectByType has been deprecated because it relies on instance ID ordering. Use FindAnyObjectByType instead, which does not depend on ordering.'
Assets/Editor/PocketStrikerBattleCameraSmoke.cs(167,76): warning CS0618: 'FindObjectsSortMode' is obsolete: 'FindObjectsSortMode has been deprecated. Use the FindObjectsByType overloads that do not take a FindObjectsSortMode parameter.'
Assets/Editor/PocketStrikerBattleCameraSmoke.cs(167,21): warning CS0618: 'Object.FindObjectsByType<T>(FindObjectsSortMode)' is obsolete: 'FindObjectsByType with FindObjectsSortMode parameter has been deprecated. Use FindObjectsByType<T>() or FindObjectsByType<T>(FindObjectsInactive) instead. InstanceID will be replaced in the future with EntityId and previous sort order cannot be maintained.'
Assets/Editor/PocketStrikerMenuBackgroundValidation.cs(355,99): warning CS0618: 'FindObjectsSortMode' is obsolete: 'FindObjectsSortMode has been deprecated. Use the FindObjectsByType overloads that do not take a FindObjectsSortMode parameter.'
Assets/Editor/PocketStrikerMenuBackgroundValidation.cs(355,21): warning CS0618: 'Object.FindObjectsByType<T>(FindObjectsInactive, FindObjectsSortMode)' is obsolete: 'FindObjectsByType with FindObjectsSortMode parameter has been deprecated. Use FindObjectsByType<T>() or FindObjectsByType<T>(FindObjectsInactive) instead. InstanceID will be replaced in the future with EntityId and previous sort order cannot be maintained.'
Assets/Editor/PocketStrikerLoadingReviewValidation.cs(610,125): warning CS0618: 'FindObjectsSortMode' is obsolete: 'FindObjectsSortMode has been deprecated. Use the FindObjectsByType overloads that do not take a FindObjectsSortMode parameter.'
Assets/Editor/PocketStrikerLoadingReviewValidation.cs(610,38): warning CS0618: 'Object.FindObjectsByType<T>(FindObjectsInactive, FindObjectsSortMode)' is obsolete: 'FindObjectsByType with FindObjectsSortMode parameter has been deprecated. Use FindObjectsByType<T>() or FindObjectsByType<T>(FindObjectsInactive) instead. InstanceID will be replaced in the future with EntityId and previous sort order cannot be maintained.'
Assets/Editor/PocketStrikerLoadingReviewValidation.cs(611,115): warning CS0618: 'FindObjectsSortMode' is obsolete: 'FindObjectsSortMode has been deprecated. Use the FindObjectsByType overloads that do not take a FindObjectsSortMode parameter.'
Assets/Editor/PocketStrikerLoadingReviewValidation.cs(611,39): warning CS0618: 'Object.FindObjectsByType<T>(FindObjectsInactive, FindObjectsSortMode)' is obsolete: 'FindObjectsByType with FindObjectsSortMode parameter has been deprecated. Use FindObjectsByType<T>() or FindObjectsByType<T>(FindObjectsInactive) instead. InstanceID will be replaced in the future with EntityId and previous sort order cannot be maintained.'
Assets/Editor/PocketStrikerLoadingReviewValidation.cs(612,111): warning CS0618: 'FindObjectsSortMode' is obsolete: 'FindObjectsSortMode has been deprecated. Use the FindObjectsByType overloads that do not take a FindObjectsSortMode parameter.'
Assets/Editor/PocketStrikerLoadingReviewValidation.cs(612,33): warning CS0618: 'Object.FindObjectsByType<T>(FindObjectsInactive, FindObjectsSortMode)' is obsolete: 'FindObjectsByType with FindObjectsSortMode parameter has been deprecated. Use FindObjectsByType<T>() or FindObjectsByType<T>(FindObjectsInactive) instead. InstanceID will be replaced in the future with EntityId and previous sort order cannot be maintained.'
Assets/Editor/PocketStrikerLoadingReviewValidation.cs(613,115): warning CS0618: 'FindObjectsSortMode' is obsolete: 'FindObjectsSortMode has been deprecated. Use the FindObjectsByType overloads that do not take a FindObjectsSortMode parameter.'
Assets/Editor/PocketStrikerLoadingReviewValidation.cs(613,33): warning CS0618: 'Object.FindObjectsByType<T>(FindObjectsInactive, FindObjectsSortMode)' is obsolete: 'FindObjectsByType with FindObjectsSortMode parameter has been deprecated. Use FindObjectsByType<T>() or FindObjectsByType<T>(FindObjectsInactive) instead. InstanceID will be replaced in the future with EntityId and previous sort order cannot be maintained.'
Assets/Editor/PocketStrikerRenderingValidation.cs(59,74): warning CS0618: 'FindObjectsSortMode' is obsolete: 'FindObjectsSortMode has been deprecated. Use the FindObjectsByType overloads that do not take a FindObjectsSortMode parameter.'
Assets/Editor/PocketStrikerRenderingValidation.cs(59,24): warning CS0618: 'Object.FindObjectsByType<T>(FindObjectsSortMode)' is obsolete: 'FindObjectsByType with FindObjectsSortMode parameter has been deprecated. Use FindObjectsByType<T>() or FindObjectsByType<T>(FindObjectsInactive) instead. InstanceID will be replaced in the future with EntityId and previous sort order cannot be maintained.'
Assets/Editor/PocketStrikerRenderingValidation.cs(116,27): warning CS0618: 'Object.FindFirstObjectByType<T>()' is obsolete: 'FindFirstObjectByType has been deprecated because it relies on instance ID ordering. Use FindAnyObjectByType instead, which does not depend on ordering.'
Assets/Editor/PocketStrikerLoadingReviewValidation.cs(638,126): warning CS0618: 'FindObjectsSortMode' is obsolete: 'FindObjectsSortMode has been deprecated. Use the FindObjectsByType overloads that do not take a FindObjectsSortMode parameter.'
Assets/Editor/PocketStrikerLoadingReviewValidation.cs(638,39): warning CS0618: 'Object.FindObjectsByType<T>(FindObjectsInactive, FindObjectsSortMode)' is obsolete: 'FindObjectsByType with FindObjectsSortMode parameter has been deprecated. Use FindObjectsByType<T>() or FindObjectsByType<T>(FindObjectsInactive) instead. InstanceID will be replaced in the future with EntityId and previous sort order cannot be maintained.'
Assets/Editor/PocketStrikerLoadingReviewValidation.cs(639,88): warning CS0618: 'FindObjectsSortMode' is obsolete: 'FindObjectsSortMode has been deprecated. Use the FindObjectsByType overloads that do not take a FindObjectsSortMode parameter.'
Assets/Editor/PocketStrikerLoadingReviewValidation.cs(639,12): warning CS0618: 'Object.FindObjectsByType<T>(FindObjectsInactive, FindObjectsSortMode)' is obsolete: 'FindObjectsByType with FindObjectsSortMode parameter has been deprecated. Use FindObjectsByType<T>() or FindObjectsByType<T>(FindObjectsInactive) instead. InstanceID will be replaced in the future with EntityId and previous sort order cannot be maintained.'
Assets/Editor/PocketStrikerLoadingReviewValidation.cs(640,90): warning CS0618: 'FindObjectsSortMode' is obsolete: 'FindObjectsSortMode has been deprecated. Use the FindObjectsByType overloads that do not take a FindObjectsSortMode parameter.'
Assets/Editor/PocketStrikerLoadingReviewValidation.cs(640,12): warning CS0618: 'Object.FindObjectsByType<T>(FindObjectsInactive, FindObjectsSortMode)' is obsolete: 'FindObjectsByType with FindObjectsSortMode parameter has been deprecated. Use FindObjectsByType<T>() or FindObjectsByType<T>(FindObjectsInactive) instead. InstanceID will be replaced in the future with EntityId and previous sort order cannot be maintained.'
Assets/Editor/PocketStrikerLoadingReviewValidation.cs(641,94): warning CS0618: 'FindObjectsSortMode' is obsolete: 'FindObjectsSortMode has been deprecated. Use the FindObjectsByType overloads that do not take a FindObjectsSortMode parameter.'
Assets/Editor/PocketStrikerLoadingReviewValidation.cs(641,12): warning CS0618: 'Object.FindObjectsByType<T>(FindObjectsInactive, FindObjectsSortMode)' is obsolete: 'FindObjectsByType with FindObjectsSortMode parameter has been deprecated. Use FindObjectsByType<T>() or FindObjectsByType<T>(FindObjectsInactive) instead. InstanceID will be replaced in the future with EntityId and previous sort order cannot be maintained.'
Assets/Editor/PocketStrikerBattleCameraSmoke.cs(703,42): warning CS0618: 'Object.FindFirstObjectByType<T>()' is obsolete: 'FindFirstObjectByType has been deprecated because it relies on instance ID ordering. Use FindAnyObjectByType instead, which does not depend on ordering.'
Assets/Editor/PocketStrikerReturnValidation.cs(327,111): warning CS0618: 'FindObjectsSortMode' is obsolete: 'FindObjectsSortMode has been deprecated. Use the FindObjectsByType overloads that do not take a FindObjectsSortMode parameter.'
Assets/Editor/PocketStrikerReturnValidation.cs(327,32): warning CS0618: 'Object.FindObjectsByType<T>(FindObjectsInactive, FindObjectsSortMode)' is obsolete: 'FindObjectsByType with FindObjectsSortMode parameter has been deprecated. Use FindObjectsByType<T>() or FindObjectsByType<T>(FindObjectsInactive) instead. InstanceID will be replaced in the future with EntityId and previous sort order cannot be maintained.'
Assets/Editor/PocketStrikerReturnValidation.cs(328,110): warning CS0618: 'FindObjectsSortMode' is obsolete: 'FindObjectsSortMode has been deprecated. Use the FindObjectsByType overloads that do not take a FindObjectsSortMode parameter.'
Assets/Editor/PocketStrikerReturnValidation.cs(328,31): warning CS0618: 'Object.FindObjectsByType<T>(FindObjectsInactive, FindObjectsSortMode)' is obsolete: 'FindObjectsByType with FindObjectsSortMode parameter has been deprecated. Use FindObjectsByType<T>() or FindObjectsByType<T>(FindObjectsInactive) instead. InstanceID will be replaced in the future with EntityId and previous sort order cannot be maintained.'
Assets/Editor/PocketStrikerTutorialPlaymodeSmoke.cs(106,77): warning CS0618: 'FindObjectsSortMode' is obsolete: 'FindObjectsSortMode has been deprecated. Use the FindObjectsByType overloads that do not take a FindObjectsSortMode parameter.'
Assets/Editor/PocketStrikerTutorialPlaymodeSmoke.cs(106,22): warning CS0618: 'Object.FindObjectsByType<T>(FindObjectsSortMode)' is obsolete: 'FindObjectsByType with FindObjectsSortMode parameter has been deprecated. Use FindObjectsByType<T>() or FindObjectsByType<T>(FindObjectsInactive) instead. InstanceID will be replaced in the future with EntityId and previous sort order cannot be maintained.'
Assets/Editor/PocketStrikerMenuBackgroundValidation.cs(813,95): warning CS0618: 'FindObjectsSortMode' is obsolete: 'FindObjectsSortMode has been deprecated. Use the FindObjectsByType overloads that do not take a FindObjectsSortMode parameter.'
Assets/Editor/PocketStrikerMenuBackgroundValidation.cs(813,17): warning CS0618: 'Object.FindObjectsByType<T>(FindObjectsInactive, FindObjectsSortMode)' is obsolete: 'FindObjectsByType with FindObjectsSortMode parameter has been deprecated. Use FindObjectsByType<T>() or FindObjectsByType<T>(FindObjectsInactive) instead. InstanceID will be replaced in the future with EntityId and previous sort order cannot be maintained.'
Assets/Editor/PocketStrikerTutorialPlaymodeSmoke.cs(148,20): warning CS0618: 'Object.FindFirstObjectByType<T>()' is obsolete: 'FindFirstObjectByType has been deprecated because it relies on instance ID ordering. Use FindAnyObjectByType instead, which does not depend on ordering.'
Assets/Editor/PocketStrikerTutorialPlaymodeSmoke.cs(150,25): warning CS0618: 'Object.FindFirstObjectByType<T>()' is obsolete: 'FindFirstObjectByType has been deprecated because it relies on instance ID ordering. Use FindAnyObjectByType instead, which does not depend on ordering.'
Assets/Editor/PocketStrikerTutorialPlaymodeSmoke.cs(300,90): warning CS0618: 'FindObjectsSortMode' is obsolete: 'FindObjectsSortMode has been deprecated. Use the FindObjectsByType overloads that do not take a FindObjectsSortMode parameter.'
Assets/Editor/PocketStrikerTutorialPlaymodeSmoke.cs(300,50): warning CS0618: 'Object.FindObjectsByType<T>(FindObjectsSortMode)' is obsolete: 'FindObjectsByType with FindObjectsSortMode parameter has been deprecated. Use FindObjectsByType<T>() or FindObjectsByType<T>(FindObjectsInactive) instead. InstanceID will be replaced in the future with EntityId and previous sort order cannot be maintained.'
Assets/Editor/PocketStrikerUILiveReview.DynamicSkills.cs(134,87): warning CS0618: 'FindObjectsSortMode' is obsolete: 'FindObjectsSortMode has been deprecated. Use the FindObjectsByType overloads that do not take a FindObjectsSortMode parameter.'
Assets/Editor/PocketStrikerUILiveReview.DynamicSkills.cs(134,18): warning CS0618: 'Object.FindObjectsByType<T>(FindObjectsInactive, FindObjectsSortMode)' is obsolete: 'FindObjectsByType with FindObjectsSortMode parameter has been deprecated. Use FindObjectsByType<T>() or FindObjectsByType<T>(FindObjectsInactive) instead. InstanceID will be replaced in the future with EntityId and previous sort order cannot be maintained.'
Assets/Editor/PocketStrikerValidation.cs(188,25): warning CS0618: 'Object.FindFirstObjectByType<T>()' is obsolete: 'FindFirstObjectByType has been deprecated because it relies on instance ID ordering. Use FindAnyObjectByType instead, which does not depend on ordering.'
Assets/Editor/PocketStrikerValidation.cs(202,69): warning CS0618: 'FindObjectsSortMode' is obsolete: 'FindObjectsSortMode has been deprecated. Use the FindObjectsByType overloads that do not take a FindObjectsSortMode parameter.'
Assets/Editor/PocketStrikerValidation.cs(202,17): warning CS0618: 'Object.FindObjectsByType<T>(FindObjectsSortMode)' is obsolete: 'FindObjectsByType with FindObjectsSortMode parameter has been deprecated. Use FindObjectsByType<T>() or FindObjectsByType<T>(FindObjectsInactive) instead. InstanceID will be replaced in the future with EntityId and previous sort order cannot be maintained.'
Assets/Editor/PocketStrikerUILiveReview.Banners.cs(97,106): warning CS0618: 'FindObjectsSortMode' is obsolete: 'FindObjectsSortMode has been deprecated. Use the FindObjectsByType overloads that do not take a FindObjectsSortMode parameter.'
Assets/Editor/PocketStrikerUILiveReview.Banners.cs(97,50): warning CS0618: 'Object.FindObjectsByType<T>(FindObjectsSortMode)' is obsolete: 'FindObjectsByType with FindObjectsSortMode parameter has been deprecated. Use FindObjectsByType<T>() or FindObjectsByType<T>(FindObjectsInactive) instead. InstanceID will be replaced in the future with EntityId and previous sort order cannot be maintained.'
Assets/Editor/PocketStrikerValidation.cs(360,31): warning CS0618: 'Object.FindFirstObjectByType<T>()' is obsolete: 'FindFirstObjectByType has been deprecated because it relies on instance ID ordering. Use FindAnyObjectByType instead, which does not depend on ordering.'
Assets/Editor/PocketStrikerValidation.cs(457,46): warning CS0618: 'FindObjectsSortMode' is obsolete: 'FindObjectsSortMode has been deprecated. Use the FindObjectsByType overloads that do not take a FindObjectsSortMode parameter.'
Assets/Editor/PocketStrikerValidation.cs(456,50): warning CS0618: 'Object.FindObjectsByType<T>(FindObjectsSortMode)' is obsolete: 'FindObjectsByType with FindObjectsSortMode parameter has been deprecated. Use FindObjectsByType<T>() or FindObjectsByType<T>(FindObjectsInactive) instead. InstanceID will be replaced in the future with EntityId and previous sort order cannot be maintained.'
Assets/Editor/PocketStrikerUILiveReview.Banners.cs(118,90): warning CS0618: 'FindObjectsSortMode' is obsolete: 'FindObjectsSortMode has been deprecated. Use the FindObjectsByType overloads that do not take a FindObjectsSortMode parameter.'
Assets/Editor/PocketStrikerUILiveReview.Banners.cs(118,34): warning CS0618: 'Object.FindObjectsByType<T>(FindObjectsSortMode)' is obsolete: 'FindObjectsByType with FindObjectsSortMode parameter has been deprecated. Use FindObjectsByType<T>() or FindObjectsByType<T>(FindObjectsInactive) instead. InstanceID will be replaced in the future with EntityId and previous sort order cannot be maintained.'
Assets/Editor/PocketStrikerUILiveReview.BattleCapture.cs(41,30): error CS0103: The name 'SessionState' does not exist in the current context
Assets/Editor/PocketStrikerUILiveReview.BattleCapture.cs(42,31): error CS0103: The name 'SessionState' does not exist in the current context
Assets/Editor/PocketStrikerUILiveReview.BattleCapture.cs(53,30): error CS0103: The name 'PreScene' does not exist in the current context
Assets/Editor/PocketStrikerUILiveReview.BattleCapture.cs(53,89): error CS0103: The name 'ProcessesRunner' does not exist in the current context
Assets/Editor/PocketStrikerUILiveReview.BattleCapture.cs(77,39): error CS0103: The name 'MainSceneStep' does not exist in the current context
Assets/Editor/PocketStrikerUILiveReview.BattleCapture.cs(79,31): error CS0103: The name 'MainSceneStep' does not exist in the current context
Assets/Editor/PocketStrikerUILiveReview.BattleCapture.cs(118,47): error CS0103: The name 'MainSceneStep' does not exist in the current context
Assets/Editor/PocketStrikerUILiveReview.BattleCapture.cs(130,35): error CS0103: The name 'MainSceneStep' does not exist in the current context
Assets/Editor/PocketStrikerUILiveReview.DynamicSkills.cs(338,86): warning CS0618: 'FindObjectsSortMode' is obsolete: 'FindObjectsSortMode has been deprecated. Use the FindObjectsByType overloads that do not take a FindObjectsSortMode parameter.'
Assets/Editor/PocketStrikerUILiveReview.DynamicSkills.cs(338,17): warning CS0618: 'Object.FindObjectsByType<T>(FindObjectsInactive, FindObjectsSortMode)' is obsolete: 'FindObjectsByType with FindObjectsSortMode parameter has been deprecated. Use FindObjectsByType<T>() or FindObjectsByType<T>(FindObjectsInactive) instead. InstanceID will be replaced in the future with EntityId and previous sort order cannot be maintained.'
Assets/Editor/PocketStrikerUILiveReview.DynamicSkills.cs(344,96): warning CS0618: 'FindObjectsSortMode' is obsolete: 'FindObjectsSortMode has been deprecated. Use the FindObjectsByType overloads that do not take a FindObjectsSortMode parameter.'
Assets/Editor/PocketStrikerUILiveReview.DynamicSkills.cs(344,27): warning CS0618: 'Object.FindObjectsByType<T>(FindObjectsInactive, FindObjectsSortMode)' is obsolete: 'FindObjectsByType with FindObjectsSortMode parameter has been deprecated. Use FindObjectsByType<T>() or FindObjectsByType<T>(FindObjectsInactive) instead. InstanceID will be replaced in the future with EntityId and previous sort order cannot be maintained.'
Assets/Editor/PocketStrikerUILiveReview.BattleCapture.cs(195,38): error CS0103: The name 'SessionState' does not exist in the current context
Assets/Editor/PocketStrikerUILiveReview.BattleCapture.cs(195,103): error CS0103: The name 'SessionState' does not exist in the current context
Assets/Editor/PocketStrikerUILiveReview.BattleCapture.cs(215,87): error CS0103: The name 'PreScene' does not exist in the current context
Assets/Editor/PocketStrikerUILiveReview.BattleCapture.cs(227,20): error CS0246: The type or namespace name 'SelfFightLayer' could not be found (are you missing a using directive or an assembly reference?)
Assets/Editor/PocketStrikerUILiveReview.BattleCapture.cs(227,36): error CS0103: The name 'MainSceneStep' does not exist in the current context
Assets/Editor/PocketStrikerUILiveReview.BattleCapture.cs(228,26): error CS0246: The type or namespace name 'SelfFightLayer' could not be found (are you missing a using directive or an assembly reference?)
Assets/Editor/PocketStrikerUILiveReview.BattleCapture.cs(229,27): error CS0246: The type or namespace name 'UnitsLayer' could not be found (are you missing a using directive or an assembly reference?)
Assets/Editor/PocketStrikerMenuBackgroundValidation.cs(1447,115): warning CS0618: 'FindObjectsSortMode' is obsolete: 'FindObjectsSortMode has been deprecated. Use the FindObjectsByType overloads that do not take a FindObjectsSortMode parameter.'
Assets/Editor/PocketStrikerMenuBackgroundValidation.cs(1447,46): warning CS0618: 'Object.FindObjectsByType<T>(FindObjectsInactive, FindObjectsSortMode)' is obsolete: 'FindObjectsByType with FindObjectsSortMode parameter has been deprecated. Use FindObjectsByType<T>() or FindObjectsByType<T>(FindObjectsInactive) instead. InstanceID will be replaced in the future with EntityId and previous sort order cannot be maintained.'
Assets/Editor/PocketStrikerMenuBackgroundValidation.cs(1449,121): warning CS0618: 'FindObjectsSortMode' is obsolete: 'FindObjectsSortMode has been deprecated. Use the FindObjectsByType overloads that do not take a FindObjectsSortMode parameter.'
Assets/Editor/PocketStrikerMenuBackgroundValidation.cs(1449,52): warning CS0618: 'Object.FindObjectsByType<T>(FindObjectsInactive, FindObjectsSortMode)' is obsolete: 'FindObjectsByType with FindObjectsSortMode parameter has been deprecated. Use FindObjectsByType<T>() or FindObjectsByType<T>(FindObjectsInactive) instead. InstanceID will be replaced in the future with EntityId and previous sort order cannot be maintained.'
Assets/Editor/PocketStrikerUILiveReview.StoreCapture.cs(139,51): error CS7036: There is no argument given that corresponds to the required parameter 'defaultValue' of 'SessionState.GetFloat(string, float)'
Assets/Editor/PocketStrikerUILiveReview.StoreCapture.cs(140,55): error CS7036: There is no argument given that corresponds to the required parameter 'defaultValue' of 'SessionState.GetFloat(string, float)'
Assets/Editor/PocketStrikerUILiveReview.StoreCapture.cs(141,54): error CS7036: There is no argument given that corresponds to the required parameter 'defaultValue' of 'SessionState.GetBool(string, bool)'
Assets/Editor/PocketStrikerUILiveReview.StoreCapture.cs(142,44): error CS7036: There is no argument given that corresponds to the required parameter 'defaultValue' of 'SessionState.GetBool(string, bool)'
Assets/Editor/PocketStrikerUILiveReview.StoreCapture.cs(143,45): error CS7036: There is no argument given that corresponds to the required parameter 'defaultValue' of 'SessionState.GetFloat(string, float)'
Assets/Tank & Healer Studio/Ultimate Joystick/Editor/UltimateJoystickEditor.cs(1787,17): warning CS0618: 'Object.FindObjectOfType<T>()' is obsolete: 'Object.FindObjectOfType has been deprecated. Use Object.FindAnyObjectByType instead.'
Assets/Tank & Healer Studio/Ultimate Joystick/Editor/UltimateJoystickEditor.cs(1799,24): warning CS0618: 'Object.FindObjectsOfType(Type)' is obsolete: 'Object.FindObjectsOfType has been deprecated. Use Object.FindObjectsByType instead which lets you decide whether you need the results sorted or not.  FindObjectsOfType sorts the results by InstanceID, but if you do not need this using FindObjectSortMode.None is considerably faster.'
Assets/App/Editor/Build/BuildClient.cs(88,23): warning UDR0001: No method with RuntimeInitializeOnLoadMethod attribute
Assets/Editor/PocketStrikerReturnValidation.cs(21,19): warning UDR0001: No method with RuntimeInitializeOnLoadMethod attribute
Assets/Editor/PocketStrikerReturnValidation.cs(22,17): warning UDR0001: No method with RuntimeInitializeOnLoadMethod attribute
Assets/D_Asset/OrangedKeys/TitleFX/Editor/AssetPostImportProcess_TitleFX.cs(10,25): warning UDR0001: No method with RuntimeInitializeOnLoadMethod attribute
Assets/App/Editor/Build/BuildClient.cs(108,36): warning UDR0001: No method with RuntimeInitializeOnLoadMethod attribute
Assets/App/Editor/Build/BuildClient.cs(113,37): warning UDR0001: No method with RuntimeInitializeOnLoadMethod attribute
Assets/D_Asset/OrangedKeys/TitleFX/Editor/TitleFX_Welcome.cs(38,34): warning UDR0001: No method with RuntimeInitializeOnLoadMethod attribute
Assets/D_Asset/OrangedKeys/TitleFX/Editor/TitleFX_Welcome.cs(40,33): warning UDR0001: No method with RuntimeInitializeOnLoadMethod attribute
Assets/D_Asset/OrangedKeys/TitleFX/Editor/TitleFX_Welcome.cs(62,33): warning UDR0001: No method with RuntimeInitializeOnLoadMethod attribute
Assets/D_Asset/OrangedKeys/TitleFX/Editor/TitleFX_Welcome.cs(83,33): warning UDR0001: No method with RuntimeInitializeOnLoadMethod attribute
Assets/D_Asset/OrangedKeys/TitleFX/Editor/Title_fx_GUI.cs(19,23): warning UDR0001: No method with RuntimeInitializeOnLoadMethod attribute
Assets/D_Asset/OrangedKeys/TitleFX/Editor/Title_fx_GUI_V2.cs(19,23): warning UDR0001: No method with RuntimeInitializeOnLoadMethod attribute
Assets/Editor/PocketStrikerSettingsInteractionValidation.cs(19,17): warning UDR0001: No method with RuntimeInitializeOnLoadMethod attribute
Assets/Editor/PocketStrikerTutorialPlaymodeSmoke.cs(26,17): warning UDR0001: No method with RuntimeInitializeOnLoadMethod attribute
Assets/Editor/PocketStrikerTutorialPlaymodeSmoke.cs(27,19): warning UDR0001: No method with RuntimeInitializeOnLoadMethod attribute
Assets/Editor/PocketStrikerUIArtValidation.cs(25,17): warning UDR0001: No method with RuntimeInitializeOnLoadMethod attribute
Assets/Editor/PocketStrikerUIArtValidation.cs(26,27): warning UDR0001: No method with RuntimeInitializeOnLoadMethod attribute
Assets/Editor/PocketStrikerLoadingReviewValidation.cs(43,17): warning UDR0001: No method with RuntimeInitializeOnLoadMethod attribute
Assets/Editor/PocketStrikerLoadingReviewValidation.cs(44,19): warning UDR0001: No method with RuntimeInitializeOnLoadMethod attribute
Assets/Editor/PocketStrikerUIInterruptionValidation.cs(21,17): warning UDR0001: No method with RuntimeInitializeOnLoadMethod attribute
Assets/Editor/PocketStrikerUIInterruptionValidation.cs(33,19): warning UDR0001: No method with RuntimeInitializeOnLoadMethod attribute
Assets/Editor/PocketStrikerGachaRecoveryValidation.cs(66,17): warning UDR0001: No method with RuntimeInitializeOnLoadMethod attribute
Assets/Editor/PocketStrikerSlotEffectValidation.cs(18,17): warning UDR0001: No method with RuntimeInitializeOnLoadMethod attribute
Assets/Editor/PocketStrikerAIStoryLiveSmoke.cs(27,17): warning UDR0001: No method with RuntimeInitializeOnLoadMethod attribute
Assets/Editor/PocketStrikerAIStoryLiveSmoke.cs(28,19): warning UDR0001: No method with RuntimeInitializeOnLoadMethod attribute
Assets/Editor/PocketStrikerAIStoryLiveSmoke.cs(29,36): warning UDR0001: No method with RuntimeInitializeOnLoadMethod attribute
Assets/Editor/PocketStrikerAsyncIconValidation.cs(23,17): warning UDR0001: No method with RuntimeInitializeOnLoadMethod attribute
Assets/Editor/PocketStrikerAsyncIconValidation.cs(24,19): warning UDR0001: No method with RuntimeInitializeOnLoadMethod attribute
Assets/Editor/PocketStrikerAsyncIconValidation.cs(25,22): warning UDR0001: No method with RuntimeInitializeOnLoadMethod attribute
Assets/Editor/PocketStrikerAsyncIconValidation.cs(26,23): warning UDR0001: No method with RuntimeInitializeOnLoadMethod attribute
Assets/Editor/PocketStrikerAsyncIconValidation.cs(28,19): warning UDR0001: No method with RuntimeInitializeOnLoadMethod attribute
Assets/Editor/PocketStrikerAsyncIconValidation.cs(28,28): warning UDR0001: No method with RuntimeInitializeOnLoadMethod attribute
Assets/Editor/PocketStrikerAsyncIconValidation.cs(29,19): warning UDR0001: No method with RuntimeInitializeOnLoadMethod attribute
Assets/Editor/PocketStrikerAsyncIconValidation.cs(29,32): warning UDR0001: No method with RuntimeInitializeOnLoadMethod attribute
Assets/Editor/PocketStrikerTutorialValidation.cs(24,17): warning UDR0001: No method with RuntimeInitializeOnLoadMethod attribute
Assets/Editor/PocketStrikerLoginArtSmoke.cs(30,17): warning UDR0001: No method with RuntimeInitializeOnLoadMethod attribute
Assets/Editor/PocketStrikerLoginArtSmoke.cs(31,19): warning UDR0001: No method with RuntimeInitializeOnLoadMethod attribute
Assets/Editor/PocketStrikerLoginArtSmoke.cs(32,36): warning UDR0001: No method with RuntimeInitializeOnLoadMethod attribute
Assets/Editor/PocketStrikerUILayoutValidation.cs(33,17): warning UDR0001: No method with RuntimeInitializeOnLoadMethod attribute
Assets/Editor/PocketStrikerBattleModeValidation.cs(19,17): warning UDR0001: No method with RuntimeInitializeOnLoadMethod attribute
Assets/AppCenter/Editor/AppCenterSettingsContext.cs(11,27): warning UDR0001: No method with RuntimeInitializeOnLoadMethod attribute
Assets/Editor/PocketStrikerDebugConsoleValidation.cs(24,28): warning UDR0001: No method with RuntimeInitializeOnLoadMethod attribute
Assets/Editor/PocketStrikerDebugConsoleValidation.cs(25,16): warning UDR0001: No method with RuntimeInitializeOnLoadMethod attribute
Assets/Editor/PocketStrikerDebugConsoleValidation.cs(26,16): warning UDR0001: No method with RuntimeInitializeOnLoadMethod attribute
Assets/Editor/PocketStrikerDebugConsoleValidation.cs(27,19): warning UDR0001: No method with RuntimeInitializeOnLoadMethod attribute
Assets/Editor/PocketStrikerBattlePauseValidation.cs(26,17): warning UDR0001: No method with RuntimeInitializeOnLoadMethod attribute
Assets/Tank & Healer Studio/Ultimate Joystick/Editor/UltimateJoystickReadme.cs(25,26): warning UAC1001: Field 'versionHistory' type 'UltimateJoystickReadme.VersionHistory' is skipped by serialization (missing the [Serializable] attribute). Refer to the Serialization rules analyzer reference. (https://docs.unity3d.com/6000.5/Documentation/Manual/script-serialization-analyzer.html#uac1001)
Assets/Tank & Healer Studio/Ultimate Joystick/Editor/UltimateJoystickReadme.cs(19,20): warning UDR0001: No method with RuntimeInitializeOnLoadMethod attribute
Assets/Editor/PocketStrikerDownloadCacheValidation.cs(41,19): warning UDR0001: No method with RuntimeInitializeOnLoadMethod attribute
Assets/Editor/PocketStrikerDownloadCacheValidation.cs(42,17): warning UDR0001: No method with RuntimeInitializeOnLoadMethod attribute
Assets/Editor/PocketStrikerDownloadCacheValidation.cs(42,28): warning UDR0001: No method with RuntimeInitializeOnLoadMethod attribute
Assets/Editor/PocketStrikerDownloadCacheValidation.cs(44,25): warning UDR0001: No method with RuntimeInitializeOnLoadMethod attribute
Assets/Editor/PocketStrikerDownloadCacheValidation.cs(45,26): warning UDR0001: No method with RuntimeInitializeOnLoadMethod attribute
Assets/Editor/PocketStrikerDownloadCacheValidation.cs(46,36): warning UDR0001: No method with RuntimeInitializeOnLoadMethod attribute
Assets/Editor/PocketStrikerDownloadCacheValidation.cs(47,18): warning UDR0001: No method with RuntimeInitializeOnLoadMethod attribute
Assets/Editor/PocketStrikerDownloadCacheValidation.cs(47,28): warning UDR0001: No method with RuntimeInitializeOnLoadMethod attribute
Assets/Tank & Healer Studio/Ultimate Joystick/Editor/UltimateJoystickReadmeEditor.cs(12,32): warning UDR0001: No method with RuntimeInitializeOnLoadMethod attribute
Assets/Tank & Healer Studio/Ultimate Joystick/Editor/UltimateJoystickReadmeEditor.cs(37,31): warning UDR0001: No method with RuntimeInitializeOnLoadMethod attribute
Assets/Tank & Healer Studio/Ultimate Joystick/Editor/UltimateJoystickReadmeEditor.cs(38,27): warning UDR0001: No method with RuntimeInitializeOnLoadMethod attribute
Assets/UltimateCircularHealthBar/Editor/HelpEditorWindow.cs(8,34): warning UDR0001: No method with RuntimeInitializeOnLoadMethod attribute
Assets/UltimateCircularHealthBar/Editor/HelpEditorWindow.cs(9,31): warning UDR0001: No method with RuntimeInitializeOnLoadMethod attribute
Assets/UltimateCircularHealthBar/Editor/HelpEditorWindow.cs(10,31): warning UDR0001: No method with RuntimeInitializeOnLoadMethod attribute
Assets/Editor/PocketStrikerCombatFlowSmoke.cs(28,17): warning UDR0001: No method with RuntimeInitializeOnLoadMethod attribute
Assets/Editor/PocketStrikerCombatFlowSmoke.cs(29,19): warning UDR0001: No method with RuntimeInitializeOnLoadMethod attribute
Assets/Editor/PocketStrikerMenuBackgroundValidation.cs(33,17): warning UDR0001: No method with RuntimeInitializeOnLoadMethod attribute
Assets/Editor/PocketStrikerMenuBackgroundValidation.cs(34,19): warning UDR0001: No method with RuntimeInitializeOnLoadMethod attribute
Assets/Editor/PocketStrikerMenuBackgroundValidation.cs(35,19): warning UDR0001: No method with RuntimeInitializeOnLoadMethod attribute
Assets/Editor/PocketStrikerMenuBackgroundValidation.cs(36,17): warning UDR0001: No method with RuntimeInitializeOnLoadMethod attribute
Assets/D_Asset/RPG and MMO UI 11/Scripts/UI/Serializables/Editor/ColorBlockExtendedDrawer.cs(10,39): warning UDR0001: No method with RuntimeInitializeOnLoadMethod attribute
Assets/D_Asset/RPG and MMO UI 11/Scripts/UI/Serializables/Editor/ColorBlockExtendedDrawer.cs(11,25): warning UDR0001: No method with RuntimeInitializeOnLoadMethod attribute
Assets/Editor/PocketStrikerBattleCameraSmoke.Impact.cs(87,25): warning UDR0001: No method with RuntimeInitializeOnLoadMethod attribute
Assets/Editor/PocketStrikerBattleCameraSmoke.Opening.cs(36,26): warning UDR0001: No method with RuntimeInitializeOnLoadMethod attribute
Assets/Editor/PocketStrikerBattleCameraSmoke.cs(28,17): warning UDR0001: No method with RuntimeInitializeOnLoadMethod attribute
Assets/Editor/PocketStrikerBattleCameraSmoke.cs(29,19): warning UDR0001: No method with RuntimeInitializeOnLoadMethod attribute
Assets/Editor/PocketStrikerQueuedLiveValidation.cs(42,19): warning UDR0001: No method with RuntimeInitializeOnLoadMethod attribute
Assets/Editor/PocketStrikerQueuedLiveValidation.cs(43,19): warning UDR0001: No method with RuntimeInitializeOnLoadMethod attribute
Assets/Editor/PocketStrikerQueuedLiveValidation.cs(44,20): warning UDR0001: No method with RuntimeInitializeOnLoadMethod attribute
Assets/Editor/PocketStrikerQueuedLiveValidation.cs(45,17): warning UDR0001: No method with RuntimeInitializeOnLoadMethod attribute
Assets/Editor/PocketStrikerQueuedLiveValidation.cs(46,19): warning UDR0001: No method with RuntimeInitializeOnLoadMethod attribute
Assets/Editor/PocketStrikerUILiveReview.Banners.cs(28,25): warning UDR0001: No method with RuntimeInitializeOnLoadMethod attribute
Assets/Editor/PocketStrikerUILiveReview.Banners.cs(29,26): warning UDR0001: No method with RuntimeInitializeOnLoadMethod attribute
Assets/Editor/PocketStrikerUILiveReview.Banners.cs(30,18): warning UDR0001: No method with RuntimeInitializeOnLoadMethod attribute
Assets/Editor/PocketStrikerUILiveReview.Banners.cs(31,18): warning UDR0001: No method with RuntimeInitializeOnLoadMethod attribute
Assets/Editor/PocketStrikerUILiveReview.Banners.cs(32,22): warning UDR0001: No method with RuntimeInitializeOnLoadMethod attribute
Assets/Editor/PocketStrikerUILiveReview.StoreCapture.cs(55,33): warning UDR0001: No method with RuntimeInitializeOnLoadMethod attribute
Assets/Editor/PocketStrikerUILiveReview.StoreVideoRecorder.cs(22,31): warning UDR0001: No method with RuntimeInitializeOnLoadMethod attribute
Assets/Editor/PocketStrikerUILiveReview.StoreVideoRecorder.cs(23,39): warning UDR0001: No method with RuntimeInitializeOnLoadMethod attribute
Assets/Editor/PocketStrikerUILiveReview.StoreVideoRecorder.cs(24,34): warning UDR0001: No method with RuntimeInitializeOnLoadMethod attribute
Assets/Editor/PocketStrikerUILiveReview.StoreVideoRecorder.cs(25,24): warning UDR0001: No method with RuntimeInitializeOnLoadMethod attribute
Assets/Editor/PocketStrikerUILiveReview.StoreVideoRecorder.cs(26,27): warning UDR0001: No method with RuntimeInitializeOnLoadMethod attribute
Assets/Editor/PocketStrikerUILiveReview.StoreVideoRecorder.cs(27,31): warning UDR0001: No method with RuntimeInitializeOnLoadMethod attribute
Assets/Editor/PocketStrikerUILiveReview.StoreVideoRecorder.cs(28,17): warning UDR0001: No method with RuntimeInitializeOnLoadMethod attribute
Assets/Editor/PocketStrikerUILiveReview.StoreVideoRecorder.cs(29,16): warning UDR0001: No method with RuntimeInitializeOnLoadMethod attribute
Assets/Editor/PocketStrikerUILiveReview.StoreVideoRecorder.cs(30,18): warning UDR0001: No method with RuntimeInitializeOnLoadMethod attribute
Assets/Editor/PocketStrikerUILiveReview.StoreVideoRecorder.cs(31,17): warning UDR0001: No method with RuntimeInitializeOnLoadMethod attribute
Assets/Editor/PocketStrikerUILiveReview.cs(31,17): warning UDR0001: No method with RuntimeInitializeOnLoadMethod attribute
Assets/Editor/PocketStrikerUILiveReview.cs(32,19): warning UDR0001: No method with RuntimeInitializeOnLoadMethod attribute
Assets/Editor/PocketStrikerUILiveReview.cs(33,36): warning UDR0001: No method with RuntimeInitializeOnLoadMethod attribute
Assets/Editor/PocketStrikerUILiveReview.cs(34,17): warning UDR0001: No method with RuntimeInitializeOnLoadMethod attribute
Assets/DynamicStarrySky/Editor/EditorCoroutine.cs(25,5): warning UDR0004: Non-static method subscribed to static event in start is not deregistered. Deregister it in OnDisable.
Assets/Editor/PocketStrikerAIStoryLiveSmoke.cs(77,9): warning UDR0001: No method with RuntimeInitializeOnLoadMethod attribute
Assets/Editor/PocketStrikerAIStoryLiveSmoke.cs(127,9): warning UDR0001: No method with RuntimeInitializeOnLoadMethod attribute
Assets/Editor/PocketStrikerAIStoryLiveSmoke.cs(129,9): warning UDR0001: No method with RuntimeInitializeOnLoadMethod attribute
Assets/Editor/PocketStrikerAsyncIconValidation.cs(58,47): warning UDR0001: No method with RuntimeInitializeOnLoadMethod attribute
Assets/Editor/PocketStrikerAsyncIconValidation.cs(66,43): warning UDR0001: No method with RuntimeInitializeOnLoadMethod attribute
Assets/Editor/PocketStrikerAsyncIconValidation.cs(89,44): warning UDR0001: No method with RuntimeInitializeOnLoadMethod attribute
Assets/Editor/PocketStrikerCombatFlowSmoke.cs(165,9): warning UDR0001: No method with RuntimeInitializeOnLoadMethod attribute
Assets/Editor/PocketStrikerCombatFlowSmoke.cs(167,9): warning UDR0001: No method with RuntimeInitializeOnLoadMethod attribute
Assets/Editor/PocketStrikerCombatFlowSmoke.cs(169,9): warning UDR0001: No method with RuntimeInitializeOnLoadMethod attribute
Assets/Editor/PocketStrikerBattleModeValidation.cs(112,9): warning UDR0004: Non-static method subscribed to static event in Validate is not deregistered. Deregister it in OnDisable.
Assets/Editor/PocketStrikerBattleModeValidation.cs(116,9): warning UDR0001: No method with RuntimeInitializeOnLoadMethod attribute
Assets/Editor/PocketStrikerBattleHUDValidation.cs(151,9): warning UDR0004: Non-static method subscribed to static event in RunBattleHUDFixture is not deregistered. Deregister it in OnDisable.
Assets/Editor/PocketStrikerDebugConsoleValidation.cs(44,9): warning UDR0001: No method with RuntimeInitializeOnLoadMethod attribute
Assets/Editor/PocketStrikerDebugConsoleValidation.cs(45,9): warning UDR0004: Non-static method subscribed to static event in Unknown is not deregistered. Deregister it in OnDisable.
Assets/Editor/PocketStrikerDownloadCacheValidation.cs(109,9): warning UDR0001: No method with RuntimeInitializeOnLoadMethod attribute
Assets/Editor/PocketStrikerBattlePauseValidation.cs(106,9): warning UDR0004: Non-static method subscribed to static event in Run is not deregistered. Deregister it in OnDisable.
Assets/Editor/PocketStrikerEditorDefaults.cs(20,9): warning UDR0001: No method with RuntimeInitializeOnLoadMethod attribute
Assets/Editor/PocketStrikerDownloadCacheValidation.cs(175,50): warning UDR0001: No method with RuntimeInitializeOnLoadMethod attribute
Assets/Editor/PocketStrikerDebugConsoleValidation.cs(184,17): warning UDR0001: No method with RuntimeInitializeOnLoadMethod attribute
Assets/Editor/PocketStrikerDownloadCacheValidation.cs(176,46): warning UDR0001: No method with RuntimeInitializeOnLoadMethod attribute
Assets/Editor/PocketStrikerDownloadCacheValidation.cs(177,43): warning UDR0001: No method with RuntimeInitializeOnLoadMethod attribute
Assets/Editor/PocketStrikerGachaRecoveryValidation.cs(99,57): warning UDR0001: No method with RuntimeInitializeOnLoadMethod attribute
Assets/Editor/PocketStrikerGachaRecoveryValidation.cs(100,43): warning UDR0001: No method with RuntimeInitializeOnLoadMethod attribute
Assets/Editor/PocketStrikerLoadingReviewValidation.cs(119,9): warning UDR0001: No method with RuntimeInitializeOnLoadMethod attribute
Assets/Editor/PocketStrikerLoadingReviewValidation.cs(162,57): warning UDR0001: No method with RuntimeInitializeOnLoadMethod attribute
Assets/Editor/PocketStrikerLoadingReviewValidation.cs(163,54): warning UDR0001: No method with RuntimeInitializeOnLoadMethod attribute
Assets/Editor/PocketStrikerLoginArtSmoke.cs(58,9): warning UDR0001: No method with RuntimeInitializeOnLoadMethod attribute
Assets/Editor/PocketStrikerLoadingReviewValidation.cs(164,43): warning UDR0001: No method with RuntimeInitializeOnLoadMethod attribute
Assets/Editor/PocketStrikerLoginArtSmoke.cs(115,9): warning UDR0001: No method with RuntimeInitializeOnLoadMethod attribute
Assets/Editor/PocketStrikerLoginArtSmoke.cs(117,9): warning UDR0001: No method with RuntimeInitializeOnLoadMethod attribute
Assets/Editor/PocketStrikerMenuBackgroundValidation.cs(181,9): warning UDR0001: No method with RuntimeInitializeOnLoadMethod attribute
Assets/Editor/PocketStrikerMenuBackgroundValidation.cs(263,57): warning UDR0001: No method with RuntimeInitializeOnLoadMethod attribute
Assets/Editor/PocketStrikerMenuBackgroundValidation.cs(264,43): warning UDR0001: No method with RuntimeInitializeOnLoadMethod attribute
Assets/Editor/PocketStrikerMenuBackgroundValidation.cs(265,54): warning UDR0001: No method with RuntimeInitializeOnLoadMethod attribute
Assets/Editor/PocketStrikerTutorialLayoutValidation.cs(117,9): warning UDR0004: Non-static method subscribed to static event in ValidateTutorialLayout is not deregistered. Deregister it in OnDisable.
Assets/Editor/PocketStrikerBattleCameraSmoke.cs(137,9): warning UDR0001: No method with RuntimeInitializeOnLoadMethod attribute
Assets/Editor/PocketStrikerBattleCameraSmoke.cs(139,9): warning UDR0001: No method with RuntimeInitializeOnLoadMethod attribute
Assets/Editor/PocketStrikerReturnValidation.cs(73,9): warning UDR0001: No method with RuntimeInitializeOnLoadMethod attribute
Assets/Editor/PocketStrikerBattleCameraSmoke.cs(141,9): warning UDR0001: No method with RuntimeInitializeOnLoadMethod attribute
Assets/Editor/PocketStrikerReturnValidation.cs(75,9): warning UDR0001: No method with RuntimeInitializeOnLoadMethod attribute
Assets/Editor/PocketStrikerTutorialValidation.cs(76,9): warning UDR0004: Non-static method subscribed to static event in Run is not deregistered. Deregister it in OnDisable.
Assets/Editor/PocketStrikerSkillUIValidation.cs(58,9): warning UDR0004: Non-static method subscribed to static event in Run is not deregistered. Deregister it in OnDisable.
Assets/Editor/PocketStrikerPreBattleTutorialValidation.cs(62,9): warning UDR0004: Non-static method subscribed to static event in Run is not deregistered. Deregister it in OnDisable.
Assets/Editor/PocketStrikerUIArtValidation.cs(115,9): warning UDR0004: Non-static method subscribed to static event in QueueSnapshot is not deregistered. Deregister it in OnDisable.
Assets/Editor/PocketStrikerUIArtValidation.cs(115,46): warning UDR0004: Non-static method subscribed to static event in QueueSnapshot is not deregistered. Deregister it in OnDisable.
Assets/Editor/PocketStrikerUIArtValidation.cs(115,83): warning UDR0004: Non-static method subscribed to static event in QueueSnapshot is not deregistered. Deregister it in OnDisable.
Assets/Editor/PocketStrikerUIArtValidation.cs(293,9): warning UDR0001: No method with RuntimeInitializeOnLoadMethod attribute
Assets/Editor/PocketStrikerUIArtValidation.cs(295,9): warning UDR0001: No method with RuntimeInitializeOnLoadMethod attribute
Assets/Editor/PocketStrikerUIInterruptionValidation.cs(143,47): warning UDR0001: No method with RuntimeInitializeOnLoadMethod attribute
Assets/Editor/PocketStrikerUIInterruptionValidation.cs(152,43): warning UDR0001: No method with RuntimeInitializeOnLoadMethod attribute
Assets/Editor/PocketStrikerUIInterruptionValidation.cs(176,9): warning UDR0001: No method with RuntimeInitializeOnLoadMethod attribute
Assets/Editor/PocketStrikerTutorialPlaymodeSmoke.cs(78,57): warning UDR0001: No method with RuntimeInitializeOnLoadMethod attribute
Assets/Editor/PocketStrikerTutorialPlaymodeSmoke.cs(79,43): warning UDR0001: No method with RuntimeInitializeOnLoadMethod attribute
Assets/Editor/PocketStrikerValidation.cs(255,9): warning UDR0001: No method with RuntimeInitializeOnLoadMethod attribute
Assets/Tank & Healer Studio/Ultimate Joystick/Editor/UltimateJoystickReadmeEditor.cs(426,3): warning UDR0001: No method with RuntimeInitializeOnLoadMethod attribute
Assets/Editor/PocketStrikerValidation.cs(257,9): warning UDR0001: No method with RuntimeInitializeOnLoadMethod attribute
Assets/Tank & Healer Studio/Ultimate Joystick/Editor/UltimateJoystickReadmeEditor.cs(504,3): warning UDR0004: Non-static method subscribed to static event in OnEnable is not deregistered. Deregister it in OnDisable.
Assets/Editor/PocketStrikerTutorialPlaymodeSmoke.cs(80,54): warning UDR0001: No method with RuntimeInitializeOnLoadMethod attribute
Assets/Editor/PocketStrikerValidation.cs(539,9): warning UDR0004: Non-static method subscribed to static event in BuildLocalPlayer is not deregistered. Deregister it in OnDisable.
Assets/Tank & Healer Studio/Ultimate Joystick/Editor/UltimateJoystickEditor.cs(157,3): warning UDR0004: Non-static method subscribed to static event in OnEnable is not deregistered. Deregister it in OnDisable.
Assets/UltimateCircularHealthBar/Editor/HelpEditorWindow.cs(13,13): warning UDR0001: No method with RuntimeInitializeOnLoadMethod attribute
Assets/UltimateCircularHealthBar/Editor/HelpEditorWindow.cs(14,13): warning UDR0001: No method with RuntimeInitializeOnLoadMethod attribute
Assets/Editor/PocketStrikerUILiveReview.StoreCapture.cs(83,9): warning UDR0001: No method with RuntimeInitializeOnLoadMethod attribute
Assets/Editor/PocketStrikerUILiveReview.StoreCapture.cs(387,9): warning UDR0001: No method with RuntimeInitializeOnLoadMethod attribute
Assets/Editor/PocketStrikerValidation.cs(82,9): warning UDR0001: No method with RuntimeInitializeOnLoadMethod attribute
Assets/Editor/PocketStrikerValidation.cs(83,9): warning UDR0001: No method with RuntimeInitializeOnLoadMethod attribute
Assets/Editor/PocketStrikerUILiveReview.StoreVideoRecorder.cs(89,9): warning UDR0001: No method with RuntimeInitializeOnLoadMethod attribute
Assets/Editor/PocketStrikerUILiveReview.StoreVideoRecorder.cs(91,9): warning UDR0001: No method with RuntimeInitializeOnLoadMethod attribute
Assets/Editor/PocketStrikerUILiveReview.StoreVideoRecorder.cs(93,9): warning UDR0001: No method with RuntimeInitializeOnLoadMethod attribute
Assets/Editor/PocketStrikerUILiveReview.StoreVideoRecorder.cs(340,13): warning UDR0001: No method with RuntimeInitializeOnLoadMethod attribute
Assets/Editor/PocketStrikerUILiveReview.cs(101,9): warning UDR0001: No method with RuntimeInitializeOnLoadMethod attribute
Assets/Editor/PocketStrikerUILiveReview.cs(155,9): warning UDR0001: No method with RuntimeInitializeOnLoadMethod attribute
Assets/Editor/PocketStrikerUILiveReview.cs(157,9): warning UDR0001: No method with RuntimeInitializeOnLoadMethod attribute

Assets/AppCenter/Editor/AppCenterBehaviorEditorAdvanced.cs(31,24): warning CS0618: 'Object.FindObjectsOfType<T>()' is obsolete: 'Object.FindObjectsOfType has been deprecated. Use Object.FindObjectsByType instead which lets you decide whether you need the results sorted or not.  FindObjectsOfType sorts the results by InstanceID but if you do not need this using FindObjectSortMode.None is considerably faster.'
Assets/AppCenter/Editor/AppCenterPostBuild.cs(42,17): warning CS0618: 'PlayerSettings.GetScriptingBackend(BuildTargetGroup)' is obsolete: 'Use GetScriptingBackend(NamedBuildTarget buildTarget) instead'
Assets/App/Editor/Build/BuildClient.cs(412,6): warning CS0618: 'PlayerSettings.SetApplicationIdentifier(BuildTargetGroup, string)' is obsolete: 'Use SetApplicationIdentifier(NamedBuildTarget buildTarget, string identifier) instead'
Assets/App/Editor/Build/BuildClient.cs(1027,28): warning CS0618: 'PlayerSettings.GetApplicationIdentifier(BuildTargetGroup)' is obsolete: 'Use GetApplicationIdentifier(NamedBuildTarget buildTarget) instead'
Assets/Editor/PocketStrikerCombatFlowSmoke.cs(191,77): warning CS0618: 'FindObjectsSortMode' is obsolete: 'FindObjectsSortMode has been deprecated. Use the FindObjectsByType overloads that do not take a FindObjectsSortMode parameter.'
Assets/Editor/PocketStrikerCombatFlowSmoke.cs(191,22): warning CS0618: 'Object.FindObjectsByType<T>(FindObjectsSortMode)' is obsolete: 'FindObjectsByType with FindObjectsSortMode parameter has been deprecated. Use FindObjectsByType<T>() or FindObjectsByType<T>(FindObjectsInactive) instead. InstanceID will be replaced in the future with EntityId and previous sort order cannot be maintained.'
Assets/Editor/PocketStrikerDownloadCacheValidation.cs(182,120): warning CS0618: 'FindObjectsSortMode' is obsolete: 'FindObjectsSortMode has been deprecated. Use the FindObjectsByType overloads that do not take a FindObjectsSortMode parameter.'
Assets/Editor/PocketStrikerDownloadCacheValidation.cs(182,33): warning CS0618: 'Object.FindObjectsByType<T>(FindObjectsInactive, FindObjectsSortMode)' is obsolete: 'FindObjectsByType with FindObjectsSortMode parameter has been deprecated. Use FindObjectsByType<T>() or FindObjectsByType<T>(FindObjectsInactive) instead. InstanceID will be replaced in the future with EntityId and previous sort order cannot be maintained.'
Assets/Editor/PocketStrikerDownloadCacheValidation.cs(183,114): warning CS0618: 'FindObjectsSortMode' is obsolete: 'FindObjectsSortMode has been deprecated. Use the FindObjectsByType overloads that do not take a FindObjectsSortMode parameter.'
Assets/Editor/PocketStrikerDownloadCacheValidation.cs(183,29): warning CS0618: 'Object.FindObjectsByType<T>(FindObjectsInactive, FindObjectsSortMode)' is obsolete: 'FindObjectsByType with FindObjectsSortMode parameter has been deprecated. Use FindObjectsByType<T>() or FindObjectsByType<T>(FindObjectsInactive) instead. InstanceID will be replaced in the future with EntityId and previous sort order cannot be maintained.'
Assets/Editor/PocketStrikerDownloadCacheValidation.cs(184,107): warning CS0618: 'FindObjectsSortMode' is obsolete: 'FindObjectsSortMode has been deprecated. Use the FindObjectsByType overloads that do not take a FindObjectsSortMode parameter.'
Assets/Editor/PocketStrikerDownloadCacheValidation.cs(184,29): warning CS0618: 'Object.FindObjectsByType<T>(FindObjectsInactive, FindObjectsSortMode)' is obsolete: 'FindObjectsByType with FindObjectsSortMode parameter has been deprecated. Use FindObjectsByType<T>() or FindObjectsByType<T>(FindObjectsInactive) instead. InstanceID will be replaced in the future with EntityId and previous sort order cannot be maintained.'
Assets/Editor/PocketStrikerDownloadCacheValidation.cs(186,111): warning CS0618: 'FindObjectsSortMode' is obsolete: 'FindObjectsSortMode has been deprecated. Use the FindObjectsByType overloads that do not take a FindObjectsSortMode parameter.'
Assets/Editor/PocketStrikerDownloadCacheValidation.cs(186,29): warning CS0618: 'Object.FindObjectsByType<T>(FindObjectsInactive, FindObjectsSortMode)' is obsolete: 'FindObjectsByType with FindObjectsSortMode parameter has been deprecated. Use FindObjectsByType<T>() or FindObjectsByType<T>(FindObjectsInactive) instead. InstanceID will be replaced in the future with EntityId and previous sort order cannot be maintained.'
Assets/Editor/PocketStrikerDownloadCacheValidation.cs(187,114): warning CS0618: 'FindObjectsSortMode' is obsolete: 'FindObjectsSortMode has been deprecated. Use the FindObjectsByType overloads that do not take a FindObjectsSortMode parameter.'
Assets/Editor/PocketStrikerDownloadCacheValidation.cs(187,31): warning CS0618: 'Object.FindObjectsByType<T>(FindObjectsInactive, FindObjectsSortMode)' is obsolete: 'FindObjectsByType with FindObjectsSortMode parameter has been deprecated. Use FindObjectsByType<T>() or FindObjectsByType<T>(FindObjectsInactive) instead. InstanceID will be replaced in the future with EntityId and previous sort order cannot be maintained.'
Assets/Editor/PocketStrikerCombatFlowSmoke.cs(498,34): warning CS0618: 'Object.FindFirstObjectByType<T>()' is obsolete: 'FindFirstObjectByType has been deprecated because it relies on instance ID ordering. Use FindAnyObjectByType instead, which does not depend on ordering.'
Assets/Editor/PocketStrikerCombatFlowSmoke.cs(548,59): warning CS0618: 'Object.FindFirstObjectByType<T>()' is obsolete: 'FindFirstObjectByType has been deprecated because it relies on instance ID ordering. Use FindAnyObjectByType instead, which does not depend on ordering.'
Assets/Editor/PocketStrikerCombatFlowSmoke.cs(549,23): warning CS0618: 'Object.FindFirstObjectByType<T>()' is obsolete: 'FindFirstObjectByType has been deprecated because it relies on instance ID ordering. Use FindAnyObjectByType instead, which does not depend on ordering.'
Assets/Editor/PocketStrikerGachaRecoveryValidation.cs(179,96): warning CS0618: 'FindObjectsSortMode' is obsolete: 'FindObjectsSortMode has been deprecated. Use the FindObjectsByType overloads that do not take a FindObjectsSortMode parameter.'
Assets/Editor/PocketStrikerGachaRecoveryValidation.cs(179,21): warning CS0618: 'Object.FindObjectsByType<T>(FindObjectsInactive, FindObjectsSortMode)' is obsolete: 'FindObjectsByType with FindObjectsSortMode parameter has been deprecated. Use FindObjectsByType<T>() or FindObjectsByType<T>(FindObjectsInactive) instead. InstanceID will be replaced in the future with EntityId and previous sort order cannot be maintained.'
Assets/Editor/PocketStrikerLoadingReviewValidation.cs(170,120): warning CS0618: 'FindObjectsSortMode' is obsolete: 'FindObjectsSortMode has been deprecated. Use the FindObjectsByType overloads that do not take a FindObjectsSortMode parameter.'
Assets/Editor/PocketStrikerLoadingReviewValidation.cs(170,33): warning CS0618: 'Object.FindObjectsByType<T>(FindObjectsInactive, FindObjectsSortMode)' is obsolete: 'FindObjectsByType with FindObjectsSortMode parameter has been deprecated. Use FindObjectsByType<T>() or FindObjectsByType<T>(FindObjectsInactive) instead. InstanceID will be replaced in the future with EntityId and previous sort order cannot be maintained.'
Assets/Editor/PocketStrikerLoadingReviewValidation.cs(171,105): warning CS0618: 'FindObjectsSortMode' is obsolete: 'FindObjectsSortMode has been deprecated. Use the FindObjectsByType overloads that do not take a FindObjectsSortMode parameter.'
Assets/Editor/PocketStrikerLoadingReviewValidation.cs(171,29): warning CS0618: 'Object.FindObjectsByType<T>(FindObjectsInactive, FindObjectsSortMode)' is obsolete: 'FindObjectsByType with FindObjectsSortMode parameter has been deprecated. Use FindObjectsByType<T>() or FindObjectsByType<T>(FindObjectsInactive) instead. InstanceID will be replaced in the future with EntityId and previous sort order cannot be maintained.'
Assets/Editor/PocketStrikerLoadingReviewValidation.cs(172,107): warning CS0618: 'FindObjectsSortMode' is obsolete: 'FindObjectsSortMode has been deprecated. Use the FindObjectsByType overloads that do not take a FindObjectsSortMode parameter.'
Assets/Editor/PocketStrikerLoadingReviewValidation.cs(172,29): warning CS0618: 'Object.FindObjectsByType<T>(FindObjectsInactive, FindObjectsSortMode)' is obsolete: 'FindObjectsByType with FindObjectsSortMode parameter has been deprecated. Use FindObjectsByType<T>() or FindObjectsByType<T>(FindObjectsInactive) instead. InstanceID will be replaced in the future with EntityId and previous sort order cannot be maintained.'
Assets/Editor/PocketStrikerLoadingReviewValidation.cs(178,111): warning CS0618: 'FindObjectsSortMode' is obsolete: 'FindObjectsSortMode has been deprecated. Use the FindObjectsByType overloads that do not take a FindObjectsSortMode parameter.'
Assets/Editor/PocketStrikerLoadingReviewValidation.cs(178,29): warning CS0618: 'Object.FindObjectsByType<T>(FindObjectsInactive, FindObjectsSortMode)' is obsolete: 'FindObjectsByType with FindObjectsSortMode parameter has been deprecated. Use FindObjectsByType<T>() or FindObjectsByType<T>(FindObjectsInactive) instead. InstanceID will be replaced in the future with EntityId and previous sort order cannot be maintained.'
Assets/Editor/PocketStrikerLoadingReviewValidation.cs(185,115): warning CS0618: 'FindObjectsSortMode' is obsolete: 'FindObjectsSortMode has been deprecated. Use the FindObjectsByType overloads that do not take a FindObjectsSortMode parameter.'
Assets/Editor/PocketStrikerLoadingReviewValidation.cs(185,32): warning CS0618: 'Object.FindObjectsByType<T>(FindObjectsInactive, FindObjectsSortMode)' is obsolete: 'FindObjectsByType with FindObjectsSortMode parameter has been deprecated. Use FindObjectsByType<T>() or FindObjectsByType<T>(FindObjectsInactive) instead. InstanceID will be replaced in the future with EntityId and previous sort order cannot be maintained.'
Assets/Editor/PocketStrikerMenuBackgroundValidation.cs(271,105): warning CS0618: 'FindObjectsSortMode' is obsolete: 'FindObjectsSortMode has been deprecated. Use the FindObjectsByType overloads that do not take a FindObjectsSortMode parameter.'
Assets/Editor/PocketStrikerMenuBackgroundValidation.cs(271,29): warning CS0618: 'Object.FindObjectsByType<T>(FindObjectsInactive, FindObjectsSortMode)' is obsolete: 'FindObjectsByType with FindObjectsSortMode parameter has been deprecated. Use FindObjectsByType<T>() or FindObjectsByType<T>(FindObjectsInactive) instead. InstanceID will be replaced in the future with EntityId and previous sort order cannot be maintained.'
Assets/Editor/PocketStrikerMenuBackgroundValidation.cs(272,120): warning CS0618: 'FindObjectsSortMode' is obsolete: 'FindObjectsSortMode has been deprecated. Use the FindObjectsByType overloads that do not take a FindObjectsSortMode parameter.'
Assets/Editor/PocketStrikerMenuBackgroundValidation.cs(272,33): warning CS0618: 'Object.FindObjectsByType<T>(FindObjectsInactive, FindObjectsSortMode)' is obsolete: 'FindObjectsByType with FindObjectsSortMode parameter has been deprecated. Use FindObjectsByType<T>() or FindObjectsByType<T>(FindObjectsInactive) instead. InstanceID will be replaced in the future with EntityId and previous sort order cannot be maintained.'
Assets/Editor/PocketStrikerMenuBackgroundValidation.cs(273,108): warning CS0618: 'FindObjectsSortMode' is obsolete: 'FindObjectsSortMode has been deprecated. Use the FindObjectsByType overloads that do not take a FindObjectsSortMode parameter.'
Assets/Editor/PocketStrikerMenuBackgroundValidation.cs(273,30): warning CS0618: 'Object.FindObjectsByType<T>(FindObjectsInactive, FindObjectsSortMode)' is obsolete: 'FindObjectsByType with FindObjectsSortMode parameter has been deprecated. Use FindObjectsByType<T>() or FindObjectsByType<T>(FindObjectsInactive) instead. InstanceID will be replaced in the future with EntityId and previous sort order cannot be maintained.'
Assets/Editor/PocketStrikerMenuBackgroundValidation.cs(279,111): warning CS0618: 'FindObjectsSortMode' is obsolete: 'FindObjectsSortMode has been deprecated. Use the FindObjectsByType overloads that do not take a FindObjectsSortMode parameter.'
Assets/Editor/PocketStrikerMenuBackgroundValidation.cs(279,29): warning CS0618: 'Object.FindObjectsByType<T>(FindObjectsInactive, FindObjectsSortMode)' is obsolete: 'FindObjectsByType with FindObjectsSortMode parameter has been deprecated. Use FindObjectsByType<T>() or FindObjectsByType<T>(FindObjectsInactive) instead. InstanceID will be replaced in the future with EntityId and previous sort order cannot be maintained.'
Assets/Editor/PocketStrikerMenuBackgroundValidation.cs(284,114): warning CS0618: 'FindObjectsSortMode' is obsolete: 'FindObjectsSortMode has been deprecated. Use the FindObjectsByType overloads that do not take a FindObjectsSortMode parameter.'
Assets/Editor/PocketStrikerMenuBackgroundValidation.cs(284,31): warning CS0618: 'Object.FindObjectsByType<T>(FindObjectsInactive, FindObjectsSortMode)' is obsolete: 'FindObjectsByType with FindObjectsSortMode parameter has been deprecated. Use FindObjectsByType<T>() or FindObjectsByType<T>(FindObjectsInactive) instead. InstanceID will be replaced in the future with EntityId and previous sort order cannot be maintained.'
Assets/Editor/PocketStrikerMenuBackgroundValidation.cs(288,119): warning CS0618: 'FindObjectsSortMode' is obsolete: 'FindObjectsSortMode has been deprecated. Use the FindObjectsByType overloads that do not take a FindObjectsSortMode parameter.'
Assets/Editor/PocketStrikerMenuBackgroundValidation.cs(288,36): warning CS0618: 'Object.FindObjectsByType<T>(FindObjectsInactive, FindObjectsSortMode)' is obsolete: 'FindObjectsByType with FindObjectsSortMode parameter has been deprecated. Use FindObjectsByType<T>() or FindObjectsByType<T>(FindObjectsInactive) instead. InstanceID will be replaced in the future with EntityId and previous sort order cannot be maintained.'
Assets/Editor/PocketStrikerLoginArtSmoke.cs(179,120): warning CS0618: 'FindObjectsSortMode' is obsolete: 'FindObjectsSortMode has been deprecated. Use the FindObjectsByType overloads that do not take a FindObjectsSortMode parameter.'
Assets/Editor/PocketStrikerLoginArtSmoke.cs(179,43): warning CS0618: 'Object.FindObjectsByType<T>(FindObjectsInactive, FindObjectsSortMode)' is obsolete: 'FindObjectsByType with FindObjectsSortMode parameter has been deprecated. Use FindObjectsByType<T>() or FindObjectsByType<T>(FindObjectsInactive) instead. InstanceID will be replaced in the future with EntityId and previous sort order cannot be maintained.'
Assets/Editor/PocketStrikerCombatFlowSmoke.cs(645,20): warning CS0618: 'Object.FindFirstObjectByType<T>()' is obsolete: 'FindFirstObjectByType has been deprecated because it relies on instance ID ordering. Use FindAnyObjectByType instead, which does not depend on ordering.'
Assets/Editor/PocketStrikerCombatFlowSmoke.cs(669,25): warning CS0618: 'Object.FindFirstObjectByType<T>()' is obsolete: 'FindFirstObjectByType has been deprecated because it relies on instance ID ordering. Use FindAnyObjectByType instead, which does not depend on ordering.'
Assets/Editor/PocketStrikerCombatFlowSmoke.cs(681,23): warning CS0618: 'Object.FindFirstObjectByType<T>()' is obsolete: 'FindFirstObjectByType has been deprecated because it relies on instance ID ordering. Use FindAnyObjectByType instead, which does not depend on ordering.'
Assets/Editor/PocketStrikerCombatFlowSmoke.cs(930,76): warning CS0618: 'FindObjectsSortMode' is obsolete: 'FindObjectsSortMode has been deprecated. Use the FindObjectsByType overloads that do not take a FindObjectsSortMode parameter.'
Assets/Editor/PocketStrikerCombatFlowSmoke.cs(929,56): warning CS0618: 'Object.FindObjectsByType<T>(FindObjectsInactive, FindObjectsSortMode)' is obsolete: 'FindObjectsByType with FindObjectsSortMode parameter has been deprecated. Use FindObjectsByType<T>() or FindObjectsByType<T>(FindObjectsInactive) instead. InstanceID will be replaced in the future with EntityId and previous sort order cannot be maintained.'
Assets/Editor/PocketStrikerCombatFlowSmoke.cs(955,30): warning CS0618: 'Object.FindFirstObjectByType<T>()' is obsolete: 'FindFirstObjectByType has been deprecated because it relies on instance ID ordering. Use FindAnyObjectByType instead, which does not depend on ordering.'
Assets/Editor/PocketStrikerBattleCameraSmoke.cs(167,76): warning CS0618: 'FindObjectsSortMode' is obsolete: 'FindObjectsSortMode has been deprecated. Use the FindObjectsByType overloads that do not take a FindObjectsSortMode parameter.'
Assets/Editor/PocketStrikerBattleCameraSmoke.cs(167,21): warning CS0618: 'Object.FindObjectsByType<T>(FindObjectsSortMode)' is obsolete: 'FindObjectsByType with FindObjectsSortMode parameter has been deprecated. Use FindObjectsByType<T>() or FindObjectsByType<T>(FindObjectsInactive) instead. InstanceID will be replaced in the future with EntityId and previous sort order cannot be maintained.'
Assets/Editor/PocketStrikerMenuBackgroundValidation.cs(355,99): warning CS0618: 'FindObjectsSortMode' is obsolete: 'FindObjectsSortMode has been deprecated. Use the FindObjectsByType overloads that do not take a FindObjectsSortMode parameter.'
Assets/Editor/PocketStrikerMenuBackgroundValidation.cs(355,21): warning CS0618: 'Object.FindObjectsByType<T>(FindObjectsInactive, FindObjectsSortMode)' is obsolete: 'FindObjectsByType with FindObjectsSortMode parameter has been deprecated. Use FindObjectsByType<T>() or FindObjectsByType<T>(FindObjectsInactive) instead. InstanceID will be replaced in the future with EntityId and previous sort order cannot be maintained.'
Assets/Editor/PocketStrikerLoadingReviewValidation.cs(610,125): warning CS0618: 'FindObjectsSortMode' is obsolete: 'FindObjectsSortMode has been deprecated. Use the FindObjectsByType overloads that do not take a FindObjectsSortMode parameter.'
Assets/Editor/PocketStrikerLoadingReviewValidation.cs(610,38): warning CS0618: 'Object.FindObjectsByType<T>(FindObjectsInactive, FindObjectsSortMode)' is obsolete: 'FindObjectsByType with FindObjectsSortMode parameter has been deprecated. Use FindObjectsByType<T>() or FindObjectsByType<T>(FindObjectsInactive) instead. InstanceID will be replaced in the future with EntityId and previous sort order cannot be maintained.'
Assets/Editor/PocketStrikerLoadingReviewValidation.cs(611,115): warning CS0618: 'FindObjectsSortMode' is obsolete: 'FindObjectsSortMode has been deprecated. Use the FindObjectsByType overloads that do not take a FindObjectsSortMode parameter.'
Assets/Editor/PocketStrikerLoadingReviewValidation.cs(611,39): warning CS0618: 'Object.FindObjectsByType<T>(FindObjectsInactive, FindObjectsSortMode)' is obsolete: 'FindObjectsByType with FindObjectsSortMode parameter has been deprecated. Use FindObjectsByType<T>() or FindObjectsByType<T>(FindObjectsInactive) instead. InstanceID will be replaced in the future with EntityId and previous sort order cannot be maintained.'
Assets/Editor/PocketStrikerLoadingReviewValidation.cs(612,111): warning CS0618: 'FindObjectsSortMode' is obsolete: 'FindObjectsSortMode has been deprecated. Use the FindObjectsByType overloads that do not take a FindObjectsSortMode parameter.'
Assets/Editor/PocketStrikerLoadingReviewValidation.cs(612,33): warning CS0618: 'Object.FindObjectsByType<T>(FindObjectsInactive, FindObjectsSortMode)' is obsolete: 'FindObjectsByType with FindObjectsSortMode parameter has been deprecated. Use FindObjectsByType<T>() or FindObjectsByType<T>(FindObjectsInactive) instead. InstanceID will be replaced in the future with EntityId and previous sort order cannot be maintained.'
Assets/Editor/PocketStrikerLoadingReviewValidation.cs(613,115): warning CS0618: 'FindObjectsSortMode' is obsolete: 'FindObjectsSortMode has been deprecated. Use the FindObjectsByType overloads that do not take a FindObjectsSortMode parameter.'
Assets/Editor/PocketStrikerLoadingReviewValidation.cs(613,33): warning CS0618: 'Object.FindObjectsByType<T>(FindObjectsInactive, FindObjectsSortMode)' is obsolete: 'FindObjectsByType with FindObjectsSortMode parameter has been deprecated. Use FindObjectsByType<T>() or FindObjectsByType<T>(FindObjectsInactive) instead. InstanceID will be replaced in the future with EntityId and previous sort order cannot be maintained.'
Assets/Editor/PocketStrikerRenderingValidation.cs(59,74): warning CS0618: 'FindObjectsSortMode' is obsolete: 'FindObjectsSortMode has been deprecated. Use the FindObjectsByType overloads that do not take a FindObjectsSortMode parameter.'
Assets/Editor/PocketStrikerRenderingValidation.cs(59,24): warning CS0618: 'Object.FindObjectsByType<T>(FindObjectsSortMode)' is obsolete: 'FindObjectsByType with FindObjectsSortMode parameter has been deprecated. Use FindObjectsByType<T>() or FindObjectsByType<T>(FindObjectsInactive) instead. InstanceID will be replaced in the future with EntityId and previous sort order cannot be maintained.'
Assets/Editor/PocketStrikerRenderingValidation.cs(116,27): warning CS0618: 'Object.FindFirstObjectByType<T>()' is obsolete: 'FindFirstObjectByType has been deprecated because it relies on instance ID ordering. Use FindAnyObjectByType instead, which does not depend on ordering.'
Assets/Editor/PocketStrikerLoadingReviewValidation.cs(638,126): warning CS0618: 'FindObjectsSortMode' is obsolete: 'FindObjectsSortMode has been deprecated. Use the FindObjectsByType overloads that do not take a FindObjectsSortMode parameter.'
Assets/Editor/PocketStrikerLoadingReviewValidation.cs(638,39): warning CS0618: 'Object.FindObjectsByType<T>(FindObjectsInactive, FindObjectsSortMode)' is obsolete: 'FindObjectsByType with FindObjectsSortMode parameter has been deprecated. Use FindObjectsByType<T>() or FindObjectsByType<T>(FindObjectsInactive) instead. InstanceID will be replaced in the future with EntityId and previous sort order cannot be maintained.'
Assets/Editor/PocketStrikerLoadingReviewValidation.cs(639,88): warning CS0618: 'FindObjectsSortMode' is obsolete: 'FindObjectsSortMode has been deprecated. Use the FindObjectsByType overloads that do not take a FindObjectsSortMode parameter.'
Assets/Editor/PocketStrikerLoadingReviewValidation.cs(639,12): warning CS0618: 'Object.FindObjectsByType<T>(FindObjectsInactive, FindObjectsSortMode)' is obsolete: 'FindObjectsByType with FindObjectsSortMode parameter has been deprecated. Use FindObjectsByType<T>() or FindObjectsByType<T>(FindObjectsInactive) instead. InstanceID will be replaced in the future with EntityId and previous sort order cannot be maintained.'
Assets/Editor/PocketStrikerLoadingReviewValidation.cs(640,90): warning CS0618: 'FindObjectsSortMode' is obsolete: 'FindObjectsSortMode has been deprecated. Use the FindObjectsByType overloads that do not take a FindObjectsSortMode parameter.'
Assets/Editor/PocketStrikerLoadingReviewValidation.cs(640,12): warning CS0618: 'Object.FindObjectsByType<T>(FindObjectsInactive, FindObjectsSortMode)' is obsolete: 'FindObjectsByType with FindObjectsSortMode parameter has been deprecated. Use FindObjectsByType<T>() or FindObjectsByType<T>(FindObjectsInactive) instead. InstanceID will be replaced in the future with EntityId and previous sort order cannot be maintained.'
Assets/Editor/PocketStrikerLoadingReviewValidation.cs(641,94): warning CS0618: 'FindObjectsSortMode' is obsolete: 'FindObjectsSortMode has been deprecated. Use the FindObjectsByType overloads that do not take a FindObjectsSortMode parameter.'
Assets/Editor/PocketStrikerLoadingReviewValidation.cs(641,12): warning CS0618: 'Object.FindObjectsByType<T>(FindObjectsInactive, FindObjectsSortMode)' is obsolete: 'FindObjectsByType with FindObjectsSortMode parameter has been deprecated. Use FindObjectsByType<T>() or FindObjectsByType<T>(FindObjectsInactive) instead. InstanceID will be replaced in the future with EntityId and previous sort order cannot be maintained.'
Assets/Editor/PocketStrikerBattleCameraSmoke.cs(703,42): warning CS0618: 'Object.FindFirstObjectByType<T>()' is obsolete: 'FindFirstObjectByType has been deprecated because it relies on instance ID ordering. Use FindAnyObjectByType instead, which does not depend on ordering.'
Assets/Editor/PocketStrikerReturnValidation.cs(327,111): warning CS0618: 'FindObjectsSortMode' is obsolete: 'FindObjectsSortMode has been deprecated. Use the FindObjectsByType overloads that do not take a FindObjectsSortMode parameter.'
Assets/Editor/PocketStrikerReturnValidation.cs(327,32): warning CS0618: 'Object.FindObjectsByType<T>(FindObjectsInactive, FindObjectsSortMode)' is obsolete: 'FindObjectsByType with FindObjectsSortMode parameter has been deprecated. Use FindObjectsByType<T>() or FindObjectsByType<T>(FindObjectsInactive) instead. InstanceID will be replaced in the future with EntityId and previous sort order cannot be maintained.'
Assets/Editor/PocketStrikerReturnValidation.cs(328,110): warning CS0618: 'FindObjectsSortMode' is obsolete: 'FindObjectsSortMode has been deprecated. Use the FindObjectsByType overloads that do not take a FindObjectsSortMode parameter.'
Assets/Editor/PocketStrikerReturnValidation.cs(328,31): warning CS0618: 'Object.FindObjectsByType<T>(FindObjectsInactive, FindObjectsSortMode)' is obsolete: 'FindObjectsByType with FindObjectsSortMode parameter has been deprecated. Use FindObjectsByType<T>() or FindObjectsByType<T>(FindObjectsInactive) instead. InstanceID will be replaced in the future with EntityId and previous sort order cannot be maintained.'
Assets/Editor/PocketStrikerTutorialPlaymodeSmoke.cs(106,77): warning CS0618: 'FindObjectsSortMode' is obsolete: 'FindObjectsSortMode has been deprecated. Use the FindObjectsByType overloads that do not take a FindObjectsSortMode parameter.'
Assets/Editor/PocketStrikerTutorialPlaymodeSmoke.cs(106,22): warning CS0618: 'Object.FindObjectsByType<T>(FindObjectsSortMode)' is obsolete: 'FindObjectsByType with FindObjectsSortMode parameter has been deprecated. Use FindObjectsByType<T>() or FindObjectsByType<T>(FindObjectsInactive) instead. InstanceID will be replaced in the future with EntityId and previous sort order cannot be maintained.'
Assets/Editor/PocketStrikerMenuBackgroundValidation.cs(813,95): warning CS0618: 'FindObjectsSortMode' is obsolete: 'FindObjectsSortMode has been deprecated. Use the FindObjectsByType overloads that do not take a FindObjectsSortMode parameter.'
Assets/Editor/PocketStrikerMenuBackgroundValidation.cs(813,17): warning CS0618: 'Object.FindObjectsByType<T>(FindObjectsInactive, FindObjectsSortMode)' is obsolete: 'FindObjectsByType with FindObjectsSortMode parameter has been deprecated. Use FindObjectsByType<T>() or FindObjectsByType<T>(FindObjectsInactive) instead. InstanceID will be replaced in the future with EntityId and previous sort order cannot be maintained.'
Assets/Editor/PocketStrikerTutorialPlaymodeSmoke.cs(148,20): warning CS0618: 'Object.FindFirstObjectByType<T>()' is obsolete: 'FindFirstObjectByType has been deprecated because it relies on instance ID ordering. Use FindAnyObjectByType instead, which does not depend on ordering.'
Assets/Editor/PocketStrikerTutorialPlaymodeSmoke.cs(150,25): warning CS0618: 'Object.FindFirstObjectByType<T>()' is obsolete: 'FindFirstObjectByType has been deprecated because it relies on instance ID ordering. Use FindAnyObjectByType instead, which does not depend on ordering.'
Assets/Editor/PocketStrikerTutorialPlaymodeSmoke.cs(300,90): warning CS0618: 'FindObjectsSortMode' is obsolete: 'FindObjectsSortMode has been deprecated. Use the FindObjectsByType overloads that do not take a FindObjectsSortMode parameter.'
Assets/Editor/PocketStrikerTutorialPlaymodeSmoke.cs(300,50): warning CS0618: 'Object.FindObjectsByType<T>(FindObjectsSortMode)' is obsolete: 'FindObjectsByType with FindObjectsSortMode parameter has been deprecated. Use FindObjectsByType<T>() or FindObjectsByType<T>(FindObjectsInactive) instead. InstanceID will be replaced in the future with EntityId and previous sort order cannot be maintained.'
Assets/Editor/PocketStrikerUILiveReview.DynamicSkills.cs(134,87): warning CS0618: 'FindObjectsSortMode' is obsolete: 'FindObjectsSortMode has been deprecated. Use the FindObjectsByType overloads that do not take a FindObjectsSortMode parameter.'
Assets/Editor/PocketStrikerUILiveReview.DynamicSkills.cs(134,18): warning CS0618: 'Object.FindObjectsByType<T>(FindObjectsInactive, FindObjectsSortMode)' is obsolete: 'FindObjectsByType with FindObjectsSortMode parameter has been deprecated. Use FindObjectsByType<T>() or FindObjectsByType<T>(FindObjectsInactive) instead. InstanceID will be replaced in the future with EntityId and previous sort order cannot be maintained.'
Assets/Editor/PocketStrikerValidation.cs(188,25): warning CS0618: 'Object.FindFirstObjectByType<T>()' is obsolete: 'FindFirstObjectByType has been deprecated because it relies on instance ID ordering. Use FindAnyObjectByType instead, which does not depend on ordering.'
Assets/Editor/PocketStrikerValidation.cs(202,69): warning CS0618: 'FindObjectsSortMode' is obsolete: 'FindObjectsSortMode has been deprecated. Use the FindObjectsByType overloads that do not take a FindObjectsSortMode parameter.'
Assets/Editor/PocketStrikerValidation.cs(202,17): warning CS0618: 'Object.FindObjectsByType<T>(FindObjectsSortMode)' is obsolete: 'FindObjectsByType with FindObjectsSortMode parameter has been deprecated. Use FindObjectsByType<T>() or FindObjectsByType<T>(FindObjectsInactive) instead. InstanceID will be replaced in the future with EntityId and previous sort order cannot be maintained.'
Assets/Editor/PocketStrikerUILiveReview.Banners.cs(97,106): warning CS0618: 'FindObjectsSortMode' is obsolete: 'FindObjectsSortMode has been deprecated. Use the FindObjectsByType overloads that do not take a FindObjectsSortMode parameter.'
Assets/Editor/PocketStrikerUILiveReview.Banners.cs(97,50): warning CS0618: 'Object.FindObjectsByType<T>(FindObjectsSortMode)' is obsolete: 'FindObjectsByType with FindObjectsSortMode parameter has been deprecated. Use FindObjectsByType<T>() or FindObjectsByType<T>(FindObjectsInactive) instead. InstanceID will be replaced in the future with EntityId and previous sort order cannot be maintained.'
Assets/Editor/PocketStrikerValidation.cs(360,31): warning CS0618: 'Object.FindFirstObjectByType<T>()' is obsolete: 'FindFirstObjectByType has been deprecated because it relies on instance ID ordering. Use FindAnyObjectByType instead, which does not depend on ordering.'
Assets/Editor/PocketStrikerValidation.cs(457,46): warning CS0618: 'FindObjectsSortMode' is obsolete: 'FindObjectsSortMode has been deprecated. Use the FindObjectsByType overloads that do not take a FindObjectsSortMode parameter.'
Assets/Editor/PocketStrikerValidation.cs(456,50): warning CS0618: 'Object.FindObjectsByType<T>(FindObjectsSortMode)' is obsolete: 'FindObjectsByType with FindObjectsSortMode parameter has been deprecated. Use FindObjectsByType<T>() or FindObjectsByType<T>(FindObjectsInactive) instead. InstanceID will be replaced in the future with EntityId and previous sort order cannot be maintained.'
Assets/Editor/PocketStrikerUILiveReview.Banners.cs(118,90): warning CS0618: 'FindObjectsSortMode' is obsolete: 'FindObjectsSortMode has been deprecated. Use the FindObjectsByType overloads that do not take a FindObjectsSortMode parameter.'
Assets/Editor/PocketStrikerUILiveReview.Banners.cs(118,34): warning CS0618: 'Object.FindObjectsByType<T>(FindObjectsSortMode)' is obsolete: 'FindObjectsByType with FindObjectsSortMode parameter has been deprecated. Use FindObjectsByType<T>() or FindObjectsByType<T>(FindObjectsInactive) instead. InstanceID will be replaced in the future with EntityId and previous sort order cannot be maintained.'
Assets/Editor/PocketStrikerUILiveReview.BattleCapture.cs(41,30): error CS0103: The name 'SessionState' does not exist in the current context
Assets/Editor/PocketStrikerUILiveReview.BattleCapture.cs(42,31): error CS0103: The name 'SessionState' does not exist in the current context
Assets/Editor/PocketStrikerUILiveReview.BattleCapture.cs(53,30): error CS0103: The name 'PreScene' does not exist in the current context
Assets/Editor/PocketStrikerUILiveReview.BattleCapture.cs(53,89): error CS0103: The name 'ProcessesRunner' does not exist in the current context
Assets/Editor/PocketStrikerUILiveReview.BattleCapture.cs(77,39): error CS0103: The name 'MainSceneStep' does not exist in the current context
Assets/Editor/PocketStrikerUILiveReview.BattleCapture.cs(79,31): error CS0103: The name 'MainSceneStep' does not exist in the current context
Assets/Editor/PocketStrikerUILiveReview.BattleCapture.cs(118,47): error CS0103: The name 'MainSceneStep' does not exist in the current context
Assets/Editor/PocketStrikerUILiveReview.BattleCapture.cs(130,35): error CS0103: The name 'MainSceneStep' does not exist in the current context
Assets/Editor/PocketStrikerUILiveReview.DynamicSkills.cs(338,86): warning CS0618: 'FindObjectsSortMode' is obsolete: 'FindObjectsSortMode has been deprecated. Use the FindObjectsByType overloads that do not take a FindObjectsSortMode parameter.'
Assets/Editor/PocketStrikerUILiveReview.DynamicSkills.cs(338,17): warning CS0618: 'Object.FindObjectsByType<T>(FindObjectsInactive, FindObjectsSortMode)' is obsolete: 'FindObjectsByType with FindObjectsSortMode parameter has been deprecated. Use FindObjectsByType<T>() or FindObjectsByType<T>(FindObjectsInactive) instead. InstanceID will be replaced in the future with EntityId and previous sort order cannot be maintained.'
Assets/Editor/PocketStrikerUILiveReview.DynamicSkills.cs(344,96): warning CS0618: 'FindObjectsSortMode' is obsolete: 'FindObjectsSortMode has been deprecated. Use the FindObjectsByType overloads that do not take a FindObjectsSortMode parameter.'
Assets/Editor/PocketStrikerUILiveReview.DynamicSkills.cs(344,27): warning CS0618: 'Object.FindObjectsByType<T>(FindObjectsInactive, FindObjectsSortMode)' is obsolete: 'FindObjectsByType with FindObjectsSortMode parameter has been deprecated. Use FindObjectsByType<T>() or FindObjectsByType<T>(FindObjectsInactive) instead. InstanceID will be replaced in the future with EntityId and previous sort order cannot be maintained.'
Assets/Editor/PocketStrikerUILiveReview.BattleCapture.cs(195,38): error CS0103: The name 'SessionState' does not exist in the current context
Assets/Editor/PocketStrikerUILiveReview.BattleCapture.cs(195,103): error CS0103: The name 'SessionState' does not exist in the current context
Assets/Editor/PocketStrikerUILiveReview.BattleCapture.cs(215,87): error CS0103: The name 'PreScene' does not exist in the current context
Assets/Editor/PocketStrikerUILiveReview.BattleCapture.cs(227,20): error CS0246: The type or namespace name 'SelfFightLayer' could not be found (are you missing a using directive or an assembly reference?)
Assets/Editor/PocketStrikerUILiveReview.BattleCapture.cs(227,36): error CS0103: The name 'MainSceneStep' does not exist in the current context
Assets/Editor/PocketStrikerUILiveReview.BattleCapture.cs(228,26): error CS0246: The type or namespace name 'SelfFightLayer' could not be found (are you missing a using directive or an assembly reference?)
Assets/Editor/PocketStrikerUILiveReview.BattleCapture.cs(229,27): error CS0246: The type or namespace name 'UnitsLayer' could not be found (are you missing a using directive or an assembly reference?)
Assets/Editor/PocketStrikerMenuBackgroundValidation.cs(1447,115): warning CS0618: 'FindObjectsSortMode' is obsolete: 'FindObjectsSortMode has been deprecated. Use the FindObjectsByType overloads that do not take a FindObjectsSortMode parameter.'
Assets/Editor/PocketStrikerMenuBackgroundValidation.cs(1447,46): warning CS0618: 'Object.FindObjectsByType<T>(FindObjectsInactive, FindObjectsSortMode)' is obsolete: 'FindObjectsByType with FindObjectsSortMode parameter has been deprecated. Use FindObjectsByType<T>() or FindObjectsByType<T>(FindObjectsInactive) instead. InstanceID will be replaced in the future with EntityId and previous sort order cannot be maintained.'
Assets/Editor/PocketStrikerMenuBackgroundValidation.cs(1449,121): warning CS0618: 'FindObjectsSortMode' is obsolete: 'FindObjectsSortMode has been deprecated. Use the FindObjectsByType overloads that do not take a FindObjectsSortMode parameter.'
Assets/Editor/PocketStrikerMenuBackgroundValidation.cs(1449,52): warning CS0618: 'Object.FindObjectsByType<T>(FindObjectsInactive, FindObjectsSortMode)' is obsolete: 'FindObjectsByType with FindObjectsSortMode parameter has been deprecated. Use FindObjectsByType<T>() or FindObjectsByType<T>(FindObjectsInactive) instead. InstanceID will be replaced in the future with EntityId and previous sort order cannot be maintained.'
Assets/Editor/PocketStrikerUILiveReview.StoreCapture.cs(139,51): error CS7036: There is no argument given that corresponds to the required parameter 'defaultValue' of 'SessionState.GetFloat(string, float)'
Assets/Editor/PocketStrikerUILiveReview.StoreCapture.cs(140,55): error CS7036: There is no argument given that corresponds to the required parameter 'defaultValue' of 'SessionState.GetFloat(string, float)'
Assets/Editor/PocketStrikerUILiveReview.StoreCapture.cs(141,54): error CS7036: There is no argument given that corresponds to the required parameter 'defaultValue' of 'SessionState.GetBool(string, bool)'
Assets/Editor/PocketStrikerUILiveReview.StoreCapture.cs(142,44): error CS7036: There is no argument given that corresponds to the required parameter 'defaultValue' of 'SessionState.GetBool(string, bool)'
Assets/Editor/PocketStrikerUILiveReview.StoreCapture.cs(143,45): error CS7036: There is no argument given that corresponds to the required parameter 'defaultValue' of 'SessionState.GetFloat(string, float)'
Assets/Tank & Healer Studio/Ultimate Joystick/Editor/UltimateJoystickEditor.cs(1787,17): warning CS0618: 'Object.FindObjectOfType<T>()' is obsolete: 'Object.FindObjectOfType has been deprecated. Use Object.FindAnyObjectByType instead.'
Assets/Tank & Healer Studio/Ultimate Joystick/Editor/UltimateJoystickEditor.cs(1799,24): warning CS0618: 'Object.FindObjectsOfType(Type)' is obsolete: 'Object.FindObjectsOfType has been deprecated. Use Object.FindObjectsByType instead which lets you decide whether you need the results sorted or not.  FindObjectsOfType sorts the results by InstanceID, but if you do not need this using FindObjectSortMode.None is considerably faster.'
Assets/App/Editor/Build/BuildClient.cs(88,23): warning UDR0001: No method with RuntimeInitializeOnLoadMethod attribute
Assets/Editor/PocketStrikerReturnValidation.cs(21,19): warning UDR0001: No method with RuntimeInitializeOnLoadMethod attribute
Assets/Editor/PocketStrikerReturnValidation.cs(22,17): warning UDR0001: No method with RuntimeInitializeOnLoadMethod attribute
Assets/D_Asset/OrangedKeys/TitleFX/Editor/AssetPostImportProcess_TitleFX.cs(10,25): warning UDR0001: No method with RuntimeInitializeOnLoadMethod attribute
Assets/App/Editor/Build/BuildClient.cs(108,36): warning UDR0001: No method with RuntimeInitializeOnLoadMethod attribute
Assets/App/Editor/Build/BuildClient.cs(113,37): warning UDR0001: No method with RuntimeInitializeOnLoadMethod attribute
Assets/D_Asset/OrangedKeys/TitleFX/Editor/TitleFX_Welcome.cs(38,34): warning UDR0001: No method with RuntimeInitializeOnLoadMethod attribute
Assets/D_Asset/OrangedKeys/TitleFX/Editor/TitleFX_Welcome.cs(40,33): warning UDR0001: No method with RuntimeInitializeOnLoadMethod attribute
Assets/D_Asset/OrangedKeys/TitleFX/Editor/TitleFX_Welcome.cs(62,33): warning UDR0001: No method with RuntimeInitializeOnLoadMethod attribute
Assets/D_Asset/OrangedKeys/TitleFX/Editor/TitleFX_Welcome.cs(83,33): warning UDR0001: No method with RuntimeInitializeOnLoadMethod attribute
Assets/D_Asset/OrangedKeys/TitleFX/Editor/Title_fx_GUI.cs(19,23): warning UDR0001: No method with RuntimeInitializeOnLoadMethod attribute
Assets/D_Asset/OrangedKeys/TitleFX/Editor/Title_fx_GUI_V2.cs(19,23): warning UDR0001: No method with RuntimeInitializeOnLoadMethod attribute
Assets/Editor/PocketStrikerSettingsInteractionValidation.cs(19,17): warning UDR0001: No method with RuntimeInitializeOnLoadMethod attribute
Assets/Editor/PocketStrikerTutorialPlaymodeSmoke.cs(26,17): warning UDR0001: No method with RuntimeInitializeOnLoadMethod attribute
Assets/Editor/PocketStrikerTutorialPlaymodeSmoke.cs(27,19): warning UDR0001: No method with RuntimeInitializeOnLoadMethod attribute
Assets/Editor/PocketStrikerUIArtValidation.cs(25,17): warning UDR0001: No method with RuntimeInitializeOnLoadMethod attribute
Assets/Editor/PocketStrikerUIArtValidation.cs(26,27): warning UDR0001: No method with RuntimeInitializeOnLoadMethod attribute
Assets/Editor/PocketStrikerLoadingReviewValidation.cs(43,17): warning UDR0001: No method with RuntimeInitializeOnLoadMethod attribute
Assets/Editor/PocketStrikerLoadingReviewValidation.cs(44,19): warning UDR0001: No method with RuntimeInitializeOnLoadMethod attribute
Assets/Editor/PocketStrikerUIInterruptionValidation.cs(21,17): warning UDR0001: No method with RuntimeInitializeOnLoadMethod attribute
Assets/Editor/PocketStrikerUIInterruptionValidation.cs(33,19): warning UDR0001: No method with RuntimeInitializeOnLoadMethod attribute
Assets/Editor/PocketStrikerGachaRecoveryValidation.cs(66,17): warning UDR0001: No method with RuntimeInitializeOnLoadMethod attribute
Assets/Editor/PocketStrikerSlotEffectValidation.cs(18,17): warning UDR0001: No method with RuntimeInitializeOnLoadMethod attribute
Assets/Editor/PocketStrikerAIStoryLiveSmoke.cs(27,17): warning UDR0001: No method with RuntimeInitializeOnLoadMethod attribute
Assets/Editor/PocketStrikerAIStoryLiveSmoke.cs(28,19): warning UDR0001: No method with RuntimeInitializeOnLoadMethod attribute
Assets/Editor/PocketStrikerAIStoryLiveSmoke.cs(29,36): warning UDR0001: No method with RuntimeInitializeOnLoadMethod attribute
Assets/Editor/PocketStrikerAsyncIconValidation.cs(23,17): warning UDR0001: No method with RuntimeInitializeOnLoadMethod attribute
Assets/Editor/PocketStrikerAsyncIconValidation.cs(24,19): warning UDR0001: No method with RuntimeInitializeOnLoadMethod attribute
Assets/Editor/PocketStrikerAsyncIconValidation.cs(25,22): warning UDR0001: No method with RuntimeInitializeOnLoadMethod attribute
Assets/Editor/PocketStrikerAsyncIconValidation.cs(26,23): warning UDR0001: No method with RuntimeInitializeOnLoadMethod attribute
Assets/Editor/PocketStrikerAsyncIconValidation.cs(28,19): warning UDR0001: No method with RuntimeInitializeOnLoadMethod attribute
Assets/Editor/PocketStrikerAsyncIconValidation.cs(28,28): warning UDR0001: No method with RuntimeInitializeOnLoadMethod attribute
Assets/Editor/PocketStrikerAsyncIconValidation.cs(29,19): warning UDR0001: No method with RuntimeInitializeOnLoadMethod attribute
Assets/Editor/PocketStrikerAsyncIconValidation.cs(29,32): warning UDR0001: No method with RuntimeInitializeOnLoadMethod attribute
Assets/Editor/PocketStrikerTutorialValidation.cs(24,17): warning UDR0001: No method with RuntimeInitializeOnLoadMethod attribute
Assets/Editor/PocketStrikerLoginArtSmoke.cs(30,17): warning UDR0001: No method with RuntimeInitializeOnLoadMethod attribute
Assets/Editor/PocketStrikerLoginArtSmoke.cs(31,19): warning UDR0001: No method with RuntimeInitializeOnLoadMethod attribute
Assets/Editor/PocketStrikerLoginArtSmoke.cs(32,36): warning UDR0001: No method with RuntimeInitializeOnLoadMethod attribute
Assets/Editor/PocketStrikerUILayoutValidation.cs(33,17): warning UDR0001: No method with RuntimeInitializeOnLoadMethod attribute
Assets/Editor/PocketStrikerBattleModeValidation.cs(19,17): warning UDR0001: No method with RuntimeInitializeOnLoadMethod attribute
Assets/AppCenter/Editor/AppCenterSettingsContext.cs(11,27): warning UDR0001: No method with RuntimeInitializeOnLoadMethod attribute
Assets/Editor/PocketStrikerDebugConsoleValidation.cs(24,28): warning UDR0001: No method with RuntimeInitializeOnLoadMethod attribute
Assets/Editor/PocketStrikerDebugConsoleValidation.cs(25,16): warning UDR0001: No method with RuntimeInitializeOnLoadMethod attribute
Assets/Editor/PocketStrikerDebugConsoleValidation.cs(26,16): warning UDR0001: No method with RuntimeInitializeOnLoadMethod attribute
Assets/Editor/PocketStrikerDebugConsoleValidation.cs(27,19): warning UDR0001: No method with RuntimeInitializeOnLoadMethod attribute
Assets/Editor/PocketStrikerBattlePauseValidation.cs(26,17): warning UDR0001: No method with RuntimeInitializeOnLoadMethod attribute
Assets/Tank & Healer Studio/Ultimate Joystick/Editor/UltimateJoystickReadme.cs(25,26): warning UAC1001: Field 'versionHistory' type 'UltimateJoystickReadme.VersionHistory' is skipped by serialization (missing the [Serializable] attribute). Refer to the Serialization rules analyzer reference. (https://docs.unity3d.com/6000.5/Documentation/Manual/script-serialization-analyzer.html#uac1001)
Assets/Tank & Healer Studio/Ultimate Joystick/Editor/UltimateJoystickReadme.cs(19,20): warning UDR0001: No method with RuntimeInitializeOnLoadMethod attribute
Assets/Editor/PocketStrikerDownloadCacheValidation.cs(41,19): warning UDR0001: No method with RuntimeInitializeOnLoadMethod attribute
Assets/Editor/PocketStrikerDownloadCacheValidation.cs(42,17): warning UDR0001: No method with RuntimeInitializeOnLoadMethod attribute
Assets/Editor/PocketStrikerDownloadCacheValidation.cs(42,28): warning UDR0001: No method with RuntimeInitializeOnLoadMethod attribute
Assets/Editor/PocketStrikerDownloadCacheValidation.cs(44,25): warning UDR0001: No method with RuntimeInitializeOnLoadMethod attribute
Assets/Editor/PocketStrikerDownloadCacheValidation.cs(45,26): warning UDR0001: No method with RuntimeInitializeOnLoadMethod attribute
Assets/Editor/PocketStrikerDownloadCacheValidation.cs(46,36): warning UDR0001: No method with RuntimeInitializeOnLoadMethod attribute
Assets/Editor/PocketStrikerDownloadCacheValidation.cs(47,18): warning UDR0001: No method with RuntimeInitializeOnLoadMethod attribute
Assets/Editor/PocketStrikerDownloadCacheValidation.cs(47,28): warning UDR0001: No method with RuntimeInitializeOnLoadMethod attribute
Assets/Tank & Healer Studio/Ultimate Joystick/Editor/UltimateJoystickReadmeEditor.cs(12,32): warning UDR0001: No method with RuntimeInitializeOnLoadMethod attribute
Assets/Tank & Healer Studio/Ultimate Joystick/Editor/UltimateJoystickReadmeEditor.cs(37,31): warning UDR0001: No method with RuntimeInitializeOnLoadMethod attribute
Assets/Tank & Healer Studio/Ultimate Joystick/Editor/UltimateJoystickReadmeEditor.cs(38,27): warning UDR0001: No method with RuntimeInitializeOnLoadMethod attribute
Assets/UltimateCircularHealthBar/Editor/HelpEditorWindow.cs(8,34): warning UDR0001: No method with RuntimeInitializeOnLoadMethod attribute
Assets/UltimateCircularHealthBar/Editor/HelpEditorWindow.cs(9,31): warning UDR0001: No method with RuntimeInitializeOnLoadMethod attribute
Assets/UltimateCircularHealthBar/Editor/HelpEditorWindow.cs(10,31): warning UDR0001: No method with RuntimeInitializeOnLoadMethod attribute
Assets/Editor/PocketStrikerCombatFlowSmoke.cs(28,17): warning UDR0001: No method with RuntimeInitializeOnLoadMethod attribute
Assets/Editor/PocketStrikerCombatFlowSmoke.cs(29,19): warning UDR0001: No method with RuntimeInitializeOnLoadMethod attribute
Assets/Editor/PocketStrikerMenuBackgroundValidation.cs(33,17): warning UDR0001: No method with RuntimeInitializeOnLoadMethod attribute
Assets/Editor/PocketStrikerMenuBackgroundValidation.cs(34,19): warning UDR0001: No method with RuntimeInitializeOnLoadMethod attribute
Assets/Editor/PocketStrikerMenuBackgroundValidation.cs(35,19): warning UDR0001: No method with RuntimeInitializeOnLoadMethod attribute
Assets/Editor/PocketStrikerMenuBackgroundValidation.cs(36,17): warning UDR0001: No method with RuntimeInitializeOnLoadMethod attribute
Assets/D_Asset/RPG and MMO UI 11/Scripts/UI/Serializables/Editor/ColorBlockExtendedDrawer.cs(10,39): warning UDR0001: No method with RuntimeInitializeOnLoadMethod attribute
Assets/D_Asset/RPG and MMO UI 11/Scripts/UI/Serializables/Editor/ColorBlockExtendedDrawer.cs(11,25): warning UDR0001: No method with RuntimeInitializeOnLoadMethod attribute
Assets/Editor/PocketStrikerBattleCameraSmoke.Impact.cs(87,25): warning UDR0001: No method with RuntimeInitializeOnLoadMethod attribute
Assets/Editor/PocketStrikerBattleCameraSmoke.Opening.cs(36,26): warning UDR0001: No method with RuntimeInitializeOnLoadMethod attribute
Assets/Editor/PocketStrikerBattleCameraSmoke.cs(28,17): warning UDR0001: No method with RuntimeInitializeOnLoadMethod attribute
Assets/Editor/PocketStrikerBattleCameraSmoke.cs(29,19): warning UDR0001: No method with RuntimeInitializeOnLoadMethod attribute
Assets/Editor/PocketStrikerQueuedLiveValidation.cs(42,19): warning UDR0001: No method with RuntimeInitializeOnLoadMethod attribute
Assets/Editor/PocketStrikerQueuedLiveValidation.cs(43,19): warning UDR0001: No method with RuntimeInitializeOnLoadMethod attribute
Assets/Editor/PocketStrikerQueuedLiveValidation.cs(44,20): warning UDR0001: No method with RuntimeInitializeOnLoadMethod attribute
Assets/Editor/PocketStrikerQueuedLiveValidation.cs(45,17): warning UDR0001: No method with RuntimeInitializeOnLoadMethod attribute
Assets/Editor/PocketStrikerQueuedLiveValidation.cs(46,19): warning UDR0001: No method with RuntimeInitializeOnLoadMethod attribute
Assets/Editor/PocketStrikerUILiveReview.Banners.cs(28,25): warning UDR0001: No method with RuntimeInitializeOnLoadMethod attribute
Assets/Editor/PocketStrikerUILiveReview.Banners.cs(29,26): warning UDR0001: No method with RuntimeInitializeOnLoadMethod attribute
Assets/Editor/PocketStrikerUILiveReview.Banners.cs(30,18): warning UDR0001: No method with RuntimeInitializeOnLoadMethod attribute
Assets/Editor/PocketStrikerUILiveReview.Banners.cs(31,18): warning UDR0001: No method with RuntimeInitializeOnLoadMethod attribute
Assets/Editor/PocketStrikerUILiveReview.Banners.cs(32,22): warning UDR0001: No method with RuntimeInitializeOnLoadMethod attribute
Assets/Editor/PocketStrikerUILiveReview.StoreCapture.cs(55,33): warning UDR0001: No method with RuntimeInitializeOnLoadMethod attribute
Assets/Editor/PocketStrikerUILiveReview.StoreVideoRecorder.cs(22,31): warning UDR0001: No method with RuntimeInitializeOnLoadMethod attribute
Assets/Editor/PocketStrikerUILiveReview.StoreVideoRecorder.cs(23,39): warning UDR0001: No method with RuntimeInitializeOnLoadMethod attribute
Assets/Editor/PocketStrikerUILiveReview.StoreVideoRecorder.cs(24,34): warning UDR0001: No method with RuntimeInitializeOnLoadMethod attribute
Assets/Editor/PocketStrikerUILiveReview.StoreVideoRecorder.cs(25,24): warning UDR0001: No method with RuntimeInitializeOnLoadMethod attribute
Assets/Editor/PocketStrikerUILiveReview.StoreVideoRecorder.cs(26,27): warning UDR0001: No method with RuntimeInitializeOnLoadMethod attribute
Assets/Editor/PocketStrikerUILiveReview.StoreVideoRecorder.cs(27,31): warning UDR0001: No method with RuntimeInitializeOnLoadMethod attribute
Assets/Editor/PocketStrikerUILiveReview.StoreVideoRecorder.cs(28,17): warning UDR0001: No method with RuntimeInitializeOnLoadMethod attribute
Assets/Editor/PocketStrikerUILiveReview.StoreVideoRecorder.cs(29,16): warning UDR0001: No method with RuntimeInitializeOnLoadMethod attribute
Assets/Editor/PocketStrikerUILiveReview.StoreVideoRecorder.cs(30,18): warning UDR0001: No method with RuntimeInitializeOnLoadMethod attribute
Assets/Editor/PocketStrikerUILiveReview.StoreVideoRecorder.cs(31,17): warning UDR0001: No method with RuntimeInitializeOnLoadMethod attribute
Assets/Editor/PocketStrikerUILiveReview.cs(31,17): warning UDR0001: No method with RuntimeInitializeOnLoadMethod attribute
Assets/Editor/PocketStrikerUILiveReview.cs(32,19): warning UDR0001: No method with RuntimeInitializeOnLoadMethod attribute
Assets/Editor/PocketStrikerUILiveReview.cs(33,36): warning UDR0001: No method with RuntimeInitializeOnLoadMethod attribute
Assets/Editor/PocketStrikerUILiveReview.cs(34,17): warning UDR0001: No method with RuntimeInitializeOnLoadMethod attribute
Assets/DynamicStarrySky/Editor/EditorCoroutine.cs(25,5): warning UDR0004: Non-static method subscribed to static event in start is not deregistered. Deregister it in OnDisable.
Assets/Editor/PocketStrikerAIStoryLiveSmoke.cs(77,9): warning UDR0001: No method with RuntimeInitializeOnLoadMethod attribute
Assets/Editor/PocketStrikerAIStoryLiveSmoke.cs(127,9): warning UDR0001: No method with RuntimeInitializeOnLoadMethod attribute
Assets/Editor/PocketStrikerAIStoryLiveSmoke.cs(129,9): warning UDR0001: No method with RuntimeInitializeOnLoadMethod attribute
Assets/Editor/PocketStrikerAsyncIconValidation.cs(58,47): warning UDR0001: No method with RuntimeInitializeOnLoadMethod attribute
Assets/Editor/PocketStrikerAsyncIconValidation.cs(66,43): warning UDR0001: No method with RuntimeInitializeOnLoadMethod attribute
Assets/Editor/PocketStrikerAsyncIconValidation.cs(89,44): warning UDR0001: No method with RuntimeInitializeOnLoadMethod attribute
Assets/Editor/PocketStrikerCombatFlowSmoke.cs(165,9): warning UDR0001: No method with RuntimeInitializeOnLoadMethod attribute
Assets/Editor/PocketStrikerCombatFlowSmoke.cs(167,9): warning UDR0001: No method with RuntimeInitializeOnLoadMethod attribute
Assets/Editor/PocketStrikerCombatFlowSmoke.cs(169,9): warning UDR0001: No method with RuntimeInitializeOnLoadMethod attribute
Assets/Editor/PocketStrikerBattleModeValidation.cs(112,9): warning UDR0004: Non-static method subscribed to static event in Validate is not deregistered. Deregister it in OnDisable.
Assets/Editor/PocketStrikerBattleModeValidation.cs(116,9): warning UDR0001: No method with RuntimeInitializeOnLoadMethod attribute
Assets/Editor/PocketStrikerBattleHUDValidation.cs(151,9): warning UDR0004: Non-static method subscribed to static event in RunBattleHUDFixture is not deregistered. Deregister it in OnDisable.
Assets/Editor/PocketStrikerDebugConsoleValidation.cs(44,9): warning UDR0001: No method with RuntimeInitializeOnLoadMethod attribute
Assets/Editor/PocketStrikerDebugConsoleValidation.cs(45,9): warning UDR0004: Non-static method subscribed to static event in Unknown is not deregistered. Deregister it in OnDisable.
Assets/Editor/PocketStrikerDownloadCacheValidation.cs(109,9): warning UDR0001: No method with RuntimeInitializeOnLoadMethod attribute
Assets/Editor/PocketStrikerBattlePauseValidation.cs(106,9): warning UDR0004: Non-static method subscribed to static event in Run is not deregistered. Deregister it in OnDisable.
Assets/Editor/PocketStrikerEditorDefaults.cs(20,9): warning UDR0001: No method with RuntimeInitializeOnLoadMethod attribute
Assets/Editor/PocketStrikerDownloadCacheValidation.cs(175,50): warning UDR0001: No method with RuntimeInitializeOnLoadMethod attribute
Assets/Editor/PocketStrikerDebugConsoleValidation.cs(184,17): warning UDR0001: No method with RuntimeInitializeOnLoadMethod attribute
Assets/Editor/PocketStrikerDownloadCacheValidation.cs(176,46): warning UDR0001: No method with RuntimeInitializeOnLoadMethod attribute
Assets/Editor/PocketStrikerDownloadCacheValidation.cs(177,43): warning UDR0001: No method with RuntimeInitializeOnLoadMethod attribute
Assets/Editor/PocketStrikerGachaRecoveryValidation.cs(99,57): warning UDR0001: No method with RuntimeInitializeOnLoadMethod attribute
Assets/Editor/PocketStrikerGachaRecoveryValidation.cs(100,43): warning UDR0001: No method with RuntimeInitializeOnLoadMethod attribute
Assets/Editor/PocketStrikerLoadingReviewValidation.cs(119,9): warning UDR0001: No method with RuntimeInitializeOnLoadMethod attribute
Assets/Editor/PocketStrikerLoadingReviewValidation.cs(162,57): warning UDR0001: No method with RuntimeInitializeOnLoadMethod attribute
Assets/Editor/PocketStrikerLoadingReviewValidation.cs(163,54): warning UDR0001: No method with RuntimeInitializeOnLoadMethod attribute
Assets/Editor/PocketStrikerLoginArtSmoke.cs(58,9): warning UDR0001: No method with RuntimeInitializeOnLoadMethod attribute
Assets/Editor/PocketStrikerLoadingReviewValidation.cs(164,43): warning UDR0001: No method with RuntimeInitializeOnLoadMethod attribute
Assets/Editor/PocketStrikerLoginArtSmoke.cs(115,9): warning UDR0001: No method with RuntimeInitializeOnLoadMethod attribute
Assets/Editor/PocketStrikerLoginArtSmoke.cs(117,9): warning UDR0001: No method with RuntimeInitializeOnLoadMethod attribute
Assets/Editor/PocketStrikerMenuBackgroundValidation.cs(181,9): warning UDR0001: No method with RuntimeInitializeOnLoadMethod attribute
Assets/Editor/PocketStrikerMenuBackgroundValidation.cs(263,57): warning UDR0001: No method with RuntimeInitializeOnLoadMethod attribute
Assets/Editor/PocketStrikerMenuBackgroundValidation.cs(264,43): warning UDR0001: No method with RuntimeInitializeOnLoadMethod attribute
Assets/Editor/PocketStrikerMenuBackgroundValidation.cs(265,54): warning UDR0001: No method with RuntimeInitializeOnLoadMethod attribute
Assets/Editor/PocketStrikerTutorialLayoutValidation.cs(117,9): warning UDR0004: Non-static method subscribed to static event in ValidateTutorialLayout is not deregistered. Deregister it in OnDisable.
Assets/Editor/PocketStrikerBattleCameraSmoke.cs(137,9): warning UDR0001: No method with RuntimeInitializeOnLoadMethod attribute
Assets/Editor/PocketStrikerBattleCameraSmoke.cs(139,9): warning UDR0001: No method with RuntimeInitializeOnLoadMethod attribute
Assets/Editor/PocketStrikerReturnValidation.cs(73,9): warning UDR0001: No method with RuntimeInitializeOnLoadMethod attribute
Assets/Editor/PocketStrikerBattleCameraSmoke.cs(141,9): warning UDR0001: No method with RuntimeInitializeOnLoadMethod attribute
Assets/Editor/PocketStrikerReturnValidation.cs(75,9): warning UDR0001: No method with RuntimeInitializeOnLoadMethod attribute
Assets/Editor/PocketStrikerTutorialValidation.cs(76,9): warning UDR0004: Non-static method subscribed to static event in Run is not deregistered. Deregister it in OnDisable.
Assets/Editor/PocketStrikerSkillUIValidation.cs(58,9): warning UDR0004: Non-static method subscribed to static event in Run is not deregistered. Deregister it in OnDisable.
Assets/Editor/PocketStrikerPreBattleTutorialValidation.cs(62,9): warning UDR0004: Non-static method subscribed to static event in Run is not deregistered. Deregister it in OnDisable.
Assets/Editor/PocketStrikerUIArtValidation.cs(115,9): warning UDR0004: Non-static method subscribed to static event in QueueSnapshot is not deregistered. Deregister it in OnDisable.
Assets/Editor/PocketStrikerUIArtValidation.cs(115,46): warning UDR0004: Non-static method subscribed to static event in QueueSnapshot is not deregistered. Deregister it in OnDisable.
Assets/Editor/PocketStrikerUIArtValidation.cs(115,83): warning UDR0004: Non-static method subscribed to static event in QueueSnapshot is not deregistered. Deregister it in OnDisable.
Assets/Editor/PocketStrikerUIArtValidation.cs(293,9): warning UDR0001: No method with RuntimeInitializeOnLoadMethod attribute
Assets/Editor/PocketStrikerUIArtValidation.cs(295,9): warning UDR0001: No method with RuntimeInitializeOnLoadMethod attribute
Assets/Editor/PocketStrikerUIInterruptionValidation.cs(143,47): warning UDR0001: No method with RuntimeInitializeOnLoadMethod attribute
Assets/Editor/PocketStrikerUIInterruptionValidation.cs(152,43): warning UDR0001: No method with RuntimeInitializeOnLoadMethod attribute
Assets/Editor/PocketStrikerUIInterruptionValidation.cs(176,9): warning UDR0001: No method with RuntimeInitializeOnLoadMethod attribute
Assets/Editor/PocketStrikerTutorialPlaymodeSmoke.cs(78,57): warning UDR0001: No method with RuntimeInitializeOnLoadMethod attribute
Assets/Editor/PocketStrikerTutorialPlaymodeSmoke.cs(79,43): warning UDR0001: No method with RuntimeInitializeOnLoadMethod attribute
Assets/Editor/PocketStrikerValidation.cs(255,9): warning UDR0001: No method with RuntimeInitializeOnLoadMethod attribute
Assets/Tank & Healer Studio/Ultimate Joystick/Editor/UltimateJoystickReadmeEditor.cs(426,3): warning UDR0001: No method with RuntimeInitializeOnLoadMethod attribute
Assets/Editor/PocketStrikerValidation.cs(257,9): warning UDR0001: No method with RuntimeInitializeOnLoadMethod attribute
Assets/Tank & Healer Studio/Ultimate Joystick/Editor/UltimateJoystickReadmeEditor.cs(504,3): warning UDR0004: Non-static method subscribed to static event in OnEnable is not deregistered. Deregister it in OnDisable.
Assets/Editor/PocketStrikerTutorialPlaymodeSmoke.cs(80,54): warning UDR0001: No method with RuntimeInitializeOnLoadMethod attribute
Assets/Editor/PocketStrikerValidation.cs(539,9): warning UDR0004: Non-static method subscribed to static event in BuildLocalPlayer is not deregistered. Deregister it in OnDisable.
Assets/Tank & Healer Studio/Ultimate Joystick/Editor/UltimateJoystickEditor.cs(157,3): warning UDR0004: Non-static method subscribed to static event in OnEnable is not deregistered. Deregister it in OnDisable.
Assets/UltimateCircularHealthBar/Editor/HelpEditorWindow.cs(13,13): warning UDR0001: No method with RuntimeInitializeOnLoadMethod attribute
Assets/UltimateCircularHealthBar/Editor/HelpEditorWindow.cs(14,13): warning UDR0001: No method with RuntimeInitializeOnLoadMethod attribute
Assets/Editor/PocketStrikerUILiveReview.StoreCapture.cs(83,9): warning UDR0001: No method with RuntimeInitializeOnLoadMethod attribute
Assets/Editor/PocketStrikerUILiveReview.StoreCapture.cs(387,9): warning UDR0001: No method with RuntimeInitializeOnLoadMethod attribute
Assets/Editor/PocketStrikerValidation.cs(82,9): warning UDR0001: No method with RuntimeInitializeOnLoadMethod attribute
Assets/Editor/PocketStrikerValidation.cs(83,9): warning UDR0001: No method with RuntimeInitializeOnLoadMethod attribute
Assets/Editor/PocketStrikerUILiveReview.StoreVideoRecorder.cs(89,9): warning UDR0001: No method with RuntimeInitializeOnLoadMethod attribute
Assets/Editor/PocketStrikerUILiveReview.StoreVideoRecorder.cs(91,9): warning UDR0001: No method with RuntimeInitializeOnLoadMethod attribute
Assets/Editor/PocketStrikerUILiveReview.StoreVideoRecorder.cs(93,9): warning UDR0001: No method with RuntimeInitializeOnLoadMethod attribute
Assets/Editor/PocketStrikerUILiveReview.StoreVideoRecorder.cs(340,13): warning UDR0001: No method with RuntimeInitializeOnLoadMethod attribute
Assets/Editor/PocketStrikerUILiveReview.cs(101,9): warning UDR0001: No method with RuntimeInitializeOnLoadMethod attribute
Assets/Editor/PocketStrikerUILiveReview.cs(155,9): warning UDR0001: No method with RuntimeInitializeOnLoadMethod attribute
Assets/Editor/PocketStrikerUILiveReview.cs(157,9): warning UDR0001: No method with RuntimeInitializeOnLoadMethod attribute
AssetDatabase: script compilation time: 5.896280s
Scripts have compiler errors.
 #0 PlatformStacktrace::GetStacktrace(int, StacktraceTypes::LRUCache<void*, StacktraceTypes::LRUValue>*)
 #1 DebugStringToFile(DebugStringToFileData const&)
 #2 CheckBatchModeErrorString(core::basic_string<char, core::StringStorageDefault<char>> const&)
 #3 ProcessScriptsAndDomainReloadIfNeeded(ScriptChanges&, CompileDomainReloadStatus&, bool, bool, core::hash_set<UnityGUID, core::hash<UnityGUID>, std::__1::equal_to<UnityGUID>> const&, core::hash_set<UnityGUID, core::hash<UnityGUID>, std::__1::equal_to<UnityGUID>> const&, core::hash_set<UnityGUID, core::hash<UnityGUID>, std::__1::equal_to<UnityGUID>> const&, core::hash_map<UnityGUID, core::basic_string<char, core::StringStorageDefault<char>>, core::hash<UnityGUID>, std::__1::equal_to<UnityGUID>> const&, InternalRefreshFlagsV2 const&, AssetDatabase::UpdateAssetOptions const&, bool&, bool&, LoadedNativeAssetScriptTypeHashes&, core::hash_set<UnityGUID, core::hash<UnityGUID>, std::__1::equal_to<UnityGUID>>&)
 #4 RefreshInternalV2(AssetDatabase::UpdateAssetOptions, ScanFilter const&, InternalRefreshFlagsV2)
 #5 StopAssetImportingV2Internal(AssetDatabase::UpdateAssetOptions, InternalRefreshFlagsV2, ScanFilter const*, char const*)
 #6 InitialRefreshV2(bool, bool)
 #7 AssetDatabase::InitialRefresh(bool, bool)
 #8 Application::InitializeProject()
 #9 -[EditorApplication applicationDidFinishLaunching:]
 #10 __CFNOTIFICATIONCENTER_IS_CALLING_OUT_TO_AN_OBSERVER__
 #11 ___CFXRegistrationPost_block_invoke
 #12 _CFXRegistrationPost
 #13 _CFXNotificationPost
 #14 -[NSNotificationCenter postNotificationName:object:userInfo:]
 #15 -[NSApplication _postDidFinishNotification]
 #16 -[NSApplication _sendFinishLaunchingNotification]
 #17 -[NSApplication(NSAppleEventHandling) _handleAEOpenEvent:]
 #18 -[NSApplication(NSAppleEventHandling) _handleCoreEvent:withReplyEvent:]
 #19 -[NSAppleEventManager dispatchRawAppleEvent:withRawReply:handlerRefCon:]
 #20 _NSAppleEventManagerGenericHandler
 #21 _AppleEventsCheckInAppWithBlock
 #22 _AppleEventsCheckInAppWithBlock
 #23 aeProcessAppleEvent
 #24 AEProcessAppleEvent
 #25 _DPSNextEvent
 #26 -[NSApplication(NSEventRouting) _nextEventMatchingEventMask:untilDate:inMode:dequeue:]
 #27 -[NSApplication(NSEventRouting) nextEventMatchingMask:untilDate:inMode:dequeue:]
 #28 -[NSApplication run]
 #29 NSApplicationMain
 #30 EditorMain(int, char const**)
 #31 main
 #32 start

Total cache size 265853712
Total cache size after purge 265853712, took 00:00:00.2183043
[Package Manager] Server process was shutdown
info: Microsoft.Hosting.Lifetime[0]
      Application is shutting down...
info: Unity.ILPP.Runner.PostProcessingAssemblyLoadContext[0]
      ALC ILPP context 1 is unloading
