Unity Editor version:    6000.5.1f1 (0d9463e84828)
Branch:                  6000.5/staging
Build type:              Release
Batch mode:              NO
macOS version:           Version 26.6.2 (Build 25G83)
Darwin version:          25.6.0
Architecture:            arm64
Running under Rosetta:   NO
Available memory:        32768 MB
Date:                    2026-10-08T05:09:20Z
[Licensing::Module] Trying to connect to existing licensing client channel...
[Licensing::IpcConnector] Successfully connected to: "LicenseClient-daisei" at "2026-10-08T05:09:20.468871Z"
Launching external process: /Applications/Unity/Hub/Editor/6000.5.1f1/Unity.app/Contents/Helpers/PackageManager/Server/UnityPackageManager

COMMAND LINE ARGUMENTS:
/Applications/Unity/Hub/Editor/6000.5.1f1/Unity.app/Contents/MacOS/Unity
-projectPath
/tmp/pocketstriker-video-20261008/project
-buildTarget
iOS
-executeMethod
PocketStrikerUILiveReview.StartStoreCapture
-logFile
/Users/daisei/PocketStriker/output/appstore-video-20261008/recording-1-editor.log
Successfully changed project path to: /tmp/pocketstriker-video-20261008/project
/private/tmp/pocketstriker-video-20261008/project
[UnityMemory] Configuration Parameters - Can be set up in boot.config
    "memorysetup-temp-allocator-size-gi-baking-worker=262144"
    "memorysetup-temp-allocator-size-gi-baking-worker=262144"
    "memorysetup-temp-allocator-size-gi-baking-worker=262144"
    "memorysetup-temp-allocator-size-gi-baking-worker=262144"
    "memorysetup-temp-allocator-size-gi-baking-worker=262144"
    "memorysetup-temp-allocator-size-nav-mesh-worker=65536"
    "memorysetup-temp-allocator-size-audio-worker=65536"
    "memorysetup-temp-allocator-size-cloud-worker=32768"
    "memorysetup-allocator-temp-initial-block-size-main=262144"
    "memorysetup-allocator-temp-initial-block-size-worker=262144"
    "memorysetup-temp-allocator-size-preload-manager=33554432"
    "memorysetup-temp-allocator-size-gfx=262144"
    "memorysetup-temp-allocator-size-background-worker=32768"
    "memorysetup-temp-allocator-size-job-worker=262144"
    "memorysetup-bucket-allocator-granularity=16"
    "memorysetup-bucket-allocator-bucket-count=8"
    "memorysetup-bucket-allocator-block-size=33554432"
    "memorysetup-bucket-allocator-block-count=8"
    "memorysetup-main-allocator-block-size=16777216"
    "memorysetup-thread-allocator-block-size=16777216"
    "memorysetup-main-allocator-mimalloc-enabled=0"
    "memorysetup-gfx-main-allocator-block-size=16777216"
    "memorysetup-gfx-thread-allocator-block-size=16777216"
    "memorysetup-cache-allocator-block-size=4194304"
    "memorysetup-typetree-allocator-block-size=2097152"
    "memorysetup-profiler-bucket-allocator-granularity=16"
    "memorysetup-profiler-bucket-allocator-bucket-count=8"
    "memorysetup-profiler-bucket-allocator-block-size=33554432"
    "memorysetup-profiler-bucket-allocator-block-count=8"
    "memorysetup-profiler-allocator-block-size=16777216"
    "memorysetup-profiler-editor-allocator-block-size=1048576"
    "memorysetup-temp-allocator-size-main=16777216"
    "memorysetup-job-temp-allocator-block-size=2097152"
    "memorysetup-job-temp-allocator-block-size-background=1048576"
    "memorysetup-job-temp-allocator-reduction-small-platforms=262144"
Logging is directed to a specific file, skipping project log.Player connection [8312807808]  Target information:

Player connection [8312807808]  * "[IP] 192.168.1.209 [Port] 55504 [Flags] 2 [Guid] 3309670730 [EditorId] 3309670730 [Version] 1048832 [Id] OSXEditor(0,Daiseis-MacBook-Air.local) [Debug] 1 [PackageName] OSXEditor [ProjectName] Editor" 

Player connection [8312807808]  * "[IP] 169.254.47.141 [Port] 55504 [Flags] 2 [Guid] 3309670730 [EditorId] 3309670730 [Version] 1048832 [Id] OSXEditor(0,Daiseis-MacBook-Air.local) [Debug] 1 [PackageName] OSXEditor [ProjectName] Editor" 

Player connection [8312807808] Host joined multi-casting on [225.0.0.222:54997]...
Player connection [8312807808] Host joined alternative multi-casting on [225.0.0.222:34997]...
Input System module state changed to: Initialized.
[Physics::Module] Initialized fallback backend.
[Physics::Module] Id: 0xdecafbad
[Package Manager] Connected to IPC stream "Upm-87852" after 0.0 seconds.
[Licensing::Module] Licensing is not yet initialized.
[Licensing::Client] Handshaking with LicensingClient:
  Version:                 1.18.3+d7ffd15
  Session Id:              7a8a45c7dd1d40d5bd5785fd7b7d55d5
  Correlation Id:          d37d87a4ed43d634ef8cd825141fbeda
  External correlation Id: 3428741966430388221
  Machine Id:              BXCzmk3ymjXmBf9UUvrWPnYDRY0=
[Licensing::Module] Successfully connected to LicensingClient on channel: "LicenseClient-daisei" (connect: 0.00s, validation: 0.00s, handshake: 0.25s)
[Licensing::IpcConnector] Successfully connected to: "LicenseClient-daisei-notifications" at "2026-10-08T05:09:20.719064Z"
[Licensing::Module] Error: Access token is unavailable; failed to update
[Licensing::Client] Successfully resolved entitlement details
[Licensing::Module] License group:
  Id: 2300757-UnityPersXXXX
  Product: Unity Personal
  Type: Assigned
  Expiration: Unlimited
[Licensing::Client] Successfully updated license, isAsync: True, time: 0.00
[Licensing::Client] Successfully resolved entitlement details
[Licensing::Module] Licensing Background thread has ended after 0.25s
[Licensing::Module] Licensing is initialized (took 0.01s).
[Licensing::Client] Successfully resolved entitlement details
Library Redirect Path: Library/
[Physics::Module] Selected backend.
[Physics::Module] Name: PhysX
[Physics::Module] Id: 0xf2b8ea05
[Physics::Module] SDK Version: 4.1.2
[Physics::Module] Integration Version: 1.0.0
[Physics::Module] Threading Mode: Multi-Threaded
[Licensing::Client] Successfully resolved entitlement details
Targeting platform: iOS
Refreshing native plugins compatible for Editor in 2.26 ms, found 1 plugins.
Initialize engine version: 6000.5.1f1 (0d9463e84828)
[Subsystems] Discovering subsystems at path /Applications/Unity/Hub/Editor/6000.5.1f1/Unity.app/Contents/Resources/UnitySubsystems
[Subsystems] Discovering subsystems at path /private/tmp/pocketstriker-video-20261008/project/Assets
GfxDevice: creating device client; kGfxThreadingModeThreaded
 preferred device: Apple M5 (high power)
Metal devices available: 1
0: Apple M5 (high power)
Using device Apple M5 (high power)
Initializing Metal device caps: Apple M5
Mac GPU Family: 2
Apple GPU Family: 9
MSL Version: 3.0
Has Float MSAA: 1
Has Float Filtering: 1
ReadWrite Texture Tier: 2
Shader 'SyntyStudios/SkyboxUnlit': fallback shader 'wiiu' not found
Shader 'SyntyStudios/TriplanarBasic': fallback shader 'wiiu' not found
Shader 'SyntyStudios/Basic_LOD_Shader': fallback shader 'wiiu' not found
Shader 'SyntyStudios/CloudShader': fallback shader 'wiiu' not found
Shader 'SyntyStudios/CloudShaderNoFog': fallback shader 'wiiu' not found
Shader 'SyntyStudios/SkyboxUnlitNoFog': fallback shader 'wiiu' not found
Initialize mono
Mono path[0] = '/Applications/Unity/Hub/Editor/6000.5.1f1/Unity.app/Contents/Resources/Scripting/Managed'
Mono path[1] = '/Applications/Unity/Hub/Editor/6000.5.1f1/Unity.app/Contents/Resources/Scripting/BCLExtensions/runtime/netstandard2.1'
Mono path[2] = '/Applications/Unity/Hub/Editor/6000.5.1f1/Unity.app/Contents/Resources/Scripting/MonoBleedingEdge/lib/mono/unityjit-macos'
Mono config path = '/Applications/Unity/Hub/Editor/6000.5.1f1/Unity.app/Contents/Resources/Scripting/MonoBleedingEdge/etc'
Using monoOptions --debugger-agent=transport=dt_socket,embedding=1,server=y,suspend=n,address=127.0.0.1:56852
CodeReloadManager initialized
ImportWorker Server TCP listen port: 0
AcceleratorClientConnectionCallback - disconnected - :0
Begin MonoManager ReloadAssembly
Registering precompiled unity dll's ...
Register platform support module: /Applications/Unity/Hub/Editor/6000.5.1f1/PlaybackEngines/MacStandaloneSupport/UnityEditor.OSXStandalone.Extensions.dll
[Licensing::Client] Successfully resolved entitlement details
Register platform support module: /Applications/Unity/Hub/Editor/6000.5.1f1/PlaybackEngines/AndroidPlayer/UnityEditor.Android.Extensions.dll
Register platform support module: /Applications/Unity/Hub/Editor/6000.5.1f1/PlaybackEngines/iOSSupport/UnityEditor.iOS.Extensions.dll
Registered in 0.001280 seconds.
[usbmuxd] Start listen thread
[usbmuxd] Listen thread started
[usbmuxd] Send listen message
Native extension for iOS target not found
[usbmuxd] Attached: 4 00008160-000905E801E00036
Native extension for Android target not found
Native extension for OSXStandalone target not found
Package Manager log level set to [2]
ScheduleIndexationOnStartup MainProcess:False IndexOnStartup:True
Mono: successfully reloaded assembly
- Finished resetting the current domain, in  0.208 seconds
Domain Reload Profiling: 422ms
	BeginReloadAssembly (55ms)
		CreateAndSetChildDomain (21ms)
	RebuildNativeTypeToScriptingClass (8ms)
	initialDomainReloadingComplete (22ms)
	LoadAllAssembliesAndSetupDomain (127ms)
		LoadAssemblies (34ms)
		AnalyzeDomain (95ms)
			TypeCache.Refresh (94ms)
				TypeCache.ScanAssembly (87ms)
	FinalizeReload (208ms)
		SetupLoadedEditorAssemblies (0ms)
			InitializePlatformSupportModulesInManaged (56ms)
			BeforeProcessingInitializeOnLoad (34ms)
			ProcessInitializeOnLoadAttributes (46ms)
			ProcessInitializeOnLoadMethodAttributes (37ms)
[Licensing::Client] Successfully resolved entitlement details
[Licensing::Client] Successfully resolved entitlement details
Application.AssetDatabase Initial Refresh Start
[Package Manager] Restoring resolved packages state from cache
[Licensing::Client] Successfully resolved entitlement details
[Package Manager] Registered 72 packages:
  Packages from [https://packages.unity.com]:
    com.unity.addressables@2.9.1 (location: /private/tmp/pocketstriker-video-20261008/project/Library/PackageCache/com.unity.addressables@8460f1c9c927)
    com.unity.burst@1.8.30 (location: /private/tmp/pocketstriker-video-20261008/project/Library/PackageCache/com.unity.burst@2f3d916873ea)
    com.unity.collab-proxy@2.12.4 (location: /private/tmp/pocketstriker-video-20261008/project/Library/PackageCache/com.unity.collab-proxy@0b1559bcd34e)
    com.unity.ide.rider@3.0.40 (location: /private/tmp/pocketstriker-video-20261008/project/Library/PackageCache/com.unity.ide.rider@e4950c6d131b)
    com.unity.inputsystem@1.20.0 (location: /private/tmp/pocketstriker-video-20261008/project/Library/PackageCache/com.unity.inputsystem@7a4e1a2a8194)
    com.unity.localization@1.5.13 (location: /private/tmp/pocketstriker-video-20261008/project/Library/PackageCache/com.unity.localization@ef5a0677859d)
    com.unity.mobile.android-logcat@1.4.7 (location: /private/tmp/pocketstriker-video-20261008/project/Library/PackageCache/com.unity.mobile.android-logcat@a8a404f035b3)
    com.unity.project-auditor-rules@1.0.3 (location: /private/tmp/pocketstriker-video-20261008/project/Library/PackageCache/com.unity.project-auditor-rules@1fa74fdf90ed)
    com.unity.purchasing@5.4.3 (location: /private/tmp/pocketstriker-video-20261008/project/Library/PackageCache/com.unity.purchasing@c771cfd27c96)
    com.unity.recorder@5.1.7 (location: /private/tmp/pocketstriker-video-20261008/project/Library/PackageCache/com.unity.recorder@0b23bb7a1fb4)
    com.unity.timeline@1.8.12 (location: /private/tmp/pocketstriker-video-20261008/project/Library/PackageCache/com.unity.timeline@8cd8509afae5)
    com.unity.bindings.openimageio@1.0.2 (location: /private/tmp/pocketstriker-video-20261008/project/Library/PackageCache/com.unity.bindings.openimageio@94e2abc0bc65)
    com.unity.services.core@1.18.0 (location: /private/tmp/pocketstriker-video-20261008/project/Library/PackageCache/com.unity.services.core@3464cb68d709)
    com.unity.nuget.newtonsoft-json@3.2.2 (location: /private/tmp/pocketstriker-video-20261008/project/Library/PackageCache/com.unity.nuget.newtonsoft-json@4dfd81071c64)
    com.unity.nuget.mono-cecil@1.11.6 (location: /private/tmp/pocketstriker-video-20261008/project/Library/PackageCache/com.unity.nuget.mono-cecil@ecb9724e46ff)
    com.unity.test-framework.performance@3.5.0 (location: /private/tmp/pocketstriker-video-20261008/project/Library/PackageCache/com.unity.test-framework.performance@8b56083ec0f0)
    com.unity.profiling.core@1.0.3 (location: /private/tmp/pocketstriker-video-20261008/project/Library/PackageCache/com.unity.profiling.core@8a49f7027d06)
    com.unity.scriptablebuildpipeline@2.6.1 (location: /private/tmp/pocketstriker-video-20261008/project/Library/PackageCache/com.unity.scriptablebuildpipeline@36e3b5898ee2)
    com.unity.searcher@4.9.4 (location: /private/tmp/pocketstriker-video-20261008/project/Library/PackageCache/com.unity.searcher@d45a78918735)
  Built-in packages:
    com.unity.adaptiveperformance@6.0.0 (location: /private/tmp/pocketstriker-video-20261008/project/Library/PackageCache/com.unity.adaptiveperformance@4516fc1e899a)
    com.unity.collections@6.5.0 (location: /private/tmp/pocketstriker-video-20261008/project/Library/PackageCache/com.unity.collections@a43cabe808ca)
    com.unity.mathematics@1.4.0 (location: /private/tmp/pocketstriker-video-20261008/project/Library/PackageCache/com.unity.mathematics@981956d94fb6)
    com.unity.multiplayer.center@1.0.1 (location: /private/tmp/pocketstriker-video-20261008/project/Library/PackageCache/com.unity.multiplayer.center@b860850997d0)
    com.unity.render-pipelines.universal@17.5.0 (location: /private/tmp/pocketstriker-video-20261008/project/Library/PackageCache/com.unity.render-pipelines.universal@be00b5bbd9a1)
    com.unity.test-framework@1.7.0 (location: /private/tmp/pocketstriker-video-20261008/project/Library/PackageCache/com.unity.test-framework@f3e6c9a02477)
    com.unity.ugui@2.5.0 (location: /private/tmp/pocketstriker-video-20261008/project/Library/PackageCache/com.unity.ugui@4f9b15fd1386)
    com.unity.modules.accessibility@1.0.0 (location: /private/tmp/pocketstriker-video-20261008/project/Library/PackageCache/com.unity.modules.accessibility)
    com.unity.modules.adaptiveperformance@1.0.0 (location: /private/tmp/pocketstriker-video-20261008/project/Library/PackageCache/com.unity.modules.adaptiveperformance)
    com.unity.modules.ai@1.0.0 (location: /private/tmp/pocketstriker-video-20261008/project/Library/PackageCache/com.unity.modules.ai)
    com.unity.modules.androidjni@1.0.0 (location: /private/tmp/pocketstriker-video-20261008/project/Library/PackageCache/com.unity.modules.androidjni)
    com.unity.modules.animation@1.0.0 (location: /private/tmp/pocketstriker-video-20261008/project/Library/PackageCache/com.unity.modules.animation)
    com.unity.modules.assetbundle@1.0.0 (location: /private/tmp/pocketstriker-video-20261008/project/Library/PackageCache/com.unity.modules.assetbundle)
    com.unity.modules.audio@1.0.0 (location: /private/tmp/pocketstriker-video-20261008/project/Library/PackageCache/com.unity.modules.audio)
    com.unity.modules.cloth@1.0.0 (location: /private/tmp/pocketstriker-video-20261008/project/Library/PackageCache/com.unity.modules.cloth)
    com.unity.modules.director@1.0.0 (location: /private/tmp/pocketstriker-video-20261008/project/Library/PackageCache/com.unity.modules.director)
    com.unity.modules.imageconversion@1.0.0 (location: /private/tmp/pocketstriker-video-20261008/project/Library/PackageCache/com.unity.modules.imageconversion)
    com.unity.modules.imgui@1.0.0 (location: /private/tmp/pocketstriker-video-20261008/project/Library/PackageCache/com.unity.modules.imgui)
    com.unity.modules.jsonserialize@1.0.0 (location: /private/tmp/pocketstriker-video-20261008/project/Library/PackageCache/com.unity.modules.jsonserialize)
    com.unity.modules.particlesystem@1.0.0 (location: /private/tmp/pocketstriker-video-20261008/project/Library/PackageCache/com.unity.modules.particlesystem)
    com.unity.modules.physics@1.0.0 (location: /private/tmp/pocketstriker-video-20261008/project/Library/PackageCache/com.unity.modules.physics)
    com.unity.modules.physics2d@1.0.0 (location: /private/tmp/pocketstriker-video-20261008/project/Library/PackageCache/com.unity.modules.physics2d)
    com.unity.modules.physicscore2d@1.0.0 (location: /private/tmp/pocketstriker-video-20261008/project/Library/PackageCache/com.unity.modules.physicscore2d)
    com.unity.modules.screencapture@1.0.0 (location: /private/tmp/pocketstriker-video-20261008/project/Library/PackageCache/com.unity.modules.screencapture)
    com.unity.modules.terrain@1.0.0 (location: /private/tmp/pocketstriker-video-20261008/project/Library/PackageCache/com.unity.modules.terrain)
    com.unity.modules.terrainphysics@1.0.0 (location: /private/tmp/pocketstriker-video-20261008/project/Library/PackageCache/com.unity.modules.terrainphysics)
    com.unity.modules.tilemap@1.0.0 (location: /private/tmp/pocketstriker-video-20261008/project/Library/PackageCache/com.unity.modules.tilemap)
    com.unity.modules.ui@1.0.0 (location: /private/tmp/pocketstriker-video-20261008/project/Library/PackageCache/com.unity.modules.ui)
    com.unity.modules.uielements@1.0.0 (location: /private/tmp/pocketstriker-video-20261008/project/Library/PackageCache/com.unity.modules.uielements)
    com.unity.modules.umbra@1.0.0 (location: /private/tmp/pocketstriker-video-20261008/project/Library/PackageCache/com.unity.modules.umbra)
    com.unity.modules.unityanalytics@1.0.0 (location: /private/tmp/pocketstriker-video-20261008/project/Library/PackageCache/com.unity.modules.unityanalytics)
    com.unity.modules.unitywebrequest@1.0.0 (location: /private/tmp/pocketstriker-video-20261008/project/Library/PackageCache/com.unity.modules.unitywebrequest)
    com.unity.modules.unitywebrequestassetbundle@1.0.0 (location: /private/tmp/pocketstriker-video-20261008/project/Library/PackageCache/com.unity.modules.unitywebrequestassetbundle)
    com.unity.modules.unitywebrequestaudio@1.0.0 (location: /private/tmp/pocketstriker-video-20261008/project/Library/PackageCache/com.unity.modules.unitywebrequestaudio)
    com.unity.modules.unitywebrequesttexture@1.0.0 (location: /private/tmp/pocketstriker-video-20261008/project/Library/PackageCache/com.unity.modules.unitywebrequesttexture)
    com.unity.modules.unitywebrequestwww@1.0.0 (location: /private/tmp/pocketstriker-video-20261008/project/Library/PackageCache/com.unity.modules.unitywebrequestwww)
    com.unity.modules.vectorgraphics@1.0.0 (location: /private/tmp/pocketstriker-video-20261008/project/Library/PackageCache/com.unity.modules.vectorgraphics)
    com.unity.modules.vehicles@1.0.0 (location: /private/tmp/pocketstriker-video-20261008/project/Library/PackageCache/com.unity.modules.vehicles)
    com.unity.modules.video@1.0.0 (location: /private/tmp/pocketstriker-video-20261008/project/Library/PackageCache/com.unity.modules.video)
    com.unity.modules.wind@1.0.0 (location: /private/tmp/pocketstriker-video-20261008/project/Library/PackageCache/com.unity.modules.wind)
    com.unity.modules.xr@1.0.0 (location: /private/tmp/pocketstriker-video-20261008/project/Library/PackageCache/com.unity.modules.xr)
    com.unity.modules.subsystems@1.0.0 (location: /private/tmp/pocketstriker-video-20261008/project/Library/PackageCache/com.unity.modules.subsystems)
    com.unity.modules.hierarchycore@1.0.0 (location: /private/tmp/pocketstriker-video-20261008/project/Library/PackageCache/com.unity.modules.hierarchycore)
    com.unity.ext.nunit@2.1.0 (location: /private/tmp/pocketstriker-video-20261008/project/Library/PackageCache/com.unity.ext.nunit@44f7d31723bd)
    com.unity.render-pipelines.core@17.5.0 (location: /private/tmp/pocketstriker-video-20261008/project/Library/PackageCache/com.unity.render-pipelines.core@d7ce3ed2cd80)
    com.unity.shadergraph@17.5.0 (location: /private/tmp/pocketstriker-video-20261008/project/Library/PackageCache/com.unity.shadergraph@2df19e8719bc)
    com.unity.render-pipelines.universal-config@17.5.0 (location: /private/tmp/pocketstriker-video-20261008/project/Library/PackageCache/com.unity.render-pipelines.universal-config@fdda01c80fe3)
  Embedded packages:
    com.mcombat.shared@file:/private/tmp/pocketstriker-video-20261008/project/Packages/com.mcombat.shared (location: /private/tmp/pocketstriker-video-20261008/project/Packages/com.mcombat.shared)
    com.heurekagames.utils@file:/private/tmp/pocketstriker-video-20261008/project/Packages/com.heurekagames.utils (location: /private/tmp/pocketstriker-video-20261008/project/Packages/com.heurekagames.utils)
  Git packages:
    com.cysharp.unitask@https://github.com/Cysharp/UniTask.git?path=src/UniTask/Assets/Plugins/UniTask#ceac8d6946b1125fe782cd171fbcb245b567dbf9 (location: /private/tmp/pocketstriker-video-20261008/project/Library/PackageCache/com.cysharp.unitask@dc216dc4183d)
    com.google.external-dependency-manager@https://github.com/googlesamples/unity-jar-resolver.git?path=upm#1a9384872d6b8b954a8c0115fdcdf146c995062a (location: /private/tmp/pocketstriker-video-20261008/project/Library/PackageCache/com.google.external-dependency-manager@eb15acb9d1f0)
    com.neuecc.unirx@https://github.com/neuecc/UniRx.git?path=Assets/Plugins/UniRx/Scripts#6baeccf6c544c155497164327cca72f28163a578 (location: /private/tmp/pocketstriker-video-20261008/project/Library/PackageCache/com.neuecc.unirx@31ee62cbf28c)
    com.yasirkula.ingamedebugconsole@https://github.com/yasirkula/UnityIngameDebugConsole.git#73c1d9c582e0b49d63ddcd6efb48b0059f33d43c (location: /private/tmp/pocketstriker-video-20261008/project/Library/PackageCache/com.yasirkula.ingamedebugconsole@73c1d9c582e0)
[Subsystems] No new subsystems found in resolved package list.
[Package Manager] Done registering packages in 0.00 seconds
info: Microsoft.Hosting.Lifetime[14]
      Now listening on: http://unix:/tmp/ilpp.sock-9bd1decb8d3abf9e3b465f7b8dd43b3a
info: Microsoft.Hosting.Lifetime[0]
      Application started. Press Ctrl+C to shut down.
info: Microsoft.Hosting.Lifetime[0]
      Hosting environment: Production
info: Microsoft.Hosting.Lifetime[0]
      Content root path: /private/tmp/pocketstriker-video-20261008/project
info: Microsoft.AspNetCore.Hosting.Diagnostics[1]
      Request starting HTTP/2 POST http://ilpp/UnityILPP.PostProcessing/Ping - application/grpc -
info: Microsoft.AspNetCore.Routing.EndpointMiddleware[0]
      Executing endpoint 'gRPC - /UnityILPP.PostProcessing/Ping'
info: Microsoft.AspNetCore.Routing.EndpointMiddleware[1]
      Executed endpoint 'gRPC - /UnityILPP.PostProcessing/Ping'
info: Microsoft.AspNetCore.Hosting.Diagnostics[2]
      Request finished HTTP/2 POST http://ilpp/UnityILPP.PostProcessing/Ping - 200 - application/grpc 11.5356ms
Starting: /Applications/Unity/Hub/Editor/6000.5.1f1/Unity.app/Contents/Resources/BuildPipeline/bee_backend --ipc --defer-dag-verification --dagfile="Library/Bee/900b0aE.dag" --continue-on-failure --profile="Library/Bee/backend1.traceevents" ScriptAssemblies
WorkingDir: /private/tmp/pocketstriker-video-20261008/project
info: Microsoft.AspNetCore.Hosting.Diagnostics[1]
      Request starting HTTP/2 POST http://ilpp/UnityILPP.PostProcessing/ConfigurePostProcessors - application/grpc -
info: Microsoft.AspNetCore.Routing.EndpointMiddleware[0]
      Executing endpoint 'gRPC - /UnityILPP.PostProcessing/ConfigurePostProcessors'
warn: Unity.ILPP.Runner.PostProcessingAssemblyLoadContext[0]
      Assembly unityeditor.ios.extensions.xcode has duplicate hint path. Ignoring "/Applications/Unity/Hub/Editor/6000.5.1f1/PlaybackEngines/iOSSupport/UnityEditor.iOS.Extensions.Xcode.dll" in favor of "/Applications/Unity/Hub/Editor/6000.5.1f1/PlaybackEngines/MacStandaloneSupport/UnityEditor.iOS.Extensions.Xcode.dll"
warn: Unity.ILPP.Runner.PostProcessingAssemblyLoadContext[0]
      Assembly system.runtime.interopservices.windowsruntime has duplicate hint path. Ignoring "/Applications/Unity/Hub/Editor/6000.5.1f1/Unity.app/Contents/Resources/Scripting/UnityReferenceAssemblies/unity-4.8-api/Facades/System.Runtime.InteropServices.WindowsRuntime.dll" in favor of "/Applications/Unity/Hub/Editor/6000.5.1f1/Unity.app/Contents/Resources/Scripting/NetStandard/Extensions/2.0.0/System.Runtime.InteropServices.WindowsRuntime.dll"
warn: Unity.ILPP.Runner.PostProcessingAssemblyLoadContext[0]
      Assembly system.componentmodel.composition has duplicate hint path. Ignoring "/Applications/Unity/Hub/Editor/6000.5.1f1/Unity.app/Contents/Resources/Scripting/UnityReferenceAssemblies/unity-4.8-api/System.ComponentModel.Composition.dll" in favor of "/Applications/Unity/Hub/Editor/6000.5.1f1/Unity.app/Contents/Resources/Scripting/NetStandard/compat/2.1.0/shims/netfx/System.ComponentModel.Composition.dll"
info: Unity.ILPP.Runner.PostProcessingAssemblyLoadContext[0]
      Resolved Unity.Burst.Cecil, Version=0.11.6.0, Culture=neutral, PublicKeyToken=50cebf1cceb9d05e with Library/PackageCache/com.unity.burst@2f3d916873ea/Unity.Burst.CodeGen/Unity.Burst.Cecil.dll
info: Unity.ILPP.Runner.PostProcessingAssemblyLoadContext[0]
      Resolved Mono.Cecil, Version=0.11.5.0, Culture=neutral, PublicKeyToken=50cebf1cceb9d05e with Library/PackageCache/com.unity.nuget.mono-cecil@ecb9724e46ff/Mono.Cecil.dll
info: Microsoft.AspNetCore.Routing.EndpointMiddleware[1]
      Executed endpoint 'gRPC - /UnityILPP.PostProcessing/ConfigurePostProcessors'
info: Microsoft.AspNetCore.Hosting.Diagnostics[2]
      Request finished HTTP/2 POST http://ilpp/UnityILPP.PostProcessing/ConfigurePostProcessors - 200 - application/grpc 12.2475ms
Starting: /Applications/Unity/Hub/Editor/6000.5.1f1/Unity.app/Contents/Resources/Scripting/netcorerun/netcorerun "/Applications/Unity/Hub/Editor/6000.5.1f1/Unity.app/Contents/Resources/BuildPipeline/ScriptCompilationBuildProgram.exe" "Library/Bee/900b0aE.dag.json" "Library/Bee/900b0aE-inputdata.json" "Library/Bee/buildprogram0.traceevents"
WorkingDir: /private/tmp/pocketstriker-video-20261008/project
ExitCode: 4 Duration: 0s189ms
Rebuilding DAG because FileSignature timestamp changed: Library/Bee/900b0aE-inputdata.json
[ 993/1510  0s] ILPP-Configuration Library/ilpp-configuration.nevergeneratedoutput
*** Tundra requires additional run (0.17 seconds), 1 items updated, 984 evaluated
ExitCode: 0 Duration: 1s247ms
Starting: /Applications/Unity/Hub/Editor/6000.5.1f1/Unity.app/Contents/Resources/BuildPipeline/bee_backend --ipc --defer-dag-verification --dagfile="Library/Bee/900b0aE.dag" --continue-on-failure --dagfilejson="Library/Bee/900b0aE.dag.json" --profile="Library/Bee/backend2.traceevents" ScriptAssemblies
WorkingDir: /private/tmp/pocketstriker-video-20261008/project
info: Microsoft.AspNetCore.Hosting.Diagnostics[1]
      Request starting HTTP/2 POST http://ilpp/UnityILPP.PostProcessing/ConfigurePostProcessors - application/grpc -
info: Microsoft.AspNetCore.Routing.EndpointMiddleware[0]
      Executing endpoint 'gRPC - /UnityILPP.PostProcessing/ConfigurePostProcessors'
info: Unity.ILPP.Runner.PostProcessingAssemblyLoadContext[0]
      Current configuration matches the requested one, skipping
info: Microsoft.AspNetCore.Routing.EndpointMiddleware[1]
      Executed endpoint 'gRPC - /UnityILPP.PostProcessing/ConfigurePostProcessors'
info: Microsoft.AspNetCore.Hosting.Diagnostics[2]
      Request finished HTTP/2 POST http://ilpp/UnityILPP.PostProcessing/ConfigurePostProcessors - 200 - application/grpc 2.1974ms
ExitCode: 0 Duration: 0s538ms
Finished compiling graph: 1513 nodes, 35902 flattened edges (29186 ToBuild, 278 ToUse), maximum node priority 1745
[1107/1510  0s] ILPP-Configuration Library/ilpp-configuration.nevergeneratedoutput
*** Tundra build success (0.53 seconds), 1 items updated, 1510 evaluated
AssetDatabase: script compilation time: 2.261863s
Total cache size 265853712
Total cache size after purge 265853712, took 00:00:00.1626856
Begin MonoManager ReloadAssembly
Symbol file LoadedFromMemory is not a mono symbol file
Refreshing native plugins compatible for Editor in 4.07 ms, found 6 plugins.
Native extension for iOS target not found
Native extension for Android target not found
Native extension for OSXStandalone target not found
Refreshing native plugins compatible for Editor in 3.58 ms, found 6 plugins.
﻿﻿﻿﻿ScheduleIndexationOnStartup MainProcess:True IndexOnStartup:True
Mono: successfully reloaded assembly
- Finished resetting the current domain, in  2.776 seconds
Domain Reload Profiling: 3235ms
	BeginReloadAssembly (89ms)
		DisableScriptedObjects (8ms)
		CreateAndSetChildDomain (26ms)
	RebuildCommonClasses (4ms)
	RebuildNativeTypeToScriptingClass (7ms)
	initialDomainReloadingComplete (22ms)
	LoadAllAssembliesAndSetupDomain (337ms)
		LoadAssemblies (133ms)
		AnalyzeDomain (177ms)
			TypeCache.Refresh (136ms)
				TypeCache.ScanAssembly (124ms)
			BuildScriptInfoCaches (37ms)
			ResolveRequiredComponents (3ms)
	FinalizeReload (2777ms)
		SetupLoadedEditorAssemblies (0ms)
			InitializePlatformSupportModulesInManaged (8ms)
			BeforeProcessingInitializeOnLoad (40ms)
			ProcessInitializeOnLoadAttributes (2442ms)
			ProcessInitializeOnLoadMethodAttributes (106ms)
		AwakeInstancesAfterBackupRestoration (10ms)
Starting new worker id: 0 with log in /private/tmp/pocketstriker-video-20261008/project/Logs/AssetImportWorkerHW0.log

Asset Pipeline Refresh (id=1cda4fc9bb0ab49bfb9d1ad769b43fa8): Total: 6.688 seconds - Initiated by InitialRefreshV2(ForceSynchronousImport)
	(Values over 0.05ms)
	Summary:
		Imports: total=0 (actual=0, local cache=0, cache server=0)
		Asset DB Process Time: managed=0 ms, native=3876 ms
		Asset DB Callback time: managed=32 ms, native=4 ms
		Scripting: domain reloads=1, domain reload time=478 ms, compile time=2263 ms, other=32 ms
		Project Asset Count: scripts=3683, non-scripts=11789
		Asset File Changes: new=0, changed=0, moved=0, deleted=0
		Scan Filter Count: 1
	InvokePackagesCallback: 5.326ms
	ApplyChangesToAssetFolders: 0.231ms
	Scan: 728.056ms
	Collect global state as custom dependencies: 1.325ms
	CategorizeScriptCompilationAssets: 29.389ms
	ProcessAssetsWithTransientArtifactChanges: 50.175ms
	CategorizeAssets: 93.346ms
	CompileScripts: 2262.500ms
	ImportOutOfDateAssets: 2908.959ms (2824.497ms without children)
		ReloadNativeAssets: 0.116ms
		UnloadImportedAssets: 2.512ms
		EnsureUptoDateAssetsAreRegisteredWithGuidPM: 1.382ms
		ImportSchedulerStart: 80.449ms
	PostProcessAllAssets: 32.770ms
		MonoPostProcessAllAssets: 32.747ms
			UniversalRenderPipelineGlobalSettingsPostprocessor.OnPostprocessAllAssets 8.742ms
			WindowAssetPostprocessingWatcher.OnPostprocessAllAssets 1.609ms
			SpeedTree9Postprocessor.OnPostprocessAllAssets 1.392ms
			SyncVS.PostprocessSyncProject 1.062ms
			RenderPipelineGlobalSettingsPostprocessor.OnPostprocessAllAssets 0.283ms
			ShaderReflectionAssetPostProcessor.OnPostprocessAllAssets 0.145ms
			AssetDatabaseCallbacks.OnPostprocessAllAssets 0.142ms
			ReferencedClipsPostProcessor.OnPostprocessAllAssets 0.134ms
			InputActionAssetPostprocessor.OnPostprocessAllAssets 0.120ms
			TerrainToolbarOverlayPostProcessor.OnPostprocessAllAssets 0.112ms
			ProjectSettingsPostprocessor.OnPostprocessAllAssets 0.070ms
			AssetPostprocessorProxy.OnPostprocessAllAssets 0.065ms
	UnloadStreamsBegin: 1.688ms
	PersistCurrentRevisions: 0.288ms
	GenerateScriptTypeHashes: 3.484ms
	GenerateScriptTypeSerializationHashes: 5.441ms
	Untracked: 572.481ms

Application.AssetDatabase Initial Refresh End
Shader Hidden/ChartRasterizerHardware is not supported: GPU does not support conservative rasterization
Launching external process: /Applications/Unity/Hub/Editor/6000.5.1f1/Unity.app/Contents/Helpers/UnityShaderCompiler
Launched and connected shader compiler UnityShaderCompiler after 0.02 seconds
Shader 'SyntyStudios/SkyboxUnlitNoFog': fallback shader 'wiiu' not found
Shader 'SyntyStudios/Basic_LOD_Shader': fallback shader 'wiiu' not found
Shader 'SyntyStudios/CloudShader': fallback shader 'wiiu' not found
Shader 'SyntyStudios/SkyboxUnlit': fallback shader 'wiiu' not found
Shader 'SyntyStudios/TriplanarBasic': fallback shader 'wiiu' not found
Shader 'SyntyStudios/CloudShaderNoFog': fallback shader 'wiiu' not found
Shader Hidden/ChartRasterizerHardware is not supported: GPU does not support conservative rasterization
Scanning for USB devices : 0.084ms
Initializing Unity extensions:
[MODES] ModeService[none].Initialize
[MODES] ModeService[none].LoadModes
[MODES] Loading mode Default (0) for mode-current-id-PocketStriker
Worker ready: AssetImportWorkerHW0 0
2026-10-08 14:09:28.952 Unity[87852:1062172] NSEventModifierFlagFunction specified to -setKeyEquivalentModifierMask: for item <NSMenuItem: 0xc58e8fd40 Quick Recording, ke='Command-F10'>, but is only supported for system-provided menu items; will not be used
2026-10-08 14:09:28.955 Unity[87852:1062172] NSEventModifierFlagFunction specified to -setKeyEquivalentModifierMask: for item <NSMenuItem: 0xc51f3f5c0 SDF, ke='Command-F12'>, but is only supported for system-provided menu items; will not be used
Unloading 29 Unused Serialized files (Serialized files now loaded: 0)
Unloading 9933 unused Assets / (8.0 MB). Loaded Objects now: 10893.
Memory consumption went from 346.8 MB to 338.8 MB.
Total: 11.761875 ms (FindLiveObjects: 0.306583 ms CreateObjectMapping: 2.109959 ms MarkObjects: 6.853875 ms  DeleteObjects: 2.491209 ms)

[LAYOUT] About to load UserSettings/Layouts/default-6000.dwlt, keepMainWindow=False
[Logcat] [WorkThread] 14:09:29.2965 Worker thread started
[LAYOUT] About to save layout /private/tmp/pocketstriker-video-20261008/project/UserSettings/Layouts/default-6000.dwlt
[LAYOUT] About to save layout /Users/daisei/Library/Preferences/Unity/Editor-5.x/Layouts/current/default-6000.dwlt
[MODES] ModeService[default].InitializeCurrentMode
[MODES] ModeService[default].RaiseModeChanged(default, default)
This project uses Input Manager, which is marked for deprecation. To manage input in your project, use the <a href="https://docs.unity3d.com/Packages/com.unity.inputsystem@latest">Input System package</a> instead.
 #0 PlatformStacktrace::GetStacktrace(int, StacktraceTypes::LRUCache<void*, StacktraceTypes::LRUValue>*)
 #1 DebugStringToFile(DebugStringToFileData const&)
 #2 OnProjectLoaded()
 #3 ProfilerCallbackInvoke<CallbackArray, &GlobalCallbacks::editorFinishedLoadingProject>::Invoke(char const*)
 #4 Application::FinishLoadingProject()
 #5 -[EditorApplication applicationDidFinishLaunching:]
 #6 __CFNOTIFICATIONCENTER_IS_CALLING_OUT_TO_AN_OBSERVER__
 #7 ___CFXRegistrationPost_block_invoke
 #8 _CFXRegistrationPost
 #9 _CFXNotificationPost
 #10 -[NSNotificationCenter postNotificationName:object:userInfo:]
 #11 -[NSApplication _postDidFinishNotification]
 #12 -[NSApplication _sendFinishLaunchingNotification]
 #13 -[NSApplication(NSAppleEventHandling) _handleAEOpenEvent:]
 #14 -[NSApplication(NSAppleEventHandling) _handleCoreEvent:withReplyEvent:]
 #15 -[NSAppleEventManager dispatchRawAppleEvent:withRawReply:handlerRefCon:]
 #16 _NSAppleEventManagerGenericHandler
 #17 _AppleEventsCheckInAppWithBlock
 #18 _AppleEventsCheckInAppWithBlock
 #19 aeProcessAppleEvent
 #20 AEProcessAppleEvent
 #21 _DPSNextEvent
 #22 -[NSApplication(NSEventRouting) _nextEventMatchingEventMask:untilDate:inMode:dequeue:]
 #23 -[NSApplication(NSEventRouting) nextEventMatchingMask:untilDate:inMode:dequeue:]
 #24 -[NSApplication run]
 #25 NSApplicationMain
 #26 EditorMain(int, char const**)
 #27 main
 #28 start

Opening scene 'Assets/Scene/ABLoadScene/Scene1.unity'
LightingSettings: switching bake backend from 2 to 1.
Unloading 30 Unused Serialized files (Serialized files now loaded: 0)
Loaded scene 'Assets/Scene/ABLoadScene/Scene1.unity'
	Deserialize:            5.655 ms
	Integration:            179.065 ms
	Integration of assets:  0.786 ms
	Thread Wait Time:       0.006 ms
	Total Operation Time:   185.513 ms
Unloading 6 unused Assets / (88.6 KB). Loaded Objects now: 11755.
Memory consumption went from 393.1 MB to 393.0 MB.
Total: 13.950917 ms (FindLiveObjects: 0.222500 ms CreateObjectMapping: 0.741125 ms MarkObjects: 12.939959 ms  DeleteObjects: 0.047000 ms)

[Project] Loading completed in 9.539 seconds
	Project init time: 				8.073 seconds
		Template init time: 		0.000 seconds
		Package Manager init time: 		0.045 seconds
		Asset Database init time: 		0.148 seconds
		Global illumination init time: 	0.000 seconds
		Assemblies load time: 			0.434 seconds
		Unity extensions init time: 	0.013 seconds
		Asset Database refresh time: 	6.689 seconds
	Scene opening time: 			1.321 seconds
##utp:{"type":"ProjectInfo","version":2,"phase":"Immediate","time":1791436170006,"processId":87852,"projectLoad":9.539010625000002,"projectInit":8.073251292,"templateInit":0.0,"packageManagerInit":0.044898542,"assetDatabaseInit":0.147834292,"globalIlluminationInit":0.000371708,"assembliesLoad":0.434486167,"unityExtensionsInit":0.013224166,"assetDatabaseRefresh":6.688878417,"sceneOpening":1.320966208}
##utp:{"type":"EditorInfo","version":2,"phase":"Immediate","time":1791436170006,"processId":87852,"editorVersion":"6000.5.1f1 (0d9463e84828)","branch":"6000.5/staging","buildType":"Release","platform":"OSX"}
Subscribe to USB device events
Scanning for USB devices : 0.063ms
Thread 0x30016b000 may have been prematurely finalized
Reloading assemblies for play mode.
Reloading assemblies after forced synchronous recompile.
Begin MonoManager ReloadAssembly
[Logcat] [WorkThread] 14:09:30.0987 Worker thread exited
[Logcat] [MainThread]14:09:30.0987 Dispatcher shutting down
<CFData 0xc4fa81db0 [0x1f0e49308]>{length = 6, capacity = 6, bytes = 0xfcb21430e8d0}
Symbol file LoadedFromMemory is not a mono symbol file
Refreshing native plugins compatible for Editor in 3.51 ms, found 6 plugins.
Native extension for iOS target not found
Native extension for Android target not found
Native extension for OSXStandalone target not found
Refreshing native plugins compatible for Editor in 4.26 ms, found 6 plugins.
ScheduleIndexationOnStartup MainProcess:True IndexOnStartup:True
[MODES] ModeService[none].Initialize
[MODES] ModeService[none].LoadModes
[Logcat] [WorkThread] 14:09:31.9089 Worker thread started
Mono: successfully reloaded assembly
- Finished resetting the current domain, in  1.377 seconds
Domain Reload Profiling: 1921ms
	BeginReloadAssembly (406ms)
		DisableScriptedObjects (36ms)
		CreateAndSetChildDomain (298ms)
	RebuildCommonClasses (4ms)
	RebuildNativeTypeToScriptingClass (7ms)
	initialDomainReloadingComplete (23ms)
	LoadAllAssembliesAndSetupDomain (103ms)
		LoadAssemblies (52ms)
		AnalyzeDomain (12ms)
			TypeCache.Refresh (6ms)
			ResolveRequiredComponents (4ms)
	FinalizeReload (1377ms)
		SetupLoadedEditorAssemblies (0ms)
			InitializePlatformSupportModulesInManaged (9ms)
			BeforeProcessingInitializeOnLoad (40ms)
			ProcessInitializeOnLoadAttributes (593ms)
			ProcessInitializeOnLoadMethodAttributes (65ms)
		AwakeInstancesAfterBackupRestoration (413ms)
No restricted APIs configured; Validation skipped.
Checking 40 assemblies for restricted APIs found 0 usage(s) in 1 ms
Refreshing native plugins compatible for Editor in 4.38 ms, found 6 plugins.

Asset Pipeline Refresh (id=bb9ef42c5695247d3be879c9c4f3bdb8): Total: 3.656 seconds - Initiated by StopAssetImportingV2(ForceSynchronousImport | ForceDomainReload)
	(Values over 0.05ms)
	Summary:
		Imports: total=0 (actual=0, local cache=0, cache server=0)
		Asset DB Process Time: managed=0 ms, native=1700 ms
		Asset DB Callback time: managed=1249 ms, native=143 ms
		Scripting: domain reloads=1, domain reload time=562 ms, compile time=1 ms, other=0 ms
		Project Asset Count: scripts=3683, non-scripts=11789
		Asset File Changes: new=0, changed=0, moved=0, deleted=0
		Scan Filter Count: 0
	InvokePackagesCallback: 0.966ms
	ApplyChangesToAssetFolders: 0.159ms
	Collect global state as custom dependencies: 0.933ms
	ProcessAssetsWithTransientArtifactChanges: 100.471ms
	CategorizeAssets: 92.668ms
	CompileScripts: 0.792ms
	ImportOutOfDateAssets: 1458.862ms (1399.805ms without children)
		CollectScriptTypesHashes: 1.132ms
		ReloadNativeAssets: 0.953ms
		UnloadImportedAssets: 0.842ms
		EnsureUptoDateAssetsAreRegisteredWithGuidPM: 1.119ms
		ImportSchedulerStart: 56.126ms
	PostProcessAllAssets: 1384.447ms
		AssemblyValidation.PostprocessAllAssets 43.679ms
		PostProcessCallbackCreateDeferredMaterials 11.742ms
		RaytracingShaderImportPostprocess 7.258ms
		ShaderAssetModifiedCallback 7.176ms
		ComputeShaderImportPostprocess 6.422ms
		SpeedTreeImporter.PostprocessAllAssets 6.229ms
		LocalizationDatabase.AssetDatabasePostprocessCallback 3.161ms
		BlockShaderImporter.PostprocessAllAssets 2.922ms
		XRBuildSystem.XRAssetImported 0.516ms
		MonoPostProcessAllAssets: 1248.128ms
			PackageManagerResolver.OnPostprocessAllAssets 753.823ms
			ShaderGraphAssetPostProcessor.OnPostprocessAllAssets 128.273ms
			AssetPostprocessor.OnPostprocessAllAssets 88.158ms
			LocalizationAssetPostProcessor.OnPostprocessAllAssets 65.211ms
			AddressablesAssetPostProcessor.OnPostprocessAllAssets 35.890ms
			PostProcessor.OnPostprocessAllAssets 32.180ms
			MaterialPostprocessor.OnPostprocessAllAssets 21.534ms
			InputActionJsonNameModifierAssetProcessor.OnPostprocessAllAssets 21.367ms
			InputActionAssetPostprocessor.OnPostprocessAllAssets 21.164ms
			TextAssetPostProcessor.OnPostprocessAllAssets 14.035ms
			AssetChangedListener.OnPostprocessAllAssets 8.856ms
			BuilderAssetPostprocessor.OnPostprocessAllAssets 3.343ms
			SyncVS.PostprocessSyncProject 3.320ms
			UniversalRenderPipelineGlobalSettingsPostprocessor.OnPostprocessAllAssets 3.267ms
			RenderPipelineGlobalSettingsPostprocessor.OnPostprocessAllAssets 2.880ms
			Launch.OnPostprocessAllAssets 2.347ms
			SpeedTree9Postprocessor.OnPostprocessAllAssets 1.390ms
			UtilityWindowPostProcessor.OnPostprocessAllAssets 1.198ms
			AssetPostImportProcess_TitleFX.OnPostprocessAllAssets 1.177ms
			ClothAssetPostprocessor.OnPostprocessAllAssets 1.147ms
			IOSResolver.OnPostprocessAllAssets 1.100ms
			VersionHandlerImpl.OnPostprocessAllAssets 0.973ms
			RetainedModeAssetPostprocessor.OnPostprocessAllAssets 0.912ms
			WindowAssetPostprocessingWatcher.OnPostprocessAllAssets 0.806ms
			StyleCatalogPostProcessor.OnPostprocessAllAssets 0.399ms
			ArtifactBrowserPostProcessor.OnPostprocessAllAssets 0.247ms
			SpeedTreePostProcessor.OnPostprocessAllAssets 0.199ms
			PlayServicesResolver.OnPostprocessAllAssets 0.194ms
			ProjectSettingsPostprocessor.OnPostprocessAllAssets 0.156ms
			AssetPathToTypes.OnPostprocessAllAssets 0.151ms
			ShaderReflectionAssetPostProcessor.OnPostprocessAllAssets 0.149ms
			UVCSAssetPostprocessor.OnPostprocessAllAssets 0.146ms
			ReferencedClipsPostProcessor.OnPostprocessAllAssets 0.141ms
			SamplePostprocessor.OnPostprocessAllAssets 0.133ms
			AudioMixerPostprocessor.OnPostprocessAllAssets 0.132ms
			TMPro_TexturePostProcessor.OnPostprocessAllAssets 0.123ms
			SampleDependencyImporterPostProcessor.OnPostprocessAllAssets 0.113ms
			AssetEvents.OnPostprocessAllAssets 0.087ms
			AssetPostprocessorProxy.OnPostprocessAllAssets 0.066ms
			TerrainToolbarOverlayPostProcessor.OnPostprocessAllAssets 0.063ms
			AssetDatabaseCallbacks.OnPostprocessAllAssets 0.053ms
	PostAssetChangesProfiler: 7.938ms
	GatherAllCurrentPrimaryImportResultRevisions: 0.404ms
	UnloadStreamsBegin: 0.730ms
	PersistCurrentRevisions: 0.286ms
	GenerateScriptTypeHashes: 4.072ms
	GenerateScriptTypeSerializationHashes: 6.123ms
	Untracked: 605.115ms

LightingSettings: switching bake backend from 2 to 1.
Loaded scene 'Temp/__Backupscenes/0.backup'
	Deserialize:            3.556 ms
	Integration:            259.670 ms
	Integration of assets:  0.003 ms
	Thread Wait Time:       0.005 ms
	Total Operation Time:   263.234 ms
Asset Pipeline Refresh (id=3075f898709f74f08b0884b983d9a390): Total: 0.003 seconds - Initiated by StopAssetImportingV2(NoUpdateAssetOptions)
Start Indexing on Editor startup
[Indexing] Starting Initial Indexing for Assets
Created GICache directory at /Users/daisei/Library/Caches/com.unity3d.UnityEditor/GiCache. Took: 0.005s, timestamps: [14.180 - 14.185]
currentVersion:3.0.2
 #0 PlatformStacktrace::GetStacktrace(int, StacktraceTypes::LRUCache<void*, StacktraceTypes::LRUValue>*)
 #1 DebugStringToFileExtended(DebugStringToFileData const&)
 #2 DebugLogHandler_CUSTOM_Internal_Log(LogType, LogOption, BindingsManagedSpan*, void*)
 #3  (Mono JIT Code) (wrapper managed-to-native) UnityEngine.DebugLogHandler:Internal_Log_Injected (UnityEngine.LogType,UnityEngine.LogOption,UnityEngine.Bindings.ManagedSpanWrapper&,intptr)
 #4  (Mono JIT Code) UnityEngine.DebugLogHandler:Internal_Log (UnityEngine.LogType,UnityEngine.LogOption,string,UnityEngine.Object)
 #5  (Mono JIT Code) [DebugLogHandler.cs:10] UnityEngine.DebugLogHandler:LogFormat (UnityEngine.LogType,UnityEngine.Object,string,object[])
 #6  (Mono JIT Code) [Logger.cs:61] UnityEngine.Logger:Log (UnityEngine.LogType,object)
 #7  (Mono JIT Code) [Debug.bindings.cs:123] UnityEngine.Debug:Log (object)
 #8  (Mono JIT Code) [AddressablesLogic.cs:79] AddressablesLogic/<VersionConfirm>d__5:MoveNext ()
 #9  (Mono JIT Code) [StateMachineRunner.cs:314] Cysharp.Threading.Tasks.CompilerServices.AsyncUniTask`2<AddressablesLogic/<VersionConfirm>d__5, bool>:Run ()
 #10  (Mono JIT Code) [UniTask.cs:25] Cysharp.Threading.Tasks.AwaiterActions:Continuation (object)
 #11  (Mono JIT Code) [UniTaskCompletionSource.cs:139] Cysharp.Threading.Tasks.UniTaskCompletionSourceCore`1<Cysharp.Threading.Tasks.AsyncUnit>:TrySetResult (Cysharp.Threading.Tasks.AsyncUnit)
 #12  (Mono JIT Code) [UniTask.Delay.cs:654] Cysharp.Threading.Tasks.UniTask/DelayFramePromise:MoveNext ()
 #13  (Mono JIT Code) [PlayerLoopRunner.cs:175] Cysharp.Threading.Tasks.Internal.PlayerLoopRunner:RunCore ()
 #14  (Mono JIT Code) [PlayerLoopRunner.cs:145] Cysharp.Threading.Tasks.Internal.PlayerLoopRunner:Update ()
 #15  (Mono JIT Code) [PlayerLoopRunner.cs:105] Cysharp.Threading.Tasks.Internal.PlayerLoopRunner:Run ()
 #16  (Mono JIT Code) (wrapper runtime-invoke) object:runtime_invoke_void__this__ (object,intptr,intptr,intptr)
 #17 mono_jit_runtime_invoke
 #18 do_runtime_invoke
 #19 mono_runtime_invoke
 #20 scripting_method_invoke(ScriptingMethodPtr, ScriptingObjectPtr, ScriptingArguments&, ScriptingExceptionPtr*, bool)
 #21 ScriptingInvocation::Invoke(ScriptingExceptionPtr*, bool)
 #22 ExecutePlayerLoop(NativePlayerLoopSystem*)
 #23 ExecutePlayerLoop(NativePlayerLoopSystem*)
 #24 PlayerLoop()
 #25 EditorPlayerLoop::Execute()
 #26 PlayerLoopController::InternalUpdateScene(bool, bool)
 #27 PlayerLoopController::UpdateSceneIfNeededFromMainLoop()
 #28 Application::TickTimer()
 #29 -[EditorApplication onEditorUpdatesTickTimer]
 #30 __NSFireTimer
 #31 __CFRUNLOOP_IS_CALLING_OUT_TO_A_TIMER_CALLBACK_FUNCTION__
 #32 __CFRunLoopDoTimer
 #33 __CFRunLoopDoTimers
 #34 __CFRunLoopRun
 #35 _CFRunLoopRunSpecificWithOptions
 #36 RunCurrentEventLoopInMode
 #37 ReceiveNextEventCommon
 #38 _BlockUntilNextEventMatchingListInMode
 #39 _DPSBlockUntilNextEventMatchingListInMode
 #40 _DPSNextEvent
 #41 -[NSApplication(NSEventRouting) _nextEventMatchingEventMask:untilDate:inMode:dequeue:]
 #42 -[NSApplication(NSEventRouting) nextEventMatchingMask:untilDate:inMode:dequeue:]
 #43 -[EditorApplication checkForFocusChange:]
 #44 __NSFireTimer
 #45 __CFRUNLOOP_IS_CALLING_OUT_TO_A_TIMER_CALLBACK_FUNCTION__
 #46 __CFRunLoopDoTimer
 #47 __CFRunLoopDoTimers
 #48 __CFRunLoopRun
 #49 _CFRunLoopRunSpecificWithOptions
 #50 RunCurrentEventLoopInMode
 #51 ReceiveNextEventCommon
 #52 _BlockUntilNextEventMatchingListInMode
 #53 _DPSBlockUntilNextEventMatchingListInMode
 #54 _DPSNextEvent
 #55 -[NSApplication(NSEventRouting) _nextEventMatchingEventMask:untilDate:inMode:dequeue:]
 #56 -[NSApplication(NSEventRouting) nextEventMatchingMask:untilDate:inMode:dequeue:]
 #57 -[NSApplication run]
 #58 NSApplicationMain
 #59 EditorMain(int, char const**)
 #60 main
 #61 start

serverVersion:3.0.2
 #0 PlatformStacktrace::GetStacktrace(int, StacktraceTypes::LRUCache<void*, StacktraceTypes::LRUValue>*)
 #1 DebugStringToFileExtended(DebugStringToFileData const&)
 #2 DebugLogHandler_CUSTOM_Internal_Log(LogType, LogOption, BindingsManagedSpan*, void*)
 #3  (Mono JIT Code) (wrapper managed-to-native) UnityEngine.DebugLogHandler:Internal_Log_Injected (UnityEngine.LogType,UnityEngine.LogOption,UnityEngine.Bindings.ManagedSpanWrapper&,intptr)
 #4  (Mono JIT Code) UnityEngine.DebugLogHandler:Internal_Log (UnityEngine.LogType,UnityEngine.LogOption,string,UnityEngine.Object)
 #5  (Mono JIT Code) [DebugLogHandler.cs:10] UnityEngine.DebugLogHandler:LogFormat (UnityEngine.LogType,UnityEngine.Object,string,object[])
 #6  (Mono JIT Code) [Logger.cs:61] UnityEngine.Logger:Log (UnityEngine.LogType,object)
 #7  (Mono JIT Code) [Debug.bindings.cs:123] UnityEngine.Debug:Log (object)
 #8  (Mono JIT Code) [AddressablesLogic.cs:81] AddressablesLogic/<VersionConfirm>d__5:MoveNext ()
 #9  (Mono JIT Code) [StateMachineRunner.cs:314] Cysharp.Threading.Tasks.CompilerServices.AsyncUniTask`2<AddressablesLogic/<VersionConfirm>d__5, bool>:Run ()
 #10  (Mono JIT Code) [UniTask.cs:25] Cysharp.Threading.Tasks.AwaiterActions:Continuation (object)
 #11  (Mono JIT Code) [UniTaskCompletionSource.cs:139] Cysharp.Threading.Tasks.UniTaskCompletionSourceCore`1<Cysharp.Threading.Tasks.AsyncUnit>:TrySetResult (Cysharp.Threading.Tasks.AsyncUnit)
 #12  (Mono JIT Code) [UniTask.Delay.cs:654] Cysharp.Threading.Tasks.UniTask/DelayFramePromise:MoveNext ()
 #13  (Mono JIT Code) [PlayerLoopRunner.cs:175] Cysharp.Threading.Tasks.Internal.PlayerLoopRunner:RunCore ()
 #14  (Mono JIT Code) [PlayerLoopRunner.cs:145] Cysharp.Threading.Tasks.Internal.PlayerLoopRunner:Update ()
 #15  (Mono JIT Code) [PlayerLoopRunner.cs:105] Cysharp.Threading.Tasks.Internal.PlayerLoopRunner:Run ()
 #16  (Mono JIT Code) (wrapper runtime-invoke) object:runtime_invoke_void__this__ (object,intptr,intptr,intptr)
 #17 mono_jit_runtime_invoke
 #18 do_runtime_invoke
 #19 mono_runtime_invoke
 #20 scripting_method_invoke(ScriptingMethodPtr, ScriptingObjectPtr, ScriptingArguments&, ScriptingExceptionPtr*, bool)
 #21 ScriptingInvocation::Invoke(ScriptingExceptionPtr*, bool)
 #22 ExecutePlayerLoop(NativePlayerLoopSystem*)
 #23 ExecutePlayerLoop(NativePlayerLoopSystem*)
 #24 PlayerLoop()
 #25 EditorPlayerLoop::Execute()
 #26 PlayerLoopController::InternalUpdateScene(bool, bool)
 #27 PlayerLoopController::UpdateSceneIfNeededFromMainLoop()
 #28 Application::TickTimer()
 #29 -[EditorApplication onEditorUpdatesTickTimer]
 #30 __NSFireTimer
 #31 __CFRUNLOOP_IS_CALLING_OUT_TO_A_TIMER_CALLBACK_FUNCTION__
 #32 __CFRunLoopDoTimer
 #33 __CFRunLoopDoTimers
 #34 __CFRunLoopRun
 #35 _CFRunLoopRunSpecificWithOptions
 #36 RunCurrentEventLoopInMode
 #37 ReceiveNextEventCommon
 #38 _BlockUntilNextEventMatchingListInMode
 #39 _DPSBlockUntilNextEventMatchingListInMode
 #40 _DPSNextEvent
 #41 -[NSApplication(NSEventRouting) _nextEventMatchingEventMask:untilDate:inMode:dequeue:]
 #42 -[NSApplication(NSEventRouting) nextEventMatchingMask:untilDate:inMode:dequeue:]
 #43 -[EditorApplication checkForFocusChange:]
 #44 __NSFireTimer
 #45 __CFRUNLOOP_IS_CALLING_OUT_TO_A_TIMER_CALLBACK_FUNCTION__
 #46 __CFRunLoopDoTimer
 #47 __CFRunLoopDoTimers
 #48 __CFRunLoopRun
 #49 _CFRunLoopRunSpecificWithOptions
 #50 RunCurrentEventLoopInMode
 #51 ReceiveNextEventCommon
 #52 _BlockUntilNextEventMatchingListInMode
 #53 _DPSBlockUntilNextEventMatchingListInMode
 #54 _DPSNextEvent
 #55 -[NSApplication(NSEventRouting) _nextEventMatchingEventMask:untilDate:inMode:dequeue:]
 #56 -[NSApplication(NSEventRouting) nextEventMatchingMask:untilDate:inMode:dequeue:]
 #57 -[NSApplication run]
 #58 NSApplicationMain
 #59 EditorMain(int, char const**)
 #60 main
 #61 start

[Licensing::Client] Successfully resolved entitlement details
[Licensing::Client] Successfully resolved entitlement details
Importing 'GUID: b669daab31cd44e78a6a759f8ca01044 - Path: Assets/Resources/DOTweenSettings.asset' with importer (NativeFormatImporter)
Imported 'GUID: b669daab31cd44e78a6a759f8ca01044' -> (Import Result ID: 'cede41d7171d1803b9d934ac81c64f78') in 0.002 seconds [static dependencies only]. Details - ImportResultOutputID=6135d2e9daa93442e467e8cd5c0d208f DependenciesID=3b9695bc6d644b582973629774537bbd StaticDependenciesID=8fc77b6df9ea22f0a0282a8c847b2510 
Importing 'GUID: 0bcb1e4f5d13e89408ef5e90c8c76511 - Path: Assets/PlayFabEditorExtensions/Editor/Resources/PlayFabEditorPrefsSO.asset' with importer (NativeFormatImporter)
Imported 'GUID: 0bcb1e4f5d13e89408ef5e90c8c76511' -> (Import Result ID: '842af76f11385e712fc2391466020b16') in 0.001 seconds [static dependencies only]. Details - ImportResultOutputID=76cdf866b6c9896c7efb40808ac72d0d DependenciesID=21054172ff00fcef395ff70708e79b47 StaticDependenciesID=49d5ca7f8452069917028104f7b4a072 
Refreshing native plugins compatible for Editor in 4.34 ms, found 6 plugins.
Asset Pipeline Refresh (id=c289c46e0543e490091e01a36df6522b): Total: 0.095 seconds - Initiated by StopAssetImportingV2(NoUpdateAssetOptions)
[Licensing::Client] Successfully updated the access token
[Licensing::Module] Successfully updated access token: "u8k8pb60"... (expires: 2026-10-08T06:36:26Z)
[Licensing::Client] Successfully resolved entitlement details
Asset Pipeline Refresh (id=2f46af08d483942889f5eae42b5eb878): Total: 0.001 seconds - Initiated by StopAssetImportingV2(NoUpdateAssetOptions)
[Licensing::Client] Successfully resolved entitlement details
Android Extension - Scanning For ADB Devices 3093 ms
Android Extension - Scanning For ADB Devices 98 ms
PlayFab Device login succeeded on attempt 1.
 #0 PlatformStacktrace::GetStacktrace(int, StacktraceTypes::LRUCache<void*, StacktraceTypes::LRUValue>*)
 #1 DebugStringToFileExtended(DebugStringToFileData const&)
 #2 DebugLogHandler_CUSTOM_Internal_Log(LogType, LogOption, BindingsManagedSpan*, void*)
 #3  (Mono JIT Code) (wrapper managed-to-native) UnityEngine.DebugLogHandler:Internal_Log_Injected (UnityEngine.LogType,UnityEngine.LogOption,UnityEngine.Bindings.ManagedSpanWrapper&,intptr)
 #4  (Mono JIT Code) UnityEngine.DebugLogHandler:Internal_Log (UnityEngine.LogType,UnityEngine.LogOption,string,UnityEngine.Object)
 #5  (Mono JIT Code) [DebugLogHandler.cs:10] UnityEngine.DebugLogHandler:LogFormat (UnityEngine.LogType,UnityEngine.Object,string,object[])
 #6  (Mono JIT Code) [Logger.cs:61] UnityEngine.Logger:Log (UnityEngine.LogType,object)
 #7  (Mono JIT Code) [Debug.bindings.cs:123] UnityEngine.Debug:Log (object)
 #8  (Mono JIT Code) [Login.cs:308] PlayFabReadClient/<RunLoginWithRetryAsync>d__50:MoveNext ()
 #9  (Mono JIT Code) [StateMachineRunner.cs:105] Cysharp.Threading.Tasks.CompilerServices.AsyncUniTaskVoid`1<PlayFabReadClient/<RunLoginWithRetryAsync>d__50>:Run ()
 #10  (Mono JIT Code) [UniTask.cs:25] Cysharp.Threading.Tasks.AwaiterActions:Continuation (object)
 #11  (Mono JIT Code) [UniTaskCompletionSource.cs:912] Cysharp.Threading.Tasks.UniTaskCompletionSource`1<System.ValueTuple`2<PlayFab.ClientModels.LoginResult, PlayFab.PlayFabError>>:TrySignalCompletion (Cysharp.Threading.Tasks.UniTaskStatus)
 #12  (Mono JIT Code) [UniTaskCompletionSource.cs:797] Cysharp.Threading.Tasks.UniTaskCompletionSource`1<System.ValueTuple`2<PlayFab.ClientModels.LoginResult, PlayFab.PlayFabError>>:TrySetResult (System.ValueTuple`2<PlayFab.ClientModels.LoginResult, PlayFab.PlayFabError>)
 #13  (Mono JIT Code) [Login.cs:343] PlayFabReadClient/<>c__DisplayClass51_0:<ExecuteLoginRequestAsync>b__0 (PlayFab.ClientModels.LoginResult)
 #14  (Mono JIT Code) [PlayFabHTTP.cs:219] PlayFab.Internal.PlayFabHttp/<>c__DisplayClass23_0`1<TResult_REF>:<_MakeApiCall>b__1 ()
 #15  (Mono JIT Code) [PlayFabUnityHttp.cs:244] PlayFab.Internal.PlayFabUnityHttp:OnResponse (string,PlayFab.Internal.CallRequestContainer)
 #16  (Mono JIT Code) [PlayFabUnityHttp.cs:197] PlayFab.Internal.PlayFabUnityHttp/<Post>d__12:MoveNext ()
 #17  (Mono JIT Code) [Coroutines.cs:17] UnityEngine.SetupCoroutine:InvokeMoveNext (System.Collections.IEnumerator,intptr)
 #18  (Mono JIT Code) (wrapper runtime-invoke) <Module>:runtime_invoke_void_object_intptr (object,intptr,intptr,intptr)
 #19 mono_jit_runtime_invoke
 #20 do_runtime_invoke
 #21 mono_runtime_invoke
 #22 scripting_method_invoke(ScriptingMethodPtr, ScriptingObjectPtr, ScriptingArguments&, ScriptingExceptionPtr*, bool)
 #23 ScriptingInvocation::Invoke(ScriptingExceptionPtr*, bool)
 #24 Coroutine::InvokeMoveNext(ScriptingExceptionPtr*)
 #25 Coroutine::Run(bool*)
 #26 AsyncOperation::InvokeCoroutine()
 #27 UnityWebRequestAsyncOperation::InvokeCoroutine()
 #28 UnityWebRequestProto<UnityWebRequestTransport, AtomicRefCounter, RedirectHelper, ResponseHelper, DownloadHandler, UploadHandler, CertificateHandler, HeaderHelper, AsyncOperation>::Job_InvokeCoroutine(AsyncOperation*)
 #29 BackgroundJobQueue::ExecuteMainThreadJobs()
 #30 InitPlayerLoopCallbacks()::EarlyUpdateExecuteMainThreadJobsRegistrator::Forward()
 #31 ExecutePlayerLoop(NativePlayerLoopSystem*)
 #32 ExecutePlayerLoop(NativePlayerLoopSystem*)
 #33 PlayerLoop()
 #34 EditorPlayerLoop::Execute()
 #35 PlayerLoopController::InternalUpdateScene(bool, bool)
 #36 PlayerLoopController::UpdateSceneIfNeededFromMainLoop()
 #37 Application::TickTimer()
 #38 -[EditorApplication onEditorUpdatesTickTimer]
 #39 __NSFireTimer
 #40 __CFRUNLOOP_IS_CALLING_OUT_TO_A_TIMER_CALLBACK_FUNCTION__
 #41 __CFRunLoopDoTimer
 #42 __CFRunLoopDoTimers
 #43 __CFRunLoopRun
 #44 _CFRunLoopRunSpecificWithOptions
 #45 RunCurrentEventLoopInMode
 #46 ReceiveNextEventCommon
 #47 _BlockUntilNextEventMatchingListInMode
 #48 _DPSBlockUntilNextEventMatchingListInMode
 #49 _DPSNextEvent
 #50 -[NSApplication(NSEventRouting) _nextEventMatchingEventMask:untilDate:inMode:dequeue:]
 #51 -[NSApplication(NSEventRouting) nextEventMatchingMask:untilDate:inMode:dequeue:]
 #52 -[NSApplication run]
 #53 NSApplicationMain
 #54 EditorMain(int, char const**)
 #55 main
 #56 start

Attempted to call .Dispose on an already disposed CancellationTokenSource
Android Extension - Scanning For ADB Devices 74 ms
wait for a initialized account, try time : 1
 #0 PlatformStacktrace::GetStacktrace(int, StacktraceTypes::LRUCache<void*, StacktraceTypes::LRUValue>*)
 #1 DebugStringToFileExtended(DebugStringToFileData const&)
 #2 DebugLogHandler_CUSTOM_Internal_Log(LogType, LogOption, BindingsManagedSpan*, void*)
 #3  (Mono JIT Code) (wrapper managed-to-native) UnityEngine.DebugLogHandler:Internal_Log_Injected (UnityEngine.LogType,UnityEngine.LogOption,UnityEngine.Bindings.ManagedSpanWrapper&,intptr)
 #4  (Mono JIT Code) UnityEngine.DebugLogHandler:Internal_Log (UnityEngine.LogType,UnityEngine.LogOption,string,UnityEngine.Object)
 #5  (Mono JIT Code) [DebugLogHandler.cs:10] UnityEngine.DebugLogHandler:LogFormat (UnityEngine.LogType,UnityEngine.Object,string,object[])
 #6  (Mono JIT Code) [Logger.cs:61] UnityEngine.Logger:Log (UnityEngine.LogType,object)
 #7  (Mono JIT Code) [Debug.bindings.cs:123] UnityEngine.Debug:Log (object)
 #8  (Mono JIT Code) [Login.cs:214] PlayFabReadClient/<>c__DisplayClass46_0:<TryProcessWithLimitedTimes>b__0 ()
 #9  (Mono JIT Code) [UniTaskExtensions.cs:715] Cysharp.Threading.Tasks.UniTaskExtensions/<ContinueWith>d__58:MoveNext ()
 #10  (Mono JIT Code) [StateMachineRunner.cs:190] Cysharp.Threading.Tasks.CompilerServices.AsyncUniTask`1<Cysharp.Threading.Tasks.UniTaskExtensions/<ContinueWith>d__58>:Run ()
 #11  (Mono JIT Code) [UniTask.cs:25] Cysharp.Threading.Tasks.AwaiterActions:Continuation (object)
 #12  (Mono JIT Code) [UniTaskCompletionSource.cs:139] Cysharp.Threading.Tasks.UniTaskCompletionSourceCore`1<TResult_REF>:TrySetResult (TResult_REF)
 #13  (Mono JIT Code) [UniTask.Delay.cs:811] Cysharp.Threading.Tasks.UniTask/DelayPromise:MoveNext ()
 #14  (Mono JIT Code) [PlayerLoopRunner.cs:175] Cysharp.Threading.Tasks.Internal.PlayerLoopRunner:RunCore ()
 #15  (Mono JIT Code) [PlayerLoopRunner.cs:145] Cysharp.Threading.Tasks.Internal.PlayerLoopRunner:Update ()
 #16  (Mono JIT Code) [PlayerLoopRunner.cs:105] Cysharp.Threading.Tasks.Internal.PlayerLoopRunner:Run ()
 #17  (Mono JIT Code) (wrapper runtime-invoke) object:runtime_invoke_void__this__ (object,intptr,intptr,intptr)
 #18 mono_jit_runtime_invoke
 #19 do_runtime_invoke
 #20 mono_runtime_invoke
 #21 scripting_method_invoke(ScriptingMethodPtr, ScriptingObjectPtr, ScriptingArguments&, ScriptingExceptionPtr*, bool)
 #22 ScriptingInvocation::Invoke(ScriptingExceptionPtr*, bool)
 #23 ExecutePlayerLoop(NativePlayerLoopSystem*)
 #24 ExecutePlayerLoop(NativePlayerLoopSystem*)
 #25 PlayerLoop()
 #26 EditorPlayerLoop::Execute()
 #27 PlayerLoopController::InternalUpdateScene(bool, bool)
 #28 PlayerLoopController::UpdateSceneIfNeededFromMainLoop()
 #29 Application::TickTimer()
 #30 -[EditorApplication onEditorUpdatesTickTimer]
 #31 __NSFireTimer
 #32 __CFRUNLOOP_IS_CALLING_OUT_TO_A_TIMER_CALLBACK_FUNCTION__
 #33 __CFRunLoopDoTimer
 #34 __CFRunLoopDoTimers
 #35 __CFRunLoopRun
 #36 _CFRunLoopRunSpecificWithOptions
 #37 RunCurrentEventLoopInMode
 #38 ReceiveNextEventCommon
 #39 _BlockUntilNextEventMatchingListInMode
 #40 _DPSBlockUntilNextEventMatchingListInMode
 #41 _DPSNextEvent
 #42 -[NSApplication(NSEventRouting) _nextEventMatchingEventMask:untilDate:inMode:dequeue:]
 #43 -[NSApplication(NSEventRouting) nextEventMatchingMask:untilDate:inMode:dequeue:]
 #44 -[NSApplication run]
 #45 NSApplicationMain
 #46 EditorMain(int, char const**)
 #47 main
 #48 start

Android Extension - Scanning For ADB Devices 83 ms
Checkin Result: AlreadyLoginToday award: streak:1
 #0 PlatformStacktrace::GetStacktrace(int, StacktraceTypes::LRUCache<void*, StacktraceTypes::LRUValue>*)
 #1 DebugStringToFileExtended(DebugStringToFileData const&)
 #2 DebugLogHandler_CUSTOM_Internal_Log(LogType, LogOption, BindingsManagedSpan*, void*)
 #3  (Mono JIT Code) (wrapper managed-to-native) UnityEngine.DebugLogHandler:Internal_Log_Injected (UnityEngine.LogType,UnityEngine.LogOption,UnityEngine.Bindings.ManagedSpanWrapper&,intptr)
 #4  (Mono JIT Code) UnityEngine.DebugLogHandler:Internal_Log (UnityEngine.LogType,UnityEngine.LogOption,string,UnityEngine.Object)
 #5  (Mono JIT Code) [DebugLogHandler.cs:10] UnityEngine.DebugLogHandler:LogFormat (UnityEngine.LogType,UnityEngine.Object,string,object[])
 #6  (Mono JIT Code) [Logger.cs:61] UnityEngine.Logger:Log (UnityEngine.LogType,object)
 #7  (Mono JIT Code) [Debug.bindings.cs:123] UnityEngine.Debug:Log (object)
 #8  (Mono JIT Code) [CheckIn.cs:20] CloudScript/<>c__DisplayClass6_0:<CheckIn>b__0 (PlayFab.ClientModels.ExecuteCloudScriptResult)
 #9  (Mono JIT Code) [Common.cs:45] CloudScript/<>c__DisplayClass9_1:<ExecuteCloudScriptMainSceneCommon>b__1 (PlayFab.ClientModels.ExecuteCloudScriptResult)
 #10  (Mono JIT Code) [PlayFabHTTP.cs:219] PlayFab.Internal.PlayFabHttp/<>c__DisplayClass23_0`1<TResult_REF>:<_MakeApiCall>b__1 ()
 #11  (Mono JIT Code) [PlayFabUnityHttp.cs:244] PlayFab.Internal.PlayFabUnityHttp:OnResponse (string,PlayFab.Internal.CallRequestContainer)
 #12  (Mono JIT Code) [PlayFabUnityHttp.cs:197] PlayFab.Internal.PlayFabUnityHttp/<Post>d__12:MoveNext ()
 #13  (Mono JIT Code) [Coroutines.cs:17] UnityEngine.SetupCoroutine:InvokeMoveNext (System.Collections.IEnumerator,intptr)
 #14  (Mono JIT Code) (wrapper runtime-invoke) <Module>:runtime_invoke_void_object_intptr (object,intptr,intptr,intptr)
 #15 mono_jit_runtime_invoke
 #16 do_runtime_invoke
 #17 mono_runtime_invoke
 #18 scripting_method_invoke(ScriptingMethodPtr, ScriptingObjectPtr, ScriptingArguments&, ScriptingExceptionPtr*, bool)
 #19 ScriptingInvocation::Invoke(ScriptingExceptionPtr*, bool)
 #20 Coroutine::InvokeMoveNext(ScriptingExceptionPtr*)
 #21 Coroutine::Run(bool*)
 #22 AsyncOperation::InvokeCoroutine()
 #23 UnityWebRequestAsyncOperation::InvokeCoroutine()
 #24 UnityWebRequestProto<UnityWebRequestTransport, AtomicRefCounter, RedirectHelper, ResponseHelper, DownloadHandler, UploadHandler, CertificateHandler, HeaderHelper, AsyncOperation>::Job_InvokeCoroutine(AsyncOperation*)
 #25 BackgroundJobQueue::ExecuteMainThreadJobs()
 #26 InitPlayerLoopCallbacks()::EarlyUpdateExecuteMainThreadJobsRegistrator::Forward()
 #27 ExecutePlayerLoop(NativePlayerLoopSystem*)
 #28 ExecutePlayerLoop(NativePlayerLoopSystem*)
 #29 PlayerLoop()
 #30 EditorPlayerLoop::Execute()
 #31 PlayerLoopController::InternalUpdateScene(bool, bool)
 #32 PlayerLoopController::UpdateSceneIfNeededFromMainLoop()
 #33 Application::TickTimer()
 #34 -[EditorApplication onEditorUpdatesTickTimer]
 #35 __NSFireTimer
 #36 __CFRUNLOOP_IS_CALLING_OUT_TO_A_TIMER_CALLBACK_FUNCTION__
 #37 __CFRunLoopDoTimer
 #38 __CFRunLoopDoTimers
 #39 __CFRunLoopRun
 #40 _CFRunLoopRunSpecificWithOptions
 #41 RunCurrentEventLoopInMode
 #42 ReceiveNextEventCommon
 #43 _BlockUntilNextEventMatchingListInMode
 #44 _DPSBlockUntilNextEventMatchingListInMode
 #45 _DPSNextEvent
 #46 -[NSApplication(NSEventRouting) _nextEventMatchingEventMask:untilDate:inMode:dequeue:]
 #47 -[NSApplication(NSEventRouting) nextEventMatchingMask:untilDate:inMode:dequeue:]
 #48 -[NSApplication run]
 #49 NSApplicationMain
 #50 EditorMain(int, char const**)
 #51 main
 #52 start

Unloading 1098 Unused Serialized files (Serialized files now loaded: 0)
UnloadTime: 10.728833 ms
Loaded scene 'Assets/Scene/MainScene/MainMenuScene.unity'
	Deserialize:            20.893 ms
	Integration:            197.681 ms
	Integration of assets:  0.153 ms
	Thread Wait Time:       0.003 ms
	Total Operation Time:   218.730 ms
Unloading 15321 unused Assets / (6.6 MB). Loaded Objects now: 12429.
Memory consumption went from 0.93 GB to 0.92 GB.
Total: 30.865625 ms (FindLiveObjects: 0.556166 ms CreateObjectMapping: 3.607542 ms MarkObjects: 17.303375 ms  DeleteObjects: 9.398250 ms)

Product:diamond50
 #0 PlatformStacktrace::GetStacktrace(int, StacktraceTypes::LRUCache<void*, StacktraceTypes::LRUValue>*)
 #1 DebugStringToFileExtended(DebugStringToFileData const&)
 #2 DebugLogHandler_CUSTOM_Internal_Log(LogType, LogOption, BindingsManagedSpan*, void*)
 #3  (Mono JIT Code) (wrapper managed-to-native) UnityEngine.DebugLogHandler:Internal_Log_Injected (UnityEngine.LogType,UnityEngine.LogOption,UnityEngine.Bindings.ManagedSpanWrapper&,intptr)
 #4  (Mono JIT Code) UnityEngine.DebugLogHandler:Internal_Log (UnityEngine.LogType,UnityEngine.LogOption,string,UnityEngine.Object)
 #5  (Mono JIT Code) [DebugLogHandler.cs:10] UnityEngine.DebugLogHandler:LogFormat (UnityEngine.LogType,UnityEngine.Object,string,object[])
 #6  (Mono JIT Code) [Logger.cs:61] UnityEngine.Logger:Log (UnityEngine.LogType,object)
 #7  (Mono JIT Code) [Debug.bindings.cs:123] UnityEngine.Debug:Log (object)
 #8  (Mono JIT Code) [IAPManager.cs:158] IAPManager:InitializePurchasing ()
 #9  (Mono JIT Code) [IAPManager.cs:61] IAPManager:set_StoneProductCatalogInitialised (bool)
 #10  (Mono JIT Code) [IAPManager.cs:121] IAPManager:<RefreshIAPItems>b__24_2 (PlayFab.ClientModels.GetCatalogItemsResult)
 #11  (Mono JIT Code) [PlayFabHTTP.cs:219] PlayFab.Internal.PlayFabHttp/<>c__DisplayClass23_0`1<TResult_REF>:<_MakeApiCall>b__1 ()
 #12  (Mono JIT Code) [PlayFabUnityHttp.cs:244] PlayFab.Internal.PlayFabUnityHttp:OnResponse (string,PlayFab.Internal.CallRequestContainer)
 #13  (Mono JIT Code) [PlayFabUnityHttp.cs:197] PlayFab.Internal.PlayFabUnityHttp/<Post>d__12:MoveNext ()
 #14  (Mono JIT Code) [Coroutines.cs:17] UnityEngine.SetupCoroutine:InvokeMoveNext (System.Collections.IEnumerator,intptr)
 #15  (Mono JIT Code) (wrapper runtime-invoke) <Module>:runtime_invoke_void_object_intptr (object,intptr,intptr,intptr)
 #16 mono_jit_runtime_invoke
 #17 do_runtime_invoke
 #18 mono_runtime_invoke
 #19 scripting_method_invoke(ScriptingMethodPtr, ScriptingObjectPtr, ScriptingArguments&, ScriptingExceptionPtr*, bool)
 #20 ScriptingInvocation::Invoke(ScriptingExceptionPtr*, bool)
 #21 Coroutine::InvokeMoveNext(ScriptingExceptionPtr*)
 #22 Coroutine::Run(bool*)
 #23 AsyncOperation::InvokeCoroutine()
 #24 UnityWebRequestAsyncOperation::InvokeCoroutine()
 #25 UnityWebRequestProto<UnityWebRequestTransport, AtomicRefCounter, RedirectHelper, ResponseHelper, DownloadHandler, UploadHandler, CertificateHandler, HeaderHelper, AsyncOperation>::Job_InvokeCoroutine(AsyncOperation*)
 #26 BackgroundJobQueue::ExecuteMainThreadJobs()
 #27 InitPlayerLoopCallbacks()::EarlyUpdateExecuteMainThreadJobsRegistrator::Forward()
 #28 ExecutePlayerLoop(NativePlayerLoopSystem*)
 #29 ExecutePlayerLoop(NativePlayerLoopSystem*)
 #30 PlayerLoop()
 #31 EditorPlayerLoop::Execute()
 #32 PlayerLoopController::InternalUpdateScene(bool, bool)
 #33 PlayerLoopController::UpdateSceneIfNeededFromMainLoop()
 #34 Application::TickTimer()
 #35 -[EditorApplication onEditorUpdatesTickTimer]
 #36 __NSFireTimer
 #37 __CFRUNLOOP_IS_CALLING_OUT_TO_A_TIMER_CALLBACK_FUNCTION__
 #38 __CFRunLoopDoTimer
 #39 __CFRunLoopDoTimers
 #40 __CFRunLoopRun
 #41 _CFRunLoopRunSpecificWithOptions
 #42 RunCurrentEventLoopInMode
 #43 ReceiveNextEventCommon
 #44 _BlockUntilNextEventMatchingListInMode
 #45 _DPSBlockUntilNextEventMatchingListInMode
 #46 _DPSNextEvent
 #47 -[NSApplication(NSEventRouting) _nextEventMatchingEventMask:untilDate:inMode:dequeue:]
 #48 -[NSApplication(NSEventRouting) nextEventMatchingMask:untilDate:inMode:dequeue:]
 #49 -[EditorApplication checkForFocusChange:]
 #50 __NSFireTimer
 #51 __CFRUNLOOP_IS_CALLING_OUT_TO_A_TIMER_CALLBACK_FUNCTION__
 #52 __CFRunLoopDoTimer
 #53 __CFRunLoopDoTimers
 #54 __CFRunLoopRun
 #55 _CFRunLoopRunSpecificWithOptions
 #56 RunCurrentEventLoopInMode
 #57 ReceiveNextEventCommon
 #58 _BlockUntilNextEventMatchingListInMode
 #59 _DPSBlockUntilNextEventMatchingListInMode
 #60 _DPSNextEvent
 #61 -[NSApplication(NSEventRouting) _nextEventMatchingEventMask:untilDate:inMode:dequeue:]
 #62 -[NSApplication(NSEventRouting) nextEventMatchingMask:untilDate:inMode:dequeue:]
 #63 -[NSApplication run]
 #64 NSApplicationMain
 #65 EditorMain(int, char const**)
 #66 main
 #67 start

Product:diamond250
 #0 PlatformStacktrace::GetStacktrace(int, StacktraceTypes::LRUCache<void*, StacktraceTypes::LRUValue>*)
 #1 DebugStringToFileExtended(DebugStringToFileData const&)
 #2 DebugLogHandler_CUSTOM_Internal_Log(LogType, LogOption, BindingsManagedSpan*, void*)
 #3  (Mono JIT Code) (wrapper managed-to-native) UnityEngine.DebugLogHandler:Internal_Log_Injected (UnityEngine.LogType,UnityEngine.LogOption,UnityEngine.Bindings.ManagedSpanWrapper&,intptr)
 #4  (Mono JIT Code) UnityEngine.DebugLogHandler:Internal_Log (UnityEngine.LogType,UnityEngine.LogOption,string,UnityEngine.Object)
 #5  (Mono JIT Code) [DebugLogHandler.cs:10] UnityEngine.DebugLogHandler:LogFormat (UnityEngine.LogType,UnityEngine.Object,string,object[])
 #6  (Mono JIT Code) [Logger.cs:61] UnityEngine.Logger:Log (UnityEngine.LogType,object)
 #7  (Mono JIT Code) [Debug.bindings.cs:123] UnityEngine.Debug:Log (object)
 #8  (Mono JIT Code) [IAPManager.cs:158] IAPManager:InitializePurchasing ()
 #9  (Mono JIT Code) [IAPManager.cs:61] IAPManager:set_StoneProductCatalogInitialised (bool)
 #10  (Mono JIT Code) [IAPManager.cs:121] IAPManager:<RefreshIAPItems>b__24_2 (PlayFab.ClientModels.GetCatalogItemsResult)
 #11  (Mono JIT Code) [PlayFabHTTP.cs:219] PlayFab.Internal.PlayFabHttp/<>c__DisplayClass23_0`1<TResult_REF>:<_MakeApiCall>b__1 ()
 #12  (Mono JIT Code) [PlayFabUnityHttp.cs:244] PlayFab.Internal.PlayFabUnityHttp:OnResponse (string,PlayFab.Internal.CallRequestContainer)
 #13  (Mono JIT Code) [PlayFabUnityHttp.cs:197] PlayFab.Internal.PlayFabUnityHttp/<Post>d__12:MoveNext ()
 #14  (Mono JIT Code) [Coroutines.cs:17] UnityEngine.SetupCoroutine:InvokeMoveNext (System.Collections.IEnumerator,intptr)
 #15  (Mono JIT Code) (wrapper runtime-invoke) <Module>:runtime_invoke_void_object_intptr (object,intptr,intptr,intptr)
 #16 mono_jit_runtime_invoke
 #17 do_runtime_invoke
 #18 mono_runtime_invoke
 #19 scripting_method_invoke(ScriptingMethodPtr, ScriptingObjectPtr, ScriptingArguments&, ScriptingExceptionPtr*, bool)
 #20 ScriptingInvocation::Invoke(ScriptingExceptionPtr*, bool)
 #21 Coroutine::InvokeMoveNext(ScriptingExceptionPtr*)
 #22 Coroutine::Run(bool*)
 #23 AsyncOperation::InvokeCoroutine()
 #24 UnityWebRequestAsyncOperation::InvokeCoroutine()
 #25 UnityWebRequestProto<UnityWebRequestTransport, AtomicRefCounter, RedirectHelper, ResponseHelper, DownloadHandler, UploadHandler, CertificateHandler, HeaderHelper, AsyncOperation>::Job_InvokeCoroutine(AsyncOperation*)
 #26 BackgroundJobQueue::ExecuteMainThreadJobs()
 #27 InitPlayerLoopCallbacks()::EarlyUpdateExecuteMainThreadJobsRegistrator::Forward()
 #28 ExecutePlayerLoop(NativePlayerLoopSystem*)
 #29 ExecutePlayerLoop(NativePlayerLoopSystem*)
 #30 PlayerLoop()
 #31 EditorPlayerLoop::Execute()
 #32 PlayerLoopController::InternalUpdateScene(bool, bool)
 #33 PlayerLoopController::UpdateSceneIfNeededFromMainLoop()
 #34 Application::TickTimer()
 #35 -[EditorApplication onEditorUpdatesTickTimer]
 #36 __NSFireTimer
 #37 __CFRUNLOOP_IS_CALLING_OUT_TO_A_TIMER_CALLBACK_FUNCTION__
 #38 __CFRunLoopDoTimer
 #39 __CFRunLoopDoTimers
 #40 __CFRunLoopRun
 #41 _CFRunLoopRunSpecificWithOptions
 #42 RunCurrentEventLoopInMode
 #43 ReceiveNextEventCommon
 #44 _BlockUntilNextEventMatchingListInMode
 #45 _DPSBlockUntilNextEventMatchingListInMode
 #46 _DPSNextEvent
 #47 -[NSApplication(NSEventRouting) _nextEventMatchingEventMask:untilDate:inMode:dequeue:]
 #48 -[NSApplication(NSEventRouting) nextEventMatchingMask:untilDate:inMode:dequeue:]
 #49 -[EditorApplication checkForFocusChange:]
 #50 __NSFireTimer
 #51 __CFRUNLOOP_IS_CALLING_OUT_TO_A_TIMER_CALLBACK_FUNCTION__
 #52 __CFRunLoopDoTimer
 #53 __CFRunLoopDoTimers
 #54 __CFRunLoopRun
 #55 _CFRunLoopRunSpecificWithOptions
 #56 RunCurrentEventLoopInMode
 #57 ReceiveNextEventCommon
 #58 _BlockUntilNextEventMatchingListInMode
 #59 _DPSBlockUntilNextEventMatchingListInMode
 #60 _DPSNextEvent
 #61 -[NSApplication(NSEventRouting) _nextEventMatchingEventMask:untilDate:inMode:dequeue:]
 #62 -[NSApplication(NSEventRouting) nextEventMatchingMask:untilDate:inMode:dequeue:]
 #63 -[NSApplication run]
 #64 NSApplicationMain
 #65 EditorMain(int, char const**)
 #66 main
 #67 start

Product:diamond2500_2
 #0 PlatformStacktrace::GetStacktrace(int, StacktraceTypes::LRUCache<void*, StacktraceTypes::LRUValue>*)
 #1 DebugStringToFileExtended(DebugStringToFileData const&)
 #2 DebugLogHandler_CUSTOM_Internal_Log(LogType, LogOption, BindingsManagedSpan*, void*)
 #3  (Mono JIT Code) (wrapper managed-to-native) UnityEngine.DebugLogHandler:Internal_Log_Injected (UnityEngine.LogType,UnityEngine.LogOption,UnityEngine.Bindings.ManagedSpanWrapper&,intptr)
 #4  (Mono JIT Code) UnityEngine.DebugLogHandler:Internal_Log (UnityEngine.LogType,UnityEngine.LogOption,string,UnityEngine.Object)
 #5  (Mono JIT Code) [DebugLogHandler.cs:10] UnityEngine.DebugLogHandler:LogFormat (UnityEngine.LogType,UnityEngine.Object,string,object[])
 #6  (Mono JIT Code) [Logger.cs:61] UnityEngine.Logger:Log (UnityEngine.LogType,object)
 #7  (Mono JIT Code) [Debug.bindings.cs:123] UnityEngine.Debug:Log (object)
 #8  (Mono JIT Code) [IAPManager.cs:158] IAPManager:InitializePurchasing ()
 #9  (Mono JIT Code) [IAPManager.cs:61] IAPManager:set_StoneProductCatalogInitialised (bool)
 #10  (Mono JIT Code) [IAPManager.cs:121] IAPManager:<RefreshIAPItems>b__24_2 (PlayFab.ClientModels.GetCatalogItemsResult)
 #11  (Mono JIT Code) [PlayFabHTTP.cs:219] PlayFab.Internal.PlayFabHttp/<>c__DisplayClass23_0`1<TResult_REF>:<_MakeApiCall>b__1 ()
 #12  (Mono JIT Code) [PlayFabUnityHttp.cs:244] PlayFab.Internal.PlayFabUnityHttp:OnResponse (string,PlayFab.Internal.CallRequestContainer)
 #13  (Mono JIT Code) [PlayFabUnityHttp.cs:197] PlayFab.Internal.PlayFabUnityHttp/<Post>d__12:MoveNext ()
 #14  (Mono JIT Code) [Coroutines.cs:17] UnityEngine.SetupCoroutine:InvokeMoveNext (System.Collections.IEnumerator,intptr)
 #15  (Mono JIT Code) (wrapper runtime-invoke) <Module>:runtime_invoke_void_object_intptr (object,intptr,intptr,intptr)
 #16 mono_jit_runtime_invoke
 #17 do_runtime_invoke
 #18 mono_runtime_invoke
 #19 scripting_method_invoke(ScriptingMethodPtr, ScriptingObjectPtr, ScriptingArguments&, ScriptingExceptionPtr*, bool)
 #20 ScriptingInvocation::Invoke(ScriptingExceptionPtr*, bool)
 #21 Coroutine::InvokeMoveNext(ScriptingExceptionPtr*)
 #22 Coroutine::Run(bool*)
 #23 AsyncOperation::InvokeCoroutine()
 #24 UnityWebRequestAsyncOperation::InvokeCoroutine()
 #25 UnityWebRequestProto<UnityWebRequestTransport, AtomicRefCounter, RedirectHelper, ResponseHelper, DownloadHandler, UploadHandler, CertificateHandler, HeaderHelper, AsyncOperation>::Job_InvokeCoroutine(AsyncOperation*)
 #26 BackgroundJobQueue::ExecuteMainThreadJobs()
 #27 InitPlayerLoopCallbacks()::EarlyUpdateExecuteMainThreadJobsRegistrator::Forward()
 #28 ExecutePlayerLoop(NativePlayerLoopSystem*)
 #29 ExecutePlayerLoop(NativePlayerLoopSystem*)
 #30 PlayerLoop()
 #31 EditorPlayerLoop::Execute()
 #32 PlayerLoopController::InternalUpdateScene(bool, bool)
 #33 PlayerLoopController::UpdateSceneIfNeededFromMainLoop()
 #34 Application::TickTimer()
 #35 -[EditorApplication onEditorUpdatesTickTimer]
 #36 __NSFireTimer
 #37 __CFRUNLOOP_IS_CALLING_OUT_TO_A_TIMER_CALLBACK_FUNCTION__
 #38 __CFRunLoopDoTimer
 #39 __CFRunLoopDoTimers
 #40 __CFRunLoopRun
 #41 _CFRunLoopRunSpecificWithOptions
 #42 RunCurrentEventLoopInMode
 #43 ReceiveNextEventCommon
 #44 _BlockUntilNextEventMatchingListInMode
 #45 _DPSBlockUntilNextEventMatchingListInMode
 #46 _DPSNextEvent
 #47 -[NSApplication(NSEventRouting) _nextEventMatchingEventMask:untilDate:inMode:dequeue:]
 #48 -[NSApplication(NSEventRouting) nextEventMatchingMask:untilDate:inMode:dequeue:]
 #49 -[EditorApplication checkForFocusChange:]
 #50 __NSFireTimer
 #51 __CFRUNLOOP_IS_CALLING_OUT_TO_A_TIMER_CALLBACK_FUNCTION__
 #52 __CFRunLoopDoTimer
 #53 __CFRunLoopDoTimers
 #54 __CFRunLoopRun
 #55 _CFRunLoopRunSpecificWithOptions
 #56 RunCurrentEventLoopInMode
 #57 ReceiveNextEventCommon
 #58 _BlockUntilNextEventMatchingListInMode
 #59 _DPSBlockUntilNextEventMatchingListInMode
 #60 _DPSNextEvent
 #61 -[NSApplication(NSEventRouting) _nextEventMatchingEventMask:untilDate:inMode:dequeue:]
 #62 -[NSApplication(NSEventRouting) nextEventMatchingMask:untilDate:inMode:dequeue:]
 #63 -[NSApplication run]
 #64 NSApplicationMain
 #65 EditorMain(int, char const**)
 #66 main
 #67 start

Product:diamond1000_2
 #0 PlatformStacktrace::GetStacktrace(int, StacktraceTypes::LRUCache<void*, StacktraceTypes::LRUValue>*)
 #1 DebugStringToFileExtended(DebugStringToFileData const&)
 #2 DebugLogHandler_CUSTOM_Internal_Log(LogType, LogOption, BindingsManagedSpan*, void*)
 #3  (Mono JIT Code) (wrapper managed-to-native) UnityEngine.DebugLogHandler:Internal_Log_Injected (UnityEngine.LogType,UnityEngine.LogOption,UnityEngine.Bindings.ManagedSpanWrapper&,intptr)
 #4  (Mono JIT Code) UnityEngine.DebugLogHandler:Internal_Log (UnityEngine.LogType,UnityEngine.LogOption,string,UnityEngine.Object)
 #5  (Mono JIT Code) [DebugLogHandler.cs:10] UnityEngine.DebugLogHandler:LogFormat (UnityEngine.LogType,UnityEngine.Object,string,object[])
 #6  (Mono JIT Code) [Logger.cs:61] UnityEngine.Logger:Log (UnityEngine.LogType,object)
 #7  (Mono JIT Code) [Debug.bindings.cs:123] UnityEngine.Debug:Log (object)
 #8  (Mono JIT Code) [IAPManager.cs:158] IAPManager:InitializePurchasing ()
 #9  (Mono JIT Code) [IAPManager.cs:61] IAPManager:set_StoneProductCatalogInitialised (bool)
 #10  (Mono JIT Code) [IAPManager.cs:121] IAPManager:<RefreshIAPItems>b__24_2 (PlayFab.ClientModels.GetCatalogItemsResult)
 #11  (Mono JIT Code) [PlayFabHTTP.cs:219] PlayFab.Internal.PlayFabHttp/<>c__DisplayClass23_0`1<TResult_REF>:<_MakeApiCall>b__1 ()
 #12  (Mono JIT Code) [PlayFabUnityHttp.cs:244] PlayFab.Internal.PlayFabUnityHttp:OnResponse (string,PlayFab.Internal.CallRequestContainer)
 #13  (Mono JIT Code) [PlayFabUnityHttp.cs:197] PlayFab.Internal.PlayFabUnityHttp/<Post>d__12:MoveNext ()
 #14  (Mono JIT Code) [Coroutines.cs:17] UnityEngine.SetupCoroutine:InvokeMoveNext (System.Collections.IEnumerator,intptr)
 #15  (Mono JIT Code) (wrapper runtime-invoke) <Module>:runtime_invoke_void_object_intptr (object,intptr,intptr,intptr)
 #16 mono_jit_runtime_invoke
 #17 do_runtime_invoke
 #18 mono_runtime_invoke
 #19 scripting_method_invoke(ScriptingMethodPtr, ScriptingObjectPtr, ScriptingArguments&, ScriptingExceptionPtr*, bool)
 #20 ScriptingInvocation::Invoke(ScriptingExceptionPtr*, bool)
 #21 Coroutine::InvokeMoveNext(ScriptingExceptionPtr*)
 #22 Coroutine::Run(bool*)
 #23 AsyncOperation::InvokeCoroutine()
 #24 UnityWebRequestAsyncOperation::InvokeCoroutine()
 #25 UnityWebRequestProto<UnityWebRequestTransport, AtomicRefCounter, RedirectHelper, ResponseHelper, DownloadHandler, UploadHandler, CertificateHandler, HeaderHelper, AsyncOperation>::Job_InvokeCoroutine(AsyncOperation*)
 #26 BackgroundJobQueue::ExecuteMainThreadJobs()
 #27 InitPlayerLoopCallbacks()::EarlyUpdateExecuteMainThreadJobsRegistrator::Forward()
 #28 ExecutePlayerLoop(NativePlayerLoopSystem*)
 #29 ExecutePlayerLoop(NativePlayerLoopSystem*)
 #30 PlayerLoop()
 #31 EditorPlayerLoop::Execute()
 #32 PlayerLoopController::InternalUpdateScene(bool, bool)
 #33 PlayerLoopController::UpdateSceneIfNeededFromMainLoop()
 #34 Application::TickTimer()
 #35 -[EditorApplication onEditorUpdatesTickTimer]
 #36 __NSFireTimer
 #37 __CFRUNLOOP_IS_CALLING_OUT_TO_A_TIMER_CALLBACK_FUNCTION__
 #38 __CFRunLoopDoTimer
 #39 __CFRunLoopDoTimers
 #40 __CFRunLoopRun
 #41 _CFRunLoopRunSpecificWithOptions
 #42 RunCurrentEventLoopInMode
 #43 ReceiveNextEventCommon
 #44 _BlockUntilNextEventMatchingListInMode
 #45 _DPSBlockUntilNextEventMatchingListInMode
 #46 _DPSNextEvent
 #47 -[NSApplication(NSEventRouting) _nextEventMatchingEventMask:untilDate:inMode:dequeue:]
 #48 -[NSApplication(NSEventRouting) nextEventMatchingMask:untilDate:inMode:dequeue:]
 #49 -[EditorApplication checkForFocusChange:]
 #50 __NSFireTimer
 #51 __CFRUNLOOP_IS_CALLING_OUT_TO_A_TIMER_CALLBACK_FUNCTION__
 #52 __CFRunLoopDoTimer
 #53 __CFRunLoopDoTimers
 #54 __CFRunLoopRun
 #55 _CFRunLoopRunSpecificWithOptions
 #56 RunCurrentEventLoopInMode
 #57 ReceiveNextEventCommon
 #58 _BlockUntilNextEventMatchingListInMode
 #59 _DPSBlockUntilNextEventMatchingListInMode
 #60 _DPSNextEvent
 #61 -[NSApplication(NSEventRouting) _nextEventMatchingEventMask:untilDate:inMode:dequeue:]
 #62 -[NSApplication(NSEventRouting) nextEventMatchingMask:untilDate:inMode:dequeue:]
 #63 -[NSApplication run]
 #64 NSApplicationMain
 #65 EditorMain(int, char const**)
 #66 main
 #67 start

Product:timelimitbundle
 #0 PlatformStacktrace::GetStacktrace(int, StacktraceTypes::LRUCache<void*, StacktraceTypes::LRUValue>*)
 #1 DebugStringToFileExtended(DebugStringToFileData const&)
 #2 DebugLogHandler_CUSTOM_Internal_Log(LogType, LogOption, BindingsManagedSpan*, void*)
 #3  (Mono JIT Code) (wrapper managed-to-native) UnityEngine.DebugLogHandler:Internal_Log_Injected (UnityEngine.LogType,UnityEngine.LogOption,UnityEngine.Bindings.ManagedSpanWrapper&,intptr)
 #4  (Mono JIT Code) UnityEngine.DebugLogHandler:Internal_Log (UnityEngine.LogType,UnityEngine.LogOption,string,UnityEngine.Object)
 #5  (Mono JIT Code) [DebugLogHandler.cs:10] UnityEngine.DebugLogHandler:LogFormat (UnityEngine.LogType,UnityEngine.Object,string,object[])
 #6  (Mono JIT Code) [Logger.cs:61] UnityEngine.Logger:Log (UnityEngine.LogType,object)
 #7  (Mono JIT Code) [Debug.bindings.cs:123] UnityEngine.Debug:Log (object)
 #8  (Mono JIT Code) [IAPManager.cs:158] IAPManager:InitializePurchasing ()
 #9  (Mono JIT Code) [IAPManager.cs:61] IAPManager:set_StoneProductCatalogInitialised (bool)
 #10  (Mono JIT Code) [IAPManager.cs:121] IAPManager:<RefreshIAPItems>b__24_2 (PlayFab.ClientModels.GetCatalogItemsResult)
 #11  (Mono JIT Code) [PlayFabHTTP.cs:219] PlayFab.Internal.PlayFabHttp/<>c__DisplayClass23_0`1<TResult_REF>:<_MakeApiCall>b__1 ()
 #12  (Mono JIT Code) [PlayFabUnityHttp.cs:244] PlayFab.Internal.PlayFabUnityHttp:OnResponse (string,PlayFab.Internal.CallRequestContainer)
 #13  (Mono JIT Code) [PlayFabUnityHttp.cs:197] PlayFab.Internal.PlayFabUnityHttp/<Post>d__12:MoveNext ()
 #14  (Mono JIT Code) [Coroutines.cs:17] UnityEngine.SetupCoroutine:InvokeMoveNext (System.Collections.IEnumerator,intptr)
 #15  (Mono JIT Code) (wrapper runtime-invoke) <Module>:runtime_invoke_void_object_intptr (object,intptr,intptr,intptr)
 #16 mono_jit_runtime_invoke
 #17 do_runtime_invoke
 #18 mono_runtime_invoke
 #19 scripting_method_invoke(ScriptingMethodPtr, ScriptingObjectPtr, ScriptingArguments&, ScriptingExceptionPtr*, bool)
 #20 ScriptingInvocation::Invoke(ScriptingExceptionPtr*, bool)
 #21 Coroutine::InvokeMoveNext(ScriptingExceptionPtr*)
 #22 Coroutine::Run(bool*)
 #23 AsyncOperation::InvokeCoroutine()
 #24 UnityWebRequestAsyncOperation::InvokeCoroutine()
 #25 UnityWebRequestProto<UnityWebRequestTransport, AtomicRefCounter, RedirectHelper, ResponseHelper, DownloadHandler, UploadHandler, CertificateHandler, HeaderHelper, AsyncOperation>::Job_InvokeCoroutine(AsyncOperation*)
 #26 BackgroundJobQueue::ExecuteMainThreadJobs()
 #27 InitPlayerLoopCallbacks()::EarlyUpdateExecuteMainThreadJobsRegistrator::Forward()
 #28 ExecutePlayerLoop(NativePlayerLoopSystem*)
 #29 ExecutePlayerLoop(NativePlayerLoopSystem*)
 #30 PlayerLoop()
 #31 EditorPlayerLoop::Execute()
 #32 PlayerLoopController::InternalUpdateScene(bool, bool)
 #33 PlayerLoopController::UpdateSceneIfNeededFromMainLoop()
 #34 Application::TickTimer()
 #35 -[EditorApplication onEditorUpdatesTickTimer]
 #36 __NSFireTimer
 #37 __CFRUNLOOP_IS_CALLING_OUT_TO_A_TIMER_CALLBACK_FUNCTION__
 #38 __CFRunLoopDoTimer
 #39 __CFRunLoopDoTimers
 #40 __CFRunLoopRun
 #41 _CFRunLoopRunSpecificWithOptions
 #42 RunCurrentEventLoopInMode
 #43 ReceiveNextEventCommon
 #44 _BlockUntilNextEventMatchingListInMode
 #45 _DPSBlockUntilNextEventMatchingListInMode
 #46 _DPSNextEvent
 #47 -[NSApplication(NSEventRouting) _nextEventMatchingEventMask:untilDate:inMode:dequeue:]
 #48 -[NSApplication(NSEventRouting) nextEventMatchingMask:untilDate:inMode:dequeue:]
 #49 -[EditorApplication checkForFocusChange:]
 #50 __NSFireTimer
 #51 __CFRUNLOOP_IS_CALLING_OUT_TO_A_TIMER_CALLBACK_FUNCTION__
 #52 __CFRunLoopDoTimer
 #53 __CFRunLoopDoTimers
 #54 __CFRunLoopRun
 #55 _CFRunLoopRunSpecificWithOptions
 #56 RunCurrentEventLoopInMode
 #57 ReceiveNextEventCommon
 #58 _BlockUntilNextEventMatchingListInMode
 #59 _DPSBlockUntilNextEventMatchingListInMode
 #60 _DPSNextEvent
 #61 -[NSApplication(NSEventRouting) _nextEventMatchingEventMask:untilDate:inMode:dequeue:]
 #62 -[NSApplication(NSEventRouting) nextEventMatchingMask:untilDate:inMode:dequeue:]
 #63 -[NSApplication run]
 #64 NSApplicationMain
 #65 EditorMain(int, char const**)
 #66 main
 #67 start

Product:timelimitbundle_v
 #0 PlatformStacktrace::GetStacktrace(int, StacktraceTypes::LRUCache<void*, StacktraceTypes::LRUValue>*)
 #1 DebugStringToFileExtended(DebugStringToFileData const&)
 #2 DebugLogHandler_CUSTOM_Internal_Log(LogType, LogOption, BindingsManagedSpan*, void*)
 #3  (Mono JIT Code) (wrapper managed-to-native) UnityEngine.DebugLogHandler:Internal_Log_Injected (UnityEngine.LogType,UnityEngine.LogOption,UnityEngine.Bindings.ManagedSpanWrapper&,intptr)
 #4  (Mono JIT Code) UnityEngine.DebugLogHandler:Internal_Log (UnityEngine.LogType,UnityEngine.LogOption,string,UnityEngine.Object)
 #5  (Mono JIT Code) [DebugLogHandler.cs:10] UnityEngine.DebugLogHandler:LogFormat (UnityEngine.LogType,UnityEngine.Object,string,object[])
 #6  (Mono JIT Code) [Logger.cs:61] UnityEngine.Logger:Log (UnityEngine.LogType,object)
 #7  (Mono JIT Code) [Debug.bindings.cs:123] UnityEngine.Debug:Log (object)
 #8  (Mono JIT Code) [IAPManager.cs:158] IAPManager:InitializePurchasing ()
 #9  (Mono JIT Code) [IAPManager.cs:61] IAPManager:set_StoneProductCatalogInitialised (bool)
 #10  (Mono JIT Code) [IAPManager.cs:121] IAPManager:<RefreshIAPItems>b__24_2 (PlayFab.ClientModels.GetCatalogItemsResult)
 #11  (Mono JIT Code) [PlayFabHTTP.cs:219] PlayFab.Internal.PlayFabHttp/<>c__DisplayClass23_0`1<TResult_REF>:<_MakeApiCall>b__1 ()
 #12  (Mono JIT Code) [PlayFabUnityHttp.cs:244] PlayFab.Internal.PlayFabUnityHttp:OnResponse (string,PlayFab.Internal.CallRequestContainer)
 #13  (Mono JIT Code) [PlayFabUnityHttp.cs:197] PlayFab.Internal.PlayFabUnityHttp/<Post>d__12:MoveNext ()
 #14  (Mono JIT Code) [Coroutines.cs:17] UnityEngine.SetupCoroutine:InvokeMoveNext (System.Collections.IEnumerator,intptr)
 #15  (Mono JIT Code) (wrapper runtime-invoke) <Module>:runtime_invoke_void_object_intptr (object,intptr,intptr,intptr)
 #16 mono_jit_runtime_invoke
 #17 do_runtime_invoke
 #18 mono_runtime_invoke
 #19 scripting_method_invoke(ScriptingMethodPtr, ScriptingObjectPtr, ScriptingArguments&, ScriptingExceptionPtr*, bool)
 #20 ScriptingInvocation::Invoke(ScriptingExceptionPtr*, bool)
 #21 Coroutine::InvokeMoveNext(ScriptingExceptionPtr*)
 #22 Coroutine::Run(bool*)
 #23 AsyncOperation::InvokeCoroutine()
 #24 UnityWebRequestAsyncOperation::InvokeCoroutine()
 #25 UnityWebRequestProto<UnityWebRequestTransport, AtomicRefCounter, RedirectHelper, ResponseHelper, DownloadHandler, UploadHandler, CertificateHandler, HeaderHelper, AsyncOperation>::Job_InvokeCoroutine(AsyncOperation*)
 #26 BackgroundJobQueue::ExecuteMainThreadJobs()
 #27 InitPlayerLoopCallbacks()::EarlyUpdateExecuteMainThreadJobsRegistrator::Forward()
 #28 ExecutePlayerLoop(NativePlayerLoopSystem*)
 #29 ExecutePlayerLoop(NativePlayerLoopSystem*)
 #30 PlayerLoop()
 #31 EditorPlayerLoop::Execute()
 #32 PlayerLoopController::InternalUpdateScene(bool, bool)
 #33 PlayerLoopController::UpdateSceneIfNeededFromMainLoop()
 #34 Application::TickTimer()
 #35 -[EditorApplication onEditorUpdatesTickTimer]
 #36 __NSFireTimer
 #37 __CFRUNLOOP_IS_CALLING_OUT_TO_A_TIMER_CALLBACK_FUNCTION__
 #38 __CFRunLoopDoTimer
 #39 __CFRunLoopDoTimers
 #40 __CFRunLoopRun
 #41 _CFRunLoopRunSpecificWithOptions
 #42 RunCurrentEventLoopInMode
 #43 ReceiveNextEventCommon
 #44 _BlockUntilNextEventMatchingListInMode
 #45 _DPSBlockUntilNextEventMatchingListInMode
 #46 _DPSNextEvent
 #47 -[NSApplication(NSEventRouting) _nextEventMatchingEventMask:untilDate:inMode:dequeue:]
 #48 -[NSApplication(NSEventRouting) nextEventMatchingMask:untilDate:inMode:dequeue:]
 #49 -[EditorApplication checkForFocusChange:]
 #50 __NSFireTimer
 #51 __CFRUNLOOP_IS_CALLING_OUT_TO_A_TIMER_CALLBACK_FUNCTION__
 #52 __CFRunLoopDoTimer
 #53 __CFRunLoopDoTimers
 #54 __CFRunLoopRun
 #55 _CFRunLoopRunSpecificWithOptions
 #56 RunCurrentEventLoopInMode
 #57 ReceiveNextEventCommon
 #58 _BlockUntilNextEventMatchingListInMode
 #59 _DPSBlockUntilNextEventMatchingListInMode
 #60 _DPSNextEvent
 #61 -[NSApplication(NSEventRouting) _nextEventMatchingEventMask:untilDate:inMode:dequeue:]
 #62 -[NSApplication(NSEventRouting) nextEventMatchingMask:untilDate:inMode:dequeue:]
 #63 -[NSApplication run]
 #64 NSApplicationMain
 #65 EditorMain(int, char const**)
 #66 main
 #67 start

Product:diamond1000_v
 #0 PlatformStacktrace::GetStacktrace(int, StacktraceTypes::LRUCache<void*, StacktraceTypes::LRUValue>*)
 #1 DebugStringToFileExtended(DebugStringToFileData const&)
 #2 DebugLogHandler_CUSTOM_Internal_Log(LogType, LogOption, BindingsManagedSpan*, void*)
 #3  (Mono JIT Code) (wrapper managed-to-native) UnityEngine.DebugLogHandler:Internal_Log_Injected (UnityEngine.LogType,UnityEngine.LogOption,UnityEngine.Bindings.ManagedSpanWrapper&,intptr)
 #4  (Mono JIT Code) UnityEngine.DebugLogHandler:Internal_Log (UnityEngine.LogType,UnityEngine.LogOption,string,UnityEngine.Object)
 #5  (Mono JIT Code) [DebugLogHandler.cs:10] UnityEngine.DebugLogHandler:LogFormat (UnityEngine.LogType,UnityEngine.Object,string,object[])
 #6  (Mono JIT Code) [Logger.cs:61] UnityEngine.Logger:Log (UnityEngine.LogType,object)
 #7  (Mono JIT Code) [Debug.bindings.cs:123] UnityEngine.Debug:Log (object)
 #8  (Mono JIT Code) [IAPManager.cs:158] IAPManager:InitializePurchasing ()
 #9  (Mono JIT Code) [IAPManager.cs:61] IAPManager:set_StoneProductCatalogInitialised (bool)
 #10  (Mono JIT Code) [IAPManager.cs:121] IAPManager:<RefreshIAPItems>b__24_2 (PlayFab.ClientModels.GetCatalogItemsResult)
 #11  (Mono JIT Code) [PlayFabHTTP.cs:219] PlayFab.Internal.PlayFabHttp/<>c__DisplayClass23_0`1<TResult_REF>:<_MakeApiCall>b__1 ()
 #12  (Mono JIT Code) [PlayFabUnityHttp.cs:244] PlayFab.Internal.PlayFabUnityHttp:OnResponse (string,PlayFab.Internal.CallRequestContainer)
 #13  (Mono JIT Code) [PlayFabUnityHttp.cs:197] PlayFab.Internal.PlayFabUnityHttp/<Post>d__12:MoveNext ()
 #14  (Mono JIT Code) [Coroutines.cs:17] UnityEngine.SetupCoroutine:InvokeMoveNext (System.Collections.IEnumerator,intptr)
 #15  (Mono JIT Code) (wrapper runtime-invoke) <Module>:runtime_invoke_void_object_intptr (object,intptr,intptr,intptr)
 #16 mono_jit_runtime_invoke
 #17 do_runtime_invoke
 #18 mono_runtime_invoke
 #19 scripting_method_invoke(ScriptingMethodPtr, ScriptingObjectPtr, ScriptingArguments&, ScriptingExceptionPtr*, bool)
 #20 ScriptingInvocation::Invoke(ScriptingExceptionPtr*, bool)
 #21 Coroutine::InvokeMoveNext(ScriptingExceptionPtr*)
 #22 Coroutine::Run(bool*)
 #23 AsyncOperation::InvokeCoroutine()
 #24 UnityWebRequestAsyncOperation::InvokeCoroutine()
 #25 UnityWebRequestProto<UnityWebRequestTransport, AtomicRefCounter, RedirectHelper, ResponseHelper, DownloadHandler, UploadHandler, CertificateHandler, HeaderHelper, AsyncOperation>::Job_InvokeCoroutine(AsyncOperation*)
 #26 BackgroundJobQueue::ExecuteMainThreadJobs()
 #27 InitPlayerLoopCallbacks()::EarlyUpdateExecuteMainThreadJobsRegistrator::Forward()
 #28 ExecutePlayerLoop(NativePlayerLoopSystem*)
 #29 ExecutePlayerLoop(NativePlayerLoopSystem*)
 #30 PlayerLoop()
 #31 EditorPlayerLoop::Execute()
 #32 PlayerLoopController::InternalUpdateScene(bool, bool)
 #33 PlayerLoopController::UpdateSceneIfNeededFromMainLoop()
 #34 Application::TickTimer()
 #35 -[EditorApplication onEditorUpdatesTickTimer]
 #36 __NSFireTimer
 #37 __CFRUNLOOP_IS_CALLING_OUT_TO_A_TIMER_CALLBACK_FUNCTION__
 #38 __CFRunLoopDoTimer
 #39 __CFRunLoopDoTimers
 #40 __CFRunLoopRun
 #41 _CFRunLoopRunSpecificWithOptions
 #42 RunCurrentEventLoopInMode
 #43 ReceiveNextEventCommon
 #44 _BlockUntilNextEventMatchingListInMode
 #45 _DPSBlockUntilNextEventMatchingListInMode
 #46 _DPSNextEvent
 #47 -[NSApplication(NSEventRouting) _nextEventMatchingEventMask:untilDate:inMode:dequeue:]
 #48 -[NSApplication(NSEventRouting) nextEventMatchingMask:untilDate:inMode:dequeue:]
 #49 -[EditorApplication checkForFocusChange:]
 #50 __NSFireTimer
 #51 __CFRUNLOOP_IS_CALLING_OUT_TO_A_TIMER_CALLBACK_FUNCTION__
 #52 __CFRunLoopDoTimer
 #53 __CFRunLoopDoTimers
 #54 __CFRunLoopRun
 #55 _CFRunLoopRunSpecificWithOptions
 #56 RunCurrentEventLoopInMode
 #57 ReceiveNextEventCommon
 #58 _BlockUntilNextEventMatchingListInMode
 #59 _DPSBlockUntilNextEventMatchingListInMode
 #60 _DPSNextEvent
 #61 -[NSApplication(NSEventRouting) _nextEventMatchingEventMask:untilDate:inMode:dequeue:]
 #62 -[NSApplication(NSEventRouting) nextEventMatchingMask:untilDate:inMode:dequeue:]
 #63 -[NSApplication run]
 #64 NSApplicationMain
 #65 EditorMain(int, char const**)
 #66 main
 #67 start

Product:diamond250_v
 #0 PlatformStacktrace::GetStacktrace(int, StacktraceTypes::LRUCache<void*, StacktraceTypes::LRUValue>*)
 #1 DebugStringToFileExtended(DebugStringToFileData const&)
 #2 DebugLogHandler_CUSTOM_Internal_Log(LogType, LogOption, BindingsManagedSpan*, void*)
 #3  (Mono JIT Code) (wrapper managed-to-native) UnityEngine.DebugLogHandler:Internal_Log_Injected (UnityEngine.LogType,UnityEngine.LogOption,UnityEngine.Bindings.ManagedSpanWrapper&,intptr)
 #4  (Mono JIT Code) UnityEngine.DebugLogHandler:Internal_Log (UnityEngine.LogType,UnityEngine.LogOption,string,UnityEngine.Object)
 #5  (Mono JIT Code) [DebugLogHandler.cs:10] UnityEngine.DebugLogHandler:LogFormat (UnityEngine.LogType,UnityEngine.Object,string,object[])
 #6  (Mono JIT Code) [Logger.cs:61] UnityEngine.Logger:Log (UnityEngine.LogType,object)
 #7  (Mono JIT Code) [Debug.bindings.cs:123] UnityEngine.Debug:Log (object)
 #8  (Mono JIT Code) [IAPManager.cs:158] IAPManager:InitializePurchasing ()
 #9  (Mono JIT Code) [IAPManager.cs:61] IAPManager:set_StoneProductCatalogInitialised (bool)
 #10  (Mono JIT Code) [IAPManager.cs:121] IAPManager:<RefreshIAPItems>b__24_2 (PlayFab.ClientModels.GetCatalogItemsResult)
 #11  (Mono JIT Code) [PlayFabHTTP.cs:219] PlayFab.Internal.PlayFabHttp/<>c__DisplayClass23_0`1<TResult_REF>:<_MakeApiCall>b__1 ()
 #12  (Mono JIT Code) [PlayFabUnityHttp.cs:244] PlayFab.Internal.PlayFabUnityHttp:OnResponse (string,PlayFab.Internal.CallRequestContainer)
 #13  (Mono JIT Code) [PlayFabUnityHttp.cs:197] PlayFab.Internal.PlayFabUnityHttp/<Post>d__12:MoveNext ()
 #14  (Mono JIT Code) [Coroutines.cs:17] UnityEngine.SetupCoroutine:InvokeMoveNext (System.Collections.IEnumerator,intptr)
 #15  (Mono JIT Code) (wrapper runtime-invoke) <Module>:runtime_invoke_void_object_intptr (object,intptr,intptr,intptr)
 #16 mono_jit_runtime_invoke
 #17 do_runtime_invoke
 #18 mono_runtime_invoke
 #19 scripting_method_invoke(ScriptingMethodPtr, ScriptingObjectPtr, ScriptingArguments&, ScriptingExceptionPtr*, bool)
 #20 ScriptingInvocation::Invoke(ScriptingExceptionPtr*, bool)
 #21 Coroutine::InvokeMoveNext(ScriptingExceptionPtr*)
 #22 Coroutine::Run(bool*)
 #23 AsyncOperation::InvokeCoroutine()
 #24 UnityWebRequestAsyncOperation::InvokeCoroutine()
 #25 UnityWebRequestProto<UnityWebRequestTransport, AtomicRefCounter, RedirectHelper, ResponseHelper, DownloadHandler, UploadHandler, CertificateHandler, HeaderHelper, AsyncOperation>::Job_InvokeCoroutine(AsyncOperation*)
 #26 BackgroundJobQueue::ExecuteMainThreadJobs()
 #27 InitPlayerLoopCallbacks()::EarlyUpdateExecuteMainThreadJobsRegistrator::Forward()
 #28 ExecutePlayerLoop(NativePlayerLoopSystem*)
 #29 ExecutePlayerLoop(NativePlayerLoopSystem*)
 #30 PlayerLoop()
 #31 EditorPlayerLoop::Execute()
 #32 PlayerLoopController::InternalUpdateScene(bool, bool)
 #33 PlayerLoopController::UpdateSceneIfNeededFromMainLoop()
 #34 Application::TickTimer()
 #35 -[EditorApplication onEditorUpdatesTickTimer]
 #36 __NSFireTimer
 #37 __CFRUNLOOP_IS_CALLING_OUT_TO_A_TIMER_CALLBACK_FUNCTION__
 #38 __CFRunLoopDoTimer
 #39 __CFRunLoopDoTimers
 #40 __CFRunLoopRun
 #41 _CFRunLoopRunSpecificWithOptions
 #42 RunCurrentEventLoopInMode
 #43 ReceiveNextEventCommon
 #44 _BlockUntilNextEventMatchingListInMode
 #45 _DPSBlockUntilNextEventMatchingListInMode
 #46 _DPSNextEvent
 #47 -[NSApplication(NSEventRouting) _nextEventMatchingEventMask:untilDate:inMode:dequeue:]
 #48 -[NSApplication(NSEventRouting) nextEventMatchingMask:untilDate:inMode:dequeue:]
 #49 -[EditorApplication checkForFocusChange:]
 #50 __NSFireTimer
 #51 __CFRUNLOOP_IS_CALLING_OUT_TO_A_TIMER_CALLBACK_FUNCTION__
 #52 __CFRunLoopDoTimer
 #53 __CFRunLoopDoTimers
 #54 __CFRunLoopRun
 #55 _CFRunLoopRunSpecificWithOptions
 #56 RunCurrentEventLoopInMode
 #57 ReceiveNextEventCommon
 #58 _BlockUntilNextEventMatchingListInMode
 #59 _DPSBlockUntilNextEventMatchingListInMode
 #60 _DPSNextEvent
 #61 -[NSApplication(NSEventRouting) _nextEventMatchingEventMask:untilDate:inMode:dequeue:]
 #62 -[NSApplication(NSEventRouting) nextEventMatchingMask:untilDate:inMode:dequeue:]
 #63 -[NSApplication run]
 #64 NSApplicationMain
 #65 EditorMain(int, char const**)
 #66 main
 #67 start

Product:diamond2500_v
 #0 PlatformStacktrace::GetStacktrace(int, StacktraceTypes::LRUCache<void*, StacktraceTypes::LRUValue>*)
 #1 DebugStringToFileExtended(DebugStringToFileData const&)
 #2 DebugLogHandler_CUSTOM_Internal_Log(LogType, LogOption, BindingsManagedSpan*, void*)
 #3  (Mono JIT Code) (wrapper managed-to-native) UnityEngine.DebugLogHandler:Internal_Log_Injected (UnityEngine.LogType,UnityEngine.LogOption,UnityEngine.Bindings.ManagedSpanWrapper&,intptr)
 #4  (Mono JIT Code) UnityEngine.DebugLogHandler:Internal_Log (UnityEngine.LogType,UnityEngine.LogOption,string,UnityEngine.Object)
 #5  (Mono JIT Code) [DebugLogHandler.cs:10] UnityEngine.DebugLogHandler:LogFormat (UnityEngine.LogType,UnityEngine.Object,string,object[])
 #6  (Mono JIT Code) [Logger.cs:61] UnityEngine.Logger:Log (UnityEngine.LogType,object)
 #7  (Mono JIT Code) [Debug.bindings.cs:123] UnityEngine.Debug:Log (object)
 #8  (Mono JIT Code) [IAPManager.cs:158] IAPManager:InitializePurchasing ()
 #9  (Mono JIT Code) [IAPManager.cs:61] IAPManager:set_StoneProductCatalogInitialised (bool)
 #10  (Mono JIT Code) [IAPManager.cs:121] IAPManager:<RefreshIAPItems>b__24_2 (PlayFab.ClientModels.GetCatalogItemsResult)
 #11  (Mono JIT Code) [PlayFabHTTP.cs:219] PlayFab.Internal.PlayFabHttp/<>c__DisplayClass23_0`1<TResult_REF>:<_MakeApiCall>b__1 ()
 #12  (Mono JIT Code) [PlayFabUnityHttp.cs:244] PlayFab.Internal.PlayFabUnityHttp:OnResponse (string,PlayFab.Internal.CallRequestContainer)
 #13  (Mono JIT Code) [PlayFabUnityHttp.cs:197] PlayFab.Internal.PlayFabUnityHttp/<Post>d__12:MoveNext ()
 #14  (Mono JIT Code) [Coroutines.cs:17] UnityEngine.SetupCoroutine:InvokeMoveNext (System.Collections.IEnumerator,intptr)
 #15  (Mono JIT Code) (wrapper runtime-invoke) <Module>:runtime_invoke_void_object_intptr (object,intptr,intptr,intptr)
 #16 mono_jit_runtime_invoke
 #17 do_runtime_invoke
 #18 mono_runtime_invoke
 #19 scripting_method_invoke(ScriptingMethodPtr, ScriptingObjectPtr, ScriptingArguments&, ScriptingExceptionPtr*, bool)
 #20 ScriptingInvocation::Invoke(ScriptingExceptionPtr*, bool)
 #21 Coroutine::InvokeMoveNext(ScriptingExceptionPtr*)
 #22 Coroutine::Run(bool*)
 #23 AsyncOperation::InvokeCoroutine()
 #24 UnityWebRequestAsyncOperation::InvokeCoroutine()
 #25 UnityWebRequestProto<UnityWebRequestTransport, AtomicRefCounter, RedirectHelper, ResponseHelper, DownloadHandler, UploadHandler, CertificateHandler, HeaderHelper, AsyncOperation>::Job_InvokeCoroutine(AsyncOperation*)
 #26 BackgroundJobQueue::ExecuteMainThreadJobs()
 #27 InitPlayerLoopCallbacks()::EarlyUpdateExecuteMainThreadJobsRegistrator::Forward()
 #28 ExecutePlayerLoop(NativePlayerLoopSystem*)
 #29 ExecutePlayerLoop(NativePlayerLoopSystem*)
 #30 PlayerLoop()
 #31 EditorPlayerLoop::Execute()
 #32 PlayerLoopController::InternalUpdateScene(bool, bool)
 #33 PlayerLoopController::UpdateSceneIfNeededFromMainLoop()
 #34 Application::TickTimer()
 #35 -[EditorApplication onEditorUpdatesTickTimer]
 #36 __NSFireTimer
 #37 __CFRUNLOOP_IS_CALLING_OUT_TO_A_TIMER_CALLBACK_FUNCTION__
 #38 __CFRunLoopDoTimer
 #39 __CFRunLoopDoTimers
 #40 __CFRunLoopRun
 #41 _CFRunLoopRunSpecificWithOptions
 #42 RunCurrentEventLoopInMode
 #43 ReceiveNextEventCommon
 #44 _BlockUntilNextEventMatchingListInMode
 #45 _DPSBlockUntilNextEventMatchingListInMode
 #46 _DPSNextEvent
 #47 -[NSApplication(NSEventRouting) _nextEventMatchingEventMask:untilDate:inMode:dequeue:]
 #48 -[NSApplication(NSEventRouting) nextEventMatchingMask:untilDate:inMode:dequeue:]
 #49 -[EditorApplication checkForFocusChange:]
 #50 __NSFireTimer
 #51 __CFRUNLOOP_IS_CALLING_OUT_TO_A_TIMER_CALLBACK_FUNCTION__
 #52 __CFRunLoopDoTimer
 #53 __CFRunLoopDoTimers
 #54 __CFRunLoopRun
 #55 _CFRunLoopRunSpecificWithOptions
 #56 RunCurrentEventLoopInMode
 #57 ReceiveNextEventCommon
 #58 _BlockUntilNextEventMatchingListInMode
 #59 _DPSBlockUntilNextEventMatchingListInMode
 #60 _DPSNextEvent
 #61 -[NSApplication(NSEventRouting) _nextEventMatchingEventMask:untilDate:inMode:dequeue:]
 #62 -[NSApplication(NSEventRouting) nextEventMatchingMask:untilDate:inMode:dequeue:]
 #63 -[NSApplication run]
 #64 NSApplicationMain
 #65 EditorMain(int, char const**)
 #66 main
 #67 start

Product:diamond50_v
 #0 PlatformStacktrace::GetStacktrace(int, StacktraceTypes::LRUCache<void*, StacktraceTypes::LRUValue>*)
 #1 DebugStringToFileExtended(DebugStringToFileData const&)
 #2 DebugLogHandler_CUSTOM_Internal_Log(LogType, LogOption, BindingsManagedSpan*, void*)
 #3  (Mono JIT Code) (wrapper managed-to-native) UnityEngine.DebugLogHandler:Internal_Log_Injected (UnityEngine.LogType,UnityEngine.LogOption,UnityEngine.Bindings.ManagedSpanWrapper&,intptr)
 #4  (Mono JIT Code) UnityEngine.DebugLogHandler:Internal_Log (UnityEngine.LogType,UnityEngine.LogOption,string,UnityEngine.Object)
 #5  (Mono JIT Code) [DebugLogHandler.cs:10] UnityEngine.DebugLogHandler:LogFormat (UnityEngine.LogType,UnityEngine.Object,string,object[])
 #6  (Mono JIT Code) [Logger.cs:61] UnityEngine.Logger:Log (UnityEngine.LogType,object)
 #7  (Mono JIT Code) [Debug.bindings.cs:123] UnityEngine.Debug:Log (object)
 #8  (Mono JIT Code) [IAPManager.cs:158] IAPManager:InitializePurchasing ()
 #9  (Mono JIT Code) [IAPManager.cs:61] IAPManager:set_StoneProductCatalogInitialised (bool)
 #10  (Mono JIT Code) [IAPManager.cs:121] IAPManager:<RefreshIAPItems>b__24_2 (PlayFab.ClientModels.GetCatalogItemsResult)
 #11  (Mono JIT Code) [PlayFabHTTP.cs:219] PlayFab.Internal.PlayFabHttp/<>c__DisplayClass23_0`1<TResult_REF>:<_MakeApiCall>b__1 ()
 #12  (Mono JIT Code) [PlayFabUnityHttp.cs:244] PlayFab.Internal.PlayFabUnityHttp:OnResponse (string,PlayFab.Internal.CallRequestContainer)
 #13  (Mono JIT Code) [PlayFabUnityHttp.cs:197] PlayFab.Internal.PlayFabUnityHttp/<Post>d__12:MoveNext ()
 #14  (Mono JIT Code) [Coroutines.cs:17] UnityEngine.SetupCoroutine:InvokeMoveNext (System.Collections.IEnumerator,intptr)
 #15  (Mono JIT Code) (wrapper runtime-invoke) <Module>:runtime_invoke_void_object_intptr (object,intptr,intptr,intptr)
 #16 mono_jit_runtime_invoke
 #17 do_runtime_invoke
 #18 mono_runtime_invoke
 #19 scripting_method_invoke(ScriptingMethodPtr, ScriptingObjectPtr, ScriptingArguments&, ScriptingExceptionPtr*, bool)
 #20 ScriptingInvocation::Invoke(ScriptingExceptionPtr*, bool)
 #21 Coroutine::InvokeMoveNext(ScriptingExceptionPtr*)
 #22 Coroutine::Run(bool*)
 #23 AsyncOperation::InvokeCoroutine()
 #24 UnityWebRequestAsyncOperation::InvokeCoroutine()
 #25 UnityWebRequestProto<UnityWebRequestTransport, AtomicRefCounter, RedirectHelper, ResponseHelper, DownloadHandler, UploadHandler, CertificateHandler, HeaderHelper, AsyncOperation>::Job_InvokeCoroutine(AsyncOperation*)
 #26 BackgroundJobQueue::ExecuteMainThreadJobs()
 #27 InitPlayerLoopCallbacks()::EarlyUpdateExecuteMainThreadJobsRegistrator::Forward()
 #28 ExecutePlayerLoop(NativePlayerLoopSystem*)
 #29 ExecutePlayerLoop(NativePlayerLoopSystem*)
 #30 PlayerLoop()
 #31 EditorPlayerLoop::Execute()
 #32 PlayerLoopController::InternalUpdateScene(bool, bool)
 #33 PlayerLoopController::UpdateSceneIfNeededFromMainLoop()
 #34 Application::TickTimer()
 #35 -[EditorApplication onEditorUpdatesTickTimer]
 #36 __NSFireTimer
 #37 __CFRUNLOOP_IS_CALLING_OUT_TO_A_TIMER_CALLBACK_FUNCTION__
 #38 __CFRunLoopDoTimer
 #39 __CFRunLoopDoTimers
 #40 __CFRunLoopRun
 #41 _CFRunLoopRunSpecificWithOptions
 #42 RunCurrentEventLoopInMode
 #43 ReceiveNextEventCommon
 #44 _BlockUntilNextEventMatchingListInMode
 #45 _DPSBlockUntilNextEventMatchingListInMode
 #46 _DPSNextEvent
 #47 -[NSApplication(NSEventRouting) _nextEventMatchingEventMask:untilDate:inMode:dequeue:]
 #48 -[NSApplication(NSEventRouting) nextEventMatchingMask:untilDate:inMode:dequeue:]
 #49 -[EditorApplication checkForFocusChange:]
 #50 __NSFireTimer
 #51 __CFRUNLOOP_IS_CALLING_OUT_TO_A_TIMER_CALLBACK_FUNCTION__
 #52 __CFRunLoopDoTimer
 #53 __CFRunLoopDoTimers
 #54 __CFRunLoopRun
 #55 _CFRunLoopRunSpecificWithOptions
 #56 RunCurrentEventLoopInMode
 #57 ReceiveNextEventCommon
 #58 _BlockUntilNextEventMatchingListInMode
 #59 _DPSBlockUntilNextEventMatchingListInMode
 #60 _DPSNextEvent
 #61 -[NSApplication(NSEventRouting) _nextEventMatchingEventMask:untilDate:inMode:dequeue:]
 #62 -[NSApplication(NSEventRouting) nextEventMatchingMask:untilDate:inMode:dequeue:]
 #63 -[NSApplication run]
 #64 NSApplicationMain
 #65 EditorMain(int, char const**)
 #66 main
 #67 start

Product:beginnerbundle1
 #0 PlatformStacktrace::GetStacktrace(int, StacktraceTypes::LRUCache<void*, StacktraceTypes::LRUValue>*)
 #1 DebugStringToFileExtended(DebugStringToFileData const&)
 #2 DebugLogHandler_CUSTOM_Internal_Log(LogType, LogOption, BindingsManagedSpan*, void*)
 #3  (Mono JIT Code) (wrapper managed-to-native) UnityEngine.DebugLogHandler:Internal_Log_Injected (UnityEngine.LogType,UnityEngine.LogOption,UnityEngine.Bindings.ManagedSpanWrapper&,intptr)
 #4  (Mono JIT Code) UnityEngine.DebugLogHandler:Internal_Log (UnityEngine.LogType,UnityEngine.LogOption,string,UnityEngine.Object)
 #5  (Mono JIT Code) [DebugLogHandler.cs:10] UnityEngine.DebugLogHandler:LogFormat (UnityEngine.LogType,UnityEngine.Object,string,object[])
 #6  (Mono JIT Code) [Logger.cs:61] UnityEngine.Logger:Log (UnityEngine.LogType,object)
 #7  (Mono JIT Code) [Debug.bindings.cs:123] UnityEngine.Debug:Log (object)
 #8  (Mono JIT Code) [IAPManager.cs:166] IAPManager:InitializePurchasing ()
 #9  (Mono JIT Code) [IAPManager.cs:61] IAPManager:set_StoneProductCatalogInitialised (bool)
 #10  (Mono JIT Code) [IAPManager.cs:121] IAPManager:<RefreshIAPItems>b__24_2 (PlayFab.ClientModels.GetCatalogItemsResult)
 #11  (Mono JIT Code) [PlayFabHTTP.cs:219] PlayFab.Internal.PlayFabHttp/<>c__DisplayClass23_0`1<TResult_REF>:<_MakeApiCall>b__1 ()
 #12  (Mono JIT Code) [PlayFabUnityHttp.cs:244] PlayFab.Internal.PlayFabUnityHttp:OnResponse (string,PlayFab.Internal.CallRequestContainer)
 #13  (Mono JIT Code) [PlayFabUnityHttp.cs:197] PlayFab.Internal.PlayFabUnityHttp/<Post>d__12:MoveNext ()
 #14  (Mono JIT Code) [Coroutines.cs:17] UnityEngine.SetupCoroutine:InvokeMoveNext (System.Collections.IEnumerator,intptr)
 #15  (Mono JIT Code) (wrapper runtime-invoke) <Module>:runtime_invoke_void_object_intptr (object,intptr,intptr,intptr)
 #16 mono_jit_runtime_invoke
 #17 do_runtime_invoke
 #18 mono_runtime_invoke
 #19 scripting_method_invoke(ScriptingMethodPtr, ScriptingObjectPtr, ScriptingArguments&, ScriptingExceptionPtr*, bool)
 #20 ScriptingInvocation::Invoke(ScriptingExceptionPtr*, bool)
 #21 Coroutine::InvokeMoveNext(ScriptingExceptionPtr*)
 #22 Coroutine::Run(bool*)
 #23 AsyncOperation::InvokeCoroutine()
 #24 UnityWebRequestAsyncOperation::InvokeCoroutine()
 #25 UnityWebRequestProto<UnityWebRequestTransport, AtomicRefCounter, RedirectHelper, ResponseHelper, DownloadHandler, UploadHandler, CertificateHandler, HeaderHelper, AsyncOperation>::Job_InvokeCoroutine(AsyncOperation*)
 #26 BackgroundJobQueue::ExecuteMainThreadJobs()
 #27 InitPlayerLoopCallbacks()::EarlyUpdateExecuteMainThreadJobsRegistrator::Forward()
 #28 ExecutePlayerLoop(NativePlayerLoopSystem*)
 #29 ExecutePlayerLoop(NativePlayerLoopSystem*)
 #30 PlayerLoop()
 #31 EditorPlayerLoop::Execute()
 #32 PlayerLoopController::InternalUpdateScene(bool, bool)
 #33 PlayerLoopController::UpdateSceneIfNeededFromMainLoop()
 #34 Application::TickTimer()
 #35 -[EditorApplication onEditorUpdatesTickTimer]
 #36 __NSFireTimer
 #37 __CFRUNLOOP_IS_CALLING_OUT_TO_A_TIMER_CALLBACK_FUNCTION__
 #38 __CFRunLoopDoTimer
 #39 __CFRunLoopDoTimers
 #40 __CFRunLoopRun
 #41 _CFRunLoopRunSpecificWithOptions
 #42 RunCurrentEventLoopInMode
 #43 ReceiveNextEventCommon
 #44 _BlockUntilNextEventMatchingListInMode
 #45 _DPSBlockUntilNextEventMatchingListInMode
 #46 _DPSNextEvent
 #47 -[NSApplication(NSEventRouting) _nextEventMatchingEventMask:untilDate:inMode:dequeue:]
 #48 -[NSApplication(NSEventRouting) nextEventMatchingMask:untilDate:inMode:dequeue:]
 #49 -[EditorApplication checkForFocusChange:]
 #50 __NSFireTimer
 #51 __CFRUNLOOP_IS_CALLING_OUT_TO_A_TIMER_CALLBACK_FUNCTION__
 #52 __CFRunLoopDoTimer
 #53 __CFRunLoopDoTimers
 #54 __CFRunLoopRun
 #55 _CFRunLoopRunSpecificWithOptions
 #56 RunCurrentEventLoopInMode
 #57 ReceiveNextEventCommon
 #58 _BlockUntilNextEventMatchingListInMode
 #59 _DPSBlockUntilNextEventMatchingListInMode
 #60 _DPSNextEvent
 #61 -[NSApplication(NSEventRouting) _nextEventMatchingEventMask:untilDate:inMode:dequeue:]
 #62 -[NSApplication(NSEventRouting) nextEventMatchingMask:untilDate:inMode:dequeue:]
 #63 -[NSApplication run]
 #64 NSApplicationMain
 #65 EditorMain(int, char const**)
 #66 main
 #67 start

Product:beginnerbundle2
 #0 PlatformStacktrace::GetStacktrace(int, StacktraceTypes::LRUCache<void*, StacktraceTypes::LRUValue>*)
 #1 DebugStringToFileExtended(DebugStringToFileData const&)
 #2 DebugLogHandler_CUSTOM_Internal_Log(LogType, LogOption, BindingsManagedSpan*, void*)
 #3  (Mono JIT Code) (wrapper managed-to-native) UnityEngine.DebugLogHandler:Internal_Log_Injected (UnityEngine.LogType,UnityEngine.LogOption,UnityEngine.Bindings.ManagedSpanWrapper&,intptr)
 #4  (Mono JIT Code) UnityEngine.DebugLogHandler:Internal_Log (UnityEngine.LogType,UnityEngine.LogOption,string,UnityEngine.Object)
 #5  (Mono JIT Code) [DebugLogHandler.cs:10] UnityEngine.DebugLogHandler:LogFormat (UnityEngine.LogType,UnityEngine.Object,string,object[])
 #6  (Mono JIT Code) [Logger.cs:61] UnityEngine.Logger:Log (UnityEngine.LogType,object)
 #7  (Mono JIT Code) [Debug.bindings.cs:123] UnityEngine.Debug:Log (object)
 #8  (Mono JIT Code) [IAPManager.cs:166] IAPManager:InitializePurchasing ()
 #9  (Mono JIT Code) [IAPManager.cs:61] IAPManager:set_StoneProductCatalogInitialised (bool)
 #10  (Mono JIT Code) [IAPManager.cs:121] IAPManager:<RefreshIAPItems>b__24_2 (PlayFab.ClientModels.GetCatalogItemsResult)
 #11  (Mono JIT Code) [PlayFabHTTP.cs:219] PlayFab.Internal.PlayFabHttp/<>c__DisplayClass23_0`1<TResult_REF>:<_MakeApiCall>b__1 ()
 #12  (Mono JIT Code) [PlayFabUnityHttp.cs:244] PlayFab.Internal.PlayFabUnityHttp:OnResponse (string,PlayFab.Internal.CallRequestContainer)
 #13  (Mono JIT Code) [PlayFabUnityHttp.cs:197] PlayFab.Internal.PlayFabUnityHttp/<Post>d__12:MoveNext ()
 #14  (Mono JIT Code) [Coroutines.cs:17] UnityEngine.SetupCoroutine:InvokeMoveNext (System.Collections.IEnumerator,intptr)
 #15  (Mono JIT Code) (wrapper runtime-invoke) <Module>:runtime_invoke_void_object_intptr (object,intptr,intptr,intptr)
 #16 mono_jit_runtime_invoke
 #17 do_runtime_invoke
 #18 mono_runtime_invoke
 #19 scripting_method_invoke(ScriptingMethodPtr, ScriptingObjectPtr, ScriptingArguments&, ScriptingExceptionPtr*, bool)
 #20 ScriptingInvocation::Invoke(ScriptingExceptionPtr*, bool)
 #21 Coroutine::InvokeMoveNext(ScriptingExceptionPtr*)
 #22 Coroutine::Run(bool*)
 #23 AsyncOperation::InvokeCoroutine()
 #24 UnityWebRequestAsyncOperation::InvokeCoroutine()
 #25 UnityWebRequestProto<UnityWebRequestTransport, AtomicRefCounter, RedirectHelper, ResponseHelper, DownloadHandler, UploadHandler, CertificateHandler, HeaderHelper, AsyncOperation>::Job_InvokeCoroutine(AsyncOperation*)
 #26 BackgroundJobQueue::ExecuteMainThreadJobs()
 #27 InitPlayerLoopCallbacks()::EarlyUpdateExecuteMainThreadJobsRegistrator::Forward()
 #28 ExecutePlayerLoop(NativePlayerLoopSystem*)
 #29 ExecutePlayerLoop(NativePlayerLoopSystem*)
 #30 PlayerLoop()
 #31 EditorPlayerLoop::Execute()
 #32 PlayerLoopController::InternalUpdateScene(bool, bool)
 #33 PlayerLoopController::UpdateSceneIfNeededFromMainLoop()
 #34 Application::TickTimer()
 #35 -[EditorApplication onEditorUpdatesTickTimer]
 #36 __NSFireTimer
 #37 __CFRUNLOOP_IS_CALLING_OUT_TO_A_TIMER_CALLBACK_FUNCTION__
 #38 __CFRunLoopDoTimer
 #39 __CFRunLoopDoTimers
 #40 __CFRunLoopRun
 #41 _CFRunLoopRunSpecificWithOptions
 #42 RunCurrentEventLoopInMode
 #43 ReceiveNextEventCommon
 #44 _BlockUntilNextEventMatchingListInMode
 #45 _DPSBlockUntilNextEventMatchingListInMode
 #46 _DPSNextEvent
 #47 -[NSApplication(NSEventRouting) _nextEventMatchingEventMask:untilDate:inMode:dequeue:]
 #48 -[NSApplication(NSEventRouting) nextEventMatchingMask:untilDate:inMode:dequeue:]
 #49 -[EditorApplication checkForFocusChange:]
 #50 __NSFireTimer
 #51 __CFRUNLOOP_IS_CALLING_OUT_TO_A_TIMER_CALLBACK_FUNCTION__
 #52 __CFRunLoopDoTimer
 #53 __CFRunLoopDoTimers
 #54 __CFRunLoopRun
 #55 _CFRunLoopRunSpecificWithOptions
 #56 RunCurrentEventLoopInMode
 #57 ReceiveNextEventCommon
 #58 _BlockUntilNextEventMatchingListInMode
 #59 _DPSBlockUntilNextEventMatchingListInMode
 #60 _DPSNextEvent
 #61 -[NSApplication(NSEventRouting) _nextEventMatchingEventMask:untilDate:inMode:dequeue:]
 #62 -[NSApplication(NSEventRouting) nextEventMatchingMask:untilDate:inMode:dequeue:]
 #63 -[NSApplication run]
 #64 NSApplicationMain
 #65 EditorMain(int, char const**)
 #66 main
 #67 start

Product:beginnerbundle3
 #0 PlatformStacktrace::GetStacktrace(int, StacktraceTypes::LRUCache<void*, StacktraceTypes::LRUValue>*)
 #1 DebugStringToFileExtended(DebugStringToFileData const&)
 #2 DebugLogHandler_CUSTOM_Internal_Log(LogType, LogOption, BindingsManagedSpan*, void*)
 #3  (Mono JIT Code) (wrapper managed-to-native) UnityEngine.DebugLogHandler:Internal_Log_Injected (UnityEngine.LogType,UnityEngine.LogOption,UnityEngine.Bindings.ManagedSpanWrapper&,intptr)
 #4  (Mono JIT Code) UnityEngine.DebugLogHandler:Internal_Log (UnityEngine.LogType,UnityEngine.LogOption,string,UnityEngine.Object)
 #5  (Mono JIT Code) [DebugLogHandler.cs:10] UnityEngine.DebugLogHandler:LogFormat (UnityEngine.LogType,UnityEngine.Object,string,object[])
 #6  (Mono JIT Code) [Logger.cs:61] UnityEngine.Logger:Log (UnityEngine.LogType,object)
 #7  (Mono JIT Code) [Debug.bindings.cs:123] UnityEngine.Debug:Log (object)
 #8  (Mono JIT Code) [IAPManager.cs:166] IAPManager:InitializePurchasing ()
 #9  (Mono JIT Code) [IAPManager.cs:61] IAPManager:set_StoneProductCatalogInitialised (bool)
 #10  (Mono JIT Code) [IAPManager.cs:121] IAPManager:<RefreshIAPItems>b__24_2 (PlayFab.ClientModels.GetCatalogItemsResult)
 #11  (Mono JIT Code) [PlayFabHTTP.cs:219] PlayFab.Internal.PlayFabHttp/<>c__DisplayClass23_0`1<TResult_REF>:<_MakeApiCall>b__1 ()
 #12  (Mono JIT Code) [PlayFabUnityHttp.cs:244] PlayFab.Internal.PlayFabUnityHttp:OnResponse (string,PlayFab.Internal.CallRequestContainer)
 #13  (Mono JIT Code) [PlayFabUnityHttp.cs:197] PlayFab.Internal.PlayFabUnityHttp/<Post>d__12:MoveNext ()
 #14  (Mono JIT Code) [Coroutines.cs:17] UnityEngine.SetupCoroutine:InvokeMoveNext (System.Collections.IEnumerator,intptr)
 #15  (Mono JIT Code) (wrapper runtime-invoke) <Module>:runtime_invoke_void_object_intptr (object,intptr,intptr,intptr)
 #16 mono_jit_runtime_invoke
 #17 do_runtime_invoke
 #18 mono_runtime_invoke
 #19 scripting_method_invoke(ScriptingMethodPtr, ScriptingObjectPtr, ScriptingArguments&, ScriptingExceptionPtr*, bool)
 #20 ScriptingInvocation::Invoke(ScriptingExceptionPtr*, bool)
 #21 Coroutine::InvokeMoveNext(ScriptingExceptionPtr*)
 #22 Coroutine::Run(bool*)
 #23 AsyncOperation::InvokeCoroutine()
 #24 UnityWebRequestAsyncOperation::InvokeCoroutine()
 #25 UnityWebRequestProto<UnityWebRequestTransport, AtomicRefCounter, RedirectHelper, ResponseHelper, DownloadHandler, UploadHandler, CertificateHandler, HeaderHelper, AsyncOperation>::Job_InvokeCoroutine(AsyncOperation*)
 #26 BackgroundJobQueue::ExecuteMainThreadJobs()
 #27 InitPlayerLoopCallbacks()::EarlyUpdateExecuteMainThreadJobsRegistrator::Forward()
 #28 ExecutePlayerLoop(NativePlayerLoopSystem*)
 #29 ExecutePlayerLoop(NativePlayerLoopSystem*)
 #30 PlayerLoop()
 #31 EditorPlayerLoop::Execute()
 #32 PlayerLoopController::InternalUpdateScene(bool, bool)
 #33 PlayerLoopController::UpdateSceneIfNeededFromMainLoop()
 #34 Application::TickTimer()
 #35 -[EditorApplication onEditorUpdatesTickTimer]
 #36 __NSFireTimer
 #37 __CFRUNLOOP_IS_CALLING_OUT_TO_A_TIMER_CALLBACK_FUNCTION__
 #38 __CFRunLoopDoTimer
 #39 __CFRunLoopDoTimers
 #40 __CFRunLoopRun
 #41 _CFRunLoopRunSpecificWithOptions
 #42 RunCurrentEventLoopInMode
 #43 ReceiveNextEventCommon
 #44 _BlockUntilNextEventMatchingListInMode
 #45 _DPSBlockUntilNextEventMatchingListInMode
 #46 _DPSNextEvent
 #47 -[NSApplication(NSEventRouting) _nextEventMatchingEventMask:untilDate:inMode:dequeue:]
 #48 -[NSApplication(NSEventRouting) nextEventMatchingMask:untilDate:inMode:dequeue:]
 #49 -[EditorApplication checkForFocusChange:]
 #50 __NSFireTimer
 #51 __CFRUNLOOP_IS_CALLING_OUT_TO_A_TIMER_CALLBACK_FUNCTION__
 #52 __CFRunLoopDoTimer
 #53 __CFRunLoopDoTimers
 #54 __CFRunLoopRun
 #55 _CFRunLoopRunSpecificWithOptions
 #56 RunCurrentEventLoopInMode
 #57 ReceiveNextEventCommon
 #58 _BlockUntilNextEventMatchingListInMode
 #59 _DPSBlockUntilNextEventMatchingListInMode
 #60 _DPSNextEvent
 #61 -[NSApplication(NSEventRouting) _nextEventMatchingEventMask:untilDate:inMode:dequeue:]
 #62 -[NSApplication(NSEventRouting) nextEventMatchingMask:untilDate:inMode:dequeue:]
 #63 -[NSApplication run]
 #64 NSApplicationMain
 #65 EditorMain(int, char const**)
 #66 main
 #67 start

Product:beginnerbundle1_v
 #0 PlatformStacktrace::GetStacktrace(int, StacktraceTypes::LRUCache<void*, StacktraceTypes::LRUValue>*)
 #1 DebugStringToFileExtended(DebugStringToFileData const&)
 #2 DebugLogHandler_CUSTOM_Internal_Log(LogType, LogOption, BindingsManagedSpan*, void*)
 #3  (Mono JIT Code) (wrapper managed-to-native) UnityEngine.DebugLogHandler:Internal_Log_Injected (UnityEngine.LogType,UnityEngine.LogOption,UnityEngine.Bindings.ManagedSpanWrapper&,intptr)
 #4  (Mono JIT Code) UnityEngine.DebugLogHandler:Internal_Log (UnityEngine.LogType,UnityEngine.LogOption,string,UnityEngine.Object)
 #5  (Mono JIT Code) [DebugLogHandler.cs:10] UnityEngine.DebugLogHandler:LogFormat (UnityEngine.LogType,UnityEngine.Object,string,object[])
 #6  (Mono JIT Code) [Logger.cs:61] UnityEngine.Logger:Log (UnityEngine.LogType,object)
 #7  (Mono JIT Code) [Debug.bindings.cs:123] UnityEngine.Debug:Log (object)
 #8  (Mono JIT Code) [IAPManager.cs:166] IAPManager:InitializePurchasing ()
 #9  (Mono JIT Code) [IAPManager.cs:61] IAPManager:set_StoneProductCatalogInitialised (bool)
 #10  (Mono JIT Code) [IAPManager.cs:121] IAPManager:<RefreshIAPItems>b__24_2 (PlayFab.ClientModels.GetCatalogItemsResult)
 #11  (Mono JIT Code) [PlayFabHTTP.cs:219] PlayFab.Internal.PlayFabHttp/<>c__DisplayClass23_0`1<TResult_REF>:<_MakeApiCall>b__1 ()
 #12  (Mono JIT Code) [PlayFabUnityHttp.cs:244] PlayFab.Internal.PlayFabUnityHttp:OnResponse (string,PlayFab.Internal.CallRequestContainer)
 #13  (Mono JIT Code) [PlayFabUnityHttp.cs:197] PlayFab.Internal.PlayFabUnityHttp/<Post>d__12:MoveNext ()
 #14  (Mono JIT Code) [Coroutines.cs:17] UnityEngine.SetupCoroutine:InvokeMoveNext (System.Collections.IEnumerator,intptr)
 #15  (Mono JIT Code) (wrapper runtime-invoke) <Module>:runtime_invoke_void_object_intptr (object,intptr,intptr,intptr)
 #16 mono_jit_runtime_invoke
 #17 do_runtime_invoke
 #18 mono_runtime_invoke
 #19 scripting_method_invoke(ScriptingMethodPtr, ScriptingObjectPtr, ScriptingArguments&, ScriptingExceptionPtr*, bool)
 #20 ScriptingInvocation::Invoke(ScriptingExceptionPtr*, bool)
 #21 Coroutine::InvokeMoveNext(ScriptingExceptionPtr*)
 #22 Coroutine::Run(bool*)
 #23 AsyncOperation::InvokeCoroutine()
 #24 UnityWebRequestAsyncOperation::InvokeCoroutine()
 #25 UnityWebRequestProto<UnityWebRequestTransport, AtomicRefCounter, RedirectHelper, ResponseHelper, DownloadHandler, UploadHandler, CertificateHandler, HeaderHelper, AsyncOperation>::Job_InvokeCoroutine(AsyncOperation*)
 #26 BackgroundJobQueue::ExecuteMainThreadJobs()
 #27 InitPlayerLoopCallbacks()::EarlyUpdateExecuteMainThreadJobsRegistrator::Forward()
 #28 ExecutePlayerLoop(NativePlayerLoopSystem*)
 #29 ExecutePlayerLoop(NativePlayerLoopSystem*)
 #30 PlayerLoop()
 #31 EditorPlayerLoop::Execute()
 #32 PlayerLoopController::InternalUpdateScene(bool, bool)
 #33 PlayerLoopController::UpdateSceneIfNeededFromMainLoop()
 #34 Application::TickTimer()
 #35 -[EditorApplication onEditorUpdatesTickTimer]
 #36 __NSFireTimer
 #37 __CFRUNLOOP_IS_CALLING_OUT_TO_A_TIMER_CALLBACK_FUNCTION__
 #38 __CFRunLoopDoTimer
 #39 __CFRunLoopDoTimers
 #40 __CFRunLoopRun
 #41 _CFRunLoopRunSpecificWithOptions
 #42 RunCurrentEventLoopInMode
 #43 ReceiveNextEventCommon
 #44 _BlockUntilNextEventMatchingListInMode
 #45 _DPSBlockUntilNextEventMatchingListInMode
 #46 _DPSNextEvent
 #47 -[NSApplication(NSEventRouting) _nextEventMatchingEventMask:untilDate:inMode:dequeue:]
 #48 -[NSApplication(NSEventRouting) nextEventMatchingMask:untilDate:inMode:dequeue:]
 #49 -[EditorApplication checkForFocusChange:]
 #50 __NSFireTimer
 #51 __CFRUNLOOP_IS_CALLING_OUT_TO_A_TIMER_CALLBACK_FUNCTION__
 #52 __CFRunLoopDoTimer
 #53 __CFRunLoopDoTimers
 #54 __CFRunLoopRun
 #55 _CFRunLoopRunSpecificWithOptions
 #56 RunCurrentEventLoopInMode
 #57 ReceiveNextEventCommon
 #58 _BlockUntilNextEventMatchingListInMode
 #59 _DPSBlockUntilNextEventMatchingListInMode
 #60 _DPSNextEvent
 #61 -[NSApplication(NSEventRouting) _nextEventMatchingEventMask:untilDate:inMode:dequeue:]
 #62 -[NSApplication(NSEventRouting) nextEventMatchingMask:untilDate:inMode:dequeue:]
 #63 -[NSApplication run]
 #64 NSApplicationMain
 #65 EditorMain(int, char const**)
 #66 main
 #67 start

Product:beginnerbundle2_v
 #0 PlatformStacktrace::GetStacktrace(int, StacktraceTypes::LRUCache<void*, StacktraceTypes::LRUValue>*)
 #1 DebugStringToFileExtended(DebugStringToFileData const&)
 #2 DebugLogHandler_CUSTOM_Internal_Log(LogType, LogOption, BindingsManagedSpan*, void*)
 #3  (Mono JIT Code) (wrapper managed-to-native) UnityEngine.DebugLogHandler:Internal_Log_Injected (UnityEngine.LogType,UnityEngine.LogOption,UnityEngine.Bindings.ManagedSpanWrapper&,intptr)
 #4  (Mono JIT Code) UnityEngine.DebugLogHandler:Internal_Log (UnityEngine.LogType,UnityEngine.LogOption,string,UnityEngine.Object)
 #5  (Mono JIT Code) [DebugLogHandler.cs:10] UnityEngine.DebugLogHandler:LogFormat (UnityEngine.LogType,UnityEngine.Object,string,object[])
 #6  (Mono JIT Code) [Logger.cs:61] UnityEngine.Logger:Log (UnityEngine.LogType,object)
 #7  (Mono JIT Code) [Debug.bindings.cs:123] UnityEngine.Debug:Log (object)
 #8  (Mono JIT Code) [IAPManager.cs:166] IAPManager:InitializePurchasing ()
 #9  (Mono JIT Code) [IAPManager.cs:61] IAPManager:set_StoneProductCatalogInitialised (bool)
 #10  (Mono JIT Code) [IAPManager.cs:121] IAPManager:<RefreshIAPItems>b__24_2 (PlayFab.ClientModels.GetCatalogItemsResult)
 #11  (Mono JIT Code) [PlayFabHTTP.cs:219] PlayFab.Internal.PlayFabHttp/<>c__DisplayClass23_0`1<TResult_REF>:<_MakeApiCall>b__1 ()
 #12  (Mono JIT Code) [PlayFabUnityHttp.cs:244] PlayFab.Internal.PlayFabUnityHttp:OnResponse (string,PlayFab.Internal.CallRequestContainer)
 #13  (Mono JIT Code) [PlayFabUnityHttp.cs:197] PlayFab.Internal.PlayFabUnityHttp/<Post>d__12:MoveNext ()
 #14  (Mono JIT Code) [Coroutines.cs:17] UnityEngine.SetupCoroutine:InvokeMoveNext (System.Collections.IEnumerator,intptr)
 #15  (Mono JIT Code) (wrapper runtime-invoke) <Module>:runtime_invoke_void_object_intptr (object,intptr,intptr,intptr)
 #16 mono_jit_runtime_invoke
 #17 do_runtime_invoke
 #18 mono_runtime_invoke
 #19 scripting_method_invoke(ScriptingMethodPtr, ScriptingObjectPtr, ScriptingArguments&, ScriptingExceptionPtr*, bool)
 #20 ScriptingInvocation::Invoke(ScriptingExceptionPtr*, bool)
 #21 Coroutine::InvokeMoveNext(ScriptingExceptionPtr*)
 #22 Coroutine::Run(bool*)
 #23 AsyncOperation::InvokeCoroutine()
 #24 UnityWebRequestAsyncOperation::InvokeCoroutine()
 #25 UnityWebRequestProto<UnityWebRequestTransport, AtomicRefCounter, RedirectHelper, ResponseHelper, DownloadHandler, UploadHandler, CertificateHandler, HeaderHelper, AsyncOperation>::Job_InvokeCoroutine(AsyncOperation*)
 #26 BackgroundJobQueue::ExecuteMainThreadJobs()
 #27 InitPlayerLoopCallbacks()::EarlyUpdateExecuteMainThreadJobsRegistrator::Forward()
 #28 ExecutePlayerLoop(NativePlayerLoopSystem*)
 #29 ExecutePlayerLoop(NativePlayerLoopSystem*)
 #30 PlayerLoop()
 #31 EditorPlayerLoop::Execute()
 #32 PlayerLoopController::InternalUpdateScene(bool, bool)
 #33 PlayerLoopController::UpdateSceneIfNeededFromMainLoop()
 #34 Application::TickTimer()
 #35 -[EditorApplication onEditorUpdatesTickTimer]
 #36 __NSFireTimer
 #37 __CFRUNLOOP_IS_CALLING_OUT_TO_A_TIMER_CALLBACK_FUNCTION__
 #38 __CFRunLoopDoTimer
 #39 __CFRunLoopDoTimers
 #40 __CFRunLoopRun
 #41 _CFRunLoopRunSpecificWithOptions
 #42 RunCurrentEventLoopInMode
 #43 ReceiveNextEventCommon
 #44 _BlockUntilNextEventMatchingListInMode
 #45 _DPSBlockUntilNextEventMatchingListInMode
 #46 _DPSNextEvent
 #47 -[NSApplication(NSEventRouting) _nextEventMatchingEventMask:untilDate:inMode:dequeue:]
 #48 -[NSApplication(NSEventRouting) nextEventMatchingMask:untilDate:inMode:dequeue:]
 #49 -[EditorApplication checkForFocusChange:]
 #50 __NSFireTimer
 #51 __CFRUNLOOP_IS_CALLING_OUT_TO_A_TIMER_CALLBACK_FUNCTION__
 #52 __CFRunLoopDoTimer
 #53 __CFRunLoopDoTimers
 #54 __CFRunLoopRun
 #55 _CFRunLoopRunSpecificWithOptions
 #56 RunCurrentEventLoopInMode
 #57 ReceiveNextEventCommon
 #58 _BlockUntilNextEventMatchingListInMode
 #59 _DPSBlockUntilNextEventMatchingListInMode
 #60 _DPSNextEvent
 #61 -[NSApplication(NSEventRouting) _nextEventMatchingEventMask:untilDate:inMode:dequeue:]
 #62 -[NSApplication(NSEventRouting) nextEventMatchingMask:untilDate:inMode:dequeue:]
 #63 -[NSApplication run]
 #64 NSApplicationMain
 #65 EditorMain(int, char const**)
 #66 main
 #67 start

Product:beginnerbundle3_v
 #0 PlatformStacktrace::GetStacktrace(int, StacktraceTypes::LRUCache<void*, StacktraceTypes::LRUValue>*)
 #1 DebugStringToFileExtended(DebugStringToFileData const&)
 #2 DebugLogHandler_CUSTOM_Internal_Log(LogType, LogOption, BindingsManagedSpan*, void*)
 #3  (Mono JIT Code) (wrapper managed-to-native) UnityEngine.DebugLogHandler:Internal_Log_Injected (UnityEngine.LogType,UnityEngine.LogOption,UnityEngine.Bindings.ManagedSpanWrapper&,intptr)
 #4  (Mono JIT Code) UnityEngine.DebugLogHandler:Internal_Log (UnityEngine.LogType,UnityEngine.LogOption,string,UnityEngine.Object)
 #5  (Mono JIT Code) [DebugLogHandler.cs:10] UnityEngine.DebugLogHandler:LogFormat (UnityEngine.LogType,UnityEngine.Object,string,object[])
 #6  (Mono JIT Code) [Logger.cs:61] UnityEngine.Logger:Log (UnityEngine.LogType,object)
 #7  (Mono JIT Code) [Debug.bindings.cs:123] UnityEngine.Debug:Log (object)
 #8  (Mono JIT Code) [IAPManager.cs:166] IAPManager:InitializePurchasing ()
 #9  (Mono JIT Code) [IAPManager.cs:61] IAPManager:set_StoneProductCatalogInitialised (bool)
 #10  (Mono JIT Code) [IAPManager.cs:121] IAPManager:<RefreshIAPItems>b__24_2 (PlayFab.ClientModels.GetCatalogItemsResult)
 #11  (Mono JIT Code) [PlayFabHTTP.cs:219] PlayFab.Internal.PlayFabHttp/<>c__DisplayClass23_0`1<TResult_REF>:<_MakeApiCall>b__1 ()
 #12  (Mono JIT Code) [PlayFabUnityHttp.cs:244] PlayFab.Internal.PlayFabUnityHttp:OnResponse (string,PlayFab.Internal.CallRequestContainer)
 #13  (Mono JIT Code) [PlayFabUnityHttp.cs:197] PlayFab.Internal.PlayFabUnityHttp/<Post>d__12:MoveNext ()
 #14  (Mono JIT Code) [Coroutines.cs:17] UnityEngine.SetupCoroutine:InvokeMoveNext (System.Collections.IEnumerator,intptr)
 #15  (Mono JIT Code) (wrapper runtime-invoke) <Module>:runtime_invoke_void_object_intptr (object,intptr,intptr,intptr)
 #16 mono_jit_runtime_invoke
 #17 do_runtime_invoke
 #18 mono_runtime_invoke
 #19 scripting_method_invoke(ScriptingMethodPtr, ScriptingObjectPtr, ScriptingArguments&, ScriptingExceptionPtr*, bool)
 #20 ScriptingInvocation::Invoke(ScriptingExceptionPtr*, bool)
 #21 Coroutine::InvokeMoveNext(ScriptingExceptionPtr*)
 #22 Coroutine::Run(bool*)
 #23 AsyncOperation::InvokeCoroutine()
 #24 UnityWebRequestAsyncOperation::InvokeCoroutine()
 #25 UnityWebRequestProto<UnityWebRequestTransport, AtomicRefCounter, RedirectHelper, ResponseHelper, DownloadHandler, UploadHandler, CertificateHandler, HeaderHelper, AsyncOperation>::Job_InvokeCoroutine(AsyncOperation*)
 #26 BackgroundJobQueue::ExecuteMainThreadJobs()
 #27 InitPlayerLoopCallbacks()::EarlyUpdateExecuteMainThreadJobsRegistrator::Forward()
 #28 ExecutePlayerLoop(NativePlayerLoopSystem*)
 #29 ExecutePlayerLoop(NativePlayerLoopSystem*)
 #30 PlayerLoop()
 #31 EditorPlayerLoop::Execute()
 #32 PlayerLoopController::InternalUpdateScene(bool, bool)
 #33 PlayerLoopController::UpdateSceneIfNeededFromMainLoop()
 #34 Application::TickTimer()
 #35 -[EditorApplication onEditorUpdatesTickTimer]
 #36 __NSFireTimer
 #37 __CFRUNLOOP_IS_CALLING_OUT_TO_A_TIMER_CALLBACK_FUNCTION__
 #38 __CFRunLoopDoTimer
 #39 __CFRunLoopDoTimers
 #40 __CFRunLoopRun
 #41 _CFRunLoopRunSpecificWithOptions
 #42 RunCurrentEventLoopInMode
 #43 ReceiveNextEventCommon
 #44 _BlockUntilNextEventMatchingListInMode
 #45 _DPSBlockUntilNextEventMatchingListInMode
 #46 _DPSNextEvent
 #47 -[NSApplication(NSEventRouting) _nextEventMatchingEventMask:untilDate:inMode:dequeue:]
 #48 -[NSApplication(NSEventRouting) nextEventMatchingMask:untilDate:inMode:dequeue:]
 #49 -[EditorApplication checkForFocusChange:]
 #50 __NSFireTimer
 #51 __CFRUNLOOP_IS_CALLING_OUT_TO_A_TIMER_CALLBACK_FUNCTION__
 #52 __CFRunLoopDoTimer
 #53 __CFRunLoopDoTimers
 #54 __CFRunLoopRun
 #55 _CFRunLoopRunSpecificWithOptions
 #56 RunCurrentEventLoopInMode
 #57 ReceiveNextEventCommon
 #58 _BlockUntilNextEventMatchingListInMode
 #59 _DPSBlockUntilNextEventMatchingListInMode
 #60 _DPSNextEvent
 #61 -[NSApplication(NSEventRouting) _nextEventMatchingEventMask:untilDate:inMode:dequeue:]
 #62 -[NSApplication(NSEventRouting) nextEventMatchingMask:untilDate:inMode:dequeue:]
 #63 -[NSApplication run]
 #64 NSApplicationMain
 #65 EditorMain(int, char const**)
 #66 main
 #67 start

InAppPurchasing: IStoreService.Connect called without a callback defined for IStoreService.OnStoreConnected.
 #0 PlatformStacktrace::GetStacktrace(int, StacktraceTypes::LRUCache<void*, StacktraceTypes::LRUValue>*)
 #1 DebugStringToFileExtended(DebugStringToFileData const&)
 #2 DebugLogHandler_CUSTOM_Internal_Log(LogType, LogOption, BindingsManagedSpan*, void*)
 #3  (Mono JIT Code) (wrapper managed-to-native) UnityEngine.DebugLogHandler:Internal_Log_Injected (UnityEngine.LogType,UnityEngine.LogOption,UnityEngine.Bindings.ManagedSpanWrapper&,intptr)
 #4  (Mono JIT Code) UnityEngine.DebugLogHandler:Internal_Log (UnityEngine.LogType,UnityEngine.LogOption,string,UnityEngine.Object)
 #5  (Mono JIT Code) [DebugLogHandler.cs:10] UnityEngine.DebugLogHandler:LogFormat (UnityEngine.LogType,UnityEngine.Object,string,object[])
 #6  (Mono JIT Code) [Logger.cs:103] UnityEngine.Logger:LogWarning (string,object)
 #7  (Mono JIT Code) [LoggerExtensions.cs:32] UnityEngine.Purchasing.LoggerExtensions:LogIAPWarning (UnityEngine.ILogger,string)
 #8  (Mono JIT Code) [StoreConnectUseCase.cs:38] UnityEngine.Purchasing.StoreConnectUseCase:Connect ()
 #9  (Mono JIT Code) [StoreService.cs:30] UnityEngine.Purchasing.StoreService:Connect ()
 #10  (Mono JIT Code) [UnityPurchasing.cs:82] UnityEngine.Purchasing.UnityPurchasing/<ConnectToStoreAndFetchProducts>d__9:MoveNext ()
 #11  (Mono JIT Code) System.Runtime.CompilerServices.AsyncVoidMethodBuilder:Start<UnityEngine.Purchasing.UnityPurchasing/<ConnectToStoreAndFetchProducts>d__9> (UnityEngine.Purchasing.UnityPurchasing/<ConnectToStoreAndFetchProducts>d__9&)
 #12  (Mono JIT Code) UnityEngine.Purchasing.UnityPurchasing:ConnectToStoreAndFetchProducts ()
 #13  (Mono JIT Code) [UnityPurchasing.cs:40] UnityEngine.Purchasing.UnityPurchasing:Initialize (UnityEngine.Purchasing.IStoreListener,UnityEngine.Purchasing.ConfigurationBuilder)
 #14  (Mono JIT Code) [IAPManager.cs:174] IAPManager:InitializePurchasing ()
 #15  (Mono JIT Code) [IAPManager.cs:61] IAPManager:set_StoneProductCatalogInitialised (bool)
 #16  (Mono JIT Code) [IAPManager.cs:121] IAPManager:<RefreshIAPItems>b__24_2 (PlayFab.ClientModels.GetCatalogItemsResult)
 #17  (Mono JIT Code) [PlayFabHTTP.cs:219] PlayFab.Internal.PlayFabHttp/<>c__DisplayClass23_0`1<TResult_REF>:<_MakeApiCall>b__1 ()
 #18  (Mono JIT Code) [PlayFabUnityHttp.cs:244] PlayFab.Internal.PlayFabUnityHttp:OnResponse (string,PlayFab.Internal.CallRequestContainer)
 #19  (Mono JIT Code) [PlayFabUnityHttp.cs:197] PlayFab.Internal.PlayFabUnityHttp/<Post>d__12:MoveNext ()
 #20  (Mono JIT Code) [Coroutines.cs:17] UnityEngine.SetupCoroutine:InvokeMoveNext (System.Collections.IEnumerator,intptr)
 #21  (Mono JIT Code) (wrapper runtime-invoke) <Module>:runtime_invoke_void_object_intptr (object,intptr,intptr,intptr)
 #22 mono_jit_runtime_invoke
 #23 do_runtime_invoke
 #24 mono_runtime_invoke
 #25 scripting_method_invoke(ScriptingMethodPtr, ScriptingObjectPtr, ScriptingArguments&, ScriptingExceptionPtr*, bool)
 #26 ScriptingInvocation::Invoke(ScriptingExceptionPtr*, bool)
 #27 Coroutine::InvokeMoveNext(ScriptingExceptionPtr*)
 #28 Coroutine::Run(bool*)
 #29 AsyncOperation::InvokeCoroutine()
 #30 UnityWebRequestAsyncOperation::InvokeCoroutine()
 #31 UnityWebRequestProto<UnityWebRequestTransport, AtomicRefCounter, RedirectHelper, ResponseHelper, DownloadHandler, UploadHandler, CertificateHandler, HeaderHelper, AsyncOperation>::Job_InvokeCoroutine(AsyncOperation*)
 #32 BackgroundJobQueue::ExecuteMainThreadJobs()
 #33 InitPlayerLoopCallbacks()::EarlyUpdateExecuteMainThreadJobsRegistrator::Forward()
 #34 ExecutePlayerLoop(NativePlayerLoopSystem*)
 #35 ExecutePlayerLoop(NativePlayerLoopSystem*)
 #36 PlayerLoop()
 #37 EditorPlayerLoop::Execute()
 #38 PlayerLoopController::InternalUpdateScene(bool, bool)
 #39 PlayerLoopController::UpdateSceneIfNeededFromMainLoop()
 #40 Application::TickTimer()
 #41 -[EditorApplication onEditorUpdatesTickTimer]
 #42 __NSFireTimer
 #43 __CFRUNLOOP_IS_CALLING_OUT_TO_A_TIMER_CALLBACK_FUNCTION__
 #44 __CFRunLoopDoTimer
 #45 __CFRunLoopDoTimers
 #46 __CFRunLoopRun
 #47 _CFRunLoopRunSpecificWithOptions
 #48 RunCurrentEventLoopInMode
 #49 ReceiveNextEventCommon
 #50 _BlockUntilNextEventMatchingListInMode
 #51 _DPSBlockUntilNextEventMatchingListInMode
 #52 _DPSNextEvent
 #53 -[NSApplication(NSEventRouting) _nextEventMatchingEventMask:untilDate:inMode:dequeue:]
 #54 -[NSApplication(NSEventRouting) nextEventMatchingMask:untilDate:inMode:dequeue:]
 #55 -[EditorApplication checkForFocusChange:]
 #56 __NSFireTimer
 #57 __CFRUNLOOP_IS_CALLING_OUT_TO_A_TIMER_CALLBACK_FUNCTION__
 #58 __CFRunLoopDoTimer
 #59 __CFRunLoopDoTimers
 #60 __CFRunLoopRun
 #61 _CFRunLoopRunSpecificWithOptions
 #62 RunCurrentEventLoopInMode
 #63 ReceiveNextEventCommon
 #64 _BlockUntilNextEventMatchingListInMode
 #65 _DPSBlockUntilNextEventMatchingListInMode
 #66 _DPSNextEvent
 #67 -[NSApplication(NSEventRouting) _nextEventMatchingEventMask:untilDate:inMode:dequeue:]
 #68 -[NSApplication(NSEventRouting) nextEventMatchingMask:untilDate:inMode:dequeue:]
 #69 -[NSApplication run]
 #70 NSApplicationMain
 #71 EditorMain(int, char const**)
 #72 main
 #73 start

InAppPurchasing: IStoreService.Connect called without a callback defined for IStoreService.OnStoreDisconnected.
 #0 PlatformStacktrace::GetStacktrace(int, StacktraceTypes::LRUCache<void*, StacktraceTypes::LRUValue>*)
 #1 DebugStringToFileExtended(DebugStringToFileData const&)
 #2 DebugLogHandler_CUSTOM_Internal_Log(LogType, LogOption, BindingsManagedSpan*, void*)
 #3  (Mono JIT Code) (wrapper managed-to-native) UnityEngine.DebugLogHandler:Internal_Log_Injected (UnityEngine.LogType,UnityEngine.LogOption,UnityEngine.Bindings.ManagedSpanWrapper&,intptr)
 #4  (Mono JIT Code) UnityEngine.DebugLogHandler:Internal_Log (UnityEngine.LogType,UnityEngine.LogOption,string,UnityEngine.Object)
 #5  (Mono JIT Code) [DebugLogHandler.cs:10] UnityEngine.DebugLogHandler:LogFormat (UnityEngine.LogType,UnityEngine.Object,string,object[])
 #6  (Mono JIT Code) [Logger.cs:103] UnityEngine.Logger:LogWarning (string,object)
 #7  (Mono JIT Code) [LoggerExtensions.cs:32] UnityEngine.Purchasing.LoggerExtensions:LogIAPWarning (UnityEngine.ILogger,string)
 #8  (Mono JIT Code) [StoreConnectUseCase.cs:44] UnityEngine.Purchasing.StoreConnectUseCase:Connect ()
 #9  (Mono JIT Code) [StoreService.cs:30] UnityEngine.Purchasing.StoreService:Connect ()
 #10  (Mono JIT Code) [UnityPurchasing.cs:82] UnityEngine.Purchasing.UnityPurchasing/<ConnectToStoreAndFetchProducts>d__9:MoveNext ()
 #11  (Mono JIT Code) System.Runtime.CompilerServices.AsyncVoidMethodBuilder:Start<UnityEngine.Purchasing.UnityPurchasing/<ConnectToStoreAndFetchProducts>d__9> (UnityEngine.Purchasing.UnityPurchasing/<ConnectToStoreAndFetchProducts>d__9&)
 #12  (Mono JIT Code) UnityEngine.Purchasing.UnityPurchasing:ConnectToStoreAndFetchProducts ()
 #13  (Mono JIT Code) [UnityPurchasing.cs:40] UnityEngine.Purchasing.UnityPurchasing:Initialize (UnityEngine.Purchasing.IStoreListener,UnityEngine.Purchasing.ConfigurationBuilder)
 #14  (Mono JIT Code) [IAPManager.cs:174] IAPManager:InitializePurchasing ()
 #15  (Mono JIT Code) [IAPManager.cs:61] IAPManager:set_StoneProductCatalogInitialised (bool)
 #16  (Mono JIT Code) [IAPManager.cs:121] IAPManager:<RefreshIAPItems>b__24_2 (PlayFab.ClientModels.GetCatalogItemsResult)
 #17  (Mono JIT Code) [PlayFabHTTP.cs:219] PlayFab.Internal.PlayFabHttp/<>c__DisplayClass23_0`1<TResult_REF>:<_MakeApiCall>b__1 ()
 #18  (Mono JIT Code) [PlayFabUnityHttp.cs:244] PlayFab.Internal.PlayFabUnityHttp:OnResponse (string,PlayFab.Internal.CallRequestContainer)
 #19  (Mono JIT Code) [PlayFabUnityHttp.cs:197] PlayFab.Internal.PlayFabUnityHttp/<Post>d__12:MoveNext ()
 #20  (Mono JIT Code) [Coroutines.cs:17] UnityEngine.SetupCoroutine:InvokeMoveNext (System.Collections.IEnumerator,intptr)
 #21  (Mono JIT Code) (wrapper runtime-invoke) <Module>:runtime_invoke_void_object_intptr (object,intptr,intptr,intptr)
 #22 mono_jit_runtime_invoke
 #23 do_runtime_invoke
 #24 mono_runtime_invoke
 #25 scripting_method_invoke(ScriptingMethodPtr, ScriptingObjectPtr, ScriptingArguments&, ScriptingExceptionPtr*, bool)
 #26 ScriptingInvocation::Invoke(ScriptingExceptionPtr*, bool)
 #27 Coroutine::InvokeMoveNext(ScriptingExceptionPtr*)
 #28 Coroutine::Run(bool*)
 #29 AsyncOperation::InvokeCoroutine()
 #30 UnityWebRequestAsyncOperation::InvokeCoroutine()
 #31 UnityWebRequestProto<UnityWebRequestTransport, AtomicRefCounter, RedirectHelper, ResponseHelper, DownloadHandler, UploadHandler, CertificateHandler, HeaderHelper, AsyncOperation>::Job_InvokeCoroutine(AsyncOperation*)
 #32 BackgroundJobQueue::ExecuteMainThreadJobs()
 #33 InitPlayerLoopCallbacks()::EarlyUpdateExecuteMainThreadJobsRegistrator::Forward()
 #34 ExecutePlayerLoop(NativePlayerLoopSystem*)
 #35 ExecutePlayerLoop(NativePlayerLoopSystem*)
 #36 PlayerLoop()
 #37 EditorPlayerLoop::Execute()
 #38 PlayerLoopController::InternalUpdateScene(bool, bool)
 #39 PlayerLoopController::UpdateSceneIfNeededFromMainLoop()
 #40 Application::TickTimer()
 #41 -[EditorApplication onEditorUpdatesTickTimer]
 #42 __NSFireTimer
 #43 __CFRUNLOOP_IS_CALLING_OUT_TO_A_TIMER_CALLBACK_FUNCTION__
 #44 __CFRunLoopDoTimer
 #45 __CFRunLoopDoTimers
 #46 __CFRunLoopRun
 #47 _CFRunLoopRunSpecificWithOptions
 #48 RunCurrentEventLoopInMode
 #49 ReceiveNextEventCommon
 #50 _BlockUntilNextEventMatchingListInMode
 #51 _DPSBlockUntilNextEventMatchingListInMode
 #52 _DPSNextEvent
 #53 -[NSApplication(NSEventRouting) _nextEventMatchingEventMask:untilDate:inMode:dequeue:]
 #54 -[NSApplication(NSEventRouting) nextEventMatchingMask:untilDate:inMode:dequeue:]
 #55 -[EditorApplication checkForFocusChange:]
 #56 __NSFireTimer
 #57 __CFRUNLOOP_IS_CALLING_OUT_TO_A_TIMER_CALLBACK_FUNCTION__
 #58 __CFRunLoopDoTimer
 #59 __CFRunLoopDoTimers
 #60 __CFRunLoopRun
 #61 _CFRunLoopRunSpecificWithOptions
 #62 RunCurrentEventLoopInMode
 #63 ReceiveNextEventCommon
 #64 _BlockUntilNextEventMatchingListInMode
 #65 _DPSBlockUntilNextEventMatchingListInMode
 #66 _DPSNextEvent
 #67 -[NSApplication(NSEventRouting) _nextEventMatchingEventMask:untilDate:inMode:dequeue:]
 #68 -[NSApplication(NSEventRouting) nextEventMatchingMask:untilDate:inMode:dequeue:]
 #69 -[NSApplication run]
 #70 NSApplicationMain
 #71 EditorMain(int, char const**)
 #72 main
 #73 start

InAppPurchasing: IPurchaseService.FetchPurchases called without a callback defined for IPurchaseService.OnPurchasesFetchFailed.
 #0 PlatformStacktrace::GetStacktrace(int, StacktraceTypes::LRUCache<void*, StacktraceTypes::LRUValue>*)
 #1 DebugStringToFileExtended(DebugStringToFileData const&)
 #2 DebugLogHandler_CUSTOM_Internal_Log(LogType, LogOption, BindingsManagedSpan*, void*)
 #3  (Mono JIT Code) (wrapper managed-to-native) UnityEngine.DebugLogHandler:Internal_Log_Injected (UnityEngine.LogType,UnityEngine.LogOption,UnityEngine.Bindings.ManagedSpanWrapper&,intptr)
 #4  (Mono JIT Code) UnityEngine.DebugLogHandler:Internal_Log (UnityEngine.LogType,UnityEngine.LogOption,string,UnityEngine.Object)
 #5  (Mono JIT Code) [DebugLogHandler.cs:10] UnityEngine.DebugLogHandler:LogFormat (UnityEngine.LogType,UnityEngine.Object,string,object[])
 #6  (Mono JIT Code) [Logger.cs:103] UnityEngine.Logger:LogWarning (string,object)
 #7  (Mono JIT Code) [LoggerExtensions.cs:32] UnityEngine.Purchasing.LoggerExtensions:LogIAPWarning (UnityEngine.ILogger,string)
 #8  (Mono JIT Code) [PurchaseService.cs:446] UnityEngine.Purchasing.PurchaseService:FetchPurchases ()
 #9  (Mono JIT Code) [UnityPurchasing.cs:62] UnityEngine.Purchasing.UnityPurchasing/<>c__DisplayClass8_0:<AddProductServiceListeners>b__0 (System.Collections.Generic.List`1<UnityEngine.Purchasing.Product>)
 #10  (Mono JIT Code) [ProductService.cs:98] UnityEngine.Purchasing.ProductService:HandleProductsFetched (System.Collections.Generic.List`1<UnityEngine.Purchasing.Product>)
 #11  (Mono JIT Code) [FetchProductsUseCase.cs:138] UnityEngine.Purchasing.FetchProductsUseCase:InvokeSuccessIfFetchedProducts (System.Collections.Generic.List`1<UnityEngine.Purchasing.Product>,System.Action`1<System.Collections.Generic.List`1<UnityEngine.Purchasing.Product>>)
 #12  (Mono JIT Code) [FetchProductsUseCase.cs:117] UnityEngine.Purchasing.FetchProductsUseCase:ProcessFetchedProductsAndInvokeCallbacks (UnityEngine.Purchasing.ProductFetchRequest,System.Collections.Generic.IReadOnlyList`1<UnityEngine.Purchasing.Extension.ProductDescription>)
 #13  (Mono JIT Code) [FetchProductsUseCase.cs:81] UnityEngine.Purchasing.FetchProductsUseCase:OnProductsFetched (System.Collections.Generic.IReadOnlyList`1<UnityEngine.Purchasing.Extension.ProductDescription>)
 #14  (Mono JIT Code) [FakeStore.cs:81] UnityEngine.Purchasing.FakeStore:StoreFetchProducts (System.Collections.ObjectModel.ReadOnlyCollection`1<UnityEngine.Purchasing.ProductDefinition>)
 #15  (Mono JIT Code) [FakeStore.cs:43] UnityEngine.Purchasing.FakeStore:FetchProducts (string)
 #16  (Mono JIT Code) [JSONStore.cs:53] UnityEngine.Purchasing.JsonStore:FetchProducts (System.Collections.Generic.IReadOnlyCollection`1<UnityEngine.Purchasing.ProductDefinition>)
 #17  (Mono JIT Code) [FetchProductsUseCase.cs:67] UnityEngine.Purchasing.FetchProductsUseCase/<>c__DisplayClass7_0:<ProcessValidFetchRequest>b__0 ()
 #18  (Mono JIT Code) [RetryRequest.cs:61] UnityEngine.Purchasing.RetryRequest:FirstTry ()
 #19  (Mono JIT Code) [RetryRequest.cs:54] UnityEngine.Purchasing.RetryRequest/<InvokeFromMainThread>d__8:MoveNext ()
 #20  (Mono JIT Code) System.Runtime.CompilerServices.AsyncTaskMethodBuilder`1<bool>:Start<UnityEngine.Purchasing.RetryRequest/<InvokeFromMainThread>d__8> (UnityEngine.Purchasing.RetryRequest/<InvokeFromMainThread>d__8&)
 #21  (Mono JIT Code) UnityEngine.Purchasing.RetryRequest:InvokeFromMainThread ()
 #22  (Mono JIT Code) [RetryRequest.cs:37] UnityEngine.Purchasing.RetryRequest/<>c__DisplayClass7_0/<<RunTaskOnMainThread>g__RunRequestAndSetResult|0>d:MoveNext ()
 #23  (Mono JIT Code) System.Runtime.CompilerServices.AsyncVoidMethodBuilder:Start<UnityEngine.Purchasing.RetryRequest/<>c__DisplayClass7_0/<<RunTaskOnMainThread>g__RunRequestAndSetResult|0>d> (UnityEngine.Purchasing.RetryRequest/<>c__DisplayClass7_0/<<RunTaskOnMainThread>g__RunRequestAndSetResult|0>d&)
 #24  (Mono JIT Code) UnityEngine.Purchasing.RetryRequest/<>c__DisplayClass7_0:<RunTaskOnMainThread>g__RunRequestAndSetResult|0 ()
 #25  (Mono JIT Code) [UnityUtil.cs:117] UnityEngine.Purchasing.Extension.UnityUtil:RunOnMainThread (System.Action)
 #26  (Mono JIT Code) [RetryRequest.cs:41] UnityEngine.Purchasing.RetryRequest:RunTaskOnMainThread (System.Func`1<System.Threading.Tasks.Task`1<bool>>)
 #27  (Mono JIT Code) [RetryRequest.cs:28] UnityEngine.Purchasing.RetryRequest:Invoke ()
 #28  (Mono JIT Code) [FetchProductsUseCase.cs:69] UnityEngine.Purchasing.FetchProductsUseCase:ProcessValidFetchRequest (UnityEngine.Purchasing.ProductFetchRequest,UnityEngine.Purchasing.IRetryPolicy)
 #29  (Mono JIT Code) [FetchProductsUseCase.cs:48] UnityEngine.Purchasing.FetchProductsUseCase:FetchProducts (System.Collections.Generic.List`1<UnityEngine.Purchasing.ProductDefinition>,System.Action`1<System.Collections.Generic.List`1<UnityEngine.Purchasing.Product>>,System.Action`2<System.Collections.Generic.List`1<UnityEngine.Purchasing.ProductDefinition>, string>,UnityEngine.Purchasing.IRetryPolicy)
 #30  (Mono JIT Code) [ProductService.cs:55] UnityEngine.Purchasing.ProductService:FetchProducts (System.Collections.Generic.List`1<UnityEngine.Purchasing.ProductDefinition>,UnityEngine.Purchasing.IRetryPolicy)
 #31  (Mono JIT Code) [UnityPurchasing.cs:52] UnityEngine.Purchasing.UnityPurchasing:FetchProducts (UnityEngine.Purchasing.IStoreListener,UnityEngine.Purchasing.ConfigurationBuilder)
 #32  (Mono JIT Code) [UnityPurchasing.cs:85] UnityEngine.Purchasing.UnityPurchasing/<ConnectToStoreAndFetchProducts>d__9:MoveNext ()
 #33  (Mono JIT Code) System.Runtime.CompilerServices.AsyncVoidMethodBuilder:Start<UnityEngine.Purchasing.UnityPurchasing/<ConnectToStoreAndFetchProducts>d__9> (UnityEngine.Purchasing.UnityPurchasing/<ConnectToStoreAndFetchProducts>d__9&)
 #34  (Mono JIT Code) UnityEngine.Purchasing.UnityPurchasing:ConnectToStoreAndFetchProducts ()
 #35  (Mono JIT Code) [UnityPurchasing.cs:40] UnityEngine.Purchasing.UnityPurchasing:Initialize (UnityEngine.Purchasing.IStoreListener,UnityEngine.Purchasing.ConfigurationBuilder)
 #36  (Mono JIT Code) [IAPManager.cs:174] IAPManager:InitializePurchasing ()
 #37  (Mono JIT Code) [IAPManager.cs:61] IAPManager:set_StoneProductCatalogInitialised (bool)
 #38  (Mono JIT Code) [IAPManager.cs:121] IAPManager:<RefreshIAPItems>b__24_2 (PlayFab.ClientModels.GetCatalogItemsResult)
 #39  (Mono JIT Code) [PlayFabHTTP.cs:219] PlayFab.Internal.PlayFabHttp/<>c__DisplayClass23_0`1<TResult_REF>:<_MakeApiCall>b__1 ()
 #40  (Mono JIT Code) [PlayFabUnityHttp.cs:244] PlayFab.Internal.PlayFabUnityHttp:OnResponse (string,PlayFab.Internal.CallRequestContainer)
 #41  (Mono JIT Code) [PlayFabUnityHttp.cs:197] PlayFab.Internal.PlayFabUnityHttp/<Post>d__12:MoveNext ()
 #42  (Mono JIT Code) [Coroutines.cs:17] UnityEngine.SetupCoroutine:InvokeMoveNext (System.Collections.IEnumerator,intptr)
 #43  (Mono JIT Code) (wrapper runtime-invoke) <Module>:runtime_invoke_void_object_intptr (object,intptr,intptr,intptr)
 #44 mono_jit_runtime_invoke
 #45 do_runtime_invoke
 #46 mono_runtime_invoke
 #47 scripting_method_invoke(ScriptingMethodPtr, ScriptingObjectPtr, ScriptingArguments&, ScriptingExceptionPtr*, bool)
 #48 ScriptingInvocation::Invoke(ScriptingExceptionPtr*, bool)
 #49 Coroutine::InvokeMoveNext(ScriptingExceptionPtr*)
 #50 Coroutine::Run(bool*)
 #51 AsyncOperation::InvokeCoroutine()
 #52 UnityWebRequestAsyncOperation::InvokeCoroutine()
 #53 UnityWebRequestProto<UnityWebRequestTransport, AtomicRefCounter, RedirectHelper, ResponseHelper, DownloadHandler, UploadHandler, CertificateHandler, HeaderHelper, AsyncOperation>::Job_InvokeCoroutine(AsyncOperation*)
 #54 BackgroundJobQueue::ExecuteMainThreadJobs()
 #55 InitPlayerLoopCallbacks()::EarlyUpdateExecuteMainThreadJobsRegistrator::Forward()
 #56 ExecutePlayerLoop(NativePlayerLoopSystem*)
 #57 ExecutePlayerLoop(NativePlayerLoopSystem*)
 #58 PlayerLoop()
 #59 EditorPlayerLoop::Execute()
 #60 PlayerLoopController::InternalUpdateScene(bool, bool)
 #61 PlayerLoopController::UpdateSceneIfNeededFromMainLoop()
 #62 Application::TickTimer()
 #63 -[EditorApplication onEditorUpdatesTickTimer]
 #64 __NSFireTimer
 #65 __CFRUNLOOP_IS_CALLING_OUT_TO_A_TIMER_CALLBACK_FUNCTION__
 #66 __CFRunLoopDoTimer
 #67 __CFRunLoopDoTimers
 #68 __CFRunLoopRun
 #69 _CFRunLoopRunSpecificWithOptions
 #70 RunCurrentEventLoopInMode
 #71 ReceiveNextEventCommon
 #72 _BlockUntilNextEventMatchingListInMode
 #73 _DPSBlockUntilNextEventMatchingListInMode
 #74 _DPSNextEvent
 #75 -[NSApplication(NSEventRouting) _nextEventMatchingEventMask:untilDate:inMode:dequeue:]
 #76 -[NSApplication(NSEventRouting) nextEventMatchingMask:untilDate:inMode:dequeue:]
 #77 -[EditorApplication checkForFocusChange:]
 #78 __NSFireTimer
 #79 __CFRUNLOOP_IS_CALLING_OUT_TO_A_TIMER_CALLBACK_FUNCTION__
 #80 __CFRunLoopDoTimer
 #81 __CFRunLoopDoTimers
 #82 __CFRunLoopRun
 #83 _CFRunLoopRunSpecificWithOptions
 #84 RunCurrentEventLoopInMode
 #85 ReceiveNextEventCommon
 #86 _BlockUntilNextEventMatchingListInMode
 #87 _DPSBlockUntilNextEventMatchingListInMode
 #88 _DPSNextEvent
 #89 -[NSApplication(NSEventRouting) _nextEventMatchingEventMask:untilDate:inMode:dequeue:]
 #90 -[NSApplication(NSEventRouting) nextEventMatchingMask:untilDate:inMode:dequeue:]
 #91 -[NSApplication run]
 #92 NSApplicationMain
 #93 EditorMain(int, char const**)
 #94 main
 #95 start

Initialized ：UnityEngine.Purchasing.PurchasingManager
 #0 PlatformStacktrace::GetStacktrace(int, StacktraceTypes::LRUCache<void*, StacktraceTypes::LRUValue>*)
 #1 DebugStringToFileExtended(DebugStringToFileData const&)
 #2 DebugLogHandler_CUSTOM_Internal_Log(LogType, LogOption, BindingsManagedSpan*, void*)
 #3  (Mono JIT Code) (wrapper managed-to-native) UnityEngine.DebugLogHandler:Internal_Log_Injected (UnityEngine.LogType,UnityEngine.LogOption,UnityEngine.Bindings.ManagedSpanWrapper&,intptr)
 #4  (Mono JIT Code) UnityEngine.DebugLogHandler:Internal_Log (UnityEngine.LogType,UnityEngine.LogOption,string,UnityEngine.Object)
 #5  (Mono JIT Code) [DebugLogHandler.cs:10] UnityEngine.DebugLogHandler:LogFormat (UnityEngine.LogType,UnityEngine.Object,string,object[])
 #6  (Mono JIT Code) [Logger.cs:61] UnityEngine.Logger:Log (UnityEngine.LogType,object)
 #7  (Mono JIT Code) [Debug.bindings.cs:123] UnityEngine.Debug:Log (object)
 #8  (Mono JIT Code) [IAPManager.cs:192] IAPManager:OnInitialized (UnityEngine.Purchasing.IStoreController,UnityEngine.Purchasing.IExtensionProvider)
 #9  (Mono JIT Code) [UnityPurchasing.cs:63] UnityEngine.Purchasing.UnityPurchasing/<>c__DisplayClass8_0:<AddProductServiceListeners>b__0 (System.Collections.Generic.List`1<UnityEngine.Purchasing.Product>)
 #10  (Mono JIT Code) [ProductService.cs:98] UnityEngine.Purchasing.ProductService:HandleProductsFetched (System.Collections.Generic.List`1<UnityEngine.Purchasing.Product>)
 #11  (Mono JIT Code) [FetchProductsUseCase.cs:138] UnityEngine.Purchasing.FetchProductsUseCase:InvokeSuccessIfFetchedProducts (System.Collections.Generic.List`1<UnityEngine.Purchasing.Product>,System.Action`1<System.Collections.Generic.List`1<UnityEngine.Purchasing.Product>>)
 #12  (Mono JIT Code) [FetchProductsUseCase.cs:117] UnityEngine.Purchasing.FetchProductsUseCase:ProcessFetchedProductsAndInvokeCallbacks (UnityEngine.Purchasing.ProductFetchRequest,System.Collections.Generic.IReadOnlyList`1<UnityEngine.Purchasing.Extension.ProductDescription>)
 #13  (Mono JIT Code) [FetchProductsUseCase.cs:81] UnityEngine.Purchasing.FetchProductsUseCase:OnProductsFetched (System.Collections.Generic.IReadOnlyList`1<UnityEngine.Purchasing.Extension.ProductDescription>)
 #14  (Mono JIT Code) [FakeStore.cs:81] UnityEngine.Purchasing.FakeStore:StoreFetchProducts (System.Collections.ObjectModel.ReadOnlyCollection`1<UnityEngine.Purchasing.ProductDefinition>)
 #15  (Mono JIT Code) [FakeStore.cs:43] UnityEngine.Purchasing.FakeStore:FetchProducts (string)
 #16  (Mono JIT Code) [JSONStore.cs:53] UnityEngine.Purchasing.JsonStore:FetchProducts (System.Collections.Generic.IReadOnlyCollection`1<UnityEngine.Purchasing.ProductDefinition>)
 #17  (Mono JIT Code) [FetchProductsUseCase.cs:67] UnityEngine.Purchasing.FetchProductsUseCase/<>c__DisplayClass7_0:<ProcessValidFetchRequest>b__0 ()
 #18  (Mono JIT Code) [RetryRequest.cs:61] UnityEngine.Purchasing.RetryRequest:FirstTry ()
 #19  (Mono JIT Code) [RetryRequest.cs:54] UnityEngine.Purchasing.RetryRequest/<InvokeFromMainThread>d__8:MoveNext ()
 #20  (Mono JIT Code) System.Runtime.CompilerServices.AsyncTaskMethodBuilder`1<bool>:Start<UnityEngine.Purchasing.RetryRequest/<InvokeFromMainThread>d__8> (UnityEngine.Purchasing.RetryRequest/<InvokeFromMainThread>d__8&)
 #21  (Mono JIT Code) UnityEngine.Purchasing.RetryRequest:InvokeFromMainThread ()
 #22  (Mono JIT Code) [RetryRequest.cs:37] UnityEngine.Purchasing.RetryRequest/<>c__DisplayClass7_0/<<RunTaskOnMainThread>g__RunRequestAndSetResult|0>d:MoveNext ()
 #23  (Mono JIT Code) System.Runtime.CompilerServices.AsyncVoidMethodBuilder:Start<UnityEngine.Purchasing.RetryRequest/<>c__DisplayClass7_0/<<RunTaskOnMainThread>g__RunRequestAndSetResult|0>d> (UnityEngine.Purchasing.RetryRequest/<>c__DisplayClass7_0/<<RunTaskOnMainThread>g__RunRequestAndSetResult|0>d&)
 #24  (Mono JIT Code) UnityEngine.Purchasing.RetryRequest/<>c__DisplayClass7_0:<RunTaskOnMainThread>g__RunRequestAndSetResult|0 ()
 #25  (Mono JIT Code) [UnityUtil.cs:117] UnityEngine.Purchasing.Extension.UnityUtil:RunOnMainThread (System.Action)
 #26  (Mono JIT Code) [RetryRequest.cs:41] UnityEngine.Purchasing.RetryRequest:RunTaskOnMainThread (System.Func`1<System.Threading.Tasks.Task`1<bool>>)
 #27  (Mono JIT Code) [RetryRequest.cs:28] UnityEngine.Purchasing.RetryRequest:Invoke ()
 #28  (Mono JIT Code) [FetchProductsUseCase.cs:69] UnityEngine.Purchasing.FetchProductsUseCase:ProcessValidFetchRequest (UnityEngine.Purchasing.ProductFetchRequest,UnityEngine.Purchasing.IRetryPolicy)
 #29  (Mono JIT Code) [FetchProductsUseCase.cs:48] UnityEngine.Purchasing.FetchProductsUseCase:FetchProducts (System.Collections.Generic.List`1<UnityEngine.Purchasing.ProductDefinition>,System.Action`1<System.Collections.Generic.List`1<UnityEngine.Purchasing.Product>>,System.Action`2<System.Collections.Generic.List`1<UnityEngine.Purchasing.ProductDefinition>, string>,UnityEngine.Purchasing.IRetryPolicy)
 #30  (Mono JIT Code) [ProductService.cs:55] UnityEngine.Purchasing.ProductService:FetchProducts (System.Collections.Generic.List`1<UnityEngine.Purchasing.ProductDefinition>,UnityEngine.Purchasing.IRetryPolicy)
 #31  (Mono JIT Code) [UnityPurchasing.cs:52] UnityEngine.Purchasing.UnityPurchasing:FetchProducts (UnityEngine.Purchasing.IStoreListener,UnityEngine.Purchasing.ConfigurationBuilder)
 #32  (Mono JIT Code) [UnityPurchasing.cs:85] UnityEngine.Purchasing.UnityPurchasing/<ConnectToStoreAndFetchProducts>d__9:MoveNext ()
 #33  (Mono JIT Code) System.Runtime.CompilerServices.AsyncVoidMethodBuilder:Start<UnityEngine.Purchasing.UnityPurchasing/<ConnectToStoreAndFetchProducts>d__9> (UnityEngine.Purchasing.UnityPurchasing/<ConnectToStoreAndFetchProducts>d__9&)
 #34  (Mono JIT Code) UnityEngine.Purchasing.UnityPurchasing:ConnectToStoreAndFetchProducts ()
 #35  (Mono JIT Code) [UnityPurchasing.cs:40] UnityEngine.Purchasing.UnityPurchasing:Initialize (UnityEngine.Purchasing.IStoreListener,UnityEngine.Purchasing.ConfigurationBuilder)
 #36  (Mono JIT Code) [IAPManager.cs:174] IAPManager:InitializePurchasing ()
 #37  (Mono JIT Code) [IAPManager.cs:61] IAPManager:set_StoneProductCatalogInitialised (bool)
 #38  (Mono JIT Code) [IAPManager.cs:121] IAPManager:<RefreshIAPItems>b__24_2 (PlayFab.ClientModels.GetCatalogItemsResult)
 #39  (Mono JIT Code) [PlayFabHTTP.cs:219] PlayFab.Internal.PlayFabHttp/<>c__DisplayClass23_0`1<TResult_REF>:<_MakeApiCall>b__1 ()
 #40  (Mono JIT Code) [PlayFabUnityHttp.cs:244] PlayFab.Internal.PlayFabUnityHttp:OnResponse (string,PlayFab.Internal.CallRequestContainer)
 #41  (Mono JIT Code) [PlayFabUnityHttp.cs:197] PlayFab.Internal.PlayFabUnityHttp/<Post>d__12:MoveNext ()
 #42  (Mono JIT Code) [Coroutines.cs:17] UnityEngine.SetupCoroutine:InvokeMoveNext (System.Collections.IEnumerator,intptr)
 #43  (Mono JIT Code) (wrapper runtime-invoke) <Module>:runtime_invoke_void_object_intptr (object,intptr,intptr,intptr)
 #44 mono_jit_runtime_invoke
 #45 do_runtime_invoke
 #46 mono_runtime_invoke
 #47 scripting_method_invoke(ScriptingMethodPtr, ScriptingObjectPtr, ScriptingArguments&, ScriptingExceptionPtr*, bool)
 #48 ScriptingInvocation::Invoke(ScriptingExceptionPtr*, bool)
 #49 Coroutine::InvokeMoveNext(ScriptingExceptionPtr*)
 #50 Coroutine::Run(bool*)
 #51 AsyncOperation::InvokeCoroutine()
 #52 UnityWebRequestAsyncOperation::InvokeCoroutine()
 #53 UnityWebRequestProto<UnityWebRequestTransport, AtomicRefCounter, RedirectHelper, ResponseHelper, DownloadHandler, UploadHandler, CertificateHandler, HeaderHelper, AsyncOperation>::Job_InvokeCoroutine(AsyncOperation*)
 #54 BackgroundJobQueue::ExecuteMainThreadJobs()
 #55 InitPlayerLoopCallbacks()::EarlyUpdateExecuteMainThreadJobsRegistrator::Forward()
 #56 ExecutePlayerLoop(NativePlayerLoopSystem*)
 #57 ExecutePlayerLoop(NativePlayerLoopSystem*)
 #58 PlayerLoop()
 #59 EditorPlayerLoop::Execute()
 #60 PlayerLoopController::InternalUpdateScene(bool, bool)
 #61 PlayerLoopController::UpdateSceneIfNeededFromMainLoop()
 #62 Application::TickTimer()
 #63 -[EditorApplication onEditorUpdatesTickTimer]
 #64 __NSFireTimer
 #65 __CFRUNLOOP_IS_CALLING_OUT_TO_A_TIMER_CALLBACK_FUNCTION__
 #66 __CFRunLoopDoTimer
 #67 __CFRunLoopDoTimers
 #68 __CFRunLoopRun
 #69 _CFRunLoopRunSpecificWithOptions
 #70 RunCurrentEventLoopInMode
 #71 ReceiveNextEventCommon
 #72 _BlockUntilNextEventMatchingListInMode
 #73 _DPSBlockUntilNextEventMatchingListInMode
 #74 _DPSNextEvent
 #75 -[NSApplication(NSEventRouting) _nextEventMatchingEventMask:untilDate:inMode:dequeue:]
 #76 -[NSApplication(NSEventRouting) nextEventMatchingMask:untilDate:inMode:dequeue:]
 #77 -[EditorApplication checkForFocusChange:]
 #78 __NSFireTimer
 #79 __CFRUNLOOP_IS_CALLING_OUT_TO_A_TIMER_CALLBACK_FUNCTION__
 #80 __CFRunLoopDoTimer
 #81 __CFRunLoopDoTimers
 #82 __CFRunLoopRun
 #83 _CFRunLoopRunSpecificWithOptions
 #84 RunCurrentEventLoopInMode
 #85 ReceiveNextEventCommon
 #86 _BlockUntilNextEventMatchingListInMode
 #87 _DPSBlockUntilNextEventMatchingListInMode
 #88 _DPSNextEvent
 #89 -[NSApplication(NSEventRouting) _nextEventMatchingEventMask:untilDate:inMode:dequeue:]
 #90 -[NSApplication(NSEventRouting) nextEventMatchingMask:untilDate:inMode:dequeue:]
 #91 -[NSApplication run]
 #92 NSApplicationMain
 #93 EditorMain(int, char const**)
 #94 main
 #95 start

[InventoryCompat] Ignore unsupported unit item: 17
 #0 PlatformStacktrace::GetStacktrace(int, StacktraceTypes::LRUCache<void*, StacktraceTypes::LRUValue>*)
 #1 DebugStringToFileExtended(DebugStringToFileData const&)
 #2 DebugLogHandler_CUSTOM_Internal_Log(LogType, LogOption, BindingsManagedSpan*, void*)
 #3  (Mono JIT Code) (wrapper managed-to-native) UnityEngine.DebugLogHandler:Internal_Log_Injected (UnityEngine.LogType,UnityEngine.LogOption,UnityEngine.Bindings.ManagedSpanWrapper&,intptr)
 #4  (Mono JIT Code) UnityEngine.DebugLogHandler:Internal_Log (UnityEngine.LogType,UnityEngine.LogOption,string,UnityEngine.Object)
 #5  (Mono JIT Code) [DebugLogHandler.cs:10] UnityEngine.DebugLogHandler:LogFormat (UnityEngine.LogType,UnityEngine.Object,string,object[])
 #6  (Mono JIT Code) [Logger.cs:61] UnityEngine.Logger:Log (UnityEngine.LogType,object)
 #7  (Mono JIT Code) [Debug.bindings.cs:216] UnityEngine.Debug:LogWarning (object)
 #8  (Mono JIT Code) [Item.cs:63] PlayFabReadClient:OnGetUserInventory (PlayFab.ClientModels.GetUserInventoryResult,System.Action`1<bool>)
 #9  (Mono JIT Code) [Item.cs:23] PlayFabReadClient/<>c__DisplayClass18_0:<LoadItems>b__1 (PlayFab.ClientModels.GetUserInventoryResult)
 #10  (Mono JIT Code) [PlayFabHTTP.cs:219] PlayFab.Internal.PlayFabHttp/<>c__DisplayClass23_0`1<TResult_REF>:<_MakeApiCall>b__1 ()
 #11  (Mono JIT Code) [PlayFabUnityHttp.cs:244] PlayFab.Internal.PlayFabUnityHttp:OnResponse (string,PlayFab.Internal.CallRequestContainer)
 #12  (Mono JIT Code) [PlayFabUnityHttp.cs:197] PlayFab.Internal.PlayFabUnityHttp/<Post>d__12:MoveNext ()
 #13  (Mono JIT Code) [Coroutines.cs:17] UnityEngine.SetupCoroutine:InvokeMoveNext (System.Collections.IEnumerator,intptr)
 #14  (Mono JIT Code) (wrapper runtime-invoke) <Module>:runtime_invoke_void_object_intptr (object,intptr,intptr,intptr)
 #15 mono_jit_runtime_invoke
 #16 do_runtime_invoke
 #17 mono_runtime_invoke
 #18 scripting_method_invoke(ScriptingMethodPtr, ScriptingObjectPtr, ScriptingArguments&, ScriptingExceptionPtr*, bool)
 #19 ScriptingInvocation::Invoke(ScriptingExceptionPtr*, bool)
 #20 Coroutine::InvokeMoveNext(ScriptingExceptionPtr*)
 #21 Coroutine::Run(bool*)
 #22 AsyncOperation::InvokeCoroutine()
 #23 UnityWebRequestAsyncOperation::InvokeCoroutine()
 #24 UnityWebRequestProto<UnityWebRequestTransport, AtomicRefCounter, RedirectHelper, ResponseHelper, DownloadHandler, UploadHandler, CertificateHandler, HeaderHelper, AsyncOperation>::Job_InvokeCoroutine(AsyncOperation*)
 #25 BackgroundJobQueue::ExecuteMainThreadJobs()
 #26 InitPlayerLoopCallbacks()::EarlyUpdateExecuteMainThreadJobsRegistrator::Forward()
 #27 ExecutePlayerLoop(NativePlayerLoopSystem*)
 #28 ExecutePlayerLoop(NativePlayerLoopSystem*)
 #29 PlayerLoop()
 #30 EditorPlayerLoop::Execute()
 #31 PlayerLoopController::InternalUpdateScene(bool, bool)
 #32 PlayerLoopController::UpdateSceneIfNeededFromMainLoop()
 #33 Application::TickTimer()
 #34 -[EditorApplication onEditorUpdatesTickTimer]
 #35 __NSFireTimer
 #36 __CFRUNLOOP_IS_CALLING_OUT_TO_A_TIMER_CALLBACK_FUNCTION__
 #37 __CFRunLoopDoTimer
 #38 __CFRunLoopDoTimers
 #39 __CFRunLoopRun
 #40 _CFRunLoopRunSpecificWithOptions
 #41 RunCurrentEventLoopInMode
 #42 ReceiveNextEventCommon
 #43 _BlockUntilNextEventMatchingListInMode
 #44 _DPSBlockUntilNextEventMatchingListInMode
 #45 _DPSNextEvent
 #46 -[NSApplication(NSEventRouting) _nextEventMatchingEventMask:untilDate:inMode:dequeue:]
 #47 -[NSApplication(NSEventRouting) nextEventMatchingMask:untilDate:inMode:dequeue:]
 #48 -[NSApplication run]
 #49 NSApplicationMain
 #50 EditorMain(int, char const**)
 #51 main
 #52 start

[StoneCompat] Unequip stone 670DA16F6F1EE4E6 from unsupported unit 8921F97300589009
 #0 PlatformStacktrace::GetStacktrace(int, StacktraceTypes::LRUCache<void*, StacktraceTypes::LRUValue>*)
 #1 DebugStringToFileExtended(DebugStringToFileData const&)
 #2 DebugLogHandler_CUSTOM_Internal_Log(LogType, LogOption, BindingsManagedSpan*, void*)
 #3  (Mono JIT Code) (wrapper managed-to-native) UnityEngine.DebugLogHandler:Internal_Log_Injected (UnityEngine.LogType,UnityEngine.LogOption,UnityEngine.Bindings.ManagedSpanWrapper&,intptr)
 #4  (Mono JIT Code) UnityEngine.DebugLogHandler:Internal_Log (UnityEngine.LogType,UnityEngine.LogOption,string,UnityEngine.Object)
 #5  (Mono JIT Code) [DebugLogHandler.cs:10] UnityEngine.DebugLogHandler:LogFormat (UnityEngine.LogType,UnityEngine.Object,string,object[])
 #6  (Mono JIT Code) [Logger.cs:61] UnityEngine.Logger:Log (UnityEngine.LogType,object)
 #7  (Mono JIT Code) [Debug.bindings.cs:216] UnityEngine.Debug:LogWarning (object)
 #8  (Mono JIT Code) [Stones.cs:155] dataAccess.Stones:SanitizeAgainstCurrentUnits ()
 #9  (Mono JIT Code) [Item.cs:107] PlayFabReadClient:OnGetUserInventory (PlayFab.ClientModels.GetUserInventoryResult,System.Action`1<bool>)
 #10  (Mono JIT Code) [Item.cs:23] PlayFabReadClient/<>c__DisplayClass18_0:<LoadItems>b__1 (PlayFab.ClientModels.GetUserInventoryResult)
 #11  (Mono JIT Code) [PlayFabHTTP.cs:219] PlayFab.Internal.PlayFabHttp/<>c__DisplayClass23_0`1<TResult_REF>:<_MakeApiCall>b__1 ()
 #12  (Mono JIT Code) [PlayFabUnityHttp.cs:244] PlayFab.Internal.PlayFabUnityHttp:OnResponse (string,PlayFab.Internal.CallRequestContainer)
 #13  (Mono JIT Code) [PlayFabUnityHttp.cs:197] PlayFab.Internal.PlayFabUnityHttp/<Post>d__12:MoveNext ()
 #14  (Mono JIT Code) [Coroutines.cs:17] UnityEngine.SetupCoroutine:InvokeMoveNext (System.Collections.IEnumerator,intptr)
 #15  (Mono JIT Code) (wrapper runtime-invoke) <Module>:runtime_invoke_void_object_intptr (object,intptr,intptr,intptr)
 #16 mono_jit_runtime_invoke
 #17 do_runtime_invoke
 #18 mono_runtime_invoke
 #19 scripting_method_invoke(ScriptingMethodPtr, ScriptingObjectPtr, ScriptingArguments&, ScriptingExceptionPtr*, bool)
 #20 ScriptingInvocation::Invoke(ScriptingExceptionPtr*, bool)
 #21 Coroutine::InvokeMoveNext(ScriptingExceptionPtr*)
 #22 Coroutine::Run(bool*)
 #23 AsyncOperation::InvokeCoroutine()
 #24 UnityWebRequestAsyncOperation::InvokeCoroutine()
 #25 UnityWebRequestProto<UnityWebRequestTransport, AtomicRefCounter, RedirectHelper, ResponseHelper, DownloadHandler, UploadHandler, CertificateHandler, HeaderHelper, AsyncOperation>::Job_InvokeCoroutine(AsyncOperation*)
 #26 BackgroundJobQueue::ExecuteMainThreadJobs()
 #27 InitPlayerLoopCallbacks()::EarlyUpdateExecuteMainThreadJobsRegistrator::Forward()
 #28 ExecutePlayerLoop(NativePlayerLoopSystem*)
 #29 ExecutePlayerLoop(NativePlayerLoopSystem*)
 #30 PlayerLoop()
 #31 EditorPlayerLoop::Execute()
 #32 PlayerLoopController::InternalUpdateScene(bool, bool)
 #33 PlayerLoopController::UpdateSceneIfNeededFromMainLoop()
 #34 Application::TickTimer()
 #35 -[EditorApplication onEditorUpdatesTickTimer]
 #36 __NSFireTimer
 #37 __CFRUNLOOP_IS_CALLING_OUT_TO_A_TIMER_CALLBACK_FUNCTION__
 #38 __CFRunLoopDoTimer
 #39 __CFRunLoopDoTimers
 #40 __CFRunLoopRun
 #41 _CFRunLoopRunSpecificWithOptions
 #42 RunCurrentEventLoopInMode
 #43 ReceiveNextEventCommon
 #44 _BlockUntilNextEventMatchingListInMode
 #45 _DPSBlockUntilNextEventMatchingListInMode
 #46 _DPSNextEvent
 #47 -[NSApplication(NSEventRouting) _nextEventMatchingEventMask:untilDate:inMode:dequeue:]
 #48 -[NSApplication(NSEventRouting) nextEventMatchingMask:untilDate:inMode:dequeue:]
 #49 -[NSApplication run]
 #50 NSApplicationMain
 #51 EditorMain(int, char const**)
 #52 main
 #53 start

[StoneCompat] Unequip stone BF5DCDC87F8211FF from unsupported unit 8921F97300589009
 #0 PlatformStacktrace::GetStacktrace(int, StacktraceTypes::LRUCache<void*, StacktraceTypes::LRUValue>*)
 #1 DebugStringToFileExtended(DebugStringToFileData const&)
 #2 DebugLogHandler_CUSTOM_Internal_Log(LogType, LogOption, BindingsManagedSpan*, void*)
 #3  (Mono JIT Code) (wrapper managed-to-native) UnityEngine.DebugLogHandler:Internal_Log_Injected (UnityEngine.LogType,UnityEngine.LogOption,UnityEngine.Bindings.ManagedSpanWrapper&,intptr)
 #4  (Mono JIT Code) UnityEngine.DebugLogHandler:Internal_Log (UnityEngine.LogType,UnityEngine.LogOption,string,UnityEngine.Object)
 #5  (Mono JIT Code) [DebugLogHandler.cs:10] UnityEngine.DebugLogHandler:LogFormat (UnityEngine.LogType,UnityEngine.Object,string,object[])
 #6  (Mono JIT Code) [Logger.cs:61] UnityEngine.Logger:Log (UnityEngine.LogType,object)
 #7  (Mono JIT Code) [Debug.bindings.cs:216] UnityEngine.Debug:LogWarning (object)
 #8  (Mono JIT Code) [Stones.cs:155] dataAccess.Stones:SanitizeAgainstCurrentUnits ()
 #9  (Mono JIT Code) [Item.cs:107] PlayFabReadClient:OnGetUserInventory (PlayFab.ClientModels.GetUserInventoryResult,System.Action`1<bool>)
 #10  (Mono JIT Code) [Item.cs:23] PlayFabReadClient/<>c__DisplayClass18_0:<LoadItems>b__1 (PlayFab.ClientModels.GetUserInventoryResult)
 #11  (Mono JIT Code) [PlayFabHTTP.cs:219] PlayFab.Internal.PlayFabHttp/<>c__DisplayClass23_0`1<TResult_REF>:<_MakeApiCall>b__1 ()
 #12  (Mono JIT Code) [PlayFabUnityHttp.cs:244] PlayFab.Internal.PlayFabUnityHttp:OnResponse (string,PlayFab.Internal.CallRequestContainer)
 #13  (Mono JIT Code) [PlayFabUnityHttp.cs:197] PlayFab.Internal.PlayFabUnityHttp/<Post>d__12:MoveNext ()
 #14  (Mono JIT Code) [Coroutines.cs:17] UnityEngine.SetupCoroutine:InvokeMoveNext (System.Collections.IEnumerator,intptr)
 #15  (Mono JIT Code) (wrapper runtime-invoke) <Module>:runtime_invoke_void_object_intptr (object,intptr,intptr,intptr)
 #16 mono_jit_runtime_invoke
 #17 do_runtime_invoke
 #18 mono_runtime_invoke
 #19 scripting_method_invoke(ScriptingMethodPtr, ScriptingObjectPtr, ScriptingArguments&, ScriptingExceptionPtr*, bool)
 #20 ScriptingInvocation::Invoke(ScriptingExceptionPtr*, bool)
 #21 Coroutine::InvokeMoveNext(ScriptingExceptionPtr*)
 #22 Coroutine::Run(bool*)
 #23 AsyncOperation::InvokeCoroutine()
 #24 UnityWebRequestAsyncOperation::InvokeCoroutine()
 #25 UnityWebRequestProto<UnityWebRequestTransport, AtomicRefCounter, RedirectHelper, ResponseHelper, DownloadHandler, UploadHandler, CertificateHandler, HeaderHelper, AsyncOperation>::Job_InvokeCoroutine(AsyncOperation*)
 #26 BackgroundJobQueue::ExecuteMainThreadJobs()
 #27 InitPlayerLoopCallbacks()::EarlyUpdateExecuteMainThreadJobsRegistrator::Forward()
 #28 ExecutePlayerLoop(NativePlayerLoopSystem*)
 #29 ExecutePlayerLoop(NativePlayerLoopSystem*)
 #30 PlayerLoop()
 #31 EditorPlayerLoop::Execute()
 #32 PlayerLoopController::InternalUpdateScene(bool, bool)
 #33 PlayerLoopController::UpdateSceneIfNeededFromMainLoop()
 #34 Application::TickTimer()
 #35 -[EditorApplication onEditorUpdatesTickTimer]
 #36 __NSFireTimer
 #37 __CFRUNLOOP_IS_CALLING_OUT_TO_A_TIMER_CALLBACK_FUNCTION__
 #38 __CFRunLoopDoTimer
 #39 __CFRunLoopDoTimers
 #40 __CFRunLoopRun
 #41 _CFRunLoopRunSpecificWithOptions
 #42 RunCurrentEventLoopInMode
 #43 ReceiveNextEventCommon
 #44 _BlockUntilNextEventMatchingListInMode
 #45 _DPSBlockUntilNextEventMatchingListInMode
 #46 _DPSNextEvent
 #47 -[NSApplication(NSEventRouting) _nextEventMatchingEventMask:untilDate:inMode:dequeue:]
 #48 -[NSApplication(NSEventRouting) nextEventMatchingMask:untilDate:inMode:dequeue:]
 #49 -[NSApplication run]
 #50 NSApplicationMain
 #51 EditorMain(int, char const**)
 #52 main
 #53 start

[StoneCompat] Unequip stone 6A23D653EE28AF84 from unsupported unit 8921F97300589009
 #0 PlatformStacktrace::GetStacktrace(int, StacktraceTypes::LRUCache<void*, StacktraceTypes::LRUValue>*)
 #1 DebugStringToFileExtended(DebugStringToFileData const&)
 #2 DebugLogHandler_CUSTOM_Internal_Log(LogType, LogOption, BindingsManagedSpan*, void*)
 #3  (Mono JIT Code) (wrapper managed-to-native) UnityEngine.DebugLogHandler:Internal_Log_Injected (UnityEngine.LogType,UnityEngine.LogOption,UnityEngine.Bindings.ManagedSpanWrapper&,intptr)
 #4  (Mono JIT Code) UnityEngine.DebugLogHandler:Internal_Log (UnityEngine.LogType,UnityEngine.LogOption,string,UnityEngine.Object)
 #5  (Mono JIT Code) [DebugLogHandler.cs:10] UnityEngine.DebugLogHandler:LogFormat (UnityEngine.LogType,UnityEngine.Object,string,object[])
 #6  (Mono JIT Code) [Logger.cs:61] UnityEngine.Logger:Log (UnityEngine.LogType,object)
 #7  (Mono JIT Code) [Debug.bindings.cs:216] UnityEngine.Debug:LogWarning (object)
 #8  (Mono JIT Code) [Stones.cs:155] dataAccess.Stones:SanitizeAgainstCurrentUnits ()
 #9  (Mono JIT Code) [Item.cs:107] PlayFabReadClient:OnGetUserInventory (PlayFab.ClientModels.GetUserInventoryResult,System.Action`1<bool>)
 #10  (Mono JIT Code) [Item.cs:23] PlayFabReadClient/<>c__DisplayClass18_0:<LoadItems>b__1 (PlayFab.ClientModels.GetUserInventoryResult)
 #11  (Mono JIT Code) [PlayFabHTTP.cs:219] PlayFab.Internal.PlayFabHttp/<>c__DisplayClass23_0`1<TResult_REF>:<_MakeApiCall>b__1 ()
 #12  (Mono JIT Code) [PlayFabUnityHttp.cs:244] PlayFab.Internal.PlayFabUnityHttp:OnResponse (string,PlayFab.Internal.CallRequestContainer)
 #13  (Mono JIT Code) [PlayFabUnityHttp.cs:197] PlayFab.Internal.PlayFabUnityHttp/<Post>d__12:MoveNext ()
 #14  (Mono JIT Code) [Coroutines.cs:17] UnityEngine.SetupCoroutine:InvokeMoveNext (System.Collections.IEnumerator,intptr)
 #15  (Mono JIT Code) (wrapper runtime-invoke) <Module>:runtime_invoke_void_object_intptr (object,intptr,intptr,intptr)
 #16 mono_jit_runtime_invoke
 #17 do_runtime_invoke
 #18 mono_runtime_invoke
 #19 scripting_method_invoke(ScriptingMethodPtr, ScriptingObjectPtr, ScriptingArguments&, ScriptingExceptionPtr*, bool)
 #20 ScriptingInvocation::Invoke(ScriptingExceptionPtr*, bool)
 #21 Coroutine::InvokeMoveNext(ScriptingExceptionPtr*)
 #22 Coroutine::Run(bool*)
 #23 AsyncOperation::InvokeCoroutine()
 #24 UnityWebRequestAsyncOperation::InvokeCoroutine()
 #25 UnityWebRequestProto<UnityWebRequestTransport, AtomicRefCounter, RedirectHelper, ResponseHelper, DownloadHandler, UploadHandler, CertificateHandler, HeaderHelper, AsyncOperation>::Job_InvokeCoroutine(AsyncOperation*)
 #26 BackgroundJobQueue::ExecuteMainThreadJobs()
 #27 InitPlayerLoopCallbacks()::EarlyUpdateExecuteMainThreadJobsRegistrator::Forward()
 #28 ExecutePlayerLoop(NativePlayerLoopSystem*)
 #29 ExecutePlayerLoop(NativePlayerLoopSystem*)
 #30 PlayerLoop()
 #31 EditorPlayerLoop::Execute()
 #32 PlayerLoopController::InternalUpdateScene(bool, bool)
 #33 PlayerLoopController::UpdateSceneIfNeededFromMainLoop()
 #34 Application::TickTimer()
 #35 -[EditorApplication onEditorUpdatesTickTimer]
 #36 __NSFireTimer
 #37 __CFRUNLOOP_IS_CALLING_OUT_TO_A_TIMER_CALLBACK_FUNCTION__
 #38 __CFRunLoopDoTimer
 #39 __CFRunLoopDoTimers
 #40 __CFRunLoopRun
 #41 _CFRunLoopRunSpecificWithOptions
 #42 RunCurrentEventLoopInMode
 #43 ReceiveNextEventCommon
 #44 _BlockUntilNextEventMatchingListInMode
 #45 _DPSBlockUntilNextEventMatchingListInMode
 #46 _DPSNextEvent
 #47 -[NSApplication(NSEventRouting) _nextEventMatchingEventMask:untilDate:inMode:dequeue:]
 #48 -[NSApplication(NSEventRouting) nextEventMatchingMask:untilDate:inMode:dequeue:]
 #49 -[NSApplication run]
 #50 NSApplicationMain
 #51 EditorMain(int, char const**)
 #52 main
 #53 start

[StoneCompat] Unequip stone E864C7E1E15BCE84 from unsupported unit 8921F97300589009
 #0 PlatformStacktrace::GetStacktrace(int, StacktraceTypes::LRUCache<void*, StacktraceTypes::LRUValue>*)
 #1 DebugStringToFileExtended(DebugStringToFileData const&)
 #2 DebugLogHandler_CUSTOM_Internal_Log(LogType, LogOption, BindingsManagedSpan*, void*)
 #3  (Mono JIT Code) (wrapper managed-to-native) UnityEngine.DebugLogHandler:Internal_Log_Injected (UnityEngine.LogType,UnityEngine.LogOption,UnityEngine.Bindings.ManagedSpanWrapper&,intptr)
 #4  (Mono JIT Code) UnityEngine.DebugLogHandler:Internal_Log (UnityEngine.LogType,UnityEngine.LogOption,string,UnityEngine.Object)
 #5  (Mono JIT Code) [DebugLogHandler.cs:10] UnityEngine.DebugLogHandler:LogFormat (UnityEngine.LogType,UnityEngine.Object,string,object[])
 #6  (Mono JIT Code) [Logger.cs:61] UnityEngine.Logger:Log (UnityEngine.LogType,object)
 #7  (Mono JIT Code) [Debug.bindings.cs:216] UnityEngine.Debug:LogWarning (object)
 #8  (Mono JIT Code) [Stones.cs:155] dataAccess.Stones:SanitizeAgainstCurrentUnits ()
 #9  (Mono JIT Code) [Item.cs:107] PlayFabReadClient:OnGetUserInventory (PlayFab.ClientModels.GetUserInventoryResult,System.Action`1<bool>)
 #10  (Mono JIT Code) [Item.cs:23] PlayFabReadClient/<>c__DisplayClass18_0:<LoadItems>b__1 (PlayFab.ClientModels.GetUserInventoryResult)
 #11  (Mono JIT Code) [PlayFabHTTP.cs:219] PlayFab.Internal.PlayFabHttp/<>c__DisplayClass23_0`1<TResult_REF>:<_MakeApiCall>b__1 ()
 #12  (Mono JIT Code) [PlayFabUnityHttp.cs:244] PlayFab.Internal.PlayFabUnityHttp:OnResponse (string,PlayFab.Internal.CallRequestContainer)
 #13  (Mono JIT Code) [PlayFabUnityHttp.cs:197] PlayFab.Internal.PlayFabUnityHttp/<Post>d__12:MoveNext ()
 #14  (Mono JIT Code) [Coroutines.cs:17] UnityEngine.SetupCoroutine:InvokeMoveNext (System.Collections.IEnumerator,intptr)
 #15  (Mono JIT Code) (wrapper runtime-invoke) <Module>:runtime_invoke_void_object_intptr (object,intptr,intptr,intptr)
 #16 mono_jit_runtime_invoke
 #17 do_runtime_invoke
 #18 mono_runtime_invoke
 #19 scripting_method_invoke(ScriptingMethodPtr, ScriptingObjectPtr, ScriptingArguments&, ScriptingExceptionPtr*, bool)
 #20 ScriptingInvocation::Invoke(ScriptingExceptionPtr*, bool)
 #21 Coroutine::InvokeMoveNext(ScriptingExceptionPtr*)
 #22 Coroutine::Run(bool*)
 #23 AsyncOperation::InvokeCoroutine()
 #24 UnityWebRequestAsyncOperation::InvokeCoroutine()
 #25 UnityWebRequestProto<UnityWebRequestTransport, AtomicRefCounter, RedirectHelper, ResponseHelper, DownloadHandler, UploadHandler, CertificateHandler, HeaderHelper, AsyncOperation>::Job_InvokeCoroutine(AsyncOperation*)
 #26 BackgroundJobQueue::ExecuteMainThreadJobs()
 #27 InitPlayerLoopCallbacks()::EarlyUpdateExecuteMainThreadJobsRegistrator::Forward()
 #28 ExecutePlayerLoop(NativePlayerLoopSystem*)
 #29 ExecutePlayerLoop(NativePlayerLoopSystem*)
 #30 PlayerLoop()
 #31 EditorPlayerLoop::Execute()
 #32 PlayerLoopController::InternalUpdateScene(bool, bool)
 #33 PlayerLoopController::UpdateSceneIfNeededFromMainLoop()
 #34 Application::TickTimer()
 #35 -[EditorApplication onEditorUpdatesTickTimer]
 #36 __NSFireTimer
 #37 __CFRUNLOOP_IS_CALLING_OUT_TO_A_TIMER_CALLBACK_FUNCTION__
 #38 __CFRunLoopDoTimer
 #39 __CFRunLoopDoTimers
 #40 __CFRunLoopRun
 #41 _CFRunLoopRunSpecificWithOptions
 #42 RunCurrentEventLoopInMode
 #43 ReceiveNextEventCommon
 #44 _BlockUntilNextEventMatchingListInMode
 #45 _DPSBlockUntilNextEventMatchingListInMode
 #46 _DPSNextEvent
 #47 -[NSApplication(NSEventRouting) _nextEventMatchingEventMask:untilDate:inMode:dequeue:]
 #48 -[NSApplication(NSEventRouting) nextEventMatchingMask:untilDate:inMode:dequeue:]
 #49 -[NSApplication run]
 #50 NSApplicationMain
 #51 EditorMain(int, char const**)
 #52 main
 #53 start

[StoneCompat] Unequip stone A0293118780B9011 from unsupported unit 8921F97300589009
 #0 PlatformStacktrace::GetStacktrace(int, StacktraceTypes::LRUCache<void*, StacktraceTypes::LRUValue>*)
 #1 DebugStringToFileExtended(DebugStringToFileData const&)
 #2 DebugLogHandler_CUSTOM_Internal_Log(LogType, LogOption, BindingsManagedSpan*, void*)
 #3  (Mono JIT Code) (wrapper managed-to-native) UnityEngine.DebugLogHandler:Internal_Log_Injected (UnityEngine.LogType,UnityEngine.LogOption,UnityEngine.Bindings.ManagedSpanWrapper&,intptr)
 #4  (Mono JIT Code) UnityEngine.DebugLogHandler:Internal_Log (UnityEngine.LogType,UnityEngine.LogOption,string,UnityEngine.Object)
 #5  (Mono JIT Code) [DebugLogHandler.cs:10] UnityEngine.DebugLogHandler:LogFormat (UnityEngine.LogType,UnityEngine.Object,string,object[])
 #6  (Mono JIT Code) [Logger.cs:61] UnityEngine.Logger:Log (UnityEngine.LogType,object)
 #7  (Mono JIT Code) [Debug.bindings.cs:216] UnityEngine.Debug:LogWarning (object)
 #8  (Mono JIT Code) [Stones.cs:155] dataAccess.Stones:SanitizeAgainstCurrentUnits ()
 #9  (Mono JIT Code) [Item.cs:107] PlayFabReadClient:OnGetUserInventory (PlayFab.ClientModels.GetUserInventoryResult,System.Action`1<bool>)
 #10  (Mono JIT Code) [Item.cs:23] PlayFabReadClient/<>c__DisplayClass18_0:<LoadItems>b__1 (PlayFab.ClientModels.GetUserInventoryResult)
 #11  (Mono JIT Code) [PlayFabHTTP.cs:219] PlayFab.Internal.PlayFabHttp/<>c__DisplayClass23_0`1<TResult_REF>:<_MakeApiCall>b__1 ()
 #12  (Mono JIT Code) [PlayFabUnityHttp.cs:244] PlayFab.Internal.PlayFabUnityHttp:OnResponse (string,PlayFab.Internal.CallRequestContainer)
 #13  (Mono JIT Code) [PlayFabUnityHttp.cs:197] PlayFab.Internal.PlayFabUnityHttp/<Post>d__12:MoveNext ()
 #14  (Mono JIT Code) [Coroutines.cs:17] UnityEngine.SetupCoroutine:InvokeMoveNext (System.Collections.IEnumerator,intptr)
 #15  (Mono JIT Code) (wrapper runtime-invoke) <Module>:runtime_invoke_void_object_intptr (object,intptr,intptr,intptr)
 #16 mono_jit_runtime_invoke
 #17 do_runtime_invoke
 #18 mono_runtime_invoke
 #19 scripting_method_invoke(ScriptingMethodPtr, ScriptingObjectPtr, ScriptingArguments&, ScriptingExceptionPtr*, bool)
 #20 ScriptingInvocation::Invoke(ScriptingExceptionPtr*, bool)
 #21 Coroutine::InvokeMoveNext(ScriptingExceptionPtr*)
 #22 Coroutine::Run(bool*)
 #23 AsyncOperation::InvokeCoroutine()
 #24 UnityWebRequestAsyncOperation::InvokeCoroutine()
 #25 UnityWebRequestProto<UnityWebRequestTransport, AtomicRefCounter, RedirectHelper, ResponseHelper, DownloadHandler, UploadHandler, CertificateHandler, HeaderHelper, AsyncOperation>::Job_InvokeCoroutine(AsyncOperation*)
 #26 BackgroundJobQueue::ExecuteMainThreadJobs()
 #27 InitPlayerLoopCallbacks()::EarlyUpdateExecuteMainThreadJobsRegistrator::Forward()
 #28 ExecutePlayerLoop(NativePlayerLoopSystem*)
 #29 ExecutePlayerLoop(NativePlayerLoopSystem*)
 #30 PlayerLoop()
 #31 EditorPlayerLoop::Execute()
 #32 PlayerLoopController::InternalUpdateScene(bool, bool)
 #33 PlayerLoopController::UpdateSceneIfNeededFromMainLoop()
 #34 Application::TickTimer()
 #35 -[EditorApplication onEditorUpdatesTickTimer]
 #36 __NSFireTimer
 #37 __CFRUNLOOP_IS_CALLING_OUT_TO_A_TIMER_CALLBACK_FUNCTION__
 #38 __CFRunLoopDoTimer
 #39 __CFRunLoopDoTimers
 #40 __CFRunLoopRun
 #41 _CFRunLoopRunSpecificWithOptions
 #42 RunCurrentEventLoopInMode
 #43 ReceiveNextEventCommon
 #44 _BlockUntilNextEventMatchingListInMode
 #45 _DPSBlockUntilNextEventMatchingListInMode
 #46 _DPSNextEvent
 #47 -[NSApplication(NSEventRouting) _nextEventMatchingEventMask:untilDate:inMode:dequeue:]
 #48 -[NSApplication(NSEventRouting) nextEventMatchingMask:untilDate:inMode:dequeue:]
 #49 -[NSApplication run]
 #50 NSApplicationMain
 #51 EditorMain(int, char const**)
 #52 main
 #53 start

[StoneCompat] Unequip stone CFEE8164FB4142F9 from unsupported unit 8921F97300589009
 #0 PlatformStacktrace::GetStacktrace(int, StacktraceTypes::LRUCache<void*, StacktraceTypes::LRUValue>*)
 #1 DebugStringToFileExtended(DebugStringToFileData const&)
 #2 DebugLogHandler_CUSTOM_Internal_Log(LogType, LogOption, BindingsManagedSpan*, void*)
 #3  (Mono JIT Code) (wrapper managed-to-native) UnityEngine.DebugLogHandler:Internal_Log_Injected (UnityEngine.LogType,UnityEngine.LogOption,UnityEngine.Bindings.ManagedSpanWrapper&,intptr)
 #4  (Mono JIT Code) UnityEngine.DebugLogHandler:Internal_Log (UnityEngine.LogType,UnityEngine.LogOption,string,UnityEngine.Object)
 #5  (Mono JIT Code) [DebugLogHandler.cs:10] UnityEngine.DebugLogHandler:LogFormat (UnityEngine.LogType,UnityEngine.Object,string,object[])
 #6  (Mono JIT Code) [Logger.cs:61] UnityEngine.Logger:Log (UnityEngine.LogType,object)
 #7  (Mono JIT Code) [Debug.bindings.cs:216] UnityEngine.Debug:LogWarning (object)
 #8  (Mono JIT Code) [Stones.cs:155] dataAccess.Stones:SanitizeAgainstCurrentUnits ()
 #9  (Mono JIT Code) [Item.cs:107] PlayFabReadClient:OnGetUserInventory (PlayFab.ClientModels.GetUserInventoryResult,System.Action`1<bool>)
 #10  (Mono JIT Code) [Item.cs:23] PlayFabReadClient/<>c__DisplayClass18_0:<LoadItems>b__1 (PlayFab.ClientModels.GetUserInventoryResult)
 #11  (Mono JIT Code) [PlayFabHTTP.cs:219] PlayFab.Internal.PlayFabHttp/<>c__DisplayClass23_0`1<TResult_REF>:<_MakeApiCall>b__1 ()
 #12  (Mono JIT Code) [PlayFabUnityHttp.cs:244] PlayFab.Internal.PlayFabUnityHttp:OnResponse (string,PlayFab.Internal.CallRequestContainer)
 #13  (Mono JIT Code) [PlayFabUnityHttp.cs:197] PlayFab.Internal.PlayFabUnityHttp/<Post>d__12:MoveNext ()
 #14  (Mono JIT Code) [Coroutines.cs:17] UnityEngine.SetupCoroutine:InvokeMoveNext (System.Collections.IEnumerator,intptr)
 #15  (Mono JIT Code) (wrapper runtime-invoke) <Module>:runtime_invoke_void_object_intptr (object,intptr,intptr,intptr)
 #16 mono_jit_runtime_invoke
 #17 do_runtime_invoke
 #18 mono_runtime_invoke
 #19 scripting_method_invoke(ScriptingMethodPtr, ScriptingObjectPtr, ScriptingArguments&, ScriptingExceptionPtr*, bool)
 #20 ScriptingInvocation::Invoke(ScriptingExceptionPtr*, bool)
 #21 Coroutine::InvokeMoveNext(ScriptingExceptionPtr*)
 #22 Coroutine::Run(bool*)
 #23 AsyncOperation::InvokeCoroutine()
 #24 UnityWebRequestAsyncOperation::InvokeCoroutine()
 #25 UnityWebRequestProto<UnityWebRequestTransport, AtomicRefCounter, RedirectHelper, ResponseHelper, DownloadHandler, UploadHandler, CertificateHandler, HeaderHelper, AsyncOperation>::Job_InvokeCoroutine(AsyncOperation*)
 #26 BackgroundJobQueue::ExecuteMainThreadJobs()
 #27 InitPlayerLoopCallbacks()::EarlyUpdateExecuteMainThreadJobsRegistrator::Forward()
 #28 ExecutePlayerLoop(NativePlayerLoopSystem*)
 #29 ExecutePlayerLoop(NativePlayerLoopSystem*)
 #30 PlayerLoop()
 #31 EditorPlayerLoop::Execute()
 #32 PlayerLoopController::InternalUpdateScene(bool, bool)
 #33 PlayerLoopController::UpdateSceneIfNeededFromMainLoop()
 #34 Application::TickTimer()
 #35 -[EditorApplication onEditorUpdatesTickTimer]
 #36 __NSFireTimer
 #37 __CFRUNLOOP_IS_CALLING_OUT_TO_A_TIMER_CALLBACK_FUNCTION__
 #38 __CFRunLoopDoTimer
 #39 __CFRunLoopDoTimers
 #40 __CFRunLoopRun
 #41 _CFRunLoopRunSpecificWithOptions
 #42 RunCurrentEventLoopInMode
 #43 ReceiveNextEventCommon
 #44 _BlockUntilNextEventMatchingListInMode
 #45 _DPSBlockUntilNextEventMatchingListInMode
 #46 _DPSNextEvent
 #47 -[NSApplication(NSEventRouting) _nextEventMatchingEventMask:untilDate:inMode:dequeue:]
 #48 -[NSApplication(NSEventRouting) nextEventMatchingMask:untilDate:inMode:dequeue:]
 #49 -[NSApplication run]
 #50 NSApplicationMain
 #51 EditorMain(int, char const**)
 #52 main
 #53 start

[StoneCompat] Unequip stone 28F4EDE878BC68E3 from unsupported unit 8921F97300589009
 #0 PlatformStacktrace::GetStacktrace(int, StacktraceTypes::LRUCache<void*, StacktraceTypes::LRUValue>*)
 #1 DebugStringToFileExtended(DebugStringToFileData const&)
 #2 DebugLogHandler_CUSTOM_Internal_Log(LogType, LogOption, BindingsManagedSpan*, void*)
 #3  (Mono JIT Code) (wrapper managed-to-native) UnityEngine.DebugLogHandler:Internal_Log_Injected (UnityEngine.LogType,UnityEngine.LogOption,UnityEngine.Bindings.ManagedSpanWrapper&,intptr)
 #4  (Mono JIT Code) UnityEngine.DebugLogHandler:Internal_Log (UnityEngine.LogType,UnityEngine.LogOption,string,UnityEngine.Object)
 #5  (Mono JIT Code) [DebugLogHandler.cs:10] UnityEngine.DebugLogHandler:LogFormat (UnityEngine.LogType,UnityEngine.Object,string,object[])
 #6  (Mono JIT Code) [Logger.cs:61] UnityEngine.Logger:Log (UnityEngine.LogType,object)
 #7  (Mono JIT Code) [Debug.bindings.cs:216] UnityEngine.Debug:LogWarning (object)
 #8  (Mono JIT Code) [Stones.cs:155] dataAccess.Stones:SanitizeAgainstCurrentUnits ()
 #9  (Mono JIT Code) [Item.cs:107] PlayFabReadClient:OnGetUserInventory (PlayFab.ClientModels.GetUserInventoryResult,System.Action`1<bool>)
 #10  (Mono JIT Code) [Item.cs:23] PlayFabReadClient/<>c__DisplayClass18_0:<LoadItems>b__1 (PlayFab.ClientModels.GetUserInventoryResult)
 #11  (Mono JIT Code) [PlayFabHTTP.cs:219] PlayFab.Internal.PlayFabHttp/<>c__DisplayClass23_0`1<TResult_REF>:<_MakeApiCall>b__1 ()
 #12  (Mono JIT Code) [PlayFabUnityHttp.cs:244] PlayFab.Internal.PlayFabUnityHttp:OnResponse (string,PlayFab.Internal.CallRequestContainer)
 #13  (Mono JIT Code) [PlayFabUnityHttp.cs:197] PlayFab.Internal.PlayFabUnityHttp/<Post>d__12:MoveNext ()
 #14  (Mono JIT Code) [Coroutines.cs:17] UnityEngine.SetupCoroutine:InvokeMoveNext (System.Collections.IEnumerator,intptr)
 #15  (Mono JIT Code) (wrapper runtime-invoke) <Module>:runtime_invoke_void_object_intptr (object,intptr,intptr,intptr)
 #16 mono_jit_runtime_invoke
 #17 do_runtime_invoke
 #18 mono_runtime_invoke
 #19 scripting_method_invoke(ScriptingMethodPtr, ScriptingObjectPtr, ScriptingArguments&, ScriptingExceptionPtr*, bool)
 #20 ScriptingInvocation::Invoke(ScriptingExceptionPtr*, bool)
 #21 Coroutine::InvokeMoveNext(ScriptingExceptionPtr*)
 #22 Coroutine::Run(bool*)
 #23 AsyncOperation::InvokeCoroutine()
 #24 UnityWebRequestAsyncOperation::InvokeCoroutine()
 #25 UnityWebRequestProto<UnityWebRequestTransport, AtomicRefCounter, RedirectHelper, ResponseHelper, DownloadHandler, UploadHandler, CertificateHandler, HeaderHelper, AsyncOperation>::Job_InvokeCoroutine(AsyncOperation*)
 #26 BackgroundJobQueue::ExecuteMainThreadJobs()
 #27 InitPlayerLoopCallbacks()::EarlyUpdateExecuteMainThreadJobsRegistrator::Forward()
 #28 ExecutePlayerLoop(NativePlayerLoopSystem*)
 #29 ExecutePlayerLoop(NativePlayerLoopSystem*)
 #30 PlayerLoop()
 #31 EditorPlayerLoop::Execute()
 #32 PlayerLoopController::InternalUpdateScene(bool, bool)
 #33 PlayerLoopController::UpdateSceneIfNeededFromMainLoop()
 #34 Application::TickTimer()
 #35 -[EditorApplication onEditorUpdatesTickTimer]
 #36 __NSFireTimer
 #37 __CFRUNLOOP_IS_CALLING_OUT_TO_A_TIMER_CALLBACK_FUNCTION__
 #38 __CFRunLoopDoTimer
 #39 __CFRunLoopDoTimers
 #40 __CFRunLoopRun
 #41 _CFRunLoopRunSpecificWithOptions
 #42 RunCurrentEventLoopInMode
 #43 ReceiveNextEventCommon
 #44 _BlockUntilNextEventMatchingListInMode
 #45 _DPSBlockUntilNextEventMatchingListInMode
 #46 _DPSNextEvent
 #47 -[NSApplication(NSEventRouting) _nextEventMatchingEventMask:untilDate:inMode:dequeue:]
 #48 -[NSApplication(NSEventRouting) nextEventMatchingMask:untilDate:inMode:dequeue:]
 #49 -[NSApplication run]
 #50 NSApplicationMain
 #51 EditorMain(int, char const**)
 #52 main
 #53 start

[StoneCompat] Unequip stone 122FBA05692C4F61 from unsupported unit 8921F97300589009
 #0 PlatformStacktrace::GetStacktrace(int, StacktraceTypes::LRUCache<void*, StacktraceTypes::LRUValue>*)
 #1 DebugStringToFileExtended(DebugStringToFileData const&)
 #2 DebugLogHandler_CUSTOM_Internal_Log(LogType, LogOption, BindingsManagedSpan*, void*)
 #3  (Mono JIT Code) (wrapper managed-to-native) UnityEngine.DebugLogHandler:Internal_Log_Injected (UnityEngine.LogType,UnityEngine.LogOption,UnityEngine.Bindings.ManagedSpanWrapper&,intptr)
 #4  (Mono JIT Code) UnityEngine.DebugLogHandler:Internal_Log (UnityEngine.LogType,UnityEngine.LogOption,string,UnityEngine.Object)
 #5  (Mono JIT Code) [DebugLogHandler.cs:10] UnityEngine.DebugLogHandler:LogFormat (UnityEngine.LogType,UnityEngine.Object,string,object[])
 #6  (Mono JIT Code) [Logger.cs:61] UnityEngine.Logger:Log (UnityEngine.LogType,object)
 #7  (Mono JIT Code) [Debug.bindings.cs:216] UnityEngine.Debug:LogWarning (object)
 #8  (Mono JIT Code) [Stones.cs:155] dataAccess.Stones:SanitizeAgainstCurrentUnits ()
 #9  (Mono JIT Code) [Item.cs:107] PlayFabReadClient:OnGetUserInventory (PlayFab.ClientModels.GetUserInventoryResult,System.Action`1<bool>)
 #10  (Mono JIT Code) [Item.cs:23] PlayFabReadClient/<>c__DisplayClass18_0:<LoadItems>b__1 (PlayFab.ClientModels.GetUserInventoryResult)
 #11  (Mono JIT Code) [PlayFabHTTP.cs:219] PlayFab.Internal.PlayFabHttp/<>c__DisplayClass23_0`1<TResult_REF>:<_MakeApiCall>b__1 ()
 #12  (Mono JIT Code) [PlayFabUnityHttp.cs:244] PlayFab.Internal.PlayFabUnityHttp:OnResponse (string,PlayFab.Internal.CallRequestContainer)
 #13  (Mono JIT Code) [PlayFabUnityHttp.cs:197] PlayFab.Internal.PlayFabUnityHttp/<Post>d__12:MoveNext ()
 #14  (Mono JIT Code) [Coroutines.cs:17] UnityEngine.SetupCoroutine:InvokeMoveNext (System.Collections.IEnumerator,intptr)
 #15  (Mono JIT Code) (wrapper runtime-invoke) <Module>:runtime_invoke_void_object_intptr (object,intptr,intptr,intptr)
 #16 mono_jit_runtime_invoke
 #17 do_runtime_invoke
 #18 mono_runtime_invoke
 #19 scripting_method_invoke(ScriptingMethodPtr, ScriptingObjectPtr, ScriptingArguments&, ScriptingExceptionPtr*, bool)
 #20 ScriptingInvocation::Invoke(ScriptingExceptionPtr*, bool)
 #21 Coroutine::InvokeMoveNext(ScriptingExceptionPtr*)
 #22 Coroutine::Run(bool*)
 #23 AsyncOperation::InvokeCoroutine()
 #24 UnityWebRequestAsyncOperation::InvokeCoroutine()
 #25 UnityWebRequestProto<UnityWebRequestTransport, AtomicRefCounter, RedirectHelper, ResponseHelper, DownloadHandler, UploadHandler, CertificateHandler, HeaderHelper, AsyncOperation>::Job_InvokeCoroutine(AsyncOperation*)
 #26 BackgroundJobQueue::ExecuteMainThreadJobs()
 #27 InitPlayerLoopCallbacks()::EarlyUpdateExecuteMainThreadJobsRegistrator::Forward()
 #28 ExecutePlayerLoop(NativePlayerLoopSystem*)
 #29 ExecutePlayerLoop(NativePlayerLoopSystem*)
 #30 PlayerLoop()
 #31 EditorPlayerLoop::Execute()
 #32 PlayerLoopController::InternalUpdateScene(bool, bool)
 #33 PlayerLoopController::UpdateSceneIfNeededFromMainLoop()
 #34 Application::TickTimer()
 #35 -[EditorApplication onEditorUpdatesTickTimer]
 #36 __NSFireTimer
 #37 __CFRUNLOOP_IS_CALLING_OUT_TO_A_TIMER_CALLBACK_FUNCTION__
 #38 __CFRunLoopDoTimer
 #39 __CFRunLoopDoTimers
 #40 __CFRunLoopRun
 #41 _CFRunLoopRunSpecificWithOptions
 #42 RunCurrentEventLoopInMode
 #43 ReceiveNextEventCommon
 #44 _BlockUntilNextEventMatchingListInMode
 #45 _DPSBlockUntilNextEventMatchingListInMode
 #46 _DPSNextEvent
 #47 -[NSApplication(NSEventRouting) _nextEventMatchingEventMask:untilDate:inMode:dequeue:]
 #48 -[NSApplication(NSEventRouting) nextEventMatchingMask:untilDate:inMode:dequeue:]
 #49 -[NSApplication run]
 #50 NSApplicationMain
 #51 EditorMain(int, char const**)
 #52 main
 #53 start

[StoneCompat] Unequip stone 3B1400BBD933411D from unsupported unit 8921F97300589009
 #0 PlatformStacktrace::GetStacktrace(int, StacktraceTypes::LRUCache<void*, StacktraceTypes::LRUValue>*)
 #1 DebugStringToFileExtended(DebugStringToFileData const&)
 #2 DebugLogHandler_CUSTOM_Internal_Log(LogType, LogOption, BindingsManagedSpan*, void*)
 #3  (Mono JIT Code) (wrapper managed-to-native) UnityEngine.DebugLogHandler:Internal_Log_Injected (UnityEngine.LogType,UnityEngine.LogOption,UnityEngine.Bindings.ManagedSpanWrapper&,intptr)
 #4  (Mono JIT Code) UnityEngine.DebugLogHandler:Internal_Log (UnityEngine.LogType,UnityEngine.LogOption,string,UnityEngine.Object)
 #5  (Mono JIT Code) [DebugLogHandler.cs:10] UnityEngine.DebugLogHandler:LogFormat (UnityEngine.LogType,UnityEngine.Object,string,object[])
 #6  (Mono JIT Code) [Logger.cs:61] UnityEngine.Logger:Log (UnityEngine.LogType,object)
 #7  (Mono JIT Code) [Debug.bindings.cs:216] UnityEngine.Debug:LogWarning (object)
 #8  (Mono JIT Code) [Stones.cs:155] dataAccess.Stones:SanitizeAgainstCurrentUnits ()
 #9  (Mono JIT Code) [Item.cs:107] PlayFabReadClient:OnGetUserInventory (PlayFab.ClientModels.GetUserInventoryResult,System.Action`1<bool>)
 #10  (Mono JIT Code) [Item.cs:23] PlayFabReadClient/<>c__DisplayClass18_0:<LoadItems>b__1 (PlayFab.ClientModels.GetUserInventoryResult)
 #11  (Mono JIT Code) [PlayFabHTTP.cs:219] PlayFab.Internal.PlayFabHttp/<>c__DisplayClass23_0`1<TResult_REF>:<_MakeApiCall>b__1 ()
 #12  (Mono JIT Code) [PlayFabUnityHttp.cs:244] PlayFab.Internal.PlayFabUnityHttp:OnResponse (string,PlayFab.Internal.CallRequestContainer)
 #13  (Mono JIT Code) [PlayFabUnityHttp.cs:197] PlayFab.Internal.PlayFabUnityHttp/<Post>d__12:MoveNext ()
 #14  (Mono JIT Code) [Coroutines.cs:17] UnityEngine.SetupCoroutine:InvokeMoveNext (System.Collections.IEnumerator,intptr)
 #15  (Mono JIT Code) (wrapper runtime-invoke) <Module>:runtime_invoke_void_object_intptr (object,intptr,intptr,intptr)
 #16 mono_jit_runtime_invoke
 #17 do_runtime_invoke
 #18 mono_runtime_invoke
 #19 scripting_method_invoke(ScriptingMethodPtr, ScriptingObjectPtr, ScriptingArguments&, ScriptingExceptionPtr*, bool)
 #20 ScriptingInvocation::Invoke(ScriptingExceptionPtr*, bool)
 #21 Coroutine::InvokeMoveNext(ScriptingExceptionPtr*)
 #22 Coroutine::Run(bool*)
 #23 AsyncOperation::InvokeCoroutine()
 #24 UnityWebRequestAsyncOperation::InvokeCoroutine()
 #25 UnityWebRequestProto<UnityWebRequestTransport, AtomicRefCounter, RedirectHelper, ResponseHelper, DownloadHandler, UploadHandler, CertificateHandler, HeaderHelper, AsyncOperation>::Job_InvokeCoroutine(AsyncOperation*)
 #26 BackgroundJobQueue::ExecuteMainThreadJobs()
 #27 InitPlayerLoopCallbacks()::EarlyUpdateExecuteMainThreadJobsRegistrator::Forward()
 #28 ExecutePlayerLoop(NativePlayerLoopSystem*)
 #29 ExecutePlayerLoop(NativePlayerLoopSystem*)
 #30 PlayerLoop()
 #31 EditorPlayerLoop::Execute()
 #32 PlayerLoopController::InternalUpdateScene(bool, bool)
 #33 PlayerLoopController::UpdateSceneIfNeededFromMainLoop()
 #34 Application::TickTimer()
 #35 -[EditorApplication onEditorUpdatesTickTimer]
 #36 __NSFireTimer
 #37 __CFRUNLOOP_IS_CALLING_OUT_TO_A_TIMER_CALLBACK_FUNCTION__
 #38 __CFRunLoopDoTimer
 #39 __CFRunLoopDoTimers
 #40 __CFRunLoopRun
 #41 _CFRunLoopRunSpecificWithOptions
 #42 RunCurrentEventLoopInMode
 #43 ReceiveNextEventCommon
 #44 _BlockUntilNextEventMatchingListInMode
 #45 _DPSBlockUntilNextEventMatchingListInMode
 #46 _DPSNextEvent
 #47 -[NSApplication(NSEventRouting) _nextEventMatchingEventMask:untilDate:inMode:dequeue:]
 #48 -[NSApplication(NSEventRouting) nextEventMatchingMask:untilDate:inMode:dequeue:]
 #49 -[NSApplication run]
 #50 NSApplicationMain
 #51 EditorMain(int, char const**)
 #52 main
 #53 start

[InventoryCompat] Ignore unsupported unit item: 17
 #0 PlatformStacktrace::GetStacktrace(int, StacktraceTypes::LRUCache<void*, StacktraceTypes::LRUValue>*)
 #1 DebugStringToFileExtended(DebugStringToFileData const&)
 #2 DebugLogHandler_CUSTOM_Internal_Log(LogType, LogOption, BindingsManagedSpan*, void*)
 #3  (Mono JIT Code) (wrapper managed-to-native) UnityEngine.DebugLogHandler:Internal_Log_Injected (UnityEngine.LogType,UnityEngine.LogOption,UnityEngine.Bindings.ManagedSpanWrapper&,intptr)
 #4  (Mono JIT Code) UnityEngine.DebugLogHandler:Internal_Log (UnityEngine.LogType,UnityEngine.LogOption,string,UnityEngine.Object)
 #5  (Mono JIT Code) [DebugLogHandler.cs:10] UnityEngine.DebugLogHandler:LogFormat (UnityEngine.LogType,UnityEngine.Object,string,object[])
 #6  (Mono JIT Code) [Logger.cs:61] UnityEngine.Logger:Log (UnityEngine.LogType,object)
 #7  (Mono JIT Code) [Debug.bindings.cs:216] UnityEngine.Debug:LogWarning (object)
 #8  (Mono JIT Code) [Item.cs:63] PlayFabReadClient:OnGetUserInventory (PlayFab.ClientModels.GetUserInventoryResult,System.Action`1<bool>)
 #9  (Mono JIT Code) [Item.cs:23] PlayFabReadClient/<>c__DisplayClass18_0:<LoadItems>b__1 (PlayFab.ClientModels.GetUserInventoryResult)
 #10  (Mono JIT Code) [PlayFabHTTP.cs:219] PlayFab.Internal.PlayFabHttp/<>c__DisplayClass23_0`1<TResult_REF>:<_MakeApiCall>b__1 ()
 #11  (Mono JIT Code) [PlayFabUnityHttp.cs:244] PlayFab.Internal.PlayFabUnityHttp:OnResponse (string,PlayFab.Internal.CallRequestContainer)
 #12  (Mono JIT Code) [PlayFabUnityHttp.cs:197] PlayFab.Internal.PlayFabUnityHttp/<Post>d__12:MoveNext ()
 #13  (Mono JIT Code) [Coroutines.cs:17] UnityEngine.SetupCoroutine:InvokeMoveNext (System.Collections.IEnumerator,intptr)
 #14  (Mono JIT Code) (wrapper runtime-invoke) <Module>:runtime_invoke_void_object_intptr (object,intptr,intptr,intptr)
 #15 mono_jit_runtime_invoke
 #16 do_runtime_invoke
 #17 mono_runtime_invoke
 #18 scripting_method_invoke(ScriptingMethodPtr, ScriptingObjectPtr, ScriptingArguments&, ScriptingExceptionPtr*, bool)
 #19 ScriptingInvocation::Invoke(ScriptingExceptionPtr*, bool)
 #20 Coroutine::InvokeMoveNext(ScriptingExceptionPtr*)
 #21 Coroutine::Run(bool*)
 #22 AsyncOperation::InvokeCoroutine()
 #23 UnityWebRequestAsyncOperation::InvokeCoroutine()
 #24 UnityWebRequestProto<UnityWebRequestTransport, AtomicRefCounter, RedirectHelper, ResponseHelper, DownloadHandler, UploadHandler, CertificateHandler, HeaderHelper, AsyncOperation>::Job_InvokeCoroutine(AsyncOperation*)
 #25 BackgroundJobQueue::ExecuteMainThreadJobs()
 #26 InitPlayerLoopCallbacks()::EarlyUpdateExecuteMainThreadJobsRegistrator::Forward()
 #27 ExecutePlayerLoop(NativePlayerLoopSystem*)
 #28 ExecutePlayerLoop(NativePlayerLoopSystem*)
 #29 PlayerLoop()
 #30 EditorPlayerLoop::Execute()
 #31 PlayerLoopController::InternalUpdateScene(bool, bool)
 #32 PlayerLoopController::UpdateSceneIfNeededFromMainLoop()
 #33 Application::TickTimer()
 #34 -[EditorApplication onEditorUpdatesTickTimer]
 #35 __NSFireTimer
 #36 __CFRUNLOOP_IS_CALLING_OUT_TO_A_TIMER_CALLBACK_FUNCTION__
 #37 __CFRunLoopDoTimer
 #38 __CFRunLoopDoTimers
 #39 __CFRunLoopRun
 #40 _CFRunLoopRunSpecificWithOptions
 #41 RunCurrentEventLoopInMode
 #42 ReceiveNextEventCommon
 #43 _BlockUntilNextEventMatchingListInMode
 #44 _DPSBlockUntilNextEventMatchingListInMode
 #45 _DPSNextEvent
 #46 -[NSApplication(NSEventRouting) _nextEventMatchingEventMask:untilDate:inMode:dequeue:]
 #47 -[NSApplication(NSEventRouting) nextEventMatchingMask:untilDate:inMode:dequeue:]
 #48 -[NSApplication run]
 #49 NSApplicationMain
 #50 EditorMain(int, char const**)
 #51 main
 #52 start

[StoneCompat] Unequip stone 670DA16F6F1EE4E6 from unsupported unit 8921F97300589009
 #0 PlatformStacktrace::GetStacktrace(int, StacktraceTypes::LRUCache<void*, StacktraceTypes::LRUValue>*)
 #1 DebugStringToFileExtended(DebugStringToFileData const&)
 #2 DebugLogHandler_CUSTOM_Internal_Log(LogType, LogOption, BindingsManagedSpan*, void*)
 #3  (Mono JIT Code) (wrapper managed-to-native) UnityEngine.DebugLogHandler:Internal_Log_Injected (UnityEngine.LogType,UnityEngine.LogOption,UnityEngine.Bindings.ManagedSpanWrapper&,intptr)
 #4  (Mono JIT Code) UnityEngine.DebugLogHandler:Internal_Log (UnityEngine.LogType,UnityEngine.LogOption,string,UnityEngine.Object)
 #5  (Mono JIT Code) [DebugLogHandler.cs:10] UnityEngine.DebugLogHandler:LogFormat (UnityEngine.LogType,UnityEngine.Object,string,object[])
 #6  (Mono JIT Code) [Logger.cs:61] UnityEngine.Logger:Log (UnityEngine.LogType,object)
 #7  (Mono JIT Code) [Debug.bindings.cs:216] UnityEngine.Debug:LogWarning (object)
 #8  (Mono JIT Code) [Stones.cs:155] dataAccess.Stones:SanitizeAgainstCurrentUnits ()
 #9  (Mono JIT Code) [Item.cs:107] PlayFabReadClient:OnGetUserInventory (PlayFab.ClientModels.GetUserInventoryResult,System.Action`1<bool>)
 #10  (Mono JIT Code) [Item.cs:23] PlayFabReadClient/<>c__DisplayClass18_0:<LoadItems>b__1 (PlayFab.ClientModels.GetUserInventoryResult)
 #11  (Mono JIT Code) [PlayFabHTTP.cs:219] PlayFab.Internal.PlayFabHttp/<>c__DisplayClass23_0`1<TResult_REF>:<_MakeApiCall>b__1 ()
 #12  (Mono JIT Code) [PlayFabUnityHttp.cs:244] PlayFab.Internal.PlayFabUnityHttp:OnResponse (string,PlayFab.Internal.CallRequestContainer)
 #13  (Mono JIT Code) [PlayFabUnityHttp.cs:197] PlayFab.Internal.PlayFabUnityHttp/<Post>d__12:MoveNext ()
 #14  (Mono JIT Code) [Coroutines.cs:17] UnityEngine.SetupCoroutine:InvokeMoveNext (System.Collections.IEnumerator,intptr)
 #15  (Mono JIT Code) (wrapper runtime-invoke) <Module>:runtime_invoke_void_object_intptr (object,intptr,intptr,intptr)
 #16 mono_jit_runtime_invoke
 #17 do_runtime_invoke
 #18 mono_runtime_invoke
 #19 scripting_method_invoke(ScriptingMethodPtr, ScriptingObjectPtr, ScriptingArguments&, ScriptingExceptionPtr*, bool)
 #20 ScriptingInvocation::Invoke(ScriptingExceptionPtr*, bool)
 #21 Coroutine::InvokeMoveNext(ScriptingExceptionPtr*)
 #22 Coroutine::Run(bool*)
 #23 AsyncOperation::InvokeCoroutine()
 #24 UnityWebRequestAsyncOperation::InvokeCoroutine()
 #25 UnityWebRequestProto<UnityWebRequestTransport, AtomicRefCounter, RedirectHelper, ResponseHelper, DownloadHandler, UploadHandler, CertificateHandler, HeaderHelper, AsyncOperation>::Job_InvokeCoroutine(AsyncOperation*)
 #26 BackgroundJobQueue::ExecuteMainThreadJobs()
 #27 InitPlayerLoopCallbacks()::EarlyUpdateExecuteMainThreadJobsRegistrator::Forward()
 #28 ExecutePlayerLoop(NativePlayerLoopSystem*)
 #29 ExecutePlayerLoop(NativePlayerLoopSystem*)
 #30 PlayerLoop()
 #31 EditorPlayerLoop::Execute()
 #32 PlayerLoopController::InternalUpdateScene(bool, bool)
 #33 PlayerLoopController::UpdateSceneIfNeededFromMainLoop()
 #34 Application::TickTimer()
 #35 -[EditorApplication onEditorUpdatesTickTimer]
 #36 __NSFireTimer
 #37 __CFRUNLOOP_IS_CALLING_OUT_TO_A_TIMER_CALLBACK_FUNCTION__
 #38 __CFRunLoopDoTimer
 #39 __CFRunLoopDoTimers
 #40 __CFRunLoopRun
 #41 _CFRunLoopRunSpecificWithOptions
 #42 RunCurrentEventLoopInMode
 #43 ReceiveNextEventCommon
 #44 _BlockUntilNextEventMatchingListInMode
 #45 _DPSBlockUntilNextEventMatchingListInMode
 #46 _DPSNextEvent
 #47 -[NSApplication(NSEventRouting) _nextEventMatchingEventMask:untilDate:inMode:dequeue:]
 #48 -[NSApplication(NSEventRouting) nextEventMatchingMask:untilDate:inMode:dequeue:]
 #49 -[NSApplication run]
 #50 NSApplicationMain
 #51 EditorMain(int, char const**)
 #52 main
 #53 start

[StoneCompat] Unequip stone BF5DCDC87F8211FF from unsupported unit 8921F97300589009
 #0 PlatformStacktrace::GetStacktrace(int, StacktraceTypes::LRUCache<void*, StacktraceTypes::LRUValue>*)
 #1 DebugStringToFileExtended(DebugStringToFileData const&)
 #2 DebugLogHandler_CUSTOM_Internal_Log(LogType, LogOption, BindingsManagedSpan*, void*)
 #3  (Mono JIT Code) (wrapper managed-to-native) UnityEngine.DebugLogHandler:Internal_Log_Injected (UnityEngine.LogType,UnityEngine.LogOption,UnityEngine.Bindings.ManagedSpanWrapper&,intptr)
 #4  (Mono JIT Code) UnityEngine.DebugLogHandler:Internal_Log (UnityEngine.LogType,UnityEngine.LogOption,string,UnityEngine.Object)
 #5  (Mono JIT Code) [DebugLogHandler.cs:10] UnityEngine.DebugLogHandler:LogFormat (UnityEngine.LogType,UnityEngine.Object,string,object[])
 #6  (Mono JIT Code) [Logger.cs:61] UnityEngine.Logger:Log (UnityEngine.LogType,object)
 #7  (Mono JIT Code) [Debug.bindings.cs:216] UnityEngine.Debug:LogWarning (object)
 #8  (Mono JIT Code) [Stones.cs:155] dataAccess.Stones:SanitizeAgainstCurrentUnits ()
 #9  (Mono JIT Code) [Item.cs:107] PlayFabReadClient:OnGetUserInventory (PlayFab.ClientModels.GetUserInventoryResult,System.Action`1<bool>)
 #10  (Mono JIT Code) [Item.cs:23] PlayFabReadClient/<>c__DisplayClass18_0:<LoadItems>b__1 (PlayFab.ClientModels.GetUserInventoryResult)
 #11  (Mono JIT Code) [PlayFabHTTP.cs:219] PlayFab.Internal.PlayFabHttp/<>c__DisplayClass23_0`1<TResult_REF>:<_MakeApiCall>b__1 ()
 #12  (Mono JIT Code) [PlayFabUnityHttp.cs:244] PlayFab.Internal.PlayFabUnityHttp:OnResponse (string,PlayFab.Internal.CallRequestContainer)
 #13  (Mono JIT Code) [PlayFabUnityHttp.cs:197] PlayFab.Internal.PlayFabUnityHttp/<Post>d__12:MoveNext ()
 #14  (Mono JIT Code) [Coroutines.cs:17] UnityEngine.SetupCoroutine:InvokeMoveNext (System.Collections.IEnumerator,intptr)
 #15  (Mono JIT Code) (wrapper runtime-invoke) <Module>:runtime_invoke_void_object_intptr (object,intptr,intptr,intptr)
 #16 mono_jit_runtime_invoke
 #17 do_runtime_invoke
 #18 mono_runtime_invoke
 #19 scripting_method_invoke(ScriptingMethodPtr, ScriptingObjectPtr, ScriptingArguments&, ScriptingExceptionPtr*, bool)
 #20 ScriptingInvocation::Invoke(ScriptingExceptionPtr*, bool)
 #21 Coroutine::InvokeMoveNext(ScriptingExceptionPtr*)
 #22 Coroutine::Run(bool*)
 #23 AsyncOperation::InvokeCoroutine()
 #24 UnityWebRequestAsyncOperation::InvokeCoroutine()
 #25 UnityWebRequestProto<UnityWebRequestTransport, AtomicRefCounter, RedirectHelper, ResponseHelper, DownloadHandler, UploadHandler, CertificateHandler, HeaderHelper, AsyncOperation>::Job_InvokeCoroutine(AsyncOperation*)
 #26 BackgroundJobQueue::ExecuteMainThreadJobs()
 #27 InitPlayerLoopCallbacks()::EarlyUpdateExecuteMainThreadJobsRegistrator::Forward()
 #28 ExecutePlayerLoop(NativePlayerLoopSystem*)
 #29 ExecutePlayerLoop(NativePlayerLoopSystem*)
 #30 PlayerLoop()
 #31 EditorPlayerLoop::Execute()
 #32 PlayerLoopController::InternalUpdateScene(bool, bool)
 #33 PlayerLoopController::UpdateSceneIfNeededFromMainLoop()
 #34 Application::TickTimer()
 #35 -[EditorApplication onEditorUpdatesTickTimer]
 #36 __NSFireTimer
 #37 __CFRUNLOOP_IS_CALLING_OUT_TO_A_TIMER_CALLBACK_FUNCTION__
 #38 __CFRunLoopDoTimer
 #39 __CFRunLoopDoTimers
 #40 __CFRunLoopRun
 #41 _CFRunLoopRunSpecificWithOptions
 #42 RunCurrentEventLoopInMode
 #43 ReceiveNextEventCommon
 #44 _BlockUntilNextEventMatchingListInMode
 #45 _DPSBlockUntilNextEventMatchingListInMode
 #46 _DPSNextEvent
 #47 -[NSApplication(NSEventRouting) _nextEventMatchingEventMask:untilDate:inMode:dequeue:]
 #48 -[NSApplication(NSEventRouting) nextEventMatchingMask:untilDate:inMode:dequeue:]
 #49 -[NSApplication run]
 #50 NSApplicationMain
 #51 EditorMain(int, char const**)
 #52 main
 #53 start

[StoneCompat] Unequip stone 6A23D653EE28AF84 from unsupported unit 8921F97300589009
 #0 PlatformStacktrace::GetStacktrace(int, StacktraceTypes::LRUCache<void*, StacktraceTypes::LRUValue>*)
 #1 DebugStringToFileExtended(DebugStringToFileData const&)
 #2 DebugLogHandler_CUSTOM_Internal_Log(LogType, LogOption, BindingsManagedSpan*, void*)
 #3  (Mono JIT Code) (wrapper managed-to-native) UnityEngine.DebugLogHandler:Internal_Log_Injected (UnityEngine.LogType,UnityEngine.LogOption,UnityEngine.Bindings.ManagedSpanWrapper&,intptr)
 #4  (Mono JIT Code) UnityEngine.DebugLogHandler:Internal_Log (UnityEngine.LogType,UnityEngine.LogOption,string,UnityEngine.Object)
 #5  (Mono JIT Code) [DebugLogHandler.cs:10] UnityEngine.DebugLogHandler:LogFormat (UnityEngine.LogType,UnityEngine.Object,string,object[])
 #6  (Mono JIT Code) [Logger.cs:61] UnityEngine.Logger:Log (UnityEngine.LogType,object)
 #7  (Mono JIT Code) [Debug.bindings.cs:216] UnityEngine.Debug:LogWarning (object)
 #8  (Mono JIT Code) [Stones.cs:155] dataAccess.Stones:SanitizeAgainstCurrentUnits ()
 #9  (Mono JIT Code) [Item.cs:107] PlayFabReadClient:OnGetUserInventory (PlayFab.ClientModels.GetUserInventoryResult,System.Action`1<bool>)
 #10  (Mono JIT Code) [Item.cs:23] PlayFabReadClient/<>c__DisplayClass18_0:<LoadItems>b__1 (PlayFab.ClientModels.GetUserInventoryResult)
 #11  (Mono JIT Code) [PlayFabHTTP.cs:219] PlayFab.Internal.PlayFabHttp/<>c__DisplayClass23_0`1<TResult_REF>:<_MakeApiCall>b__1 ()
 #12  (Mono JIT Code) [PlayFabUnityHttp.cs:244] PlayFab.Internal.PlayFabUnityHttp:OnResponse (string,PlayFab.Internal.CallRequestContainer)
 #13  (Mono JIT Code) [PlayFabUnityHttp.cs:197] PlayFab.Internal.PlayFabUnityHttp/<Post>d__12:MoveNext ()
 #14  (Mono JIT Code) [Coroutines.cs:17] UnityEngine.SetupCoroutine:InvokeMoveNext (System.Collections.IEnumerator,intptr)
 #15  (Mono JIT Code) (wrapper runtime-invoke) <Module>:runtime_invoke_void_object_intptr (object,intptr,intptr,intptr)
 #16 mono_jit_runtime_invoke
 #17 do_runtime_invoke
 #18 mono_runtime_invoke
 #19 scripting_method_invoke(ScriptingMethodPtr, ScriptingObjectPtr, ScriptingArguments&, ScriptingExceptionPtr*, bool)
 #20 ScriptingInvocation::Invoke(ScriptingExceptionPtr*, bool)
 #21 Coroutine::InvokeMoveNext(ScriptingExceptionPtr*)
 #22 Coroutine::Run(bool*)
 #23 AsyncOperation::InvokeCoroutine()
 #24 UnityWebRequestAsyncOperation::InvokeCoroutine()
 #25 UnityWebRequestProto<UnityWebRequestTransport, AtomicRefCounter, RedirectHelper, ResponseHelper, DownloadHandler, UploadHandler, CertificateHandler, HeaderHelper, AsyncOperation>::Job_InvokeCoroutine(AsyncOperation*)
 #26 BackgroundJobQueue::ExecuteMainThreadJobs()
 #27 InitPlayerLoopCallbacks()::EarlyUpdateExecuteMainThreadJobsRegistrator::Forward()
 #28 ExecutePlayerLoop(NativePlayerLoopSystem*)
 #29 ExecutePlayerLoop(NativePlayerLoopSystem*)
 #30 PlayerLoop()
 #31 EditorPlayerLoop::Execute()
 #32 PlayerLoopController::InternalUpdateScene(bool, bool)
 #33 PlayerLoopController::UpdateSceneIfNeededFromMainLoop()
 #34 Application::TickTimer()
 #35 -[EditorApplication onEditorUpdatesTickTimer]
 #36 __NSFireTimer
 #37 __CFRUNLOOP_IS_CALLING_OUT_TO_A_TIMER_CALLBACK_FUNCTION__
 #38 __CFRunLoopDoTimer
 #39 __CFRunLoopDoTimers
 #40 __CFRunLoopRun
 #41 _CFRunLoopRunSpecificWithOptions
 #42 RunCurrentEventLoopInMode
 #43 ReceiveNextEventCommon
 #44 _BlockUntilNextEventMatchingListInMode
 #45 _DPSBlockUntilNextEventMatchingListInMode
 #46 _DPSNextEvent
 #47 -[NSApplication(NSEventRouting) _nextEventMatchingEventMask:untilDate:inMode:dequeue:]
 #48 -[NSApplication(NSEventRouting) nextEventMatchingMask:untilDate:inMode:dequeue:]
 #49 -[NSApplication run]
 #50 NSApplicationMain
 #51 EditorMain(int, char const**)
 #52 main
 #53 start

[StoneCompat] Unequip stone E864C7E1E15BCE84 from unsupported unit 8921F97300589009
 #0 PlatformStacktrace::GetStacktrace(int, StacktraceTypes::LRUCache<void*, StacktraceTypes::LRUValue>*)
 #1 DebugStringToFileExtended(DebugStringToFileData const&)
 #2 DebugLogHandler_CUSTOM_Internal_Log(LogType, LogOption, BindingsManagedSpan*, void*)
 #3  (Mono JIT Code) (wrapper managed-to-native) UnityEngine.DebugLogHandler:Internal_Log_Injected (UnityEngine.LogType,UnityEngine.LogOption,UnityEngine.Bindings.ManagedSpanWrapper&,intptr)
 #4  (Mono JIT Code) UnityEngine.DebugLogHandler:Internal_Log (UnityEngine.LogType,UnityEngine.LogOption,string,UnityEngine.Object)
 #5  (Mono JIT Code) [DebugLogHandler.cs:10] UnityEngine.DebugLogHandler:LogFormat (UnityEngine.LogType,UnityEngine.Object,string,object[])
 #6  (Mono JIT Code) [Logger.cs:61] UnityEngine.Logger:Log (UnityEngine.LogType,object)
 #7  (Mono JIT Code) [Debug.bindings.cs:216] UnityEngine.Debug:LogWarning (object)
 #8  (Mono JIT Code) [Stones.cs:155] dataAccess.Stones:SanitizeAgainstCurrentUnits ()
 #9  (Mono JIT Code) [Item.cs:107] PlayFabReadClient:OnGetUserInventory (PlayFab.ClientModels.GetUserInventoryResult,System.Action`1<bool>)
 #10  (Mono JIT Code) [Item.cs:23] PlayFabReadClient/<>c__DisplayClass18_0:<LoadItems>b__1 (PlayFab.ClientModels.GetUserInventoryResult)
 #11  (Mono JIT Code) [PlayFabHTTP.cs:219] PlayFab.Internal.PlayFabHttp/<>c__DisplayClass23_0`1<TResult_REF>:<_MakeApiCall>b__1 ()
 #12  (Mono JIT Code) [PlayFabUnityHttp.cs:244] PlayFab.Internal.PlayFabUnityHttp:OnResponse (string,PlayFab.Internal.CallRequestContainer)
 #13  (Mono JIT Code) [PlayFabUnityHttp.cs:197] PlayFab.Internal.PlayFabUnityHttp/<Post>d__12:MoveNext ()
 #14  (Mono JIT Code) [Coroutines.cs:17] UnityEngine.SetupCoroutine:InvokeMoveNext (System.Collections.IEnumerator,intptr)
 #15  (Mono JIT Code) (wrapper runtime-invoke) <Module>:runtime_invoke_void_object_intptr (object,intptr,intptr,intptr)
 #16 mono_jit_runtime_invoke
 #17 do_runtime_invoke
 #18 mono_runtime_invoke
 #19 scripting_method_invoke(ScriptingMethodPtr, ScriptingObjectPtr, ScriptingArguments&, ScriptingExceptionPtr*, bool)
 #20 ScriptingInvocation::Invoke(ScriptingExceptionPtr*, bool)
 #21 Coroutine::InvokeMoveNext(ScriptingExceptionPtr*)
 #22 Coroutine::Run(bool*)
 #23 AsyncOperation::InvokeCoroutine()
 #24 UnityWebRequestAsyncOperation::InvokeCoroutine()
 #25 UnityWebRequestProto<UnityWebRequestTransport, AtomicRefCounter, RedirectHelper, ResponseHelper, DownloadHandler, UploadHandler, CertificateHandler, HeaderHelper, AsyncOperation>::Job_InvokeCoroutine(AsyncOperation*)
 #26 BackgroundJobQueue::ExecuteMainThreadJobs()
 #27 InitPlayerLoopCallbacks()::EarlyUpdateExecuteMainThreadJobsRegistrator::Forward()
 #28 ExecutePlayerLoop(NativePlayerLoopSystem*)
 #29 ExecutePlayerLoop(NativePlayerLoopSystem*)
 #30 PlayerLoop()
 #31 EditorPlayerLoop::Execute()
 #32 PlayerLoopController::InternalUpdateScene(bool, bool)
 #33 PlayerLoopController::UpdateSceneIfNeededFromMainLoop()
 #34 Application::TickTimer()
 #35 -[EditorApplication onEditorUpdatesTickTimer]
 #36 __NSFireTimer
 #37 __CFRUNLOOP_IS_CALLING_OUT_TO_A_TIMER_CALLBACK_FUNCTION__
 #38 __CFRunLoopDoTimer
 #39 __CFRunLoopDoTimers
 #40 __CFRunLoopRun
 #41 _CFRunLoopRunSpecificWithOptions
 #42 RunCurrentEventLoopInMode
 #43 ReceiveNextEventCommon
 #44 _BlockUntilNextEventMatchingListInMode
 #45 _DPSBlockUntilNextEventMatchingListInMode
 #46 _DPSNextEvent
 #47 -[NSApplication(NSEventRouting) _nextEventMatchingEventMask:untilDate:inMode:dequeue:]
 #48 -[NSApplication(NSEventRouting) nextEventMatchingMask:untilDate:inMode:dequeue:]
 #49 -[NSApplication run]
 #50 NSApplicationMain
 #51 EditorMain(int, char const**)
 #52 main
 #53 start

[StoneCompat] Unequip stone A0293118780B9011 from unsupported unit 8921F97300589009
 #0 PlatformStacktrace::GetStacktrace(int, StacktraceTypes::LRUCache<void*, StacktraceTypes::LRUValue>*)
 #1 DebugStringToFileExtended(DebugStringToFileData const&)
 #2 DebugLogHandler_CUSTOM_Internal_Log(LogType, LogOption, BindingsManagedSpan*, void*)
 #3  (Mono JIT Code) (wrapper managed-to-native) UnityEngine.DebugLogHandler:Internal_Log_Injected (UnityEngine.LogType,UnityEngine.LogOption,UnityEngine.Bindings.ManagedSpanWrapper&,intptr)
 #4  (Mono JIT Code) UnityEngine.DebugLogHandler:Internal_Log (UnityEngine.LogType,UnityEngine.LogOption,string,UnityEngine.Object)
 #5  (Mono JIT Code) [DebugLogHandler.cs:10] UnityEngine.DebugLogHandler:LogFormat (UnityEngine.LogType,UnityEngine.Object,string,object[])
 #6  (Mono JIT Code) [Logger.cs:61] UnityEngine.Logger:Log (UnityEngine.LogType,object)
 #7  (Mono JIT Code) [Debug.bindings.cs:216] UnityEngine.Debug:LogWarning (object)
 #8  (Mono JIT Code) [Stones.cs:155] dataAccess.Stones:SanitizeAgainstCurrentUnits ()
 #9  (Mono JIT Code) [Item.cs:107] PlayFabReadClient:OnGetUserInventory (PlayFab.ClientModels.GetUserInventoryResult,System.Action`1<bool>)
 #10  (Mono JIT Code) [Item.cs:23] PlayFabReadClient/<>c__DisplayClass18_0:<LoadItems>b__1 (PlayFab.ClientModels.GetUserInventoryResult)
 #11  (Mono JIT Code) [PlayFabHTTP.cs:219] PlayFab.Internal.PlayFabHttp/<>c__DisplayClass23_0`1<TResult_REF>:<_MakeApiCall>b__1 ()
 #12  (Mono JIT Code) [PlayFabUnityHttp.cs:244] PlayFab.Internal.PlayFabUnityHttp:OnResponse (string,PlayFab.Internal.CallRequestContainer)
 #13  (Mono JIT Code) [PlayFabUnityHttp.cs:197] PlayFab.Internal.PlayFabUnityHttp/<Post>d__12:MoveNext ()
 #14  (Mono JIT Code) [Coroutines.cs:17] UnityEngine.SetupCoroutine:InvokeMoveNext (System.Collections.IEnumerator,intptr)
 #15  (Mono JIT Code) (wrapper runtime-invoke) <Module>:runtime_invoke_void_object_intptr (object,intptr,intptr,intptr)
 #16 mono_jit_runtime_invoke
 #17 do_runtime_invoke
 #18 mono_runtime_invoke
 #19 scripting_method_invoke(ScriptingMethodPtr, ScriptingObjectPtr, ScriptingArguments&, ScriptingExceptionPtr*, bool)
 #20 ScriptingInvocation::Invoke(ScriptingExceptionPtr*, bool)
 #21 Coroutine::InvokeMoveNext(ScriptingExceptionPtr*)
 #22 Coroutine::Run(bool*)
 #23 AsyncOperation::InvokeCoroutine()
 #24 UnityWebRequestAsyncOperation::InvokeCoroutine()
 #25 UnityWebRequestProto<UnityWebRequestTransport, AtomicRefCounter, RedirectHelper, ResponseHelper, DownloadHandler, UploadHandler, CertificateHandler, HeaderHelper, AsyncOperation>::Job_InvokeCoroutine(AsyncOperation*)
 #26 BackgroundJobQueue::ExecuteMainThreadJobs()
 #27 InitPlayerLoopCallbacks()::EarlyUpdateExecuteMainThreadJobsRegistrator::Forward()
 #28 ExecutePlayerLoop(NativePlayerLoopSystem*)
 #29 ExecutePlayerLoop(NativePlayerLoopSystem*)
 #30 PlayerLoop()
 #31 EditorPlayerLoop::Execute()
 #32 PlayerLoopController::InternalUpdateScene(bool, bool)
 #33 PlayerLoopController::UpdateSceneIfNeededFromMainLoop()
 #34 Application::TickTimer()
 #35 -[EditorApplication onEditorUpdatesTickTimer]
 #36 __NSFireTimer
 #37 __CFRUNLOOP_IS_CALLING_OUT_TO_A_TIMER_CALLBACK_FUNCTION__
 #38 __CFRunLoopDoTimer
 #39 __CFRunLoopDoTimers
 #40 __CFRunLoopRun
 #41 _CFRunLoopRunSpecificWithOptions
 #42 RunCurrentEventLoopInMode
 #43 ReceiveNextEventCommon
 #44 _BlockUntilNextEventMatchingListInMode
 #45 _DPSBlockUntilNextEventMatchingListInMode
 #46 _DPSNextEvent
 #47 -[NSApplication(NSEventRouting) _nextEventMatchingEventMask:untilDate:inMode:dequeue:]
 #48 -[NSApplication(NSEventRouting) nextEventMatchingMask:untilDate:inMode:dequeue:]
 #49 -[NSApplication run]
 #50 NSApplicationMain
 #51 EditorMain(int, char const**)
 #52 main
 #53 start

[StoneCompat] Unequip stone CFEE8164FB4142F9 from unsupported unit 8921F97300589009
 #0 PlatformStacktrace::GetStacktrace(int, StacktraceTypes::LRUCache<void*, StacktraceTypes::LRUValue>*)
 #1 DebugStringToFileExtended(DebugStringToFileData const&)
 #2 DebugLogHandler_CUSTOM_Internal_Log(LogType, LogOption, BindingsManagedSpan*, void*)
 #3  (Mono JIT Code) (wrapper managed-to-native) UnityEngine.DebugLogHandler:Internal_Log_Injected (UnityEngine.LogType,UnityEngine.LogOption,UnityEngine.Bindings.ManagedSpanWrapper&,intptr)
 #4  (Mono JIT Code) UnityEngine.DebugLogHandler:Internal_Log (UnityEngine.LogType,UnityEngine.LogOption,string,UnityEngine.Object)
 #5  (Mono JIT Code) [DebugLogHandler.cs:10] UnityEngine.DebugLogHandler:LogFormat (UnityEngine.LogType,UnityEngine.Object,string,object[])
 #6  (Mono JIT Code) [Logger.cs:61] UnityEngine.Logger:Log (UnityEngine.LogType,object)
 #7  (Mono JIT Code) [Debug.bindings.cs:216] UnityEngine.Debug:LogWarning (object)
 #8  (Mono JIT Code) [Stones.cs:155] dataAccess.Stones:SanitizeAgainstCurrentUnits ()
 #9  (Mono JIT Code) [Item.cs:107] PlayFabReadClient:OnGetUserInventory (PlayFab.ClientModels.GetUserInventoryResult,System.Action`1<bool>)
 #10  (Mono JIT Code) [Item.cs:23] PlayFabReadClient/<>c__DisplayClass18_0:<LoadItems>b__1 (PlayFab.ClientModels.GetUserInventoryResult)
 #11  (Mono JIT Code) [PlayFabHTTP.cs:219] PlayFab.Internal.PlayFabHttp/<>c__DisplayClass23_0`1<TResult_REF>:<_MakeApiCall>b__1 ()
 #12  (Mono JIT Code) [PlayFabUnityHttp.cs:244] PlayFab.Internal.PlayFabUnityHttp:OnResponse (string,PlayFab.Internal.CallRequestContainer)
 #13  (Mono JIT Code) [PlayFabUnityHttp.cs:197] PlayFab.Internal.PlayFabUnityHttp/<Post>d__12:MoveNext ()
 #14  (Mono JIT Code) [Coroutines.cs:17] UnityEngine.SetupCoroutine:InvokeMoveNext (System.Collections.IEnumerator,intptr)
 #15  (Mono JIT Code) (wrapper runtime-invoke) <Module>:runtime_invoke_void_object_intptr (object,intptr,intptr,intptr)
 #16 mono_jit_runtime_invoke
 #17 do_runtime_invoke
 #18 mono_runtime_invoke
 #19 scripting_method_invoke(ScriptingMethodPtr, ScriptingObjectPtr, ScriptingArguments&, ScriptingExceptionPtr*, bool)
 #20 ScriptingInvocation::Invoke(ScriptingExceptionPtr*, bool)
 #21 Coroutine::InvokeMoveNext(ScriptingExceptionPtr*)
 #22 Coroutine::Run(bool*)
 #23 AsyncOperation::InvokeCoroutine()
 #24 UnityWebRequestAsyncOperation::InvokeCoroutine()
 #25 UnityWebRequestProto<UnityWebRequestTransport, AtomicRefCounter, RedirectHelper, ResponseHelper, DownloadHandler, UploadHandler, CertificateHandler, HeaderHelper, AsyncOperation>::Job_InvokeCoroutine(AsyncOperation*)
 #26 BackgroundJobQueue::ExecuteMainThreadJobs()
 #27 InitPlayerLoopCallbacks()::EarlyUpdateExecuteMainThreadJobsRegistrator::Forward()
 #28 ExecutePlayerLoop(NativePlayerLoopSystem*)
 #29 ExecutePlayerLoop(NativePlayerLoopSystem*)
 #30 PlayerLoop()
 #31 EditorPlayerLoop::Execute()
 #32 PlayerLoopController::InternalUpdateScene(bool, bool)
 #33 PlayerLoopController::UpdateSceneIfNeededFromMainLoop()
 #34 Application::TickTimer()
 #35 -[EditorApplication onEditorUpdatesTickTimer]
 #36 __NSFireTimer
 #37 __CFRUNLOOP_IS_CALLING_OUT_TO_A_TIMER_CALLBACK_FUNCTION__
 #38 __CFRunLoopDoTimer
 #39 __CFRunLoopDoTimers
 #40 __CFRunLoopRun
 #41 _CFRunLoopRunSpecificWithOptions
 #42 RunCurrentEventLoopInMode
 #43 ReceiveNextEventCommon
 #44 _BlockUntilNextEventMatchingListInMode
 #45 _DPSBlockUntilNextEventMatchingListInMode
 #46 _DPSNextEvent
 #47 -[NSApplication(NSEventRouting) _nextEventMatchingEventMask:untilDate:inMode:dequeue:]
 #48 -[NSApplication(NSEventRouting) nextEventMatchingMask:untilDate:inMode:dequeue:]
 #49 -[NSApplication run]
 #50 NSApplicationMain
 #51 EditorMain(int, char const**)
 #52 main
 #53 start

[StoneCompat] Unequip stone 28F4EDE878BC68E3 from unsupported unit 8921F97300589009
 #0 PlatformStacktrace::GetStacktrace(int, StacktraceTypes::LRUCache<void*, StacktraceTypes::LRUValue>*)
 #1 DebugStringToFileExtended(DebugStringToFileData const&)
 #2 DebugLogHandler_CUSTOM_Internal_Log(LogType, LogOption, BindingsManagedSpan*, void*)
 #3  (Mono JIT Code) (wrapper managed-to-native) UnityEngine.DebugLogHandler:Internal_Log_Injected (UnityEngine.LogType,UnityEngine.LogOption,UnityEngine.Bindings.ManagedSpanWrapper&,intptr)
 #4  (Mono JIT Code) UnityEngine.DebugLogHandler:Internal_Log (UnityEngine.LogType,UnityEngine.LogOption,string,UnityEngine.Object)
 #5  (Mono JIT Code) [DebugLogHandler.cs:10] UnityEngine.DebugLogHandler:LogFormat (UnityEngine.LogType,UnityEngine.Object,string,object[])
 #6  (Mono JIT Code) [Logger.cs:61] UnityEngine.Logger:Log (UnityEngine.LogType,object)
 #7  (Mono JIT Code) [Debug.bindings.cs:216] UnityEngine.Debug:LogWarning (object)
 #8  (Mono JIT Code) [Stones.cs:155] dataAccess.Stones:SanitizeAgainstCurrentUnits ()
 #9  (Mono JIT Code) [Item.cs:107] PlayFabReadClient:OnGetUserInventory (PlayFab.ClientModels.GetUserInventoryResult,System.Action`1<bool>)
 #10  (Mono JIT Code) [Item.cs:23] PlayFabReadClient/<>c__DisplayClass18_0:<LoadItems>b__1 (PlayFab.ClientModels.GetUserInventoryResult)
 #11  (Mono JIT Code) [PlayFabHTTP.cs:219] PlayFab.Internal.PlayFabHttp/<>c__DisplayClass23_0`1<TResult_REF>:<_MakeApiCall>b__1 ()
 #12  (Mono JIT Code) [PlayFabUnityHttp.cs:244] PlayFab.Internal.PlayFabUnityHttp:OnResponse (string,PlayFab.Internal.CallRequestContainer)
 #13  (Mono JIT Code) [PlayFabUnityHttp.cs:197] PlayFab.Internal.PlayFabUnityHttp/<Post>d__12:MoveNext ()
 #14  (Mono JIT Code) [Coroutines.cs:17] UnityEngine.SetupCoroutine:InvokeMoveNext (System.Collections.IEnumerator,intptr)
 #15  (Mono JIT Code) (wrapper runtime-invoke) <Module>:runtime_invoke_void_object_intptr (object,intptr,intptr,intptr)
 #16 mono_jit_runtime_invoke
 #17 do_runtime_invoke
 #18 mono_runtime_invoke
 #19 scripting_method_invoke(ScriptingMethodPtr, ScriptingObjectPtr, ScriptingArguments&, ScriptingExceptionPtr*, bool)
 #20 ScriptingInvocation::Invoke(ScriptingExceptionPtr*, bool)
 #21 Coroutine::InvokeMoveNext(ScriptingExceptionPtr*)
 #22 Coroutine::Run(bool*)
 #23 AsyncOperation::InvokeCoroutine()
 #24 UnityWebRequestAsyncOperation::InvokeCoroutine()
 #25 UnityWebRequestProto<UnityWebRequestTransport, AtomicRefCounter, RedirectHelper, ResponseHelper, DownloadHandler, UploadHandler, CertificateHandler, HeaderHelper, AsyncOperation>::Job_InvokeCoroutine(AsyncOperation*)
 #26 BackgroundJobQueue::ExecuteMainThreadJobs()
 #27 InitPlayerLoopCallbacks()::EarlyUpdateExecuteMainThreadJobsRegistrator::Forward()
 #28 ExecutePlayerLoop(NativePlayerLoopSystem*)
 #29 ExecutePlayerLoop(NativePlayerLoopSystem*)
 #30 PlayerLoop()
 #31 EditorPlayerLoop::Execute()
 #32 PlayerLoopController::InternalUpdateScene(bool, bool)
 #33 PlayerLoopController::UpdateSceneIfNeededFromMainLoop()
 #34 Application::TickTimer()
 #35 -[EditorApplication onEditorUpdatesTickTimer]
 #36 __NSFireTimer
 #37 __CFRUNLOOP_IS_CALLING_OUT_TO_A_TIMER_CALLBACK_FUNCTION__
 #38 __CFRunLoopDoTimer
 #39 __CFRunLoopDoTimers
 #40 __CFRunLoopRun
 #41 _CFRunLoopRunSpecificWithOptions
 #42 RunCurrentEventLoopInMode
 #43 ReceiveNextEventCommon
 #44 _BlockUntilNextEventMatchingListInMode
 #45 _DPSBlockUntilNextEventMatchingListInMode
 #46 _DPSNextEvent
 #47 -[NSApplication(NSEventRouting) _nextEventMatchingEventMask:untilDate:inMode:dequeue:]
 #48 -[NSApplication(NSEventRouting) nextEventMatchingMask:untilDate:inMode:dequeue:]
 #49 -[NSApplication run]
 #50 NSApplicationMain
 #51 EditorMain(int, char const**)
 #52 main
 #53 start

[StoneCompat] Unequip stone 122FBA05692C4F61 from unsupported unit 8921F97300589009
 #0 PlatformStacktrace::GetStacktrace(int, StacktraceTypes::LRUCache<void*, StacktraceTypes::LRUValue>*)
 #1 DebugStringToFileExtended(DebugStringToFileData const&)
 #2 DebugLogHandler_CUSTOM_Internal_Log(LogType, LogOption, BindingsManagedSpan*, void*)
 #3  (Mono JIT Code) (wrapper managed-to-native) UnityEngine.DebugLogHandler:Internal_Log_Injected (UnityEngine.LogType,UnityEngine.LogOption,UnityEngine.Bindings.ManagedSpanWrapper&,intptr)
 #4  (Mono JIT Code) UnityEngine.DebugLogHandler:Internal_Log (UnityEngine.LogType,UnityEngine.LogOption,string,UnityEngine.Object)
 #5  (Mono JIT Code) [DebugLogHandler.cs:10] UnityEngine.DebugLogHandler:LogFormat (UnityEngine.LogType,UnityEngine.Object,string,object[])
 #6  (Mono JIT Code) [Logger.cs:61] UnityEngine.Logger:Log (UnityEngine.LogType,object)
 #7  (Mono JIT Code) [Debug.bindings.cs:216] UnityEngine.Debug:LogWarning (object)
 #8  (Mono JIT Code) [Stones.cs:155] dataAccess.Stones:SanitizeAgainstCurrentUnits ()
 #9  (Mono JIT Code) [Item.cs:107] PlayFabReadClient:OnGetUserInventory (PlayFab.ClientModels.GetUserInventoryResult,System.Action`1<bool>)
 #10  (Mono JIT Code) [Item.cs:23] PlayFabReadClient/<>c__DisplayClass18_0:<LoadItems>b__1 (PlayFab.ClientModels.GetUserInventoryResult)
 #11  (Mono JIT Code) [PlayFabHTTP.cs:219] PlayFab.Internal.PlayFabHttp/<>c__DisplayClass23_0`1<TResult_REF>:<_MakeApiCall>b__1 ()
 #12  (Mono JIT Code) [PlayFabUnityHttp.cs:244] PlayFab.Internal.PlayFabUnityHttp:OnResponse (string,PlayFab.Internal.CallRequestContainer)
 #13  (Mono JIT Code) [PlayFabUnityHttp.cs:197] PlayFab.Internal.PlayFabUnityHttp/<Post>d__12:MoveNext ()
 #14  (Mono JIT Code) [Coroutines.cs:17] UnityEngine.SetupCoroutine:InvokeMoveNext (System.Collections.IEnumerator,intptr)
 #15  (Mono JIT Code) (wrapper runtime-invoke) <Module>:runtime_invoke_void_object_intptr (object,intptr,intptr,intptr)
 #16 mono_jit_runtime_invoke
 #17 do_runtime_invoke
 #18 mono_runtime_invoke
 #19 scripting_method_invoke(ScriptingMethodPtr, ScriptingObjectPtr, ScriptingArguments&, ScriptingExceptionPtr*, bool)
 #20 ScriptingInvocation::Invoke(ScriptingExceptionPtr*, bool)
 #21 Coroutine::InvokeMoveNext(ScriptingExceptionPtr*)
 #22 Coroutine::Run(bool*)
 #23 AsyncOperation::InvokeCoroutine()
 #24 UnityWebRequestAsyncOperation::InvokeCoroutine()
 #25 UnityWebRequestProto<UnityWebRequestTransport, AtomicRefCounter, RedirectHelper, ResponseHelper, DownloadHandler, UploadHandler, CertificateHandler, HeaderHelper, AsyncOperation>::Job_InvokeCoroutine(AsyncOperation*)
 #26 BackgroundJobQueue::ExecuteMainThreadJobs()
 #27 InitPlayerLoopCallbacks()::EarlyUpdateExecuteMainThreadJobsRegistrator::Forward()
 #28 ExecutePlayerLoop(NativePlayerLoopSystem*)
 #29 ExecutePlayerLoop(NativePlayerLoopSystem*)
 #30 PlayerLoop()
 #31 EditorPlayerLoop::Execute()
 #32 PlayerLoopController::InternalUpdateScene(bool, bool)
 #33 PlayerLoopController::UpdateSceneIfNeededFromMainLoop()
 #34 Application::TickTimer()
 #35 -[EditorApplication onEditorUpdatesTickTimer]
 #36 __NSFireTimer
 #37 __CFRUNLOOP_IS_CALLING_OUT_TO_A_TIMER_CALLBACK_FUNCTION__
 #38 __CFRunLoopDoTimer
 #39 __CFRunLoopDoTimers
 #40 __CFRunLoopRun
 #41 _CFRunLoopRunSpecificWithOptions
 #42 RunCurrentEventLoopInMode
 #43 ReceiveNextEventCommon
 #44 _BlockUntilNextEventMatchingListInMode
 #45 _DPSBlockUntilNextEventMatchingListInMode
 #46 _DPSNextEvent
 #47 -[NSApplication(NSEventRouting) _nextEventMatchingEventMask:untilDate:inMode:dequeue:]
 #48 -[NSApplication(NSEventRouting) nextEventMatchingMask:untilDate:inMode:dequeue:]
 #49 -[NSApplication run]
 #50 NSApplicationMain
 #51 EditorMain(int, char const**)
 #52 main
 #53 start

[StoneCompat] Unequip stone 3B1400BBD933411D from unsupported unit 8921F97300589009
 #0 PlatformStacktrace::GetStacktrace(int, StacktraceTypes::LRUCache<void*, StacktraceTypes::LRUValue>*)
 #1 DebugStringToFileExtended(DebugStringToFileData const&)
 #2 DebugLogHandler_CUSTOM_Internal_Log(LogType, LogOption, BindingsManagedSpan*, void*)
 #3  (Mono JIT Code) (wrapper managed-to-native) UnityEngine.DebugLogHandler:Internal_Log_Injected (UnityEngine.LogType,UnityEngine.LogOption,UnityEngine.Bindings.ManagedSpanWrapper&,intptr)
 #4  (Mono JIT Code) UnityEngine.DebugLogHandler:Internal_Log (UnityEngine.LogType,UnityEngine.LogOption,string,UnityEngine.Object)
 #5  (Mono JIT Code) [DebugLogHandler.cs:10] UnityEngine.DebugLogHandler:LogFormat (UnityEngine.LogType,UnityEngine.Object,string,object[])
 #6  (Mono JIT Code) [Logger.cs:61] UnityEngine.Logger:Log (UnityEngine.LogType,object)
 #7  (Mono JIT Code) [Debug.bindings.cs:216] UnityEngine.Debug:LogWarning (object)
 #8  (Mono JIT Code) [Stones.cs:155] dataAccess.Stones:SanitizeAgainstCurrentUnits ()
 #9  (Mono JIT Code) [Item.cs:107] PlayFabReadClient:OnGetUserInventory (PlayFab.ClientModels.GetUserInventoryResult,System.Action`1<bool>)
 #10  (Mono JIT Code) [Item.cs:23] PlayFabReadClient/<>c__DisplayClass18_0:<LoadItems>b__1 (PlayFab.ClientModels.GetUserInventoryResult)
 #11  (Mono JIT Code) [PlayFabHTTP.cs:219] PlayFab.Internal.PlayFabHttp/<>c__DisplayClass23_0`1<TResult_REF>:<_MakeApiCall>b__1 ()
 #12  (Mono JIT Code) [PlayFabUnityHttp.cs:244] PlayFab.Internal.PlayFabUnityHttp:OnResponse (string,PlayFab.Internal.CallRequestContainer)
 #13  (Mono JIT Code) [PlayFabUnityHttp.cs:197] PlayFab.Internal.PlayFabUnityHttp/<Post>d__12:MoveNext ()
 #14  (Mono JIT Code) [Coroutines.cs:17] UnityEngine.SetupCoroutine:InvokeMoveNext (System.Collections.IEnumerator,intptr)
 #15  (Mono JIT Code) (wrapper runtime-invoke) <Module>:runtime_invoke_void_object_intptr (object,intptr,intptr,intptr)
 #16 mono_jit_runtime_invoke
 #17 do_runtime_invoke
 #18 mono_runtime_invoke
 #19 scripting_method_invoke(ScriptingMethodPtr, ScriptingObjectPtr, ScriptingArguments&, ScriptingExceptionPtr*, bool)
 #20 ScriptingInvocation::Invoke(ScriptingExceptionPtr*, bool)
 #21 Coroutine::InvokeMoveNext(ScriptingExceptionPtr*)
 #22 Coroutine::Run(bool*)
 #23 AsyncOperation::InvokeCoroutine()
 #24 UnityWebRequestAsyncOperation::InvokeCoroutine()
 #25 UnityWebRequestProto<UnityWebRequestTransport, AtomicRefCounter, RedirectHelper, ResponseHelper, DownloadHandler, UploadHandler, CertificateHandler, HeaderHelper, AsyncOperation>::Job_InvokeCoroutine(AsyncOperation*)
 #26 BackgroundJobQueue::ExecuteMainThreadJobs()
 #27 InitPlayerLoopCallbacks()::EarlyUpdateExecuteMainThreadJobsRegistrator::Forward()
 #28 ExecutePlayerLoop(NativePlayerLoopSystem*)
 #29 ExecutePlayerLoop(NativePlayerLoopSystem*)
 #30 PlayerLoop()
 #31 EditorPlayerLoop::Execute()
 #32 PlayerLoopController::InternalUpdateScene(bool, bool)
 #33 PlayerLoopController::UpdateSceneIfNeededFromMainLoop()
 #34 Application::TickTimer()
 #35 -[EditorApplication onEditorUpdatesTickTimer]
 #36 __NSFireTimer
 #37 __CFRUNLOOP_IS_CALLING_OUT_TO_A_TIMER_CALLBACK_FUNCTION__
 #38 __CFRunLoopDoTimer
 #39 __CFRunLoopDoTimers
 #40 __CFRunLoopRun
 #41 _CFRunLoopRunSpecificWithOptions
 #42 RunCurrentEventLoopInMode
 #43 ReceiveNextEventCommon
 #44 _BlockUntilNextEventMatchingListInMode
 #45 _DPSBlockUntilNextEventMatchingListInMode
 #46 _DPSNextEvent
 #47 -[NSApplication(NSEventRouting) _nextEventMatchingEventMask:untilDate:inMode:dequeue:]
 #48 -[NSApplication(NSEventRouting) nextEventMatchingMask:untilDate:inMode:dequeue:]
 #49 -[NSApplication run]
 #50 NSApplicationMain
 #51 EditorMain(int, char const**)
 #52 main
 #53 start

尝试建立本地文件 : /Users/daisei/Library/Application Support/BO/PocketStriker/AppSetting.json
 #0 PlatformStacktrace::GetStacktrace(int, StacktraceTypes::LRUCache<void*, StacktraceTypes::LRUValue>*)
 #1 DebugStringToFileExtended(DebugStringToFileData const&)
 #2 DebugLogHandler_CUSTOM_Internal_Log(LogType, LogOption, BindingsManagedSpan*, void*)
 #3  (Mono JIT Code) (wrapper managed-to-native) UnityEngine.DebugLogHandler:Internal_Log_Injected (UnityEngine.LogType,UnityEngine.LogOption,UnityEngine.Bindings.ManagedSpanWrapper&,intptr)
 #4  (Mono JIT Code) UnityEngine.DebugLogHandler:Internal_Log (UnityEngine.LogType,UnityEngine.LogOption,string,UnityEngine.Object)
 #5  (Mono JIT Code) [DebugLogHandler.cs:10] UnityEngine.DebugLogHandler:LogFormat (UnityEngine.LogType,UnityEngine.Object,string,object[])
 #6  (Mono JIT Code) [Logger.cs:61] UnityEngine.Logger:Log (UnityEngine.LogType,object)
 #7  (Mono JIT Code) [Debug.bindings.cs:123] UnityEngine.Debug:Log (object)
 #8  (Mono JIT Code) [LocalJson.cs:35] Json.LocalJson:SaveToJsonFile_persistentDataPath (string,string,string)
 #9  (Mono JIT Code) [AppSetting.cs:115] AppSetting:Save ()
 #10  (Mono JIT Code) [SettingLayer.cs:538] SettingLayer:Close ()
 #11  (Mono JIT Code) [SettingPage.cs:43] SettingPage:ProcessEnd ()
 #12  (Mono JIT Code) [ProcessesRunner.cs:78] mainMenu.ProcessesRunner:ChangeProcess<T_REF> (mainMenu.MainSceneStep,T_REF)
 #13  (Mono JIT Code) [ProcessesRunner.cs:53] mainMenu.ProcessesRunner:ChangeProcess (mainMenu.MainSceneStep)
 #14  (Mono JIT Code) [PreScene.cs:308] mainMenu.PreScene:trySwitchToStep (mainMenu.MainSceneStep,bool)
 #15  (Mono JIT Code) [PreScene.cs:292] mainMenu.PreScene/<>c__DisplayClass28_0:<trySwitchToStep>g__ReturnToCurrent|0 ()
 #16  (Mono JIT Code) [ReturnLayer.cs:46] ReturnLayer:POP ()
 #17  (Mono JIT Code) [BOButton.cs:271] BOButton/<>c__DisplayClass54_0:<SetListener>b__0 ()
 #18  (Mono JIT Code) [UnityEvent.cs:181] UnityEngine.Events.InvokableCall:Invoke ()
 #19  (Mono JIT Code) [UnityEvent_0.cs:59] UnityEngine.Events.UnityEvent:Invoke ()
 #20  (Mono JIT Code) [Button.cs:72] UnityEngine.UI.Button:Press ()
 #21  (Mono JIT Code) [Button.cs:116] UnityEngine.UI.Button:OnPointerClick (UnityEngine.EventSystems.PointerEventData)
 #22  (Mono JIT Code) [BOButton.cs:206] BOButton:OnPointerClick (UnityEngine.EventSystems.PointerEventData)
 #23  (Mono JIT Code) [ExecuteEvents.cs:58] UnityEngine.EventSystems.ExecuteEvents:Execute (UnityEngine.EventSystems.IPointerClickHandler,UnityEngine.EventSystems.BaseEventData)
 #24  (Mono JIT Code) [ExecuteEvents.cs:272] UnityEngine.EventSystems.ExecuteEvents:Execute<T_REF> (UnityEngine.GameObject,UnityEngine.EventSystems.BaseEventData,UnityEngine.EventSystems.ExecuteEvents/EventFunction`1<T_REF>)
 #25  (Mono JIT Code) [ExecuteEvents.cs:298] UnityEngine.EventSystems.ExecuteEvents:ExecuteHierarchy<T_REF> (UnityEngine.GameObject,UnityEngine.EventSystems.BaseEventData,UnityEngine.EventSystems.ExecuteEvents/EventFunction`1<T_REF>)
 #26  (Mono JIT Code) [PocketStrikerUILiveReview.cs:661] PocketStrikerUILiveReview/<Click>d__146:MoveNext ()
 #27  (Mono JIT Code) PocketStrikerUILiveReview:Click (UnityEngine.UI.Button,bool,System.Nullable`1<UnityEngine.Vector2>)
 #28  (Mono JIT Code) [PocketStrikerUILiveReview.cs:607] PocketStrikerUILiveReview/<Back>d__141:MoveNext ()
 #29  (Mono JIT Code) PocketStrikerUILiveReview:Back (mainMenu.MainSceneStep)
 #30  (Mono JIT Code) [PocketStrikerUILiveReview.StoreCapture.cs:167] PocketStrikerUILiveReview/<StoreSetLanguage>d__46:MoveNext ()
 #31  (Mono JIT Code) [StateMachineRunner.cs:190] Cysharp.Threading.Tasks.CompilerServices.AsyncUniTask`1<PocketStrikerUILiveReview/<StoreSetLanguage>d__46>:Run ()
 #32  (Mono JIT Code) [UniTask.cs:25] Cysharp.Threading.Tasks.AwaiterActions:Continuation (object)
 #33  (Mono JIT Code) [UniTaskCompletionSource.cs:139] Cysharp.Threading.Tasks.UniTaskCompletionSourceCore`1<Cysharp.Threading.Tasks.AsyncUnit>:TrySetResult (Cysharp.Threading.Tasks.AsyncUnit)
 #34  (Mono JIT Code) [StateMachineRunner.cs:205] Cysharp.Threading.Tasks.CompilerServices.AsyncUniTask`1<PocketStrikerUILiveReview/<Click>d__146>:SetResult ()
 #35  (Mono JIT Code) [PocketStrikerUILiveReview.cs:665] PocketStrikerUILiveReview/<Click>d__146:MoveNext ()
 #36  (Mono JIT Code) [StateMachineRunner.cs:190] Cysharp.Threading.Tasks.CompilerServices.AsyncUniTask`1<PocketStrikerUILiveReview/<Click>d__146>:Run ()
 #37  (Mono JIT Code) [UniTask.cs:25] Cysharp.Threading.Tasks.AwaiterActions:Continuation (object)
 #38  (Mono JIT Code) [UniTaskCompletionSource.cs:139] Cysharp.Threading.Tasks.UniTaskCompletionSourceCore`1<Cysharp.Threading.Tasks.AsyncUnit>:TrySetResult (Cysharp.Threading.Tasks.AsyncUnit)
 #39  (Mono JIT Code) [UniTask.Delay.cs:1070] Cysharp.Threading.Tasks.UniTask/DelayRealtimePromise:MoveNext ()
 #40  (Mono JIT Code) [PlayerLoopRunner.cs:175] Cysharp.Threading.Tasks.Internal.PlayerLoopRunner:RunCore ()
 #41  (Mono JIT Code) [PlayerLoopRunner.cs:145] Cysharp.Threading.Tasks.Internal.PlayerLoopRunner:Update ()
 #42  (Mono JIT Code) [PlayerLoopRunner.cs:105] Cysharp.Threading.Tasks.Internal.PlayerLoopRunner:Run ()
 #43  (Mono JIT Code) (wrapper runtime-invoke) object:runtime_invoke_void__this__ (object,intptr,intptr,intptr)
 #44 mono_jit_runtime_invoke
 #45 do_runtime_invoke
 #46 mono_runtime_invoke
 #47 scripting_method_invoke(ScriptingMethodPtr, ScriptingObjectPtr, ScriptingArguments&, ScriptingExceptionPtr*, bool)
 #48 ScriptingInvocation::Invoke(ScriptingExceptionPtr*, bool)
 #49 ExecutePlayerLoop(NativePlayerLoopSystem*)
 #50 ExecutePlayerLoop(NativePlayerLoopSystem*)
 #51 PlayerLoop()
 #52 EditorPlayerLoop::Execute()
 #53 PlayerLoopController::InternalUpdateScene(bool, bool)
 #54 PlayerLoopController::UpdateSceneIfNeededFromMainLoop()
 #55 Application::TickTimer()
 #56 -[EditorApplication onEditorUpdatesTickTimer]
 #57 __NSFireTimer
 #58 __CFRUNLOOP_IS_CALLING_OUT_TO_A_TIMER_CALLBACK_FUNCTION__
 #59 __CFRunLoopDoTimer
 #60 __CFRunLoopDoTimers
 #61 __CFRunLoopRun
 #62 _CFRunLoopRunSpecificWithOptions
 #63 RunCurrentEventLoopInMode
 #64 ReceiveNextEventCommon
 #65 _BlockUntilNextEventMatchingListInMode
 #66 _DPSBlockUntilNextEventMatchingListInMode
 #67 _DPSNextEvent
 #68 -[NSApplication(NSEventRouting) _nextEventMatchingEventMask:untilDate:inMode:dequeue:]
 #69 -[NSApplication(NSEventRouting) nextEventMatchingMask:untilDate:inMode:dequeue:]
 #70 -[NSApplication run]
 #71 NSApplicationMain
 #72 EditorMain(int, char const**)
 #73 main
 #74 start

/Users/daisei/Library/Application Support/BO/PocketStriker/AppSetting.json
 #0 PlatformStacktrace::GetStacktrace(int, StacktraceTypes::LRUCache<void*, StacktraceTypes::LRUValue>*)
 #1 DebugStringToFileExtended(DebugStringToFileData const&)
 #2 DebugLogHandler_CUSTOM_Internal_Log(LogType, LogOption, BindingsManagedSpan*, void*)
 #3  (Mono JIT Code) (wrapper managed-to-native) UnityEngine.DebugLogHandler:Internal_Log_Injected (UnityEngine.LogType,UnityEngine.LogOption,UnityEngine.Bindings.ManagedSpanWrapper&,intptr)
 #4  (Mono JIT Code) UnityEngine.DebugLogHandler:Internal_Log (UnityEngine.LogType,UnityEngine.LogOption,string,UnityEngine.Object)
 #5  (Mono JIT Code) [DebugLogHandler.cs:10] UnityEngine.DebugLogHandler:LogFormat (UnityEngine.LogType,UnityEngine.Object,string,object[])
 #6  (Mono JIT Code) [Logger.cs:61] UnityEngine.Logger:Log (UnityEngine.LogType,object)
 #7  (Mono JIT Code) [Debug.bindings.cs:123] UnityEngine.Debug:Log (object)
 #8  (Mono JIT Code) [LocalJson.cs:41] Json.LocalJson:SaveToJsonFile_persistentDataPath (string,string,string)
 #9  (Mono JIT Code) [AppSetting.cs:115] AppSetting:Save ()
 #10  (Mono JIT Code) [SettingLayer.cs:538] SettingLayer:Close ()
 #11  (Mono JIT Code) [SettingPage.cs:43] SettingPage:ProcessEnd ()
 #12  (Mono JIT Code) [ProcessesRunner.cs:78] mainMenu.ProcessesRunner:ChangeProcess<T_REF> (mainMenu.MainSceneStep,T_REF)
 #13  (Mono JIT Code) [ProcessesRunner.cs:53] mainMenu.ProcessesRunner:ChangeProcess (mainMenu.MainSceneStep)
 #14  (Mono JIT Code) [PreScene.cs:308] mainMenu.PreScene:trySwitchToStep (mainMenu.MainSceneStep,bool)
 #15  (Mono JIT Code) [PreScene.cs:292] mainMenu.PreScene/<>c__DisplayClass28_0:<trySwitchToStep>g__ReturnToCurrent|0 ()
 #16  (Mono JIT Code) [ReturnLayer.cs:46] ReturnLayer:POP ()
 #17  (Mono JIT Code) [BOButton.cs:271] BOButton/<>c__DisplayClass54_0:<SetListener>b__0 ()
 #18  (Mono JIT Code) [UnityEvent.cs:181] UnityEngine.Events.InvokableCall:Invoke ()
 #19  (Mono JIT Code) [UnityEvent_0.cs:59] UnityEngine.Events.UnityEvent:Invoke ()
 #20  (Mono JIT Code) [Button.cs:72] UnityEngine.UI.Button:Press ()
 #21  (Mono JIT Code) [Button.cs:116] UnityEngine.UI.Button:OnPointerClick (UnityEngine.EventSystems.PointerEventData)
 #22  (Mono JIT Code) [BOButton.cs:206] BOButton:OnPointerClick (UnityEngine.EventSystems.PointerEventData)
 #23  (Mono JIT Code) [ExecuteEvents.cs:58] UnityEngine.EventSystems.ExecuteEvents:Execute (UnityEngine.EventSystems.IPointerClickHandler,UnityEngine.EventSystems.BaseEventData)
 #24  (Mono JIT Code) [ExecuteEvents.cs:272] UnityEngine.EventSystems.ExecuteEvents:Execute<T_REF> (UnityEngine.GameObject,UnityEngine.EventSystems.BaseEventData,UnityEngine.EventSystems.ExecuteEvents/EventFunction`1<T_REF>)
 #25  (Mono JIT Code) [ExecuteEvents.cs:298] UnityEngine.EventSystems.ExecuteEvents:ExecuteHierarchy<T_REF> (UnityEngine.GameObject,UnityEngine.EventSystems.BaseEventData,UnityEngine.EventSystems.ExecuteEvents/EventFunction`1<T_REF>)
 #26  (Mono JIT Code) [PocketStrikerUILiveReview.cs:661] PocketStrikerUILiveReview/<Click>d__146:MoveNext ()
 #27  (Mono JIT Code) PocketStrikerUILiveReview:Click (UnityEngine.UI.Button,bool,System.Nullable`1<UnityEngine.Vector2>)
 #28  (Mono JIT Code) [PocketStrikerUILiveReview.cs:607] PocketStrikerUILiveReview/<Back>d__141:MoveNext ()
 #29  (Mono JIT Code) PocketStrikerUILiveReview:Back (mainMenu.MainSceneStep)
 #30  (Mono JIT Code) [PocketStrikerUILiveReview.StoreCapture.cs:167] PocketStrikerUILiveReview/<StoreSetLanguage>d__46:MoveNext ()
 #31  (Mono JIT Code) [StateMachineRunner.cs:190] Cysharp.Threading.Tasks.CompilerServices.AsyncUniTask`1<PocketStrikerUILiveReview/<StoreSetLanguage>d__46>:Run ()
 #32  (Mono JIT Code) [UniTask.cs:25] Cysharp.Threading.Tasks.AwaiterActions:Continuation (object)
 #33  (Mono JIT Code) [UniTaskCompletionSource.cs:139] Cysharp.Threading.Tasks.UniTaskCompletionSourceCore`1<Cysharp.Threading.Tasks.AsyncUnit>:TrySetResult (Cysharp.Threading.Tasks.AsyncUnit)
 #34  (Mono JIT Code) [StateMachineRunner.cs:205] Cysharp.Threading.Tasks.CompilerServices.AsyncUniTask`1<PocketStrikerUILiveReview/<Click>d__146>:SetResult ()
 #35  (Mono JIT Code) [PocketStrikerUILiveReview.cs:665] PocketStrikerUILiveReview/<Click>d__146:MoveNext ()
 #36  (Mono JIT Code) [StateMachineRunner.cs:190] Cysharp.Threading.Tasks.CompilerServices.AsyncUniTask`1<PocketStrikerUILiveReview/<Click>d__146>:Run ()
 #37  (Mono JIT Code) [UniTask.cs:25] Cysharp.Threading.Tasks.AwaiterActions:Continuation (object)
 #38  (Mono JIT Code) [UniTaskCompletionSource.cs:139] Cysharp.Threading.Tasks.UniTaskCompletionSourceCore`1<Cysharp.Threading.Tasks.AsyncUnit>:TrySetResult (Cysharp.Threading.Tasks.AsyncUnit)
 #39  (Mono JIT Code) [UniTask.Delay.cs:1070] Cysharp.Threading.Tasks.UniTask/DelayRealtimePromise:MoveNext ()
 #40  (Mono JIT Code) [PlayerLoopRunner.cs:175] Cysharp.Threading.Tasks.Internal.PlayerLoopRunner:RunCore ()
 #41  (Mono JIT Code) [PlayerLoopRunner.cs:145] Cysharp.Threading.Tasks.Internal.PlayerLoopRunner:Update ()
 #42  (Mono JIT Code) [PlayerLoopRunner.cs:105] Cysharp.Threading.Tasks.Internal.PlayerLoopRunner:Run ()
 #43  (Mono JIT Code) (wrapper runtime-invoke) object:runtime_invoke_void__this__ (object,intptr,intptr,intptr)
 #44 mono_jit_runtime_invoke
 #45 do_runtime_invoke
 #46 mono_runtime_invoke
 #47 scripting_method_invoke(ScriptingMethodPtr, ScriptingObjectPtr, ScriptingArguments&, ScriptingExceptionPtr*, bool)
 #48 ScriptingInvocation::Invoke(ScriptingExceptionPtr*, bool)
 #49 ExecutePlayerLoop(NativePlayerLoopSystem*)
 #50 ExecutePlayerLoop(NativePlayerLoopSystem*)
 #51 PlayerLoop()
 #52 EditorPlayerLoop::Execute()
 #53 PlayerLoopController::InternalUpdateScene(bool, bool)
 #54 PlayerLoopController::UpdateSceneIfNeededFromMainLoop()
 #55 Application::TickTimer()
 #56 -[EditorApplication onEditorUpdatesTickTimer]
 #57 __NSFireTimer
 #58 __CFRUNLOOP_IS_CALLING_OUT_TO_A_TIMER_CALLBACK_FUNCTION__
 #59 __CFRunLoopDoTimer
 #60 __CFRunLoopDoTimers
 #61 __CFRunLoopRun
 #62 _CFRunLoopRunSpecificWithOptions
 #63 RunCurrentEventLoopInMode
 #64 ReceiveNextEventCommon
 #65 _BlockUntilNextEventMatchingListInMode
 #66 _DPSBlockUntilNextEventMatchingListInMode
 #67 _DPSNextEvent
 #68 -[NSApplication(NSEventRouting) _nextEventMatchingEventMask:untilDate:inMode:dequeue:]
 #69 -[NSApplication(NSEventRouting) nextEventMatchingMask:untilDate:inMode:dequeue:]
 #70 -[NSApplication run]
 #71 NSApplicationMain
 #72 EditorMain(int, char const**)
 #73 main
 #74 start

[InventoryCompat] Ignore unsupported unit item: 17
 #0 PlatformStacktrace::GetStacktrace(int, StacktraceTypes::LRUCache<void*, StacktraceTypes::LRUValue>*)
 #1 DebugStringToFileExtended(DebugStringToFileData const&)
 #2 DebugLogHandler_CUSTOM_Internal_Log(LogType, LogOption, BindingsManagedSpan*, void*)
 #3  (Mono JIT Code) (wrapper managed-to-native) UnityEngine.DebugLogHandler:Internal_Log_Injected (UnityEngine.LogType,UnityEngine.LogOption,UnityEngine.Bindings.ManagedSpanWrapper&,intptr)
 #4  (Mono JIT Code) UnityEngine.DebugLogHandler:Internal_Log (UnityEngine.LogType,UnityEngine.LogOption,string,UnityEngine.Object)
 #5  (Mono JIT Code) [DebugLogHandler.cs:10] UnityEngine.DebugLogHandler:LogFormat (UnityEngine.LogType,UnityEngine.Object,string,object[])
 #6  (Mono JIT Code) [Logger.cs:61] UnityEngine.Logger:Log (UnityEngine.LogType,object)
 #7  (Mono JIT Code) [Debug.bindings.cs:216] UnityEngine.Debug:LogWarning (object)
 #8  (Mono JIT Code) [Item.cs:63] PlayFabReadClient:OnGetUserInventory (PlayFab.ClientModels.GetUserInventoryResult,System.Action`1<bool>)
 #9  (Mono JIT Code) [Item.cs:23] PlayFabReadClient/<>c__DisplayClass18_0:<LoadItems>b__1 (PlayFab.ClientModels.GetUserInventoryResult)
 #10  (Mono JIT Code) [PlayFabHTTP.cs:219] PlayFab.Internal.PlayFabHttp/<>c__DisplayClass23_0`1<TResult_REF>:<_MakeApiCall>b__1 ()
 #11  (Mono JIT Code) [PlayFabUnityHttp.cs:244] PlayFab.Internal.PlayFabUnityHttp:OnResponse (string,PlayFab.Internal.CallRequestContainer)
 #12  (Mono JIT Code) [PlayFabUnityHttp.cs:197] PlayFab.Internal.PlayFabUnityHttp/<Post>d__12:MoveNext ()
 #13  (Mono JIT Code) [Coroutines.cs:17] UnityEngine.SetupCoroutine:InvokeMoveNext (System.Collections.IEnumerator,intptr)
 #14  (Mono JIT Code) (wrapper runtime-invoke) <Module>:runtime_invoke_void_object_intptr (object,intptr,intptr,intptr)
 #15 mono_jit_runtime_invoke
 #16 do_runtime_invoke
 #17 mono_runtime_invoke
 #18 scripting_method_invoke(ScriptingMethodPtr, ScriptingObjectPtr, ScriptingArguments&, ScriptingExceptionPtr*, bool)
 #19 ScriptingInvocation::Invoke(ScriptingExceptionPtr*, bool)
 #20 Coroutine::InvokeMoveNext(ScriptingExceptionPtr*)
 #21 Coroutine::Run(bool*)
 #22 AsyncOperation::InvokeCoroutine()
 #23 UnityWebRequestAsyncOperation::InvokeCoroutine()
 #24 UnityWebRequestProto<UnityWebRequestTransport, AtomicRefCounter, RedirectHelper, ResponseHelper, DownloadHandler, UploadHandler, CertificateHandler, HeaderHelper, AsyncOperation>::Job_InvokeCoroutine(AsyncOperation*)
 #25 BackgroundJobQueue::ExecuteMainThreadJobs()
 #26 InitPlayerLoopCallbacks()::EarlyUpdateExecuteMainThreadJobsRegistrator::Forward()
 #27 ExecutePlayerLoop(NativePlayerLoopSystem*)
 #28 ExecutePlayerLoop(NativePlayerLoopSystem*)
 #29 PlayerLoop()
 #30 EditorPlayerLoop::Execute()
 #31 PlayerLoopController::InternalUpdateScene(bool, bool)
 #32 PlayerLoopController::UpdateSceneIfNeededFromMainLoop()
 #33 Application::TickTimer()
 #34 -[EditorApplication onEditorUpdatesTickTimer]
 #35 __NSFireTimer
 #36 __CFRUNLOOP_IS_CALLING_OUT_TO_A_TIMER_CALLBACK_FUNCTION__
 #37 __CFRunLoopDoTimer
 #38 __CFRunLoopDoTimers
 #39 __CFRunLoopRun
 #40 _CFRunLoopRunSpecificWithOptions
 #41 RunCurrentEventLoopInMode
 #42 ReceiveNextEventCommon
 #43 _BlockUntilNextEventMatchingListInMode
 #44 _DPSBlockUntilNextEventMatchingListInMode
 #45 _DPSNextEvent
 #46 -[NSApplication(NSEventRouting) _nextEventMatchingEventMask:untilDate:inMode:dequeue:]
 #47 -[NSApplication(NSEventRouting) nextEventMatchingMask:untilDate:inMode:dequeue:]
 #48 -[NSApplication run]
 #49 NSApplicationMain
 #50 EditorMain(int, char const**)
 #51 main
 #52 start

[StoneCompat] Unequip stone 670DA16F6F1EE4E6 from unsupported unit 8921F97300589009
 #0 PlatformStacktrace::GetStacktrace(int, StacktraceTypes::LRUCache<void*, StacktraceTypes::LRUValue>*)
 #1 DebugStringToFileExtended(DebugStringToFileData const&)
 #2 DebugLogHandler_CUSTOM_Internal_Log(LogType, LogOption, BindingsManagedSpan*, void*)
 #3  (Mono JIT Code) (wrapper managed-to-native) UnityEngine.DebugLogHandler:Internal_Log_Injected (UnityEngine.LogType,UnityEngine.LogOption,UnityEngine.Bindings.ManagedSpanWrapper&,intptr)
 #4  (Mono JIT Code) UnityEngine.DebugLogHandler:Internal_Log (UnityEngine.LogType,UnityEngine.LogOption,string,UnityEngine.Object)
 #5  (Mono JIT Code) [DebugLogHandler.cs:10] UnityEngine.DebugLogHandler:LogFormat (UnityEngine.LogType,UnityEngine.Object,string,object[])
 #6  (Mono JIT Code) [Logger.cs:61] UnityEngine.Logger:Log (UnityEngine.LogType,object)
 #7  (Mono JIT Code) [Debug.bindings.cs:216] UnityEngine.Debug:LogWarning (object)
 #8  (Mono JIT Code) [Stones.cs:155] dataAccess.Stones:SanitizeAgainstCurrentUnits ()
 #9  (Mono JIT Code) [Item.cs:107] PlayFabReadClient:OnGetUserInventory (PlayFab.ClientModels.GetUserInventoryResult,System.Action`1<bool>)
 #10  (Mono JIT Code) [Item.cs:23] PlayFabReadClient/<>c__DisplayClass18_0:<LoadItems>b__1 (PlayFab.ClientModels.GetUserInventoryResult)
 #11  (Mono JIT Code) [PlayFabHTTP.cs:219] PlayFab.Internal.PlayFabHttp/<>c__DisplayClass23_0`1<TResult_REF>:<_MakeApiCall>b__1 ()
 #12  (Mono JIT Code) [PlayFabUnityHttp.cs:244] PlayFab.Internal.PlayFabUnityHttp:OnResponse (string,PlayFab.Internal.CallRequestContainer)
 #13  (Mono JIT Code) [PlayFabUnityHttp.cs:197] PlayFab.Internal.PlayFabUnityHttp/<Post>d__12:MoveNext ()
 #14  (Mono JIT Code) [Coroutines.cs:17] UnityEngine.SetupCoroutine:InvokeMoveNext (System.Collections.IEnumerator,intptr)
 #15  (Mono JIT Code) (wrapper runtime-invoke) <Module>:runtime_invoke_void_object_intptr (object,intptr,intptr,intptr)
 #16 mono_jit_runtime_invoke
 #17 do_runtime_invoke
 #18 mono_runtime_invoke
 #19 scripting_method_invoke(ScriptingMethodPtr, ScriptingObjectPtr, ScriptingArguments&, ScriptingExceptionPtr*, bool)
 #20 ScriptingInvocation::Invoke(ScriptingExceptionPtr*, bool)
 #21 Coroutine::InvokeMoveNext(ScriptingExceptionPtr*)
 #22 Coroutine::Run(bool*)
 #23 AsyncOperation::InvokeCoroutine()
 #24 UnityWebRequestAsyncOperation::InvokeCoroutine()
 #25 UnityWebRequestProto<UnityWebRequestTransport, AtomicRefCounter, RedirectHelper, ResponseHelper, DownloadHandler, UploadHandler, CertificateHandler, HeaderHelper, AsyncOperation>::Job_InvokeCoroutine(AsyncOperation*)
 #26 BackgroundJobQueue::ExecuteMainThreadJobs()
 #27 InitPlayerLoopCallbacks()::EarlyUpdateExecuteMainThreadJobsRegistrator::Forward()
 #28 ExecutePlayerLoop(NativePlayerLoopSystem*)
 #29 ExecutePlayerLoop(NativePlayerLoopSystem*)
 #30 PlayerLoop()
 #31 EditorPlayerLoop::Execute()
 #32 PlayerLoopController::InternalUpdateScene(bool, bool)
 #33 PlayerLoopController::UpdateSceneIfNeededFromMainLoop()
 #34 Application::TickTimer()
 #35 -[EditorApplication onEditorUpdatesTickTimer]
 #36 __NSFireTimer
 #37 __CFRUNLOOP_IS_CALLING_OUT_TO_A_TIMER_CALLBACK_FUNCTION__
 #38 __CFRunLoopDoTimer
 #39 __CFRunLoopDoTimers
 #40 __CFRunLoopRun
 #41 _CFRunLoopRunSpecificWithOptions
 #42 RunCurrentEventLoopInMode
 #43 ReceiveNextEventCommon
 #44 _BlockUntilNextEventMatchingListInMode
 #45 _DPSBlockUntilNextEventMatchingListInMode
 #46 _DPSNextEvent
 #47 -[NSApplication(NSEventRouting) _nextEventMatchingEventMask:untilDate:inMode:dequeue:]
 #48 -[NSApplication(NSEventRouting) nextEventMatchingMask:untilDate:inMode:dequeue:]
 #49 -[NSApplication run]
 #50 NSApplicationMain
 #51 EditorMain(int, char const**)
 #52 main
 #53 start

[StoneCompat] Unequip stone BF5DCDC87F8211FF from unsupported unit 8921F97300589009
 #0 PlatformStacktrace::GetStacktrace(int, StacktraceTypes::LRUCache<void*, StacktraceTypes::LRUValue>*)
 #1 DebugStringToFileExtended(DebugStringToFileData const&)
 #2 DebugLogHandler_CUSTOM_Internal_Log(LogType, LogOption, BindingsManagedSpan*, void*)
 #3  (Mono JIT Code) (wrapper managed-to-native) UnityEngine.DebugLogHandler:Internal_Log_Injected (UnityEngine.LogType,UnityEngine.LogOption,UnityEngine.Bindings.ManagedSpanWrapper&,intptr)
 #4  (Mono JIT Code) UnityEngine.DebugLogHandler:Internal_Log (UnityEngine.LogType,UnityEngine.LogOption,string,UnityEngine.Object)
 #5  (Mono JIT Code) [DebugLogHandler.cs:10] UnityEngine.DebugLogHandler:LogFormat (UnityEngine.LogType,UnityEngine.Object,string,object[])
 #6  (Mono JIT Code) [Logger.cs:61] UnityEngine.Logger:Log (UnityEngine.LogType,object)
 #7  (Mono JIT Code) [Debug.bindings.cs:216] UnityEngine.Debug:LogWarning (object)
 #8  (Mono JIT Code) [Stones.cs:155] dataAccess.Stones:SanitizeAgainstCurrentUnits ()
 #9  (Mono JIT Code) [Item.cs:107] PlayFabReadClient:OnGetUserInventory (PlayFab.ClientModels.GetUserInventoryResult,System.Action`1<bool>)
 #10  (Mono JIT Code) [Item.cs:23] PlayFabReadClient/<>c__DisplayClass18_0:<LoadItems>b__1 (PlayFab.ClientModels.GetUserInventoryResult)
 #11  (Mono JIT Code) [PlayFabHTTP.cs:219] PlayFab.Internal.PlayFabHttp/<>c__DisplayClass23_0`1<TResult_REF>:<_MakeApiCall>b__1 ()
 #12  (Mono JIT Code) [PlayFabUnityHttp.cs:244] PlayFab.Internal.PlayFabUnityHttp:OnResponse (string,PlayFab.Internal.CallRequestContainer)
 #13  (Mono JIT Code) [PlayFabUnityHttp.cs:197] PlayFab.Internal.PlayFabUnityHttp/<Post>d__12:MoveNext ()
 #14  (Mono JIT Code) [Coroutines.cs:17] UnityEngine.SetupCoroutine:InvokeMoveNext (System.Collections.IEnumerator,intptr)
 #15  (Mono JIT Code) (wrapper runtime-invoke) <Module>:runtime_invoke_void_object_intptr (object,intptr,intptr,intptr)
 #16 mono_jit_runtime_invoke
 #17 do_runtime_invoke
 #18 mono_runtime_invoke
 #19 scripting_method_invoke(ScriptingMethodPtr, ScriptingObjectPtr, ScriptingArguments&, ScriptingExceptionPtr*, bool)
 #20 ScriptingInvocation::Invoke(ScriptingExceptionPtr*, bool)
 #21 Coroutine::InvokeMoveNext(ScriptingExceptionPtr*)
 #22 Coroutine::Run(bool*)
 #23 AsyncOperation::InvokeCoroutine()
 #24 UnityWebRequestAsyncOperation::InvokeCoroutine()
 #25 UnityWebRequestProto<UnityWebRequestTransport, AtomicRefCounter, RedirectHelper, ResponseHelper, DownloadHandler, UploadHandler, CertificateHandler, HeaderHelper, AsyncOperation>::Job_InvokeCoroutine(AsyncOperation*)
 #26 BackgroundJobQueue::ExecuteMainThreadJobs()
 #27 InitPlayerLoopCallbacks()::EarlyUpdateExecuteMainThreadJobsRegistrator::Forward()
 #28 ExecutePlayerLoop(NativePlayerLoopSystem*)
 #29 ExecutePlayerLoop(NativePlayerLoopSystem*)
 #30 PlayerLoop()
 #31 EditorPlayerLoop::Execute()
 #32 PlayerLoopController::InternalUpdateScene(bool, bool)
 #33 PlayerLoopController::UpdateSceneIfNeededFromMainLoop()
 #34 Application::TickTimer()
 #35 -[EditorApplication onEditorUpdatesTickTimer]
 #36 __NSFireTimer
 #37 __CFRUNLOOP_IS_CALLING_OUT_TO_A_TIMER_CALLBACK_FUNCTION__
 #38 __CFRunLoopDoTimer
 #39 __CFRunLoopDoTimers
 #40 __CFRunLoopRun
 #41 _CFRunLoopRunSpecificWithOptions
 #42 RunCurrentEventLoopInMode
 #43 ReceiveNextEventCommon
 #44 _BlockUntilNextEventMatchingListInMode
 #45 _DPSBlockUntilNextEventMatchingListInMode
 #46 _DPSNextEvent
 #47 -[NSApplication(NSEventRouting) _nextEventMatchingEventMask:untilDate:inMode:dequeue:]
 #48 -[NSApplication(NSEventRouting) nextEventMatchingMask:untilDate:inMode:dequeue:]
 #49 -[NSApplication run]
 #50 NSApplicationMain
 #51 EditorMain(int, char const**)
 #52 main
 #53 start

[StoneCompat] Unequip stone 6A23D653EE28AF84 from unsupported unit 8921F97300589009
 #0 PlatformStacktrace::GetStacktrace(int, StacktraceTypes::LRUCache<void*, StacktraceTypes::LRUValue>*)
 #1 DebugStringToFileExtended(DebugStringToFileData const&)
 #2 DebugLogHandler_CUSTOM_Internal_Log(LogType, LogOption, BindingsManagedSpan*, void*)
 #3  (Mono JIT Code) (wrapper managed-to-native) UnityEngine.DebugLogHandler:Internal_Log_Injected (UnityEngine.LogType,UnityEngine.LogOption,UnityEngine.Bindings.ManagedSpanWrapper&,intptr)
 #4  (Mono JIT Code) UnityEngine.DebugLogHandler:Internal_Log (UnityEngine.LogType,UnityEngine.LogOption,string,UnityEngine.Object)
 #5  (Mono JIT Code) [DebugLogHandler.cs:10] UnityEngine.DebugLogHandler:LogFormat (UnityEngine.LogType,UnityEngine.Object,string,object[])
 #6  (Mono JIT Code) [Logger.cs:61] UnityEngine.Logger:Log (UnityEngine.LogType,object)
 #7  (Mono JIT Code) [Debug.bindings.cs:216] UnityEngine.Debug:LogWarning (object)
 #8  (Mono JIT Code) [Stones.cs:155] dataAccess.Stones:SanitizeAgainstCurrentUnits ()
 #9  (Mono JIT Code) [Item.cs:107] PlayFabReadClient:OnGetUserInventory (PlayFab.ClientModels.GetUserInventoryResult,System.Action`1<bool>)
 #10  (Mono JIT Code) [Item.cs:23] PlayFabReadClient/<>c__DisplayClass18_0:<LoadItems>b__1 (PlayFab.ClientModels.GetUserInventoryResult)
 #11  (Mono JIT Code) [PlayFabHTTP.cs:219] PlayFab.Internal.PlayFabHttp/<>c__DisplayClass23_0`1<TResult_REF>:<_MakeApiCall>b__1 ()
 #12  (Mono JIT Code) [PlayFabUnityHttp.cs:244] PlayFab.Internal.PlayFabUnityHttp:OnResponse (string,PlayFab.Internal.CallRequestContainer)
 #13  (Mono JIT Code) [PlayFabUnityHttp.cs:197] PlayFab.Internal.PlayFabUnityHttp/<Post>d__12:MoveNext ()
 #14  (Mono JIT Code) [Coroutines.cs:17] UnityEngine.SetupCoroutine:InvokeMoveNext (System.Collections.IEnumerator,intptr)
 #15  (Mono JIT Code) (wrapper runtime-invoke) <Module>:runtime_invoke_void_object_intptr (object,intptr,intptr,intptr)
 #16 mono_jit_runtime_invoke
 #17 do_runtime_invoke
 #18 mono_runtime_invoke
 #19 scripting_method_invoke(ScriptingMethodPtr, ScriptingObjectPtr, ScriptingArguments&, ScriptingExceptionPtr*, bool)
 #20 ScriptingInvocation::Invoke(ScriptingExceptionPtr*, bool)
 #21 Coroutine::InvokeMoveNext(ScriptingExceptionPtr*)
 #22 Coroutine::Run(bool*)
 #23 AsyncOperation::InvokeCoroutine()
 #24 UnityWebRequestAsyncOperation::InvokeCoroutine()
 #25 UnityWebRequestProto<UnityWebRequestTransport, AtomicRefCounter, RedirectHelper, ResponseHelper, DownloadHandler, UploadHandler, CertificateHandler, HeaderHelper, AsyncOperation>::Job_InvokeCoroutine(AsyncOperation*)
 #26 BackgroundJobQueue::ExecuteMainThreadJobs()
 #27 InitPlayerLoopCallbacks()::EarlyUpdateExecuteMainThreadJobsRegistrator::Forward()
 #28 ExecutePlayerLoop(NativePlayerLoopSystem*)
 #29 ExecutePlayerLoop(NativePlayerLoopSystem*)
 #30 PlayerLoop()
 #31 EditorPlayerLoop::Execute()
 #32 PlayerLoopController::InternalUpdateScene(bool, bool)
 #33 PlayerLoopController::UpdateSceneIfNeededFromMainLoop()
 #34 Application::TickTimer()
 #35 -[EditorApplication onEditorUpdatesTickTimer]
 #36 __NSFireTimer
 #37 __CFRUNLOOP_IS_CALLING_OUT_TO_A_TIMER_CALLBACK_FUNCTION__
 #38 __CFRunLoopDoTimer
 #39 __CFRunLoopDoTimers
 #40 __CFRunLoopRun
 #41 _CFRunLoopRunSpecificWithOptions
 #42 RunCurrentEventLoopInMode
 #43 ReceiveNextEventCommon
 #44 _BlockUntilNextEventMatchingListInMode
 #45 _DPSBlockUntilNextEventMatchingListInMode
 #46 _DPSNextEvent
 #47 -[NSApplication(NSEventRouting) _nextEventMatchingEventMask:untilDate:inMode:dequeue:]
 #48 -[NSApplication(NSEventRouting) nextEventMatchingMask:untilDate:inMode:dequeue:]
 #49 -[NSApplication run]
 #50 NSApplicationMain
 #51 EditorMain(int, char const**)
 #52 main
 #53 start

[StoneCompat] Unequip stone E864C7E1E15BCE84 from unsupported unit 8921F97300589009
 #0 PlatformStacktrace::GetStacktrace(int, StacktraceTypes::LRUCache<void*, StacktraceTypes::LRUValue>*)
 #1 DebugStringToFileExtended(DebugStringToFileData const&)
 #2 DebugLogHandler_CUSTOM_Internal_Log(LogType, LogOption, BindingsManagedSpan*, void*)
 #3  (Mono JIT Code) (wrapper managed-to-native) UnityEngine.DebugLogHandler:Internal_Log_Injected (UnityEngine.LogType,UnityEngine.LogOption,UnityEngine.Bindings.ManagedSpanWrapper&,intptr)
 #4  (Mono JIT Code) UnityEngine.DebugLogHandler:Internal_Log (UnityEngine.LogType,UnityEngine.LogOption,string,UnityEngine.Object)
 #5  (Mono JIT Code) [DebugLogHandler.cs:10] UnityEngine.DebugLogHandler:LogFormat (UnityEngine.LogType,UnityEngine.Object,string,object[])
 #6  (Mono JIT Code) [Logger.cs:61] UnityEngine.Logger:Log (UnityEngine.LogType,object)
 #7  (Mono JIT Code) [Debug.bindings.cs:216] UnityEngine.Debug:LogWarning (object)
 #8  (Mono JIT Code) [Stones.cs:155] dataAccess.Stones:SanitizeAgainstCurrentUnits ()
 #9  (Mono JIT Code) [Item.cs:107] PlayFabReadClient:OnGetUserInventory (PlayFab.ClientModels.GetUserInventoryResult,System.Action`1<bool>)
 #10  (Mono JIT Code) [Item.cs:23] PlayFabReadClient/<>c__DisplayClass18_0:<LoadItems>b__1 (PlayFab.ClientModels.GetUserInventoryResult)
 #11  (Mono JIT Code) [PlayFabHTTP.cs:219] PlayFab.Internal.PlayFabHttp/<>c__DisplayClass23_0`1<TResult_REF>:<_MakeApiCall>b__1 ()
 #12  (Mono JIT Code) [PlayFabUnityHttp.cs:244] PlayFab.Internal.PlayFabUnityHttp:OnResponse (string,PlayFab.Internal.CallRequestContainer)
 #13  (Mono JIT Code) [PlayFabUnityHttp.cs:197] PlayFab.Internal.PlayFabUnityHttp/<Post>d__12:MoveNext ()
 #14  (Mono JIT Code) [Coroutines.cs:17] UnityEngine.SetupCoroutine:InvokeMoveNext (System.Collections.IEnumerator,intptr)
 #15  (Mono JIT Code) (wrapper runtime-invoke) <Module>:runtime_invoke_void_object_intptr (object,intptr,intptr,intptr)
 #16 mono_jit_runtime_invoke
 #17 do_runtime_invoke
 #18 mono_runtime_invoke
 #19 scripting_method_invoke(ScriptingMethodPtr, ScriptingObjectPtr, ScriptingArguments&, ScriptingExceptionPtr*, bool)
 #20 ScriptingInvocation::Invoke(ScriptingExceptionPtr*, bool)
 #21 Coroutine::InvokeMoveNext(ScriptingExceptionPtr*)
 #22 Coroutine::Run(bool*)
 #23 AsyncOperation::InvokeCoroutine()
 #24 UnityWebRequestAsyncOperation::InvokeCoroutine()
 #25 UnityWebRequestProto<UnityWebRequestTransport, AtomicRefCounter, RedirectHelper, ResponseHelper, DownloadHandler, UploadHandler, CertificateHandler, HeaderHelper, AsyncOperation>::Job_InvokeCoroutine(AsyncOperation*)
 #26 BackgroundJobQueue::ExecuteMainThreadJobs()
 #27 InitPlayerLoopCallbacks()::EarlyUpdateExecuteMainThreadJobsRegistrator::Forward()
 #28 ExecutePlayerLoop(NativePlayerLoopSystem*)
 #29 ExecutePlayerLoop(NativePlayerLoopSystem*)
 #30 PlayerLoop()
 #31 EditorPlayerLoop::Execute()
 #32 PlayerLoopController::InternalUpdateScene(bool, bool)
 #33 PlayerLoopController::UpdateSceneIfNeededFromMainLoop()
 #34 Application::TickTimer()
 #35 -[EditorApplication onEditorUpdatesTickTimer]
 #36 __NSFireTimer
 #37 __CFRUNLOOP_IS_CALLING_OUT_TO_A_TIMER_CALLBACK_FUNCTION__
 #38 __CFRunLoopDoTimer
 #39 __CFRunLoopDoTimers
 #40 __CFRunLoopRun
 #41 _CFRunLoopRunSpecificWithOptions
 #42 RunCurrentEventLoopInMode
 #43 ReceiveNextEventCommon
 #44 _BlockUntilNextEventMatchingListInMode
 #45 _DPSBlockUntilNextEventMatchingListInMode
 #46 _DPSNextEvent
 #47 -[NSApplication(NSEventRouting) _nextEventMatchingEventMask:untilDate:inMode:dequeue:]
 #48 -[NSApplication(NSEventRouting) nextEventMatchingMask:untilDate:inMode:dequeue:]
 #49 -[NSApplication run]
 #50 NSApplicationMain
 #51 EditorMain(int, char const**)
 #52 main
 #53 start

[StoneCompat] Unequip stone A0293118780B9011 from unsupported unit 8921F97300589009
 #0 PlatformStacktrace::GetStacktrace(int, StacktraceTypes::LRUCache<void*, StacktraceTypes::LRUValue>*)
 #1 DebugStringToFileExtended(DebugStringToFileData const&)
 #2 DebugLogHandler_CUSTOM_Internal_Log(LogType, LogOption, BindingsManagedSpan*, void*)
 #3  (Mono JIT Code) (wrapper managed-to-native) UnityEngine.DebugLogHandler:Internal_Log_Injected (UnityEngine.LogType,UnityEngine.LogOption,UnityEngine.Bindings.ManagedSpanWrapper&,intptr)
 #4  (Mono JIT Code) UnityEngine.DebugLogHandler:Internal_Log (UnityEngine.LogType,UnityEngine.LogOption,string,UnityEngine.Object)
 #5  (Mono JIT Code) [DebugLogHandler.cs:10] UnityEngine.DebugLogHandler:LogFormat (UnityEngine.LogType,UnityEngine.Object,string,object[])
 #6  (Mono JIT Code) [Logger.cs:61] UnityEngine.Logger:Log (UnityEngine.LogType,object)
 #7  (Mono JIT Code) [Debug.bindings.cs:216] UnityEngine.Debug:LogWarning (object)
 #8  (Mono JIT Code) [Stones.cs:155] dataAccess.Stones:SanitizeAgainstCurrentUnits ()
 #9  (Mono JIT Code) [Item.cs:107] PlayFabReadClient:OnGetUserInventory (PlayFab.ClientModels.GetUserInventoryResult,System.Action`1<bool>)
 #10  (Mono JIT Code) [Item.cs:23] PlayFabReadClient/<>c__DisplayClass18_0:<LoadItems>b__1 (PlayFab.ClientModels.GetUserInventoryResult)
 #11  (Mono JIT Code) [PlayFabHTTP.cs:219] PlayFab.Internal.PlayFabHttp/<>c__DisplayClass23_0`1<TResult_REF>:<_MakeApiCall>b__1 ()
 #12  (Mono JIT Code) [PlayFabUnityHttp.cs:244] PlayFab.Internal.PlayFabUnityHttp:OnResponse (string,PlayFab.Internal.CallRequestContainer)
 #13  (Mono JIT Code) [PlayFabUnityHttp.cs:197] PlayFab.Internal.PlayFabUnityHttp/<Post>d__12:MoveNext ()
 #14  (Mono JIT Code) [Coroutines.cs:17] UnityEngine.SetupCoroutine:InvokeMoveNext (System.Collections.IEnumerator,intptr)
 #15  (Mono JIT Code) (wrapper runtime-invoke) <Module>:runtime_invoke_void_object_intptr (object,intptr,intptr,intptr)
 #16 mono_jit_runtime_invoke
 #17 do_runtime_invoke
 #18 mono_runtime_invoke
 #19 scripting_method_invoke(ScriptingMethodPtr, ScriptingObjectPtr, ScriptingArguments&, ScriptingExceptionPtr*, bool)
 #20 ScriptingInvocation::Invoke(ScriptingExceptionPtr*, bool)
 #21 Coroutine::InvokeMoveNext(ScriptingExceptionPtr*)
 #22 Coroutine::Run(bool*)
 #23 AsyncOperation::InvokeCoroutine()
 #24 UnityWebRequestAsyncOperation::InvokeCoroutine()
 #25 UnityWebRequestProto<UnityWebRequestTransport, AtomicRefCounter, RedirectHelper, ResponseHelper, DownloadHandler, UploadHandler, CertificateHandler, HeaderHelper, AsyncOperation>::Job_InvokeCoroutine(AsyncOperation*)
 #26 BackgroundJobQueue::ExecuteMainThreadJobs()
 #27 InitPlayerLoopCallbacks()::EarlyUpdateExecuteMainThreadJobsRegistrator::Forward()
 #28 ExecutePlayerLoop(NativePlayerLoopSystem*)
 #29 ExecutePlayerLoop(NativePlayerLoopSystem*)
 #30 PlayerLoop()
 #31 EditorPlayerLoop::Execute()
 #32 PlayerLoopController::InternalUpdateScene(bool, bool)
 #33 PlayerLoopController::UpdateSceneIfNeededFromMainLoop()
 #34 Application::TickTimer()
 #35 -[EditorApplication onEditorUpdatesTickTimer]
 #36 __NSFireTimer
 #37 __CFRUNLOOP_IS_CALLING_OUT_TO_A_TIMER_CALLBACK_FUNCTION__
 #38 __CFRunLoopDoTimer
 #39 __CFRunLoopDoTimers
 #40 __CFRunLoopRun
 #41 _CFRunLoopRunSpecificWithOptions
 #42 RunCurrentEventLoopInMode
 #43 ReceiveNextEventCommon
 #44 _BlockUntilNextEventMatchingListInMode
 #45 _DPSBlockUntilNextEventMatchingListInMode
 #46 _DPSNextEvent
 #47 -[NSApplication(NSEventRouting) _nextEventMatchingEventMask:untilDate:inMode:dequeue:]
 #48 -[NSApplication(NSEventRouting) nextEventMatchingMask:untilDate:inMode:dequeue:]
 #49 -[NSApplication run]
 #50 NSApplicationMain
 #51 EditorMain(int, char const**)
 #52 main
 #53 start

[StoneCompat] Unequip stone CFEE8164FB4142F9 from unsupported unit 8921F97300589009
 #0 PlatformStacktrace::GetStacktrace(int, StacktraceTypes::LRUCache<void*, StacktraceTypes::LRUValue>*)
 #1 DebugStringToFileExtended(DebugStringToFileData const&)
 #2 DebugLogHandler_CUSTOM_Internal_Log(LogType, LogOption, BindingsManagedSpan*, void*)
 #3  (Mono JIT Code) (wrapper managed-to-native) UnityEngine.DebugLogHandler:Internal_Log_Injected (UnityEngine.LogType,UnityEngine.LogOption,UnityEngine.Bindings.ManagedSpanWrapper&,intptr)
 #4  (Mono JIT Code) UnityEngine.DebugLogHandler:Internal_Log (UnityEngine.LogType,UnityEngine.LogOption,string,UnityEngine.Object)
 #5  (Mono JIT Code) [DebugLogHandler.cs:10] UnityEngine.DebugLogHandler:LogFormat (UnityEngine.LogType,UnityEngine.Object,string,object[])
 #6  (Mono JIT Code) [Logger.cs:61] UnityEngine.Logger:Log (UnityEngine.LogType,object)
 #7  (Mono JIT Code) [Debug.bindings.cs:216] UnityEngine.Debug:LogWarning (object)
 #8  (Mono JIT Code) [Stones.cs:155] dataAccess.Stones:SanitizeAgainstCurrentUnits ()
 #9  (Mono JIT Code) [Item.cs:107] PlayFabReadClient:OnGetUserInventory (PlayFab.ClientModels.GetUserInventoryResult,System.Action`1<bool>)
 #10  (Mono JIT Code) [Item.cs:23] PlayFabReadClient/<>c__DisplayClass18_0:<LoadItems>b__1 (PlayFab.ClientModels.GetUserInventoryResult)
 #11  (Mono JIT Code) [PlayFabHTTP.cs:219] PlayFab.Internal.PlayFabHttp/<>c__DisplayClass23_0`1<TResult_REF>:<_MakeApiCall>b__1 ()
 #12  (Mono JIT Code) [PlayFabUnityHttp.cs:244] PlayFab.Internal.PlayFabUnityHttp:OnResponse (string,PlayFab.Internal.CallRequestContainer)
 #13  (Mono JIT Code) [PlayFabUnityHttp.cs:197] PlayFab.Internal.PlayFabUnityHttp/<Post>d__12:MoveNext ()
 #14  (Mono JIT Code) [Coroutines.cs:17] UnityEngine.SetupCoroutine:InvokeMoveNext (System.Collections.IEnumerator,intptr)
 #15  (Mono JIT Code) (wrapper runtime-invoke) <Module>:runtime_invoke_void_object_intptr (object,intptr,intptr,intptr)
 #16 mono_jit_runtime_invoke
 #17 do_runtime_invoke
 #18 mono_runtime_invoke
 #19 scripting_method_invoke(ScriptingMethodPtr, ScriptingObjectPtr, ScriptingArguments&, ScriptingExceptionPtr*, bool)
 #20 ScriptingInvocation::Invoke(ScriptingExceptionPtr*, bool)
 #21 Coroutine::InvokeMoveNext(ScriptingExceptionPtr*)
 #22 Coroutine::Run(bool*)
 #23 AsyncOperation::InvokeCoroutine()
 #24 UnityWebRequestAsyncOperation::InvokeCoroutine()
 #25 UnityWebRequestProto<UnityWebRequestTransport, AtomicRefCounter, RedirectHelper, ResponseHelper, DownloadHandler, UploadHandler, CertificateHandler, HeaderHelper, AsyncOperation>::Job_InvokeCoroutine(AsyncOperation*)
 #26 BackgroundJobQueue::ExecuteMainThreadJobs()
 #27 InitPlayerLoopCallbacks()::EarlyUpdateExecuteMainThreadJobsRegistrator::Forward()
 #28 ExecutePlayerLoop(NativePlayerLoopSystem*)
 #29 ExecutePlayerLoop(NativePlayerLoopSystem*)
 #30 PlayerLoop()
 #31 EditorPlayerLoop::Execute()
 #32 PlayerLoopController::InternalUpdateScene(bool, bool)
 #33 PlayerLoopController::UpdateSceneIfNeededFromMainLoop()
 #34 Application::TickTimer()
 #35 -[EditorApplication onEditorUpdatesTickTimer]
 #36 __NSFireTimer
 #37 __CFRUNLOOP_IS_CALLING_OUT_TO_A_TIMER_CALLBACK_FUNCTION__
 #38 __CFRunLoopDoTimer
 #39 __CFRunLoopDoTimers
 #40 __CFRunLoopRun
 #41 _CFRunLoopRunSpecificWithOptions
 #42 RunCurrentEventLoopInMode
 #43 ReceiveNextEventCommon
 #44 _BlockUntilNextEventMatchingListInMode
 #45 _DPSBlockUntilNextEventMatchingListInMode
 #46 _DPSNextEvent
 #47 -[NSApplication(NSEventRouting) _nextEventMatchingEventMask:untilDate:inMode:dequeue:]
 #48 -[NSApplication(NSEventRouting) nextEventMatchingMask:untilDate:inMode:dequeue:]
 #49 -[NSApplication run]
 #50 NSApplicationMain
 #51 EditorMain(int, char const**)
 #52 main
 #53 start

[StoneCompat] Unequip stone 28F4EDE878BC68E3 from unsupported unit 8921F97300589009
 #0 PlatformStacktrace::GetStacktrace(int, StacktraceTypes::LRUCache<void*, StacktraceTypes::LRUValue>*)
 #1 DebugStringToFileExtended(DebugStringToFileData const&)
 #2 DebugLogHandler_CUSTOM_Internal_Log(LogType, LogOption, BindingsManagedSpan*, void*)
 #3  (Mono JIT Code) (wrapper managed-to-native) UnityEngine.DebugLogHandler:Internal_Log_Injected (UnityEngine.LogType,UnityEngine.LogOption,UnityEngine.Bindings.ManagedSpanWrapper&,intptr)
 #4  (Mono JIT Code) UnityEngine.DebugLogHandler:Internal_Log (UnityEngine.LogType,UnityEngine.LogOption,string,UnityEngine.Object)
 #5  (Mono JIT Code) [DebugLogHandler.cs:10] UnityEngine.DebugLogHandler:LogFormat (UnityEngine.LogType,UnityEngine.Object,string,object[])
 #6  (Mono JIT Code) [Logger.cs:61] UnityEngine.Logger:Log (UnityEngine.LogType,object)
 #7  (Mono JIT Code) [Debug.bindings.cs:216] UnityEngine.Debug:LogWarning (object)
 #8  (Mono JIT Code) [Stones.cs:155] dataAccess.Stones:SanitizeAgainstCurrentUnits ()
 #9  (Mono JIT Code) [Item.cs:107] PlayFabReadClient:OnGetUserInventory (PlayFab.ClientModels.GetUserInventoryResult,System.Action`1<bool>)
 #10  (Mono JIT Code) [Item.cs:23] PlayFabReadClient/<>c__DisplayClass18_0:<LoadItems>b__1 (PlayFab.ClientModels.GetUserInventoryResult)
 #11  (Mono JIT Code) [PlayFabHTTP.cs:219] PlayFab.Internal.PlayFabHttp/<>c__DisplayClass23_0`1<TResult_REF>:<_MakeApiCall>b__1 ()
 #12  (Mono JIT Code) [PlayFabUnityHttp.cs:244] PlayFab.Internal.PlayFabUnityHttp:OnResponse (string,PlayFab.Internal.CallRequestContainer)
 #13  (Mono JIT Code) [PlayFabUnityHttp.cs:197] PlayFab.Internal.PlayFabUnityHttp/<Post>d__12:MoveNext ()
 #14  (Mono JIT Code) [Coroutines.cs:17] UnityEngine.SetupCoroutine:InvokeMoveNext (System.Collections.IEnumerator,intptr)
 #15  (Mono JIT Code) (wrapper runtime-invoke) <Module>:runtime_invoke_void_object_intptr (object,intptr,intptr,intptr)
 #16 mono_jit_runtime_invoke
 #17 do_runtime_invoke
 #18 mono_runtime_invoke
 #19 scripting_method_invoke(ScriptingMethodPtr, ScriptingObjectPtr, ScriptingArguments&, ScriptingExceptionPtr*, bool)
 #20 ScriptingInvocation::Invoke(ScriptingExceptionPtr*, bool)
 #21 Coroutine::InvokeMoveNext(ScriptingExceptionPtr*)
 #22 Coroutine::Run(bool*)
 #23 AsyncOperation::InvokeCoroutine()
 #24 UnityWebRequestAsyncOperation::InvokeCoroutine()
 #25 UnityWebRequestProto<UnityWebRequestTransport, AtomicRefCounter, RedirectHelper, ResponseHelper, DownloadHandler, UploadHandler, CertificateHandler, HeaderHelper, AsyncOperation>::Job_InvokeCoroutine(AsyncOperation*)
 #26 BackgroundJobQueue::ExecuteMainThreadJobs()
 #27 InitPlayerLoopCallbacks()::EarlyUpdateExecuteMainThreadJobsRegistrator::Forward()
 #28 ExecutePlayerLoop(NativePlayerLoopSystem*)
 #29 ExecutePlayerLoop(NativePlayerLoopSystem*)
 #30 PlayerLoop()
 #31 EditorPlayerLoop::Execute()
 #32 PlayerLoopController::InternalUpdateScene(bool, bool)
 #33 PlayerLoopController::UpdateSceneIfNeededFromMainLoop()
 #34 Application::TickTimer()
 #35 -[EditorApplication onEditorUpdatesTickTimer]
 #36 __NSFireTimer
 #37 __CFRUNLOOP_IS_CALLING_OUT_TO_A_TIMER_CALLBACK_FUNCTION__
 #38 __CFRunLoopDoTimer
 #39 __CFRunLoopDoTimers
 #40 __CFRunLoopRun
 #41 _CFRunLoopRunSpecificWithOptions
 #42 RunCurrentEventLoopInMode
 #43 ReceiveNextEventCommon
 #44 _BlockUntilNextEventMatchingListInMode
 #45 _DPSBlockUntilNextEventMatchingListInMode
 #46 _DPSNextEvent
 #47 -[NSApplication(NSEventRouting) _nextEventMatchingEventMask:untilDate:inMode:dequeue:]
 #48 -[NSApplication(NSEventRouting) nextEventMatchingMask:untilDate:inMode:dequeue:]
 #49 -[NSApplication run]
 #50 NSApplicationMain
 #51 EditorMain(int, char const**)
 #52 main
 #53 start

[StoneCompat] Unequip stone 122FBA05692C4F61 from unsupported unit 8921F97300589009
 #0 PlatformStacktrace::GetStacktrace(int, StacktraceTypes::LRUCache<void*, StacktraceTypes::LRUValue>*)
 #1 DebugStringToFileExtended(DebugStringToFileData const&)
 #2 DebugLogHandler_CUSTOM_Internal_Log(LogType, LogOption, BindingsManagedSpan*, void*)
 #3  (Mono JIT Code) (wrapper managed-to-native) UnityEngine.DebugLogHandler:Internal_Log_Injected (UnityEngine.LogType,UnityEngine.LogOption,UnityEngine.Bindings.ManagedSpanWrapper&,intptr)
 #4  (Mono JIT Code) UnityEngine.DebugLogHandler:Internal_Log (UnityEngine.LogType,UnityEngine.LogOption,string,UnityEngine.Object)
 #5  (Mono JIT Code) [DebugLogHandler.cs:10] UnityEngine.DebugLogHandler:LogFormat (UnityEngine.LogType,UnityEngine.Object,string,object[])
 #6  (Mono JIT Code) [Logger.cs:61] UnityEngine.Logger:Log (UnityEngine.LogType,object)
 #7  (Mono JIT Code) [Debug.bindings.cs:216] UnityEngine.Debug:LogWarning (object)
 #8  (Mono JIT Code) [Stones.cs:155] dataAccess.Stones:SanitizeAgainstCurrentUnits ()
 #9  (Mono JIT Code) [Item.cs:107] PlayFabReadClient:OnGetUserInventory (PlayFab.ClientModels.GetUserInventoryResult,System.Action`1<bool>)
 #10  (Mono JIT Code) [Item.cs:23] PlayFabReadClient/<>c__DisplayClass18_0:<LoadItems>b__1 (PlayFab.ClientModels.GetUserInventoryResult)
 #11  (Mono JIT Code) [PlayFabHTTP.cs:219] PlayFab.Internal.PlayFabHttp/<>c__DisplayClass23_0`1<TResult_REF>:<_MakeApiCall>b__1 ()
 #12  (Mono JIT Code) [PlayFabUnityHttp.cs:244] PlayFab.Internal.PlayFabUnityHttp:OnResponse (string,PlayFab.Internal.CallRequestContainer)
 #13  (Mono JIT Code) [PlayFabUnityHttp.cs:197] PlayFab.Internal.PlayFabUnityHttp/<Post>d__12:MoveNext ()
 #14  (Mono JIT Code) [Coroutines.cs:17] UnityEngine.SetupCoroutine:InvokeMoveNext (System.Collections.IEnumerator,intptr)
 #15  (Mono JIT Code) (wrapper runtime-invoke) <Module>:runtime_invoke_void_object_intptr (object,intptr,intptr,intptr)
 #16 mono_jit_runtime_invoke
 #17 do_runtime_invoke
 #18 mono_runtime_invoke
 #19 scripting_method_invoke(ScriptingMethodPtr, ScriptingObjectPtr, ScriptingArguments&, ScriptingExceptionPtr*, bool)
 #20 ScriptingInvocation::Invoke(ScriptingExceptionPtr*, bool)
 #21 Coroutine::InvokeMoveNext(ScriptingExceptionPtr*)
 #22 Coroutine::Run(bool*)
 #23 AsyncOperation::InvokeCoroutine()
 #24 UnityWebRequestAsyncOperation::InvokeCoroutine()
 #25 UnityWebRequestProto<UnityWebRequestTransport, AtomicRefCounter, RedirectHelper, ResponseHelper, DownloadHandler, UploadHandler, CertificateHandler, HeaderHelper, AsyncOperation>::Job_InvokeCoroutine(AsyncOperation*)
 #26 BackgroundJobQueue::ExecuteMainThreadJobs()
 #27 InitPlayerLoopCallbacks()::EarlyUpdateExecuteMainThreadJobsRegistrator::Forward()
 #28 ExecutePlayerLoop(NativePlayerLoopSystem*)
 #29 ExecutePlayerLoop(NativePlayerLoopSystem*)
 #30 PlayerLoop()
 #31 EditorPlayerLoop::Execute()
 #32 PlayerLoopController::InternalUpdateScene(bool, bool)
 #33 PlayerLoopController::UpdateSceneIfNeededFromMainLoop()
 #34 Application::TickTimer()
 #35 -[EditorApplication onEditorUpdatesTickTimer]
 #36 __NSFireTimer
 #37 __CFRUNLOOP_IS_CALLING_OUT_TO_A_TIMER_CALLBACK_FUNCTION__
 #38 __CFRunLoopDoTimer
 #39 __CFRunLoopDoTimers
 #40 __CFRunLoopRun
 #41 _CFRunLoopRunSpecificWithOptions
 #42 RunCurrentEventLoopInMode
 #43 ReceiveNextEventCommon
 #44 _BlockUntilNextEventMatchingListInMode
 #45 _DPSBlockUntilNextEventMatchingListInMode
 #46 _DPSNextEvent
 #47 -[NSApplication(NSEventRouting) _nextEventMatchingEventMask:untilDate:inMode:dequeue:]
 #48 -[NSApplication(NSEventRouting) nextEventMatchingMask:untilDate:inMode:dequeue:]
 #49 -[NSApplication run]
 #50 NSApplicationMain
 #51 EditorMain(int, char const**)
 #52 main
 #53 start

[StoneCompat] Unequip stone 3B1400BBD933411D from unsupported unit 8921F97300589009
 #0 PlatformStacktrace::GetStacktrace(int, StacktraceTypes::LRUCache<void*, StacktraceTypes::LRUValue>*)
 #1 DebugStringToFileExtended(DebugStringToFileData const&)
 #2 DebugLogHandler_CUSTOM_Internal_Log(LogType, LogOption, BindingsManagedSpan*, void*)
 #3  (Mono JIT Code) (wrapper managed-to-native) UnityEngine.DebugLogHandler:Internal_Log_Injected (UnityEngine.LogType,UnityEngine.LogOption,UnityEngine.Bindings.ManagedSpanWrapper&,intptr)
 #4  (Mono JIT Code) UnityEngine.DebugLogHandler:Internal_Log (UnityEngine.LogType,UnityEngine.LogOption,string,UnityEngine.Object)
 #5  (Mono JIT Code) [DebugLogHandler.cs:10] UnityEngine.DebugLogHandler:LogFormat (UnityEngine.LogType,UnityEngine.Object,string,object[])
 #6  (Mono JIT Code) [Logger.cs:61] UnityEngine.Logger:Log (UnityEngine.LogType,object)
 #7  (Mono JIT Code) [Debug.bindings.cs:216] UnityEngine.Debug:LogWarning (object)
 #8  (Mono JIT Code) [Stones.cs:155] dataAccess.Stones:SanitizeAgainstCurrentUnits ()
 #9  (Mono JIT Code) [Item.cs:107] PlayFabReadClient:OnGetUserInventory (PlayFab.ClientModels.GetUserInventoryResult,System.Action`1<bool>)
 #10  (Mono JIT Code) [Item.cs:23] PlayFabReadClient/<>c__DisplayClass18_0:<LoadItems>b__1 (PlayFab.ClientModels.GetUserInventoryResult)
 #11  (Mono JIT Code) [PlayFabHTTP.cs:219] PlayFab.Internal.PlayFabHttp/<>c__DisplayClass23_0`1<TResult_REF>:<_MakeApiCall>b__1 ()
 #12  (Mono JIT Code) [PlayFabUnityHttp.cs:244] PlayFab.Internal.PlayFabUnityHttp:OnResponse (string,PlayFab.Internal.CallRequestContainer)
 #13  (Mono JIT Code) [PlayFabUnityHttp.cs:197] PlayFab.Internal.PlayFabUnityHttp/<Post>d__12:MoveNext ()
 #14  (Mono JIT Code) [Coroutines.cs:17] UnityEngine.SetupCoroutine:InvokeMoveNext (System.Collections.IEnumerator,intptr)
 #15  (Mono JIT Code) (wrapper runtime-invoke) <Module>:runtime_invoke_void_object_intptr (object,intptr,intptr,intptr)
 #16 mono_jit_runtime_invoke
 #17 do_runtime_invoke
 #18 mono_runtime_invoke
 #19 scripting_method_invoke(ScriptingMethodPtr, ScriptingObjectPtr, ScriptingArguments&, ScriptingExceptionPtr*, bool)
 #20 ScriptingInvocation::Invoke(ScriptingExceptionPtr*, bool)
 #21 Coroutine::InvokeMoveNext(ScriptingExceptionPtr*)
 #22 Coroutine::Run(bool*)
 #23 AsyncOperation::InvokeCoroutine()
 #24 UnityWebRequestAsyncOperation::InvokeCoroutine()
 #25 UnityWebRequestProto<UnityWebRequestTransport, AtomicRefCounter, RedirectHelper, ResponseHelper, DownloadHandler, UploadHandler, CertificateHandler, HeaderHelper, AsyncOperation>::Job_InvokeCoroutine(AsyncOperation*)
 #26 BackgroundJobQueue::ExecuteMainThreadJobs()
 #27 InitPlayerLoopCallbacks()::EarlyUpdateExecuteMainThreadJobsRegistrator::Forward()
 #28 ExecutePlayerLoop(NativePlayerLoopSystem*)
 #29 ExecutePlayerLoop(NativePlayerLoopSystem*)
 #30 PlayerLoop()
 #31 EditorPlayerLoop::Execute()
 #32 PlayerLoopController::InternalUpdateScene(bool, bool)
 #33 PlayerLoopController::UpdateSceneIfNeededFromMainLoop()
 #34 Application::TickTimer()
 #35 -[EditorApplication onEditorUpdatesTickTimer]
 #36 __NSFireTimer
 #37 __CFRUNLOOP_IS_CALLING_OUT_TO_A_TIMER_CALLBACK_FUNCTION__
 #38 __CFRunLoopDoTimer
 #39 __CFRunLoopDoTimers
 #40 __CFRunLoopRun
 #41 _CFRunLoopRunSpecificWithOptions
 #42 RunCurrentEventLoopInMode
 #43 ReceiveNextEventCommon
 #44 _BlockUntilNextEventMatchingListInMode
 #45 _DPSBlockUntilNextEventMatchingListInMode
 #46 _DPSNextEvent
 #47 -[NSApplication(NSEventRouting) _nextEventMatchingEventMask:untilDate:inMode:dequeue:]
 #48 -[NSApplication(NSEventRouting) nextEventMatchingMask:untilDate:inMode:dequeue:]
 #49 -[NSApplication run]
 #50 NSApplicationMain
 #51 EditorMain(int, char const**)
 #52 main
 #53 start

Unloading 888 Unused Serialized files (Serialized files now loaded: 0)
UnloadTime: 16.101666 ms
Computing lightmaps is not available in play mode.
 #0 PlatformStacktrace::GetStacktrace(int, StacktraceTypes::LRUCache<void*, StacktraceTypes::LRUValue>*)
 #1 DebugStringToFile(DebugStringToFileData const&)
 #2 ComputeLightmaps(bool, UnityGUID const&)
 #3 ComputeLightmaps(bool)
 #4 LightingDataAssetManager_SceneLoadedAfterAwakeStatic(UnitySceneHandle, AwakeFromLoadQueue&, SceneLoadingMode)
 #5 LoadSceneOperation::CompleteAwakeSequence()
 #6 LoadSceneOperation::IntegrateMainThread()
 #7 PreloadManager::UpdatePreloadingSingleStep(PreloadManager::UpdatePreloadingFlags, int)
 #8 PreloadManager::UpdatePreloading()
 #9 InitPlayerLoopCallbacks()::EarlyUpdateUpdatePreloadingRegistrator::Forward()
 #10 ExecutePlayerLoop(NativePlayerLoopSystem*)
 #11 ExecutePlayerLoop(NativePlayerLoopSystem*)
 #12 PlayerLoop()
 #13 EditorPlayerLoop::Execute()
 #14 PlayerLoopController::InternalUpdateScene(bool, bool)
 #15 PlayerLoopController::UpdateSceneIfNeededFromMainLoop()
 #16 Application::TickTimer()
 #17 -[EditorApplication onEditorUpdatesTickTimer]
 #18 __NSFireTimer
 #19 __CFRUNLOOP_IS_CALLING_OUT_TO_A_TIMER_CALLBACK_FUNCTION__
 #20 __CFRunLoopDoTimer
 #21 __CFRunLoopDoTimers
 #22 __CFRunLoopRun
 #23 _CFRunLoopRunSpecificWithOptions
 #24 RunCurrentEventLoopInMode
 #25 ReceiveNextEventCommon
 #26 _BlockUntilNextEventMatchingListInMode
 #27 _DPSBlockUntilNextEventMatchingListInMode
 #28 _DPSNextEvent
 #29 -[NSApplication(NSEventRouting) _nextEventMatchingEventMask:untilDate:inMode:dequeue:]
 #30 -[NSApplication(NSEventRouting) nextEventMatchingMask:untilDate:inMode:dequeue:]
 #31 -[NSApplication run]
 #32 NSApplicationMain
 #33 EditorMain(int, char const**)
 #34 main
 #35 start

Loaded scene 'Assets/Scene/fight_scene/FightScene.unity'
	Deserialize:            22.934 ms
	Integration:            167.124 ms
	Integration of assets:  0.396 ms
	Thread Wait Time:       21.303 ms
	Total Operation Time:   211.758 ms
Unloading 33794 unused Assets / (180.3 MB). Loaded Objects now: 12809.
Memory consumption went from 1.80 GB to 1.62 GB.
Total: 47.462459 ms (FindLiveObjects: 0.802167 ms CreateObjectMapping: 5.636583 ms MarkObjects: 14.791083 ms  DeleteObjects: 26.232417 ms)

Product:diamond50
 #0 PlatformStacktrace::GetStacktrace(int, StacktraceTypes::LRUCache<void*, StacktraceTypes::LRUValue>*)
 #1 DebugStringToFileExtended(DebugStringToFileData const&)
 #2 DebugLogHandler_CUSTOM_Internal_Log(LogType, LogOption, BindingsManagedSpan*, void*)
 #3  (Mono JIT Code) (wrapper managed-to-native) UnityEngine.DebugLogHandler:Internal_Log_Injected (UnityEngine.LogType,UnityEngine.LogOption,UnityEngine.Bindings.ManagedSpanWrapper&,intptr)
 #4  (Mono JIT Code) UnityEngine.DebugLogHandler:Internal_Log (UnityEngine.LogType,UnityEngine.LogOption,string,UnityEngine.Object)
 #5  (Mono JIT Code) [DebugLogHandler.cs:10] UnityEngine.DebugLogHandler:LogFormat (UnityEngine.LogType,UnityEngine.Object,string,object[])
 #6  (Mono JIT Code) [Logger.cs:61] UnityEngine.Logger:Log (UnityEngine.LogType,object)
 #7  (Mono JIT Code) [Debug.bindings.cs:123] UnityEngine.Debug:Log (object)
 #8  (Mono JIT Code) [IAPManager.cs:158] IAPManager:InitializePurchasing ()
 #9  (Mono JIT Code) [IAPManager.cs:61] IAPManager:set_StoneProductCatalogInitialised (bool)
 #10  (Mono JIT Code) [IAPManager.cs:121] IAPManager:<RefreshIAPItems>b__24_2 (PlayFab.ClientModels.GetCatalogItemsResult)
 #11  (Mono JIT Code) [PlayFabHTTP.cs:219] PlayFab.Internal.PlayFabHttp/<>c__DisplayClass23_0`1<TResult_REF>:<_MakeApiCall>b__1 ()
 #12  (Mono JIT Code) [PlayFabUnityHttp.cs:244] PlayFab.Internal.PlayFabUnityHttp:OnResponse (string,PlayFab.Internal.CallRequestContainer)
 #13  (Mono JIT Code) [PlayFabUnityHttp.cs:197] PlayFab.Internal.PlayFabUnityHttp/<Post>d__12:MoveNext ()
 #14  (Mono JIT Code) [Coroutines.cs:17] UnityEngine.SetupCoroutine:InvokeMoveNext (System.Collections.IEnumerator,intptr)
 #15  (Mono JIT Code) (wrapper runtime-invoke) <Module>:runtime_invoke_void_object_intptr (object,intptr,intptr,intptr)
 #16 mono_jit_runtime_invoke
 #17 do_runtime_invoke
 #18 mono_runtime_invoke
 #19 scripting_method_invoke(ScriptingMethodPtr, ScriptingObjectPtr, ScriptingArguments&, ScriptingExceptionPtr*, bool)
 #20 ScriptingInvocation::Invoke(ScriptingExceptionPtr*, bool)
 #21 Coroutine::InvokeMoveNext(ScriptingExceptionPtr*)
 #22 Coroutine::Run(bool*)
 #23 AsyncOperation::InvokeCoroutine()
 #24 UnityWebRequestAsyncOperation::InvokeCoroutine()
 #25 UnityWebRequestProto<UnityWebRequestTransport, AtomicRefCounter, RedirectHelper, ResponseHelper, DownloadHandler, UploadHandler, CertificateHandler, HeaderHelper, AsyncOperation>::Job_InvokeCoroutine(AsyncOperation*)
 #26 BackgroundJobQueue::ExecuteMainThreadJobs()
 #27 InitPlayerLoopCallbacks()::EarlyUpdateExecuteMainThreadJobsRegistrator::Forward()
 #28 ExecutePlayerLoop(NativePlayerLoopSystem*)
 #29 ExecutePlayerLoop(NativePlayerLoopSystem*)
 #30 PlayerLoop()
 #31 EditorPlayerLoop::Execute()
 #32 PlayerLoopController::InternalUpdateScene(bool, bool)
 #33 PlayerLoopController::UpdateSceneIfNeededFromMainLoop()
 #34 Application::TickTimer()
 #35 -[EditorApplication onEditorUpdatesTickTimer]
 #36 __NSFireTimer
 #37 __CFRUNLOOP_IS_CALLING_OUT_TO_A_TIMER_CALLBACK_FUNCTION__
 #38 __CFRunLoopDoTimer
 #39 __CFRunLoopDoTimers
 #40 __CFRunLoopRun
 #41 _CFRunLoopRunSpecificWithOptions
 #42 RunCurrentEventLoopInMode
 #43 ReceiveNextEventCommon
 #44 _BlockUntilNextEventMatchingListInMode
 #45 _DPSBlockUntilNextEventMatchingListInMode
 #46 _DPSNextEvent
 #47 -[NSApplication(NSEventRouting) _nextEventMatchingEventMask:untilDate:inMode:dequeue:]
 #48 -[NSApplication(NSEventRouting) nextEventMatchingMask:untilDate:inMode:dequeue:]
 #49 -[NSApplication run]
 #50 NSApplicationMain
 #51 EditorMain(int, char const**)
 #52 main
 #53 start

Product:diamond250
 #0 PlatformStacktrace::GetStacktrace(int, StacktraceTypes::LRUCache<void*, StacktraceTypes::LRUValue>*)
 #1 DebugStringToFileExtended(DebugStringToFileData const&)
 #2 DebugLogHandler_CUSTOM_Internal_Log(LogType, LogOption, BindingsManagedSpan*, void*)
 #3  (Mono JIT Code) (wrapper managed-to-native) UnityEngine.DebugLogHandler:Internal_Log_Injected (UnityEngine.LogType,UnityEngine.LogOption,UnityEngine.Bindings.ManagedSpanWrapper&,intptr)
 #4  (Mono JIT Code) UnityEngine.DebugLogHandler:Internal_Log (UnityEngine.LogType,UnityEngine.LogOption,string,UnityEngine.Object)
 #5  (Mono JIT Code) [DebugLogHandler.cs:10] UnityEngine.DebugLogHandler:LogFormat (UnityEngine.LogType,UnityEngine.Object,string,object[])
 #6  (Mono JIT Code) [Logger.cs:61] UnityEngine.Logger:Log (UnityEngine.LogType,object)
 #7  (Mono JIT Code) [Debug.bindings.cs:123] UnityEngine.Debug:Log (object)
 #8  (Mono JIT Code) [IAPManager.cs:158] IAPManager:InitializePurchasing ()
 #9  (Mono JIT Code) [IAPManager.cs:61] IAPManager:set_StoneProductCatalogInitialised (bool)
 #10  (Mono JIT Code) [IAPManager.cs:121] IAPManager:<RefreshIAPItems>b__24_2 (PlayFab.ClientModels.GetCatalogItemsResult)
 #11  (Mono JIT Code) [PlayFabHTTP.cs:219] PlayFab.Internal.PlayFabHttp/<>c__DisplayClass23_0`1<TResult_REF>:<_MakeApiCall>b__1 ()
 #12  (Mono JIT Code) [PlayFabUnityHttp.cs:244] PlayFab.Internal.PlayFabUnityHttp:OnResponse (string,PlayFab.Internal.CallRequestContainer)
 #13  (Mono JIT Code) [PlayFabUnityHttp.cs:197] PlayFab.Internal.PlayFabUnityHttp/<Post>d__12:MoveNext ()
 #14  (Mono JIT Code) [Coroutines.cs:17] UnityEngine.SetupCoroutine:InvokeMoveNext (System.Collections.IEnumerator,intptr)
 #15  (Mono JIT Code) (wrapper runtime-invoke) <Module>:runtime_invoke_void_object_intptr (object,intptr,intptr,intptr)
 #16 mono_jit_runtime_invoke
 #17 do_runtime_invoke
 #18 mono_runtime_invoke
 #19 scripting_method_invoke(ScriptingMethodPtr, ScriptingObjectPtr, ScriptingArguments&, ScriptingExceptionPtr*, bool)
 #20 ScriptingInvocation::Invoke(ScriptingExceptionPtr*, bool)
 #21 Coroutine::InvokeMoveNext(ScriptingExceptionPtr*)
 #22 Coroutine::Run(bool*)
 #23 AsyncOperation::InvokeCoroutine()
 #24 UnityWebRequestAsyncOperation::InvokeCoroutine()
 #25 UnityWebRequestProto<UnityWebRequestTransport, AtomicRefCounter, RedirectHelper, ResponseHelper, DownloadHandler, UploadHandler, CertificateHandler, HeaderHelper, AsyncOperation>::Job_InvokeCoroutine(AsyncOperation*)
 #26 BackgroundJobQueue::ExecuteMainThreadJobs()
 #27 InitPlayerLoopCallbacks()::EarlyUpdateExecuteMainThreadJobsRegistrator::Forward()
 #28 ExecutePlayerLoop(NativePlayerLoopSystem*)
 #29 ExecutePlayerLoop(NativePlayerLoopSystem*)
 #30 PlayerLoop()
 #31 EditorPlayerLoop::Execute()
 #32 PlayerLoopController::InternalUpdateScene(bool, bool)
 #33 PlayerLoopController::UpdateSceneIfNeededFromMainLoop()
 #34 Application::TickTimer()
 #35 -[EditorApplication onEditorUpdatesTickTimer]
 #36 __NSFireTimer
 #37 __CFRUNLOOP_IS_CALLING_OUT_TO_A_TIMER_CALLBACK_FUNCTION__
 #38 __CFRunLoopDoTimer
 #39 __CFRunLoopDoTimers
 #40 __CFRunLoopRun
 #41 _CFRunLoopRunSpecificWithOptions
 #42 RunCurrentEventLoopInMode
 #43 ReceiveNextEventCommon
 #44 _BlockUntilNextEventMatchingListInMode
 #45 _DPSBlockUntilNextEventMatchingListInMode
 #46 _DPSNextEvent
 #47 -[NSApplication(NSEventRouting) _nextEventMatchingEventMask:untilDate:inMode:dequeue:]
 #48 -[NSApplication(NSEventRouting) nextEventMatchingMask:untilDate:inMode:dequeue:]
 #49 -[NSApplication run]
 #50 NSApplicationMain
 #51 EditorMain(int, char const**)
 #52 main
 #53 start

Product:diamond2500_2
 #0 PlatformStacktrace::GetStacktrace(int, StacktraceTypes::LRUCache<void*, StacktraceTypes::LRUValue>*)
 #1 DebugStringToFileExtended(DebugStringToFileData const&)
 #2 DebugLogHandler_CUSTOM_Internal_Log(LogType, LogOption, BindingsManagedSpan*, void*)
 #3  (Mono JIT Code) (wrapper managed-to-native) UnityEngine.DebugLogHandler:Internal_Log_Injected (UnityEngine.LogType,UnityEngine.LogOption,UnityEngine.Bindings.ManagedSpanWrapper&,intptr)
 #4  (Mono JIT Code) UnityEngine.DebugLogHandler:Internal_Log (UnityEngine.LogType,UnityEngine.LogOption,string,UnityEngine.Object)
 #5  (Mono JIT Code) [DebugLogHandler.cs:10] UnityEngine.DebugLogHandler:LogFormat (UnityEngine.LogType,UnityEngine.Object,string,object[])
 #6  (Mono JIT Code) [Logger.cs:61] UnityEngine.Logger:Log (UnityEngine.LogType,object)
 #7  (Mono JIT Code) [Debug.bindings.cs:123] UnityEngine.Debug:Log (object)
 #8  (Mono JIT Code) [IAPManager.cs:158] IAPManager:InitializePurchasing ()
 #9  (Mono JIT Code) [IAPManager.cs:61] IAPManager:set_StoneProductCatalogInitialised (bool)
 #10  (Mono JIT Code) [IAPManager.cs:121] IAPManager:<RefreshIAPItems>b__24_2 (PlayFab.ClientModels.GetCatalogItemsResult)
 #11  (Mono JIT Code) [PlayFabHTTP.cs:219] PlayFab.Internal.PlayFabHttp/<>c__DisplayClass23_0`1<TResult_REF>:<_MakeApiCall>b__1 ()
 #12  (Mono JIT Code) [PlayFabUnityHttp.cs:244] PlayFab.Internal.PlayFabUnityHttp:OnResponse (string,PlayFab.Internal.CallRequestContainer)
 #13  (Mono JIT Code) [PlayFabUnityHttp.cs:197] PlayFab.Internal.PlayFabUnityHttp/<Post>d__12:MoveNext ()
 #14  (Mono JIT Code) [Coroutines.cs:17] UnityEngine.SetupCoroutine:InvokeMoveNext (System.Collections.IEnumerator,intptr)
 #15  (Mono JIT Code) (wrapper runtime-invoke) <Module>:runtime_invoke_void_object_intptr (object,intptr,intptr,intptr)
 #16 mono_jit_runtime_invoke
 #17 do_runtime_invoke
 #18 mono_runtime_invoke
 #19 scripting_method_invoke(ScriptingMethodPtr, ScriptingObjectPtr, ScriptingArguments&, ScriptingExceptionPtr*, bool)
 #20 ScriptingInvocation::Invoke(ScriptingExceptionPtr*, bool)
 #21 Coroutine::InvokeMoveNext(ScriptingExceptionPtr*)
 #22 Coroutine::Run(bool*)
 #23 AsyncOperation::InvokeCoroutine()
 #24 UnityWebRequestAsyncOperation::InvokeCoroutine()
 #25 UnityWebRequestProto<UnityWebRequestTransport, AtomicRefCounter, RedirectHelper, ResponseHelper, DownloadHandler, UploadHandler, CertificateHandler, HeaderHelper, AsyncOperation>::Job_InvokeCoroutine(AsyncOperation*)
 #26 BackgroundJobQueue::ExecuteMainThreadJobs()
 #27 InitPlayerLoopCallbacks()::EarlyUpdateExecuteMainThreadJobsRegistrator::Forward()
 #28 ExecutePlayerLoop(NativePlayerLoopSystem*)
 #29 ExecutePlayerLoop(NativePlayerLoopSystem*)
 #30 PlayerLoop()
 #31 EditorPlayerLoop::Execute()
 #32 PlayerLoopController::InternalUpdateScene(bool, bool)
 #33 PlayerLoopController::UpdateSceneIfNeededFromMainLoop()
 #34 Application::TickTimer()
 #35 -[EditorApplication onEditorUpdatesTickTimer]
 #36 __NSFireTimer
 #37 __CFRUNLOOP_IS_CALLING_OUT_TO_A_TIMER_CALLBACK_FUNCTION__
 #38 __CFRunLoopDoTimer
 #39 __CFRunLoopDoTimers
 #40 __CFRunLoopRun
 #41 _CFRunLoopRunSpecificWithOptions
 #42 RunCurrentEventLoopInMode
 #43 ReceiveNextEventCommon
 #44 _BlockUntilNextEventMatchingListInMode
 #45 _DPSBlockUntilNextEventMatchingListInMode
 #46 _DPSNextEvent
 #47 -[NSApplication(NSEventRouting) _nextEventMatchingEventMask:untilDate:inMode:dequeue:]
 #48 -[NSApplication(NSEventRouting) nextEventMatchingMask:untilDate:inMode:dequeue:]
 #49 -[NSApplication run]
 #50 NSApplicationMain
 #51 EditorMain(int, char const**)
 #52 main
 #53 start

Product:diamond1000_2
 #0 PlatformStacktrace::GetStacktrace(int, StacktraceTypes::LRUCache<void*, StacktraceTypes::LRUValue>*)
 #1 DebugStringToFileExtended(DebugStringToFileData const&)
 #2 DebugLogHandler_CUSTOM_Internal_Log(LogType, LogOption, BindingsManagedSpan*, void*)
 #3  (Mono JIT Code) (wrapper managed-to-native) UnityEngine.DebugLogHandler:Internal_Log_Injected (UnityEngine.LogType,UnityEngine.LogOption,UnityEngine.Bindings.ManagedSpanWrapper&,intptr)
 #4  (Mono JIT Code) UnityEngine.DebugLogHandler:Internal_Log (UnityEngine.LogType,UnityEngine.LogOption,string,UnityEngine.Object)
 #5  (Mono JIT Code) [DebugLogHandler.cs:10] UnityEngine.DebugLogHandler:LogFormat (UnityEngine.LogType,UnityEngine.Object,string,object[])
 #6  (Mono JIT Code) [Logger.cs:61] UnityEngine.Logger:Log (UnityEngine.LogType,object)
 #7  (Mono JIT Code) [Debug.bindings.cs:123] UnityEngine.Debug:Log (object)
 #8  (Mono JIT Code) [IAPManager.cs:158] IAPManager:InitializePurchasing ()
 #9  (Mono JIT Code) [IAPManager.cs:61] IAPManager:set_StoneProductCatalogInitialised (bool)
 #10  (Mono JIT Code) [IAPManager.cs:121] IAPManager:<RefreshIAPItems>b__24_2 (PlayFab.ClientModels.GetCatalogItemsResult)
 #11  (Mono JIT Code) [PlayFabHTTP.cs:219] PlayFab.Internal.PlayFabHttp/<>c__DisplayClass23_0`1<TResult_REF>:<_MakeApiCall>b__1 ()
 #12  (Mono JIT Code) [PlayFabUnityHttp.cs:244] PlayFab.Internal.PlayFabUnityHttp:OnResponse (string,PlayFab.Internal.CallRequestContainer)
 #13  (Mono JIT Code) [PlayFabUnityHttp.cs:197] PlayFab.Internal.PlayFabUnityHttp/<Post>d__12:MoveNext ()
 #14  (Mono JIT Code) [Coroutines.cs:17] UnityEngine.SetupCoroutine:InvokeMoveNext (System.Collections.IEnumerator,intptr)
 #15  (Mono JIT Code) (wrapper runtime-invoke) <Module>:runtime_invoke_void_object_intptr (object,intptr,intptr,intptr)
 #16 mono_jit_runtime_invoke
 #17 do_runtime_invoke
 #18 mono_runtime_invoke
 #19 scripting_method_invoke(ScriptingMethodPtr, ScriptingObjectPtr, ScriptingArguments&, ScriptingExceptionPtr*, bool)
 #20 ScriptingInvocation::Invoke(ScriptingExceptionPtr*, bool)
 #21 Coroutine::InvokeMoveNext(ScriptingExceptionPtr*)
 #22 Coroutine::Run(bool*)
 #23 AsyncOperation::InvokeCoroutine()
 #24 UnityWebRequestAsyncOperation::InvokeCoroutine()
 #25 UnityWebRequestProto<UnityWebRequestTransport, AtomicRefCounter, RedirectHelper, ResponseHelper, DownloadHandler, UploadHandler, CertificateHandler, HeaderHelper, AsyncOperation>::Job_InvokeCoroutine(AsyncOperation*)
 #26 BackgroundJobQueue::ExecuteMainThreadJobs()
 #27 InitPlayerLoopCallbacks()::EarlyUpdateExecuteMainThreadJobsRegistrator::Forward()
 #28 ExecutePlayerLoop(NativePlayerLoopSystem*)
 #29 ExecutePlayerLoop(NativePlayerLoopSystem*)
 #30 PlayerLoop()
 #31 EditorPlayerLoop::Execute()
 #32 PlayerLoopController::InternalUpdateScene(bool, bool)
 #33 PlayerLoopController::UpdateSceneIfNeededFromMainLoop()
 #34 Application::TickTimer()
 #35 -[EditorApplication onEditorUpdatesTickTimer]
 #36 __NSFireTimer
 #37 __CFRUNLOOP_IS_CALLING_OUT_TO_A_TIMER_CALLBACK_FUNCTION__
 #38 __CFRunLoopDoTimer
 #39 __CFRunLoopDoTimers
 #40 __CFRunLoopRun
 #41 _CFRunLoopRunSpecificWithOptions
 #42 RunCurrentEventLoopInMode
 #43 ReceiveNextEventCommon
 #44 _BlockUntilNextEventMatchingListInMode
 #45 _DPSBlockUntilNextEventMatchingListInMode
 #46 _DPSNextEvent
 #47 -[NSApplication(NSEventRouting) _nextEventMatchingEventMask:untilDate:inMode:dequeue:]
 #48 -[NSApplication(NSEventRouting) nextEventMatchingMask:untilDate:inMode:dequeue:]
 #49 -[NSApplication run]
 #50 NSApplicationMain
 #51 EditorMain(int, char const**)
 #52 main
 #53 start

Product:timelimitbundle
 #0 PlatformStacktrace::GetStacktrace(int, StacktraceTypes::LRUCache<void*, StacktraceTypes::LRUValue>*)
 #1 DebugStringToFileExtended(DebugStringToFileData const&)
 #2 DebugLogHandler_CUSTOM_Internal_Log(LogType, LogOption, BindingsManagedSpan*, void*)
 #3  (Mono JIT Code) (wrapper managed-to-native) UnityEngine.DebugLogHandler:Internal_Log_Injected (UnityEngine.LogType,UnityEngine.LogOption,UnityEngine.Bindings.ManagedSpanWrapper&,intptr)
 #4  (Mono JIT Code) UnityEngine.DebugLogHandler:Internal_Log (UnityEngine.LogType,UnityEngine.LogOption,string,UnityEngine.Object)
 #5  (Mono JIT Code) [DebugLogHandler.cs:10] UnityEngine.DebugLogHandler:LogFormat (UnityEngine.LogType,UnityEngine.Object,string,object[])
 #6  (Mono JIT Code) [Logger.cs:61] UnityEngine.Logger:Log (UnityEngine.LogType,object)
 #7  (Mono JIT Code) [Debug.bindings.cs:123] UnityEngine.Debug:Log (object)
 #8  (Mono JIT Code) [IAPManager.cs:158] IAPManager:InitializePurchasing ()
 #9  (Mono JIT Code) [IAPManager.cs:61] IAPManager:set_StoneProductCatalogInitialised (bool)
 #10  (Mono JIT Code) [IAPManager.cs:121] IAPManager:<RefreshIAPItems>b__24_2 (PlayFab.ClientModels.GetCatalogItemsResult)
 #11  (Mono JIT Code) [PlayFabHTTP.cs:219] PlayFab.Internal.PlayFabHttp/<>c__DisplayClass23_0`1<TResult_REF>:<_MakeApiCall>b__1 ()
 #12  (Mono JIT Code) [PlayFabUnityHttp.cs:244] PlayFab.Internal.PlayFabUnityHttp:OnResponse (string,PlayFab.Internal.CallRequestContainer)
 #13  (Mono JIT Code) [PlayFabUnityHttp.cs:197] PlayFab.Internal.PlayFabUnityHttp/<Post>d__12:MoveNext ()
 #14  (Mono JIT Code) [Coroutines.cs:17] UnityEngine.SetupCoroutine:InvokeMoveNext (System.Collections.IEnumerator,intptr)
 #15  (Mono JIT Code) (wrapper runtime-invoke) <Module>:runtime_invoke_void_object_intptr (object,intptr,intptr,intptr)
 #16 mono_jit_runtime_invoke
 #17 do_runtime_invoke
 #18 mono_runtime_invoke
 #19 scripting_method_invoke(ScriptingMethodPtr, ScriptingObjectPtr, ScriptingArguments&, ScriptingExceptionPtr*, bool)
 #20 ScriptingInvocation::Invoke(ScriptingExceptionPtr*, bool)
 #21 Coroutine::InvokeMoveNext(ScriptingExceptionPtr*)
 #22 Coroutine::Run(bool*)
 #23 AsyncOperation::InvokeCoroutine()
 #24 UnityWebRequestAsyncOperation::InvokeCoroutine()
 #25 UnityWebRequestProto<UnityWebRequestTransport, AtomicRefCounter, RedirectHelper, ResponseHelper, DownloadHandler, UploadHandler, CertificateHandler, HeaderHelper, AsyncOperation>::Job_InvokeCoroutine(AsyncOperation*)
 #26 BackgroundJobQueue::ExecuteMainThreadJobs()
 #27 InitPlayerLoopCallbacks()::EarlyUpdateExecuteMainThreadJobsRegistrator::Forward()
 #28 ExecutePlayerLoop(NativePlayerLoopSystem*)
 #29 ExecutePlayerLoop(NativePlayerLoopSystem*)
 #30 PlayerLoop()
 #31 EditorPlayerLoop::Execute()
 #32 PlayerLoopController::InternalUpdateScene(bool, bool)
 #33 PlayerLoopController::UpdateSceneIfNeededFromMainLoop()
 #34 Application::TickTimer()
 #35 -[EditorApplication onEditorUpdatesTickTimer]
 #36 __NSFireTimer
 #37 __CFRUNLOOP_IS_CALLING_OUT_TO_A_TIMER_CALLBACK_FUNCTION__
 #38 __CFRunLoopDoTimer
 #39 __CFRunLoopDoTimers
 #40 __CFRunLoopRun
 #41 _CFRunLoopRunSpecificWithOptions
 #42 RunCurrentEventLoopInMode
 #43 ReceiveNextEventCommon
 #44 _BlockUntilNextEventMatchingListInMode
 #45 _DPSBlockUntilNextEventMatchingListInMode
 #46 _DPSNextEvent
 #47 -[NSApplication(NSEventRouting) _nextEventMatchingEventMask:untilDate:inMode:dequeue:]
 #48 -[NSApplication(NSEventRouting) nextEventMatchingMask:untilDate:inMode:dequeue:]
 #49 -[NSApplication run]
 #50 NSApplicationMain
 #51 EditorMain(int, char const**)
 #52 main
 #53 start

Product:timelimitbundle_v
 #0 PlatformStacktrace::GetStacktrace(int, StacktraceTypes::LRUCache<void*, StacktraceTypes::LRUValue>*)
 #1 DebugStringToFileExtended(DebugStringToFileData const&)
 #2 DebugLogHandler_CUSTOM_Internal_Log(LogType, LogOption, BindingsManagedSpan*, void*)
 #3  (Mono JIT Code) (wrapper managed-to-native) UnityEngine.DebugLogHandler:Internal_Log_Injected (UnityEngine.LogType,UnityEngine.LogOption,UnityEngine.Bindings.ManagedSpanWrapper&,intptr)
 #4  (Mono JIT Code) UnityEngine.DebugLogHandler:Internal_Log (UnityEngine.LogType,UnityEngine.LogOption,string,UnityEngine.Object)
 #5  (Mono JIT Code) [DebugLogHandler.cs:10] UnityEngine.DebugLogHandler:LogFormat (UnityEngine.LogType,UnityEngine.Object,string,object[])
 #6  (Mono JIT Code) [Logger.cs:61] UnityEngine.Logger:Log (UnityEngine.LogType,object)
 #7  (Mono JIT Code) [Debug.bindings.cs:123] UnityEngine.Debug:Log (object)
 #8  (Mono JIT Code) [IAPManager.cs:158] IAPManager:InitializePurchasing ()
 #9  (Mono JIT Code) [IAPManager.cs:61] IAPManager:set_StoneProductCatalogInitialised (bool)
 #10  (Mono JIT Code) [IAPManager.cs:121] IAPManager:<RefreshIAPItems>b__24_2 (PlayFab.ClientModels.GetCatalogItemsResult)
 #11  (Mono JIT Code) [PlayFabHTTP.cs:219] PlayFab.Internal.PlayFabHttp/<>c__DisplayClass23_0`1<TResult_REF>:<_MakeApiCall>b__1 ()
 #12  (Mono JIT Code) [PlayFabUnityHttp.cs:244] PlayFab.Internal.PlayFabUnityHttp:OnResponse (string,PlayFab.Internal.CallRequestContainer)
 #13  (Mono JIT Code) [PlayFabUnityHttp.cs:197] PlayFab.Internal.PlayFabUnityHttp/<Post>d__12:MoveNext ()
 #14  (Mono JIT Code) [Coroutines.cs:17] UnityEngine.SetupCoroutine:InvokeMoveNext (System.Collections.IEnumerator,intptr)
 #15  (Mono JIT Code) (wrapper runtime-invoke) <Module>:runtime_invoke_void_object_intptr (object,intptr,intptr,intptr)
 #16 mono_jit_runtime_invoke
 #17 do_runtime_invoke
 #18 mono_runtime_invoke
 #19 scripting_method_invoke(ScriptingMethodPtr, ScriptingObjectPtr, ScriptingArguments&, ScriptingExceptionPtr*, bool)
 #20 ScriptingInvocation::Invoke(ScriptingExceptionPtr*, bool)
 #21 Coroutine::InvokeMoveNext(ScriptingExceptionPtr*)
 #22 Coroutine::Run(bool*)
 #23 AsyncOperation::InvokeCoroutine()
 #24 UnityWebRequestAsyncOperation::InvokeCoroutine()
 #25 UnityWebRequestProto<UnityWebRequestTransport, AtomicRefCounter, RedirectHelper, ResponseHelper, DownloadHandler, UploadHandler, CertificateHandler, HeaderHelper, AsyncOperation>::Job_InvokeCoroutine(AsyncOperation*)
 #26 BackgroundJobQueue::ExecuteMainThreadJobs()
 #27 InitPlayerLoopCallbacks()::EarlyUpdateExecuteMainThreadJobsRegistrator::Forward()
 #28 ExecutePlayerLoop(NativePlayerLoopSystem*)
 #29 ExecutePlayerLoop(NativePlayerLoopSystem*)
 #30 PlayerLoop()
 #31 EditorPlayerLoop::Execute()
 #32 PlayerLoopController::InternalUpdateScene(bool, bool)
 #33 PlayerLoopController::UpdateSceneIfNeededFromMainLoop()
 #34 Application::TickTimer()
 #35 -[EditorApplication onEditorUpdatesTickTimer]
 #36 __NSFireTimer
 #37 __CFRUNLOOP_IS_CALLING_OUT_TO_A_TIMER_CALLBACK_FUNCTION__
 #38 __CFRunLoopDoTimer
 #39 __CFRunLoopDoTimers
 #40 __CFRunLoopRun
 #41 _CFRunLoopRunSpecificWithOptions
 #42 RunCurrentEventLoopInMode
 #43 ReceiveNextEventCommon
 #44 _BlockUntilNextEventMatchingListInMode
 #45 _DPSBlockUntilNextEventMatchingListInMode
 #46 _DPSNextEvent
 #47 -[NSApplication(NSEventRouting) _nextEventMatchingEventMask:untilDate:inMode:dequeue:]
 #48 -[NSApplication(NSEventRouting) nextEventMatchingMask:untilDate:inMode:dequeue:]
 #49 -[NSApplication run]
 #50 NSApplicationMain
 #51 EditorMain(int, char const**)
 #52 main
 #53 start

Product:diamond1000_v
 #0 PlatformStacktrace::GetStacktrace(int, StacktraceTypes::LRUCache<void*, StacktraceTypes::LRUValue>*)
 #1 DebugStringToFileExtended(DebugStringToFileData const&)
 #2 DebugLogHandler_CUSTOM_Internal_Log(LogType, LogOption, BindingsManagedSpan*, void*)
 #3  (Mono JIT Code) (wrapper managed-to-native) UnityEngine.DebugLogHandler:Internal_Log_Injected (UnityEngine.LogType,UnityEngine.LogOption,UnityEngine.Bindings.ManagedSpanWrapper&,intptr)
 #4  (Mono JIT Code) UnityEngine.DebugLogHandler:Internal_Log (UnityEngine.LogType,UnityEngine.LogOption,string,UnityEngine.Object)
 #5  (Mono JIT Code) [DebugLogHandler.cs:10] UnityEngine.DebugLogHandler:LogFormat (UnityEngine.LogType,UnityEngine.Object,string,object[])
 #6  (Mono JIT Code) [Logger.cs:61] UnityEngine.Logger:Log (UnityEngine.LogType,object)
 #7  (Mono JIT Code) [Debug.bindings.cs:123] UnityEngine.Debug:Log (object)
 #8  (Mono JIT Code) [IAPManager.cs:158] IAPManager:InitializePurchasing ()
 #9  (Mono JIT Code) [IAPManager.cs:61] IAPManager:set_StoneProductCatalogInitialised (bool)
 #10  (Mono JIT Code) [IAPManager.cs:121] IAPManager:<RefreshIAPItems>b__24_2 (PlayFab.ClientModels.GetCatalogItemsResult)
 #11  (Mono JIT Code) [PlayFabHTTP.cs:219] PlayFab.Internal.PlayFabHttp/<>c__DisplayClass23_0`1<TResult_REF>:<_MakeApiCall>b__1 ()
 #12  (Mono JIT Code) [PlayFabUnityHttp.cs:244] PlayFab.Internal.PlayFabUnityHttp:OnResponse (string,PlayFab.Internal.CallRequestContainer)
 #13  (Mono JIT Code) [PlayFabUnityHttp.cs:197] PlayFab.Internal.PlayFabUnityHttp/<Post>d__12:MoveNext ()
 #14  (Mono JIT Code) [Coroutines.cs:17] UnityEngine.SetupCoroutine:InvokeMoveNext (System.Collections.IEnumerator,intptr)
 #15  (Mono JIT Code) (wrapper runtime-invoke) <Module>:runtime_invoke_void_object_intptr (object,intptr,intptr,intptr)
 #16 mono_jit_runtime_invoke
 #17 do_runtime_invoke
 #18 mono_runtime_invoke
 #19 scripting_method_invoke(ScriptingMethodPtr, ScriptingObjectPtr, ScriptingArguments&, ScriptingExceptionPtr*, bool)
 #20 ScriptingInvocation::Invoke(ScriptingExceptionPtr*, bool)
 #21 Coroutine::InvokeMoveNext(ScriptingExceptionPtr*)
 #22 Coroutine::Run(bool*)
 #23 AsyncOperation::InvokeCoroutine()
 #24 UnityWebRequestAsyncOperation::InvokeCoroutine()
 #25 UnityWebRequestProto<UnityWebRequestTransport, AtomicRefCounter, RedirectHelper, ResponseHelper, DownloadHandler, UploadHandler, CertificateHandler, HeaderHelper, AsyncOperation>::Job_InvokeCoroutine(AsyncOperation*)
 #26 BackgroundJobQueue::ExecuteMainThreadJobs()
 #27 InitPlayerLoopCallbacks()::EarlyUpdateExecuteMainThreadJobsRegistrator::Forward()
 #28 ExecutePlayerLoop(NativePlayerLoopSystem*)
 #29 ExecutePlayerLoop(NativePlayerLoopSystem*)
 #30 PlayerLoop()
 #31 EditorPlayerLoop::Execute()
 #32 PlayerLoopController::InternalUpdateScene(bool, bool)
 #33 PlayerLoopController::UpdateSceneIfNeededFromMainLoop()
 #34 Application::TickTimer()
 #35 -[EditorApplication onEditorUpdatesTickTimer]
 #36 __NSFireTimer
 #37 __CFRUNLOOP_IS_CALLING_OUT_TO_A_TIMER_CALLBACK_FUNCTION__
 #38 __CFRunLoopDoTimer
 #39 __CFRunLoopDoTimers
 #40 __CFRunLoopRun
 #41 _CFRunLoopRunSpecificWithOptions
 #42 RunCurrentEventLoopInMode
 #43 ReceiveNextEventCommon
 #44 _BlockUntilNextEventMatchingListInMode
 #45 _DPSBlockUntilNextEventMatchingListInMode
 #46 _DPSNextEvent
 #47 -[NSApplication(NSEventRouting) _nextEventMatchingEventMask:untilDate:inMode:dequeue:]
 #48 -[NSApplication(NSEventRouting) nextEventMatchingMask:untilDate:inMode:dequeue:]
 #49 -[NSApplication run]
 #50 NSApplicationMain
 #51 EditorMain(int, char const**)
 #52 main
 #53 start

Product:diamond250_v
 #0 PlatformStacktrace::GetStacktrace(int, StacktraceTypes::LRUCache<void*, StacktraceTypes::LRUValue>*)
 #1 DebugStringToFileExtended(DebugStringToFileData const&)
 #2 DebugLogHandler_CUSTOM_Internal_Log(LogType, LogOption, BindingsManagedSpan*, void*)
 #3  (Mono JIT Code) (wrapper managed-to-native) UnityEngine.DebugLogHandler:Internal_Log_Injected (UnityEngine.LogType,UnityEngine.LogOption,UnityEngine.Bindings.ManagedSpanWrapper&,intptr)
 #4  (Mono JIT Code) UnityEngine.DebugLogHandler:Internal_Log (UnityEngine.LogType,UnityEngine.LogOption,string,UnityEngine.Object)
 #5  (Mono JIT Code) [DebugLogHandler.cs:10] UnityEngine.DebugLogHandler:LogFormat (UnityEngine.LogType,UnityEngine.Object,string,object[])
 #6  (Mono JIT Code) [Logger.cs:61] UnityEngine.Logger:Log (UnityEngine.LogType,object)
 #7  (Mono JIT Code) [Debug.bindings.cs:123] UnityEngine.Debug:Log (object)
 #8  (Mono JIT Code) [IAPManager.cs:158] IAPManager:InitializePurchasing ()
 #9  (Mono JIT Code) [IAPManager.cs:61] IAPManager:set_StoneProductCatalogInitialised (bool)
 #10  (Mono JIT Code) [IAPManager.cs:121] IAPManager:<RefreshIAPItems>b__24_2 (PlayFab.ClientModels.GetCatalogItemsResult)
 #11  (Mono JIT Code) [PlayFabHTTP.cs:219] PlayFab.Internal.PlayFabHttp/<>c__DisplayClass23_0`1<TResult_REF>:<_MakeApiCall>b__1 ()
 #12  (Mono JIT Code) [PlayFabUnityHttp.cs:244] PlayFab.Internal.PlayFabUnityHttp:OnResponse (string,PlayFab.Internal.CallRequestContainer)
 #13  (Mono JIT Code) [PlayFabUnityHttp.cs:197] PlayFab.Internal.PlayFabUnityHttp/<Post>d__12:MoveNext ()
 #14  (Mono JIT Code) [Coroutines.cs:17] UnityEngine.SetupCoroutine:InvokeMoveNext (System.Collections.IEnumerator,intptr)
 #15  (Mono JIT Code) (wrapper runtime-invoke) <Module>:runtime_invoke_void_object_intptr (object,intptr,intptr,intptr)
 #16 mono_jit_runtime_invoke
 #17 do_runtime_invoke
 #18 mono_runtime_invoke
 #19 scripting_method_invoke(ScriptingMethodPtr, ScriptingObjectPtr, ScriptingArguments&, ScriptingExceptionPtr*, bool)
 #20 ScriptingInvocation::Invoke(ScriptingExceptionPtr*, bool)
 #21 Coroutine::InvokeMoveNext(ScriptingExceptionPtr*)
 #22 Coroutine::Run(bool*)
 #23 AsyncOperation::InvokeCoroutine()
 #24 UnityWebRequestAsyncOperation::InvokeCoroutine()
 #25 UnityWebRequestProto<UnityWebRequestTransport, AtomicRefCounter, RedirectHelper, ResponseHelper, DownloadHandler, UploadHandler, CertificateHandler, HeaderHelper, AsyncOperation>::Job_InvokeCoroutine(AsyncOperation*)
 #26 BackgroundJobQueue::ExecuteMainThreadJobs()
 #27 InitPlayerLoopCallbacks()::EarlyUpdateExecuteMainThreadJobsRegistrator::Forward()
 #28 ExecutePlayerLoop(NativePlayerLoopSystem*)
 #29 ExecutePlayerLoop(NativePlayerLoopSystem*)
 #30 PlayerLoop()
 #31 EditorPlayerLoop::Execute()
 #32 PlayerLoopController::InternalUpdateScene(bool, bool)
 #33 PlayerLoopController::UpdateSceneIfNeededFromMainLoop()
 #34 Application::TickTimer()
 #35 -[EditorApplication onEditorUpdatesTickTimer]
 #36 __NSFireTimer
 #37 __CFRUNLOOP_IS_CALLING_OUT_TO_A_TIMER_CALLBACK_FUNCTION__
 #38 __CFRunLoopDoTimer
 #39 __CFRunLoopDoTimers
 #40 __CFRunLoopRun
 #41 _CFRunLoopRunSpecificWithOptions
 #42 RunCurrentEventLoopInMode
 #43 ReceiveNextEventCommon
 #44 _BlockUntilNextEventMatchingListInMode
 #45 _DPSBlockUntilNextEventMatchingListInMode
 #46 _DPSNextEvent
 #47 -[NSApplication(NSEventRouting) _nextEventMatchingEventMask:untilDate:inMode:dequeue:]
 #48 -[NSApplication(NSEventRouting) nextEventMatchingMask:untilDate:inMode:dequeue:]
 #49 -[NSApplication run]
 #50 NSApplicationMain
 #51 EditorMain(int, char const**)
 #52 main
 #53 start

Product:diamond2500_v
 #0 PlatformStacktrace::GetStacktrace(int, StacktraceTypes::LRUCache<void*, StacktraceTypes::LRUValue>*)
 #1 DebugStringToFileExtended(DebugStringToFileData const&)
 #2 DebugLogHandler_CUSTOM_Internal_Log(LogType, LogOption, BindingsManagedSpan*, void*)
 #3  (Mono JIT Code) (wrapper managed-to-native) UnityEngine.DebugLogHandler:Internal_Log_Injected (UnityEngine.LogType,UnityEngine.LogOption,UnityEngine.Bindings.ManagedSpanWrapper&,intptr)
 #4  (Mono JIT Code) UnityEngine.DebugLogHandler:Internal_Log (UnityEngine.LogType,UnityEngine.LogOption,string,UnityEngine.Object)
 #5  (Mono JIT Code) [DebugLogHandler.cs:10] UnityEngine.DebugLogHandler:LogFormat (UnityEngine.LogType,UnityEngine.Object,string,object[])
 #6  (Mono JIT Code) [Logger.cs:61] UnityEngine.Logger:Log (UnityEngine.LogType,object)
 #7  (Mono JIT Code) [Debug.bindings.cs:123] UnityEngine.Debug:Log (object)
 #8  (Mono JIT Code) [IAPManager.cs:158] IAPManager:InitializePurchasing ()
 #9  (Mono JIT Code) [IAPManager.cs:61] IAPManager:set_StoneProductCatalogInitialised (bool)
 #10  (Mono JIT Code) [IAPManager.cs:121] IAPManager:<RefreshIAPItems>b__24_2 (PlayFab.ClientModels.GetCatalogItemsResult)
 #11  (Mono JIT Code) [PlayFabHTTP.cs:219] PlayFab.Internal.PlayFabHttp/<>c__DisplayClass23_0`1<TResult_REF>:<_MakeApiCall>b__1 ()
 #12  (Mono JIT Code) [PlayFabUnityHttp.cs:244] PlayFab.Internal.PlayFabUnityHttp:OnResponse (string,PlayFab.Internal.CallRequestContainer)
 #13  (Mono JIT Code) [PlayFabUnityHttp.cs:197] PlayFab.Internal.PlayFabUnityHttp/<Post>d__12:MoveNext ()
 #14  (Mono JIT Code) [Coroutines.cs:17] UnityEngine.SetupCoroutine:InvokeMoveNext (System.Collections.IEnumerator,intptr)
 #15  (Mono JIT Code) (wrapper runtime-invoke) <Module>:runtime_invoke_void_object_intptr (object,intptr,intptr,intptr)
 #16 mono_jit_runtime_invoke
 #17 do_runtime_invoke
 #18 mono_runtime_invoke
 #19 scripting_method_invoke(ScriptingMethodPtr, ScriptingObjectPtr, ScriptingArguments&, ScriptingExceptionPtr*, bool)
 #20 ScriptingInvocation::Invoke(ScriptingExceptionPtr*, bool)
 #21 Coroutine::InvokeMoveNext(ScriptingExceptionPtr*)
 #22 Coroutine::Run(bool*)
 #23 AsyncOperation::InvokeCoroutine()
 #24 UnityWebRequestAsyncOperation::InvokeCoroutine()
 #25 UnityWebRequestProto<UnityWebRequestTransport, AtomicRefCounter, RedirectHelper, ResponseHelper, DownloadHandler, UploadHandler, CertificateHandler, HeaderHelper, AsyncOperation>::Job_InvokeCoroutine(AsyncOperation*)
 #26 BackgroundJobQueue::ExecuteMainThreadJobs()
 #27 InitPlayerLoopCallbacks()::EarlyUpdateExecuteMainThreadJobsRegistrator::Forward()
 #28 ExecutePlayerLoop(NativePlayerLoopSystem*)
 #29 ExecutePlayerLoop(NativePlayerLoopSystem*)
 #30 PlayerLoop()
 #31 EditorPlayerLoop::Execute()
 #32 PlayerLoopController::InternalUpdateScene(bool, bool)
 #33 PlayerLoopController::UpdateSceneIfNeededFromMainLoop()
 #34 Application::TickTimer()
 #35 -[EditorApplication onEditorUpdatesTickTimer]
 #36 __NSFireTimer
 #37 __CFRUNLOOP_IS_CALLING_OUT_TO_A_TIMER_CALLBACK_FUNCTION__
 #38 __CFRunLoopDoTimer
 #39 __CFRunLoopDoTimers
 #40 __CFRunLoopRun
 #41 _CFRunLoopRunSpecificWithOptions
 #42 RunCurrentEventLoopInMode
 #43 ReceiveNextEventCommon
 #44 _BlockUntilNextEventMatchingListInMode
 #45 _DPSBlockUntilNextEventMatchingListInMode
 #46 _DPSNextEvent
 #47 -[NSApplication(NSEventRouting) _nextEventMatchingEventMask:untilDate:inMode:dequeue:]
 #48 -[NSApplication(NSEventRouting) nextEventMatchingMask:untilDate:inMode:dequeue:]
 #49 -[NSApplication run]
 #50 NSApplicationMain
 #51 EditorMain(int, char const**)
 #52 main
 #53 start

Product:diamond50_v
 #0 PlatformStacktrace::GetStacktrace(int, StacktraceTypes::LRUCache<void*, StacktraceTypes::LRUValue>*)
 #1 DebugStringToFileExtended(DebugStringToFileData const&)
 #2 DebugLogHandler_CUSTOM_Internal_Log(LogType, LogOption, BindingsManagedSpan*, void*)
 #3  (Mono JIT Code) (wrapper managed-to-native) UnityEngine.DebugLogHandler:Internal_Log_Injected (UnityEngine.LogType,UnityEngine.LogOption,UnityEngine.Bindings.ManagedSpanWrapper&,intptr)
 #4  (Mono JIT Code) UnityEngine.DebugLogHandler:Internal_Log (UnityEngine.LogType,UnityEngine.LogOption,string,UnityEngine.Object)
 #5  (Mono JIT Code) [DebugLogHandler.cs:10] UnityEngine.DebugLogHandler:LogFormat (UnityEngine.LogType,UnityEngine.Object,string,object[])
 #6  (Mono JIT Code) [Logger.cs:61] UnityEngine.Logger:Log (UnityEngine.LogType,object)
 #7  (Mono JIT Code) [Debug.bindings.cs:123] UnityEngine.Debug:Log (object)
 #8  (Mono JIT Code) [IAPManager.cs:158] IAPManager:InitializePurchasing ()
 #9  (Mono JIT Code) [IAPManager.cs:61] IAPManager:set_StoneProductCatalogInitialised (bool)
 #10  (Mono JIT Code) [IAPManager.cs:121] IAPManager:<RefreshIAPItems>b__24_2 (PlayFab.ClientModels.GetCatalogItemsResult)
 #11  (Mono JIT Code) [PlayFabHTTP.cs:219] PlayFab.Internal.PlayFabHttp/<>c__DisplayClass23_0`1<TResult_REF>:<_MakeApiCall>b__1 ()
 #12  (Mono JIT Code) [PlayFabUnityHttp.cs:244] PlayFab.Internal.PlayFabUnityHttp:OnResponse (string,PlayFab.Internal.CallRequestContainer)
 #13  (Mono JIT Code) [PlayFabUnityHttp.cs:197] PlayFab.Internal.PlayFabUnityHttp/<Post>d__12:MoveNext ()
 #14  (Mono JIT Code) [Coroutines.cs:17] UnityEngine.SetupCoroutine:InvokeMoveNext (System.Collections.IEnumerator,intptr)
 #15  (Mono JIT Code) (wrapper runtime-invoke) <Module>:runtime_invoke_void_object_intptr (object,intptr,intptr,intptr)
 #16 mono_jit_runtime_invoke
 #17 do_runtime_invoke
 #18 mono_runtime_invoke
 #19 scripting_method_invoke(ScriptingMethodPtr, ScriptingObjectPtr, ScriptingArguments&, ScriptingExceptionPtr*, bool)
 #20 ScriptingInvocation::Invoke(ScriptingExceptionPtr*, bool)
 #21 Coroutine::InvokeMoveNext(ScriptingExceptionPtr*)
 #22 Coroutine::Run(bool*)
 #23 AsyncOperation::InvokeCoroutine()
 #24 UnityWebRequestAsyncOperation::InvokeCoroutine()
 #25 UnityWebRequestProto<UnityWebRequestTransport, AtomicRefCounter, RedirectHelper, ResponseHelper, DownloadHandler, UploadHandler, CertificateHandler, HeaderHelper, AsyncOperation>::Job_InvokeCoroutine(AsyncOperation*)
 #26 BackgroundJobQueue::ExecuteMainThreadJobs()
 #27 InitPlayerLoopCallbacks()::EarlyUpdateExecuteMainThreadJobsRegistrator::Forward()
 #28 ExecutePlayerLoop(NativePlayerLoopSystem*)
 #29 ExecutePlayerLoop(NativePlayerLoopSystem*)
 #30 PlayerLoop()
 #31 EditorPlayerLoop::Execute()
 #32 PlayerLoopController::InternalUpdateScene(bool, bool)
 #33 PlayerLoopController::UpdateSceneIfNeededFromMainLoop()
 #34 Application::TickTimer()
 #35 -[EditorApplication onEditorUpdatesTickTimer]
 #36 __NSFireTimer
 #37 __CFRUNLOOP_IS_CALLING_OUT_TO_A_TIMER_CALLBACK_FUNCTION__
 #38 __CFRunLoopDoTimer
 #39 __CFRunLoopDoTimers
 #40 __CFRunLoopRun
 #41 _CFRunLoopRunSpecificWithOptions
 #42 RunCurrentEventLoopInMode
 #43 ReceiveNextEventCommon
 #44 _BlockUntilNextEventMatchingListInMode
 #45 _DPSBlockUntilNextEventMatchingListInMode
 #46 _DPSNextEvent
 #47 -[NSApplication(NSEventRouting) _nextEventMatchingEventMask:untilDate:inMode:dequeue:]
 #48 -[NSApplication(NSEventRouting) nextEventMatchingMask:untilDate:inMode:dequeue:]
 #49 -[NSApplication run]
 #50 NSApplicationMain
 #51 EditorMain(int, char const**)
 #52 main
 #53 start

Product:beginnerbundle1
 #0 PlatformStacktrace::GetStacktrace(int, StacktraceTypes::LRUCache<void*, StacktraceTypes::LRUValue>*)
 #1 DebugStringToFileExtended(DebugStringToFileData const&)
 #2 DebugLogHandler_CUSTOM_Internal_Log(LogType, LogOption, BindingsManagedSpan*, void*)
 #3  (Mono JIT Code) (wrapper managed-to-native) UnityEngine.DebugLogHandler:Internal_Log_Injected (UnityEngine.LogType,UnityEngine.LogOption,UnityEngine.Bindings.ManagedSpanWrapper&,intptr)
 #4  (Mono JIT Code) UnityEngine.DebugLogHandler:Internal_Log (UnityEngine.LogType,UnityEngine.LogOption,string,UnityEngine.Object)
 #5  (Mono JIT Code) [DebugLogHandler.cs:10] UnityEngine.DebugLogHandler:LogFormat (UnityEngine.LogType,UnityEngine.Object,string,object[])
 #6  (Mono JIT Code) [Logger.cs:61] UnityEngine.Logger:Log (UnityEngine.LogType,object)
 #7  (Mono JIT Code) [Debug.bindings.cs:123] UnityEngine.Debug:Log (object)
 #8  (Mono JIT Code) [IAPManager.cs:166] IAPManager:InitializePurchasing ()
 #9  (Mono JIT Code) [IAPManager.cs:61] IAPManager:set_StoneProductCatalogInitialised (bool)
 #10  (Mono JIT Code) [IAPManager.cs:121] IAPManager:<RefreshIAPItems>b__24_2 (PlayFab.ClientModels.GetCatalogItemsResult)
 #11  (Mono JIT Code) [PlayFabHTTP.cs:219] PlayFab.Internal.PlayFabHttp/<>c__DisplayClass23_0`1<TResult_REF>:<_MakeApiCall>b__1 ()
 #12  (Mono JIT Code) [PlayFabUnityHttp.cs:244] PlayFab.Internal.PlayFabUnityHttp:OnResponse (string,PlayFab.Internal.CallRequestContainer)
 #13  (Mono JIT Code) [PlayFabUnityHttp.cs:197] PlayFab.Internal.PlayFabUnityHttp/<Post>d__12:MoveNext ()
 #14  (Mono JIT Code) [Coroutines.cs:17] UnityEngine.SetupCoroutine:InvokeMoveNext (System.Collections.IEnumerator,intptr)
 #15  (Mono JIT Code) (wrapper runtime-invoke) <Module>:runtime_invoke_void_object_intptr (object,intptr,intptr,intptr)
 #16 mono_jit_runtime_invoke
 #17 do_runtime_invoke
 #18 mono_runtime_invoke
 #19 scripting_method_invoke(ScriptingMethodPtr, ScriptingObjectPtr, ScriptingArguments&, ScriptingExceptionPtr*, bool)
 #20 ScriptingInvocation::Invoke(ScriptingExceptionPtr*, bool)
 #21 Coroutine::InvokeMoveNext(ScriptingExceptionPtr*)
 #22 Coroutine::Run(bool*)
 #23 AsyncOperation::InvokeCoroutine()
 #24 UnityWebRequestAsyncOperation::InvokeCoroutine()
 #25 UnityWebRequestProto<UnityWebRequestTransport, AtomicRefCounter, RedirectHelper, ResponseHelper, DownloadHandler, UploadHandler, CertificateHandler, HeaderHelper, AsyncOperation>::Job_InvokeCoroutine(AsyncOperation*)
 #26 BackgroundJobQueue::ExecuteMainThreadJobs()
 #27 InitPlayerLoopCallbacks()::EarlyUpdateExecuteMainThreadJobsRegistrator::Forward()
 #28 ExecutePlayerLoop(NativePlayerLoopSystem*)
 #29 ExecutePlayerLoop(NativePlayerLoopSystem*)
 #30 PlayerLoop()
 #31 EditorPlayerLoop::Execute()
 #32 PlayerLoopController::InternalUpdateScene(bool, bool)
 #33 PlayerLoopController::UpdateSceneIfNeededFromMainLoop()
 #34 Application::TickTimer()
 #35 -[EditorApplication onEditorUpdatesTickTimer]
 #36 __NSFireTimer
 #37 __CFRUNLOOP_IS_CALLING_OUT_TO_A_TIMER_CALLBACK_FUNCTION__
 #38 __CFRunLoopDoTimer
 #39 __CFRunLoopDoTimers
 #40 __CFRunLoopRun
 #41 _CFRunLoopRunSpecificWithOptions
 #42 RunCurrentEventLoopInMode
 #43 ReceiveNextEventCommon
 #44 _BlockUntilNextEventMatchingListInMode
 #45 _DPSBlockUntilNextEventMatchingListInMode
 #46 _DPSNextEvent
 #47 -[NSApplication(NSEventRouting) _nextEventMatchingEventMask:untilDate:inMode:dequeue:]
 #48 -[NSApplication(NSEventRouting) nextEventMatchingMask:untilDate:inMode:dequeue:]
 #49 -[NSApplication run]
 #50 NSApplicationMain
 #51 EditorMain(int, char const**)
 #52 main
 #53 start

Product:beginnerbundle2
 #0 PlatformStacktrace::GetStacktrace(int, StacktraceTypes::LRUCache<void*, StacktraceTypes::LRUValue>*)
 #1 DebugStringToFileExtended(DebugStringToFileData const&)
 #2 DebugLogHandler_CUSTOM_Internal_Log(LogType, LogOption, BindingsManagedSpan*, void*)
 #3  (Mono JIT Code) (wrapper managed-to-native) UnityEngine.DebugLogHandler:Internal_Log_Injected (UnityEngine.LogType,UnityEngine.LogOption,UnityEngine.Bindings.ManagedSpanWrapper&,intptr)
 #4  (Mono JIT Code) UnityEngine.DebugLogHandler:Internal_Log (UnityEngine.LogType,UnityEngine.LogOption,string,UnityEngine.Object)
 #5  (Mono JIT Code) [DebugLogHandler.cs:10] UnityEngine.DebugLogHandler:LogFormat (UnityEngine.LogType,UnityEngine.Object,string,object[])
 #6  (Mono JIT Code) [Logger.cs:61] UnityEngine.Logger:Log (UnityEngine.LogType,object)
 #7  (Mono JIT Code) [Debug.bindings.cs:123] UnityEngine.Debug:Log (object)
 #8  (Mono JIT Code) [IAPManager.cs:166] IAPManager:InitializePurchasing ()
 #9  (Mono JIT Code) [IAPManager.cs:61] IAPManager:set_StoneProductCatalogInitialised (bool)
 #10  (Mono JIT Code) [IAPManager.cs:121] IAPManager:<RefreshIAPItems>b__24_2 (PlayFab.ClientModels.GetCatalogItemsResult)
 #11  (Mono JIT Code) [PlayFabHTTP.cs:219] PlayFab.Internal.PlayFabHttp/<>c__DisplayClass23_0`1<TResult_REF>:<_MakeApiCall>b__1 ()
 #12  (Mono JIT Code) [PlayFabUnityHttp.cs:244] PlayFab.Internal.PlayFabUnityHttp:OnResponse (string,PlayFab.Internal.CallRequestContainer)
 #13  (Mono JIT Code) [PlayFabUnityHttp.cs:197] PlayFab.Internal.PlayFabUnityHttp/<Post>d__12:MoveNext ()
 #14  (Mono JIT Code) [Coroutines.cs:17] UnityEngine.SetupCoroutine:InvokeMoveNext (System.Collections.IEnumerator,intptr)
 #15  (Mono JIT Code) (wrapper runtime-invoke) <Module>:runtime_invoke_void_object_intptr (object,intptr,intptr,intptr)
 #16 mono_jit_runtime_invoke
 #17 do_runtime_invoke
 #18 mono_runtime_invoke
 #19 scripting_method_invoke(ScriptingMethodPtr, ScriptingObjectPtr, ScriptingArguments&, ScriptingExceptionPtr*, bool)
 #20 ScriptingInvocation::Invoke(ScriptingExceptionPtr*, bool)
 #21 Coroutine::InvokeMoveNext(ScriptingExceptionPtr*)
 #22 Coroutine::Run(bool*)
 #23 AsyncOperation::InvokeCoroutine()
 #24 UnityWebRequestAsyncOperation::InvokeCoroutine()
 #25 UnityWebRequestProto<UnityWebRequestTransport, AtomicRefCounter, RedirectHelper, ResponseHelper, DownloadHandler, UploadHandler, CertificateHandler, HeaderHelper, AsyncOperation>::Job_InvokeCoroutine(AsyncOperation*)
 #26 BackgroundJobQueue::ExecuteMainThreadJobs()
 #27 InitPlayerLoopCallbacks()::EarlyUpdateExecuteMainThreadJobsRegistrator::Forward()
 #28 ExecutePlayerLoop(NativePlayerLoopSystem*)
 #29 ExecutePlayerLoop(NativePlayerLoopSystem*)
 #30 PlayerLoop()
 #31 EditorPlayerLoop::Execute()
 #32 PlayerLoopController::InternalUpdateScene(bool, bool)
 #33 PlayerLoopController::UpdateSceneIfNeededFromMainLoop()
 #34 Application::TickTimer()
 #35 -[EditorApplication onEditorUpdatesTickTimer]
 #36 __NSFireTimer
 #37 __CFRUNLOOP_IS_CALLING_OUT_TO_A_TIMER_CALLBACK_FUNCTION__
 #38 __CFRunLoopDoTimer
 #39 __CFRunLoopDoTimers
 #40 __CFRunLoopRun
 #41 _CFRunLoopRunSpecificWithOptions
 #42 RunCurrentEventLoopInMode
 #43 ReceiveNextEventCommon
 #44 _BlockUntilNextEventMatchingListInMode
 #45 _DPSBlockUntilNextEventMatchingListInMode
 #46 _DPSNextEvent
 #47 -[NSApplication(NSEventRouting) _nextEventMatchingEventMask:untilDate:inMode:dequeue:]
 #48 -[NSApplication(NSEventRouting) nextEventMatchingMask:untilDate:inMode:dequeue:]
 #49 -[NSApplication run]
 #50 NSApplicationMain
 #51 EditorMain(int, char const**)
 #52 main
 #53 start

Product:beginnerbundle3
 #0 PlatformStacktrace::GetStacktrace(int, StacktraceTypes::LRUCache<void*, StacktraceTypes::LRUValue>*)
 #1 DebugStringToFileExtended(DebugStringToFileData const&)
 #2 DebugLogHandler_CUSTOM_Internal_Log(LogType, LogOption, BindingsManagedSpan*, void*)
 #3  (Mono JIT Code) (wrapper managed-to-native) UnityEngine.DebugLogHandler:Internal_Log_Injected (UnityEngine.LogType,UnityEngine.LogOption,UnityEngine.Bindings.ManagedSpanWrapper&,intptr)
 #4  (Mono JIT Code) UnityEngine.DebugLogHandler:Internal_Log (UnityEngine.LogType,UnityEngine.LogOption,string,UnityEngine.Object)
 #5  (Mono JIT Code) [DebugLogHandler.cs:10] UnityEngine.DebugLogHandler:LogFormat (UnityEngine.LogType,UnityEngine.Object,string,object[])
 #6  (Mono JIT Code) [Logger.cs:61] UnityEngine.Logger:Log (UnityEngine.LogType,object)
 #7  (Mono JIT Code) [Debug.bindings.cs:123] UnityEngine.Debug:Log (object)
 #8  (Mono JIT Code) [IAPManager.cs:166] IAPManager:InitializePurchasing ()
 #9  (Mono JIT Code) [IAPManager.cs:61] IAPManager:set_StoneProductCatalogInitialised (bool)
 #10  (Mono JIT Code) [IAPManager.cs:121] IAPManager:<RefreshIAPItems>b__24_2 (PlayFab.ClientModels.GetCatalogItemsResult)
 #11  (Mono JIT Code) [PlayFabHTTP.cs:219] PlayFab.Internal.PlayFabHttp/<>c__DisplayClass23_0`1<TResult_REF>:<_MakeApiCall>b__1 ()
 #12  (Mono JIT Code) [PlayFabUnityHttp.cs:244] PlayFab.Internal.PlayFabUnityHttp:OnResponse (string,PlayFab.Internal.CallRequestContainer)
 #13  (Mono JIT Code) [PlayFabUnityHttp.cs:197] PlayFab.Internal.PlayFabUnityHttp/<Post>d__12:MoveNext ()
 #14  (Mono JIT Code) [Coroutines.cs:17] UnityEngine.SetupCoroutine:InvokeMoveNext (System.Collections.IEnumerator,intptr)
 #15  (Mono JIT Code) (wrapper runtime-invoke) <Module>:runtime_invoke_void_object_intptr (object,intptr,intptr,intptr)
 #16 mono_jit_runtime_invoke
 #17 do_runtime_invoke
 #18 mono_runtime_invoke
 #19 scripting_method_invoke(ScriptingMethodPtr, ScriptingObjectPtr, ScriptingArguments&, ScriptingExceptionPtr*, bool)
 #20 ScriptingInvocation::Invoke(ScriptingExceptionPtr*, bool)
 #21 Coroutine::InvokeMoveNext(ScriptingExceptionPtr*)
 #22 Coroutine::Run(bool*)
 #23 AsyncOperation::InvokeCoroutine()
 #24 UnityWebRequestAsyncOperation::InvokeCoroutine()
 #25 UnityWebRequestProto<UnityWebRequestTransport, AtomicRefCounter, RedirectHelper, ResponseHelper, DownloadHandler, UploadHandler, CertificateHandler, HeaderHelper, AsyncOperation>::Job_InvokeCoroutine(AsyncOperation*)
 #26 BackgroundJobQueue::ExecuteMainThreadJobs()
 #27 InitPlayerLoopCallbacks()::EarlyUpdateExecuteMainThreadJobsRegistrator::Forward()
 #28 ExecutePlayerLoop(NativePlayerLoopSystem*)
 #29 ExecutePlayerLoop(NativePlayerLoopSystem*)
 #30 PlayerLoop()
 #31 EditorPlayerLoop::Execute()
 #32 PlayerLoopController::InternalUpdateScene(bool, bool)
 #33 PlayerLoopController::UpdateSceneIfNeededFromMainLoop()
 #34 Application::TickTimer()
 #35 -[EditorApplication onEditorUpdatesTickTimer]
 #36 __NSFireTimer
 #37 __CFRUNLOOP_IS_CALLING_OUT_TO_A_TIMER_CALLBACK_FUNCTION__
 #38 __CFRunLoopDoTimer
 #39 __CFRunLoopDoTimers
 #40 __CFRunLoopRun
 #41 _CFRunLoopRunSpecificWithOptions
 #42 RunCurrentEventLoopInMode
 #43 ReceiveNextEventCommon
 #44 _BlockUntilNextEventMatchingListInMode
 #45 _DPSBlockUntilNextEventMatchingListInMode
 #46 _DPSNextEvent
 #47 -[NSApplication(NSEventRouting) _nextEventMatchingEventMask:untilDate:inMode:dequeue:]
 #48 -[NSApplication(NSEventRouting) nextEventMatchingMask:untilDate:inMode:dequeue:]
 #49 -[NSApplication run]
 #50 NSApplicationMain
 #51 EditorMain(int, char const**)
 #52 main
 #53 start

Product:beginnerbundle1_v
 #0 PlatformStacktrace::GetStacktrace(int, StacktraceTypes::LRUCache<void*, StacktraceTypes::LRUValue>*)
 #1 DebugStringToFileExtended(DebugStringToFileData const&)
 #2 DebugLogHandler_CUSTOM_Internal_Log(LogType, LogOption, BindingsManagedSpan*, void*)
 #3  (Mono JIT Code) (wrapper managed-to-native) UnityEngine.DebugLogHandler:Internal_Log_Injected (UnityEngine.LogType,UnityEngine.LogOption,UnityEngine.Bindings.ManagedSpanWrapper&,intptr)
 #4  (Mono JIT Code) UnityEngine.DebugLogHandler:Internal_Log (UnityEngine.LogType,UnityEngine.LogOption,string,UnityEngine.Object)
 #5  (Mono JIT Code) [DebugLogHandler.cs:10] UnityEngine.DebugLogHandler:LogFormat (UnityEngine.LogType,UnityEngine.Object,string,object[])
 #6  (Mono JIT Code) [Logger.cs:61] UnityEngine.Logger:Log (UnityEngine.LogType,object)
 #7  (Mono JIT Code) [Debug.bindings.cs:123] UnityEngine.Debug:Log (object)
 #8  (Mono JIT Code) [IAPManager.cs:166] IAPManager:InitializePurchasing ()
 #9  (Mono JIT Code) [IAPManager.cs:61] IAPManager:set_StoneProductCatalogInitialised (bool)
 #10  (Mono JIT Code) [IAPManager.cs:121] IAPManager:<RefreshIAPItems>b__24_2 (PlayFab.ClientModels.GetCatalogItemsResult)
 #11  (Mono JIT Code) [PlayFabHTTP.cs:219] PlayFab.Internal.PlayFabHttp/<>c__DisplayClass23_0`1<TResult_REF>:<_MakeApiCall>b__1 ()
 #12  (Mono JIT Code) [PlayFabUnityHttp.cs:244] PlayFab.Internal.PlayFabUnityHttp:OnResponse (string,PlayFab.Internal.CallRequestContainer)
 #13  (Mono JIT Code) [PlayFabUnityHttp.cs:197] PlayFab.Internal.PlayFabUnityHttp/<Post>d__12:MoveNext ()
 #14  (Mono JIT Code) [Coroutines.cs:17] UnityEngine.SetupCoroutine:InvokeMoveNext (System.Collections.IEnumerator,intptr)
 #15  (Mono JIT Code) (wrapper runtime-invoke) <Module>:runtime_invoke_void_object_intptr (object,intptr,intptr,intptr)
 #16 mono_jit_runtime_invoke
 #17 do_runtime_invoke
 #18 mono_runtime_invoke
 #19 scripting_method_invoke(ScriptingMethodPtr, ScriptingObjectPtr, ScriptingArguments&, ScriptingExceptionPtr*, bool)
 #20 ScriptingInvocation::Invoke(ScriptingExceptionPtr*, bool)
 #21 Coroutine::InvokeMoveNext(ScriptingExceptionPtr*)
 #22 Coroutine::Run(bool*)
 #23 AsyncOperation::InvokeCoroutine()
 #24 UnityWebRequestAsyncOperation::InvokeCoroutine()
 #25 UnityWebRequestProto<UnityWebRequestTransport, AtomicRefCounter, RedirectHelper, ResponseHelper, DownloadHandler, UploadHandler, CertificateHandler, HeaderHelper, AsyncOperation>::Job_InvokeCoroutine(AsyncOperation*)
 #26 BackgroundJobQueue::ExecuteMainThreadJobs()
 #27 InitPlayerLoopCallbacks()::EarlyUpdateExecuteMainThreadJobsRegistrator::Forward()
 #28 ExecutePlayerLoop(NativePlayerLoopSystem*)
 #29 ExecutePlayerLoop(NativePlayerLoopSystem*)
 #30 PlayerLoop()
 #31 EditorPlayerLoop::Execute()
 #32 PlayerLoopController::InternalUpdateScene(bool, bool)
 #33 PlayerLoopController::UpdateSceneIfNeededFromMainLoop()
 #34 Application::TickTimer()
 #35 -[EditorApplication onEditorUpdatesTickTimer]
 #36 __NSFireTimer
 #37 __CFRUNLOOP_IS_CALLING_OUT_TO_A_TIMER_CALLBACK_FUNCTION__
 #38 __CFRunLoopDoTimer
 #39 __CFRunLoopDoTimers
 #40 __CFRunLoopRun
 #41 _CFRunLoopRunSpecificWithOptions
 #42 RunCurrentEventLoopInMode
 #43 ReceiveNextEventCommon
 #44 _BlockUntilNextEventMatchingListInMode
 #45 _DPSBlockUntilNextEventMatchingListInMode
 #46 _DPSNextEvent
 #47 -[NSApplication(NSEventRouting) _nextEventMatchingEventMask:untilDate:inMode:dequeue:]
 #48 -[NSApplication(NSEventRouting) nextEventMatchingMask:untilDate:inMode:dequeue:]
 #49 -[NSApplication run]
 #50 NSApplicationMain
 #51 EditorMain(int, char const**)
 #52 main
 #53 start

Product:beginnerbundle2_v
 #0 PlatformStacktrace::GetStacktrace(int, StacktraceTypes::LRUCache<void*, StacktraceTypes::LRUValue>*)
 #1 DebugStringToFileExtended(DebugStringToFileData const&)
 #2 DebugLogHandler_CUSTOM_Internal_Log(LogType, LogOption, BindingsManagedSpan*, void*)
 #3  (Mono JIT Code) (wrapper managed-to-native) UnityEngine.DebugLogHandler:Internal_Log_Injected (UnityEngine.LogType,UnityEngine.LogOption,UnityEngine.Bindings.ManagedSpanWrapper&,intptr)
 #4  (Mono JIT Code) UnityEngine.DebugLogHandler:Internal_Log (UnityEngine.LogType,UnityEngine.LogOption,string,UnityEngine.Object)
 #5  (Mono JIT Code) [DebugLogHandler.cs:10] UnityEngine.DebugLogHandler:LogFormat (UnityEngine.LogType,UnityEngine.Object,string,object[])
 #6  (Mono JIT Code) [Logger.cs:61] UnityEngine.Logger:Log (UnityEngine.LogType,object)
 #7  (Mono JIT Code) [Debug.bindings.cs:123] UnityEngine.Debug:Log (object)
 #8  (Mono JIT Code) [IAPManager.cs:166] IAPManager:InitializePurchasing ()
 #9  (Mono JIT Code) [IAPManager.cs:61] IAPManager:set_StoneProductCatalogInitialised (bool)
 #10  (Mono JIT Code) [IAPManager.cs:121] IAPManager:<RefreshIAPItems>b__24_2 (PlayFab.ClientModels.GetCatalogItemsResult)
 #11  (Mono JIT Code) [PlayFabHTTP.cs:219] PlayFab.Internal.PlayFabHttp/<>c__DisplayClass23_0`1<TResult_REF>:<_MakeApiCall>b__1 ()
 #12  (Mono JIT Code) [PlayFabUnityHttp.cs:244] PlayFab.Internal.PlayFabUnityHttp:OnResponse (string,PlayFab.Internal.CallRequestContainer)
 #13  (Mono JIT Code) [PlayFabUnityHttp.cs:197] PlayFab.Internal.PlayFabUnityHttp/<Post>d__12:MoveNext ()
 #14  (Mono JIT Code) [Coroutines.cs:17] UnityEngine.SetupCoroutine:InvokeMoveNext (System.Collections.IEnumerator,intptr)
 #15  (Mono JIT Code) (wrapper runtime-invoke) <Module>:runtime_invoke_void_object_intptr (object,intptr,intptr,intptr)
 #16 mono_jit_runtime_invoke
 #17 do_runtime_invoke
 #18 mono_runtime_invoke
 #19 scripting_method_invoke(ScriptingMethodPtr, ScriptingObjectPtr, ScriptingArguments&, ScriptingExceptionPtr*, bool)
 #20 ScriptingInvocation::Invoke(ScriptingExceptionPtr*, bool)
 #21 Coroutine::InvokeMoveNext(ScriptingExceptionPtr*)
 #22 Coroutine::Run(bool*)
 #23 AsyncOperation::InvokeCoroutine()
 #24 UnityWebRequestAsyncOperation::InvokeCoroutine()
 #25 UnityWebRequestProto<UnityWebRequestTransport, AtomicRefCounter, RedirectHelper, ResponseHelper, DownloadHandler, UploadHandler, CertificateHandler, HeaderHelper, AsyncOperation>::Job_InvokeCoroutine(AsyncOperation*)
 #26 BackgroundJobQueue::ExecuteMainThreadJobs()
 #27 InitPlayerLoopCallbacks()::EarlyUpdateExecuteMainThreadJobsRegistrator::Forward()
 #28 ExecutePlayerLoop(NativePlayerLoopSystem*)
 #29 ExecutePlayerLoop(NativePlayerLoopSystem*)
 #30 PlayerLoop()
 #31 EditorPlayerLoop::Execute()
 #32 PlayerLoopController::InternalUpdateScene(bool, bool)
 #33 PlayerLoopController::UpdateSceneIfNeededFromMainLoop()
 #34 Application::TickTimer()
 #35 -[EditorApplication onEditorUpdatesTickTimer]
 #36 __NSFireTimer
 #37 __CFRUNLOOP_IS_CALLING_OUT_TO_A_TIMER_CALLBACK_FUNCTION__
 #38 __CFRunLoopDoTimer
 #39 __CFRunLoopDoTimers
 #40 __CFRunLoopRun
 #41 _CFRunLoopRunSpecificWithOptions
 #42 RunCurrentEventLoopInMode
 #43 ReceiveNextEventCommon
 #44 _BlockUntilNextEventMatchingListInMode
 #45 _DPSBlockUntilNextEventMatchingListInMode
 #46 _DPSNextEvent
 #47 -[NSApplication(NSEventRouting) _nextEventMatchingEventMask:untilDate:inMode:dequeue:]
 #48 -[NSApplication(NSEventRouting) nextEventMatchingMask:untilDate:inMode:dequeue:]
 #49 -[NSApplication run]
 #50 NSApplicationMain
 #51 EditorMain(int, char const**)
 #52 main
 #53 start

Product:beginnerbundle3_v
 #0 PlatformStacktrace::GetStacktrace(int, StacktraceTypes::LRUCache<void*, StacktraceTypes::LRUValue>*)
 #1 DebugStringToFileExtended(DebugStringToFileData const&)
 #2 DebugLogHandler_CUSTOM_Internal_Log(LogType, LogOption, BindingsManagedSpan*, void*)
 #3  (Mono JIT Code) (wrapper managed-to-native) UnityEngine.DebugLogHandler:Internal_Log_Injected (UnityEngine.LogType,UnityEngine.LogOption,UnityEngine.Bindings.ManagedSpanWrapper&,intptr)
 #4  (Mono JIT Code) UnityEngine.DebugLogHandler:Internal_Log (UnityEngine.LogType,UnityEngine.LogOption,string,UnityEngine.Object)
 #5  (Mono JIT Code) [DebugLogHandler.cs:10] UnityEngine.DebugLogHandler:LogFormat (UnityEngine.LogType,UnityEngine.Object,string,object[])
 #6  (Mono JIT Code) [Logger.cs:61] UnityEngine.Logger:Log (UnityEngine.LogType,object)
 #7  (Mono JIT Code) [Debug.bindings.cs:123] UnityEngine.Debug:Log (object)
 #8  (Mono JIT Code) [IAPManager.cs:166] IAPManager:InitializePurchasing ()
 #9  (Mono JIT Code) [IAPManager.cs:61] IAPManager:set_StoneProductCatalogInitialised (bool)
 #10  (Mono JIT Code) [IAPManager.cs:121] IAPManager:<RefreshIAPItems>b__24_2 (PlayFab.ClientModels.GetCatalogItemsResult)
 #11  (Mono JIT Code) [PlayFabHTTP.cs:219] PlayFab.Internal.PlayFabHttp/<>c__DisplayClass23_0`1<TResult_REF>:<_MakeApiCall>b__1 ()
 #12  (Mono JIT Code) [PlayFabUnityHttp.cs:244] PlayFab.Internal.PlayFabUnityHttp:OnResponse (string,PlayFab.Internal.CallRequestContainer)
 #13  (Mono JIT Code) [PlayFabUnityHttp.cs:197] PlayFab.Internal.PlayFabUnityHttp/<Post>d__12:MoveNext ()
 #14  (Mono JIT Code) [Coroutines.cs:17] UnityEngine.SetupCoroutine:InvokeMoveNext (System.Collections.IEnumerator,intptr)
 #15  (Mono JIT Code) (wrapper runtime-invoke) <Module>:runtime_invoke_void_object_intptr (object,intptr,intptr,intptr)
 #16 mono_jit_runtime_invoke
 #17 do_runtime_invoke
 #18 mono_runtime_invoke
 #19 scripting_method_invoke(ScriptingMethodPtr, ScriptingObjectPtr, ScriptingArguments&, ScriptingExceptionPtr*, bool)
 #20 ScriptingInvocation::Invoke(ScriptingExceptionPtr*, bool)
 #21 Coroutine::InvokeMoveNext(ScriptingExceptionPtr*)
 #22 Coroutine::Run(bool*)
 #23 AsyncOperation::InvokeCoroutine()
 #24 UnityWebRequestAsyncOperation::InvokeCoroutine()
 #25 UnityWebRequestProto<UnityWebRequestTransport, AtomicRefCounter, RedirectHelper, ResponseHelper, DownloadHandler, UploadHandler, CertificateHandler, HeaderHelper, AsyncOperation>::Job_InvokeCoroutine(AsyncOperation*)
 #26 BackgroundJobQueue::ExecuteMainThreadJobs()
 #27 InitPlayerLoopCallbacks()::EarlyUpdateExecuteMainThreadJobsRegistrator::Forward()
 #28 ExecutePlayerLoop(NativePlayerLoopSystem*)
 #29 ExecutePlayerLoop(NativePlayerLoopSystem*)
 #30 PlayerLoop()
 #31 EditorPlayerLoop::Execute()
 #32 PlayerLoopController::InternalUpdateScene(bool, bool)
 #33 PlayerLoopController::UpdateSceneIfNeededFromMainLoop()
 #34 Application::TickTimer()
 #35 -[EditorApplication onEditorUpdatesTickTimer]
 #36 __NSFireTimer
 #37 __CFRUNLOOP_IS_CALLING_OUT_TO_A_TIMER_CALLBACK_FUNCTION__
 #38 __CFRunLoopDoTimer
 #39 __CFRunLoopDoTimers
 #40 __CFRunLoopRun
 #41 _CFRunLoopRunSpecificWithOptions
 #42 RunCurrentEventLoopInMode
 #43 ReceiveNextEventCommon
 #44 _BlockUntilNextEventMatchingListInMode
 #45 _DPSBlockUntilNextEventMatchingListInMode
 #46 _DPSNextEvent
 #47 -[NSApplication(NSEventRouting) _nextEventMatchingEventMask:untilDate:inMode:dequeue:]
 #48 -[NSApplication(NSEventRouting) nextEventMatchingMask:untilDate:inMode:dequeue:]
 #49 -[NSApplication run]
 #50 NSApplicationMain
 #51 EditorMain(int, char const**)
 #52 main
 #53 start

InAppPurchasing: IStoreService.Connect called without a callback defined for IStoreService.OnStoreConnected.
 #0 PlatformStacktrace::GetStacktrace(int, StacktraceTypes::LRUCache<void*, StacktraceTypes::LRUValue>*)
 #1 DebugStringToFileExtended(DebugStringToFileData const&)
 #2 DebugLogHandler_CUSTOM_Internal_Log(LogType, LogOption, BindingsManagedSpan*, void*)
 #3  (Mono JIT Code) (wrapper managed-to-native) UnityEngine.DebugLogHandler:Internal_Log_Injected (UnityEngine.LogType,UnityEngine.LogOption,UnityEngine.Bindings.ManagedSpanWrapper&,intptr)
 #4  (Mono JIT Code) UnityEngine.DebugLogHandler:Internal_Log (UnityEngine.LogType,UnityEngine.LogOption,string,UnityEngine.Object)
 #5  (Mono JIT Code) [DebugLogHandler.cs:10] UnityEngine.DebugLogHandler:LogFormat (UnityEngine.LogType,UnityEngine.Object,string,object[])
 #6  (Mono JIT Code) [Logger.cs:103] UnityEngine.Logger:LogWarning (string,object)
 #7  (Mono JIT Code) [LoggerExtensions.cs:32] UnityEngine.Purchasing.LoggerExtensions:LogIAPWarning (UnityEngine.ILogger,string)
 #8  (Mono JIT Code) [StoreConnectUseCase.cs:38] UnityEngine.Purchasing.StoreConnectUseCase:Connect ()
 #9  (Mono JIT Code) [StoreService.cs:30] UnityEngine.Purchasing.StoreService:Connect ()
 #10  (Mono JIT Code) [UnityPurchasing.cs:82] UnityEngine.Purchasing.UnityPurchasing/<ConnectToStoreAndFetchProducts>d__9:MoveNext ()
 #11  (Mono JIT Code) System.Runtime.CompilerServices.AsyncVoidMethodBuilder:Start<UnityEngine.Purchasing.UnityPurchasing/<ConnectToStoreAndFetchProducts>d__9> (UnityEngine.Purchasing.UnityPurchasing/<ConnectToStoreAndFetchProducts>d__9&)
 #12  (Mono JIT Code) UnityEngine.Purchasing.UnityPurchasing:ConnectToStoreAndFetchProducts ()
 #13  (Mono JIT Code) [UnityPurchasing.cs:40] UnityEngine.Purchasing.UnityPurchasing:Initialize (UnityEngine.Purchasing.IStoreListener,UnityEngine.Purchasing.ConfigurationBuilder)
 #14  (Mono JIT Code) [IAPManager.cs:174] IAPManager:InitializePurchasing ()
 #15  (Mono JIT Code) [IAPManager.cs:61] IAPManager:set_StoneProductCatalogInitialised (bool)
 #16  (Mono JIT Code) [IAPManager.cs:121] IAPManager:<RefreshIAPItems>b__24_2 (PlayFab.ClientModels.GetCatalogItemsResult)
 #17  (Mono JIT Code) [PlayFabHTTP.cs:219] PlayFab.Internal.PlayFabHttp/<>c__DisplayClass23_0`1<TResult_REF>:<_MakeApiCall>b__1 ()
 #18  (Mono JIT Code) [PlayFabUnityHttp.cs:244] PlayFab.Internal.PlayFabUnityHttp:OnResponse (string,PlayFab.Internal.CallRequestContainer)
 #19  (Mono JIT Code) [PlayFabUnityHttp.cs:197] PlayFab.Internal.PlayFabUnityHttp/<Post>d__12:MoveNext ()
 #20  (Mono JIT Code) [Coroutines.cs:17] UnityEngine.SetupCoroutine:InvokeMoveNext (System.Collections.IEnumerator,intptr)
 #21  (Mono JIT Code) (wrapper runtime-invoke) <Module>:runtime_invoke_void_object_intptr (object,intptr,intptr,intptr)
 #22 mono_jit_runtime_invoke
 #23 do_runtime_invoke
 #24 mono_runtime_invoke
 #25 scripting_method_invoke(ScriptingMethodPtr, ScriptingObjectPtr, ScriptingArguments&, ScriptingExceptionPtr*, bool)
 #26 ScriptingInvocation::Invoke(ScriptingExceptionPtr*, bool)
 #27 Coroutine::InvokeMoveNext(ScriptingExceptionPtr*)
 #28 Coroutine::Run(bool*)
 #29 AsyncOperation::InvokeCoroutine()
 #30 UnityWebRequestAsyncOperation::InvokeCoroutine()
 #31 UnityWebRequestProto<UnityWebRequestTransport, AtomicRefCounter, RedirectHelper, ResponseHelper, DownloadHandler, UploadHandler, CertificateHandler, HeaderHelper, AsyncOperation>::Job_InvokeCoroutine(AsyncOperation*)
 #32 BackgroundJobQueue::ExecuteMainThreadJobs()
 #33 InitPlayerLoopCallbacks()::EarlyUpdateExecuteMainThreadJobsRegistrator::Forward()
 #34 ExecutePlayerLoop(NativePlayerLoopSystem*)
 #35 ExecutePlayerLoop(NativePlayerLoopSystem*)
 #36 PlayerLoop()
 #37 EditorPlayerLoop::Execute()
 #38 PlayerLoopController::InternalUpdateScene(bool, bool)
 #39 PlayerLoopController::UpdateSceneIfNeededFromMainLoop()
 #40 Application::TickTimer()
 #41 -[EditorApplication onEditorUpdatesTickTimer]
 #42 __NSFireTimer
 #43 __CFRUNLOOP_IS_CALLING_OUT_TO_A_TIMER_CALLBACK_FUNCTION__
 #44 __CFRunLoopDoTimer
 #45 __CFRunLoopDoTimers
 #46 __CFRunLoopRun
 #47 _CFRunLoopRunSpecificWithOptions
 #48 RunCurrentEventLoopInMode
 #49 ReceiveNextEventCommon
 #50 _BlockUntilNextEventMatchingListInMode
 #51 _DPSBlockUntilNextEventMatchingListInMode
 #52 _DPSNextEvent
 #53 -[NSApplication(NSEventRouting) _nextEventMatchingEventMask:untilDate:inMode:dequeue:]
 #54 -[NSApplication(NSEventRouting) nextEventMatchingMask:untilDate:inMode:dequeue:]
 #55 -[NSApplication run]
 #56 NSApplicationMain
 #57 EditorMain(int, char const**)
 #58 main
 #59 start

InAppPurchasing: IStoreService.Connect called without a callback defined for IStoreService.OnStoreDisconnected.
 #0 PlatformStacktrace::GetStacktrace(int, StacktraceTypes::LRUCache<void*, StacktraceTypes::LRUValue>*)
 #1 DebugStringToFileExtended(DebugStringToFileData const&)
 #2 DebugLogHandler_CUSTOM_Internal_Log(LogType, LogOption, BindingsManagedSpan*, void*)
 #3  (Mono JIT Code) (wrapper managed-to-native) UnityEngine.DebugLogHandler:Internal_Log_Injected (UnityEngine.LogType,UnityEngine.LogOption,UnityEngine.Bindings.ManagedSpanWrapper&,intptr)
 #4  (Mono JIT Code) UnityEngine.DebugLogHandler:Internal_Log (UnityEngine.LogType,UnityEngine.LogOption,string,UnityEngine.Object)
 #5  (Mono JIT Code) [DebugLogHandler.cs:10] UnityEngine.DebugLogHandler:LogFormat (UnityEngine.LogType,UnityEngine.Object,string,object[])
 #6  (Mono JIT Code) [Logger.cs:103] UnityEngine.Logger:LogWarning (string,object)
 #7  (Mono JIT Code) [LoggerExtensions.cs:32] UnityEngine.Purchasing.LoggerExtensions:LogIAPWarning (UnityEngine.ILogger,string)
 #8  (Mono JIT Code) [StoreConnectUseCase.cs:44] UnityEngine.Purchasing.StoreConnectUseCase:Connect ()
 #9  (Mono JIT Code) [StoreService.cs:30] UnityEngine.Purchasing.StoreService:Connect ()
 #10  (Mono JIT Code) [UnityPurchasing.cs:82] UnityEngine.Purchasing.UnityPurchasing/<ConnectToStoreAndFetchProducts>d__9:MoveNext ()
 #11  (Mono JIT Code) System.Runtime.CompilerServices.AsyncVoidMethodBuilder:Start<UnityEngine.Purchasing.UnityPurchasing/<ConnectToStoreAndFetchProducts>d__9> (UnityEngine.Purchasing.UnityPurchasing/<ConnectToStoreAndFetchProducts>d__9&)
 #12  (Mono JIT Code) UnityEngine.Purchasing.UnityPurchasing:ConnectToStoreAndFetchProducts ()
 #13  (Mono JIT Code) [UnityPurchasing.cs:40] UnityEngine.Purchasing.UnityPurchasing:Initialize (UnityEngine.Purchasing.IStoreListener,UnityEngine.Purchasing.ConfigurationBuilder)
 #14  (Mono JIT Code) [IAPManager.cs:174] IAPManager:InitializePurchasing ()
 #15  (Mono JIT Code) [IAPManager.cs:61] IAPManager:set_StoneProductCatalogInitialised (bool)
 #16  (Mono JIT Code) [IAPManager.cs:121] IAPManager:<RefreshIAPItems>b__24_2 (PlayFab.ClientModels.GetCatalogItemsResult)
 #17  (Mono JIT Code) [PlayFabHTTP.cs:219] PlayFab.Internal.PlayFabHttp/<>c__DisplayClass23_0`1<TResult_REF>:<_MakeApiCall>b__1 ()
 #18  (Mono JIT Code) [PlayFabUnityHttp.cs:244] PlayFab.Internal.PlayFabUnityHttp:OnResponse (string,PlayFab.Internal.CallRequestContainer)
 #19  (Mono JIT Code) [PlayFabUnityHttp.cs:197] PlayFab.Internal.PlayFabUnityHttp/<Post>d__12:MoveNext ()
 #20  (Mono JIT Code) [Coroutines.cs:17] UnityEngine.SetupCoroutine:InvokeMoveNext (System.Collections.IEnumerator,intptr)
 #21  (Mono JIT Code) (wrapper runtime-invoke) <Module>:runtime_invoke_void_object_intptr (object,intptr,intptr,intptr)
 #22 mono_jit_runtime_invoke
 #23 do_runtime_invoke
 #24 mono_runtime_invoke
 #25 scripting_method_invoke(ScriptingMethodPtr, ScriptingObjectPtr, ScriptingArguments&, ScriptingExceptionPtr*, bool)
 #26 ScriptingInvocation::Invoke(ScriptingExceptionPtr*, bool)
 #27 Coroutine::InvokeMoveNext(ScriptingExceptionPtr*)
 #28 Coroutine::Run(bool*)
 #29 AsyncOperation::InvokeCoroutine()
 #30 UnityWebRequestAsyncOperation::InvokeCoroutine()
 #31 UnityWebRequestProto<UnityWebRequestTransport, AtomicRefCounter, RedirectHelper, ResponseHelper, DownloadHandler, UploadHandler, CertificateHandler, HeaderHelper, AsyncOperation>::Job_InvokeCoroutine(AsyncOperation*)
 #32 BackgroundJobQueue::ExecuteMainThreadJobs()
 #33 InitPlayerLoopCallbacks()::EarlyUpdateExecuteMainThreadJobsRegistrator::Forward()
 #34 ExecutePlayerLoop(NativePlayerLoopSystem*)
 #35 ExecutePlayerLoop(NativePlayerLoopSystem*)
 #36 PlayerLoop()
 #37 EditorPlayerLoop::Execute()
 #38 PlayerLoopController::InternalUpdateScene(bool, bool)
 #39 PlayerLoopController::UpdateSceneIfNeededFromMainLoop()
 #40 Application::TickTimer()
 #41 -[EditorApplication onEditorUpdatesTickTimer]
 #42 __NSFireTimer
 #43 __CFRUNLOOP_IS_CALLING_OUT_TO_A_TIMER_CALLBACK_FUNCTION__
 #44 __CFRunLoopDoTimer
 #45 __CFRunLoopDoTimers
 #46 __CFRunLoopRun
 #47 _CFRunLoopRunSpecificWithOptions
 #48 RunCurrentEventLoopInMode
 #49 ReceiveNextEventCommon
 #50 _BlockUntilNextEventMatchingListInMode
 #51 _DPSBlockUntilNextEventMatchingListInMode
 #52 _DPSNextEvent
 #53 -[NSApplication(NSEventRouting) _nextEventMatchingEventMask:untilDate:inMode:dequeue:]
 #54 -[NSApplication(NSEventRouting) nextEventMatchingMask:untilDate:inMode:dequeue:]
 #55 -[NSApplication run]
 #56 NSApplicationMain
 #57 EditorMain(int, char const**)
 #58 main
 #59 start

BoxCollider does not support negative scale or size.
The effective box size has been forced positive and is likely to give unexpected collision geometry.
If you absolutely need to use negative scaling you can use the convex MeshCollider. Scene hierarchy path "AncientEmpire(Clone)/Main_Scene/SM_Prop_Statue_01 (4)"
 #0 PlatformStacktrace::GetStacktrace(int, StacktraceTypes::LRUCache<void*, StacktraceTypes::LRUValue>*)
 #1 DebugStringToFileExtended(DebugStringToFileData const&)
 #2 LogRepeatingStringWithFlags(core::basic_string<char, core::StringStorageDefault<char>> const&, LogMessageFlags, EntityId)
 #3 PhysicsManager::PrepareSimulation(PhysicsScene*, PhysicsManager::SimulationOption, bool)
 #4 PhysicsManager::Simulate(PhysicsSceneHandle, float, float, PhysicsManager::SimulationStage, PhysicsManager::SimulationOption)
 #5 PhysicsManager::InitializeClass()::FixedUpdatePhysicsFixedUpdateRegistrator::Forward()
 #6 ExecutePlayerLoop(NativePlayerLoopSystem*)
 #7 ExecutePlayerLoop(NativePlayerLoopSystem*)
 #8 PlayerLoop()
 #9 EditorPlayerLoop::Execute()
 #10 PlayerLoopController::InternalUpdateScene(bool, bool)
 #11 PlayerLoopController::UpdateSceneIfNeededFromMainLoop()
 #12 Application::TickTimer()
 #13 -[EditorApplication onEditorUpdatesTickTimer]
 #14 __NSFireTimer
 #15 __CFRUNLOOP_IS_CALLING_OUT_TO_A_TIMER_CALLBACK_FUNCTION__
 #16 __CFRunLoopDoTimer
 #17 __CFRunLoopDoTimers
 #18 __CFRunLoopRun
 #19 _CFRunLoopRunSpecificWithOptions
 #20 RunCurrentEventLoopInMode
 #21 ReceiveNextEventCommon
 #22 _BlockUntilNextEventMatchingListInMode
 #23 _DPSBlockUntilNextEventMatchingListInMode
 #24 _DPSNextEvent
 #25 -[NSApplication(NSEventRouting) _nextEventMatchingEventMask:untilDate:inMode:dequeue:]
 #26 -[NSApplication(NSEventRouting) nextEventMatchingMask:untilDate:inMode:dequeue:]
 #27 -[NSApplication run]
 #28 NSApplicationMain
 #29 EditorMain(int, char const**)
 #30 main
 #31 start

Warning: Annotation not found!
 #0 PlatformStacktrace::GetStacktrace(int, StacktraceTypes::LRUCache<void*, StacktraceTypes::LRUValue>*)
 #1 DebugStringToFile(DebugStringToFileData const&)
 #2 AnnotationManager::SetIconEnabled(Unity::Type const*, core::basic_string<char, core::StringStorageDefault<char>> const&, bool)
 #3 AnnotationUtility_CUSTOM_SetIconEnabled(int, BindingsManagedSpan*, int)
 #4  (Mono JIT Code) (wrapper managed-to-native) UnityEditor.AnnotationUtility:SetIconEnabled_Injected (int,UnityEngine.Bindings.ManagedSpanWrapper&,int)
 #5  (Mono JIT Code) UnityEditor.AnnotationUtility:SetIconEnabled (int,string,int)
 #6  (Mono JIT Code) (wrapper runtime-invoke) <Module>:runtime_invoke_void_int_object_int (object,intptr,intptr,intptr)
 #7 mono_jit_runtime_invoke
 #8 do_runtime_invoke
 #9 mono_runtime_try_invoke_array
 #10 ves_icall_InternalInvoke
 #11 ves_icall_InternalInvoke_raw
 #12  (Mono JIT Code) (wrapper managed-to-native) System.Reflection.RuntimeMethodInfo:InternalInvoke (System.Reflection.RuntimeMethodInfo,object,object[],System.Exception&)
 #13  (Mono JIT Code) System.Reflection.RuntimeMethodInfo:Invoke (object,System.Reflection.BindingFlags,System.Reflection.Binder,object[],System.Globalization.CultureInfo)
 #14  (Mono JIT Code) System.Reflection.MethodBase:Invoke (object,object[])
 #15  (Mono JIT Code) [UCHBExtensions.cs:110] RengeGames.HealthBars.Extensions.UCHBExtensions:SetGizmoIconEnabled (System.Type,bool)
 #16  (Mono JIT Code) [RadialSegmentedHealthBar.cs:304] RengeGames.HealthBars.RadialSegmentedHealthBar:Start ()
 #17  (Mono JIT Code) (wrapper runtime-invoke) object:runtime_invoke_void__this__ (object,intptr,intptr,intptr)
 #18 mono_jit_runtime_invoke
 #19 do_runtime_invoke
 #20 mono_runtime_invoke
 #21 scripting_method_invoke(ScriptingMethodPtr, ScriptingObjectPtr, ScriptingArguments&, ScriptingExceptionPtr*, bool)
 #22 ScriptingInvocation::Invoke(ScriptingExceptionPtr*, bool)
 #23 MonoBehaviour::InvokeMethodOrCoroutineChecked(ScriptingMethodPtr, ScriptingObjectPtr, ScriptingExceptionPtr*)
 #24 MonoBehaviour::InvokeMethodOrCoroutineChecked(ScriptingMethodPtr, ScriptingObjectPtr)
 #25 MonoBehaviour::Start()
 #26 MonoBehaviour::DelayedStartCall(Object*, void*)
 #27 DelayedCallManager::Update(int)
 #28 InitPlayerLoopCallbacks()::UpdateScriptRunDelayedDynamicFrameRateRegistrator::Forward()
 #29 ExecutePlayerLoop(NativePlayerLoopSystem*)
 #30 ExecutePlayerLoop(NativePlayerLoopSystem*)
 #31 PlayerLoop()
 #32 EditorPlayerLoop::Execute()
 #33 PlayerLoopController::InternalUpdateScene(bool, bool)
 #34 PlayerLoopController::UpdateSceneIfNeededFromMainLoop()
 #35 Application::TickTimer()
 #36 -[EditorApplication onEditorUpdatesTickTimer]
 #37 __NSFireTimer
 #38 __CFRUNLOOP_IS_CALLING_OUT_TO_A_TIMER_CALLBACK_FUNCTION__
 #39 __CFRunLoopDoTimer
 #40 __CFRunLoopDoTimers
 #41 __CFRunLoopRun
 #42 _CFRunLoopRunSpecificWithOptions
 #43 RunCurrentEventLoopInMode
 #44 ReceiveNextEventCommon
 #45 _BlockUntilNextEventMatchingListInMode
 #46 _DPSBlockUntilNextEventMatchingListInMode
 #47 _DPSNextEvent
 #48 -[NSApplication(NSEventRouting) _nextEventMatchingEventMask:untilDate:inMode:dequeue:]
 #49 -[NSApplication(NSEventRouting) nextEventMatchingMask:untilDate:inMode:dequeue:]
 #50 -[NSApplication run]
 #51 NSApplicationMain
 #52 EditorMain(int, char const**)
 #53 main
 #54 start

Warning: Annotation not found!
 #0 PlatformStacktrace::GetStacktrace(int, StacktraceTypes::LRUCache<void*, StacktraceTypes::LRUValue>*)
 #1 DebugStringToFile(DebugStringToFileData const&)
 #2 AnnotationManager::SetIconEnabled(Unity::Type const*, core::basic_string<char, core::StringStorageDefault<char>> const&, bool)
 #3 AnnotationUtility_CUSTOM_SetIconEnabled(int, BindingsManagedSpan*, int)
 #4  (Mono JIT Code) (wrapper managed-to-native) UnityEditor.AnnotationUtility:SetIconEnabled_Injected (int,UnityEngine.Bindings.ManagedSpanWrapper&,int)
 #5  (Mono JIT Code) UnityEditor.AnnotationUtility:SetIconEnabled (int,string,int)
 #6  (Mono JIT Code) (wrapper runtime-invoke) <Module>:runtime_invoke_void_int_object_int (object,intptr,intptr,intptr)
 #7 mono_jit_runtime_invoke
 #8 do_runtime_invoke
 #9 mono_runtime_try_invoke_array
 #10 ves_icall_InternalInvoke
 #11 ves_icall_InternalInvoke_raw
 #12  (Mono JIT Code) (wrapper managed-to-native) System.Reflection.RuntimeMethodInfo:InternalInvoke (System.Reflection.RuntimeMethodInfo,object,object[],System.Exception&)
 #13  (Mono JIT Code) System.Reflection.RuntimeMethodInfo:Invoke (object,System.Reflection.BindingFlags,System.Reflection.Binder,object[],System.Globalization.CultureInfo)
 #14  (Mono JIT Code) System.Reflection.MethodBase:Invoke (object,object[])
 #15  (Mono JIT Code) [UCHBExtensions.cs:110] RengeGames.HealthBars.Extensions.UCHBExtensions:SetGizmoIconEnabled (System.Type,bool)
 #16  (Mono JIT Code) [RadialSegmentedHealthBar.cs:307] RengeGames.HealthBars.RadialSegmentedHealthBar:Start ()
 #17  (Mono JIT Code) (wrapper runtime-invoke) object:runtime_invoke_void__this__ (object,intptr,intptr,intptr)
 #18 mono_jit_runtime_invoke
 #19 do_runtime_invoke
 #20 mono_runtime_invoke
 #21 scripting_method_invoke(ScriptingMethodPtr, ScriptingObjectPtr, ScriptingArguments&, ScriptingExceptionPtr*, bool)
 #22 ScriptingInvocation::Invoke(ScriptingExceptionPtr*, bool)
 #23 MonoBehaviour::InvokeMethodOrCoroutineChecked(ScriptingMethodPtr, ScriptingObjectPtr, ScriptingExceptionPtr*)
 #24 MonoBehaviour::InvokeMethodOrCoroutineChecked(ScriptingMethodPtr, ScriptingObjectPtr)
 #25 MonoBehaviour::Start()
 #26 MonoBehaviour::DelayedStartCall(Object*, void*)
 #27 DelayedCallManager::Update(int)
 #28 InitPlayerLoopCallbacks()::UpdateScriptRunDelayedDynamicFrameRateRegistrator::Forward()
 #29 ExecutePlayerLoop(NativePlayerLoopSystem*)
 #30 ExecutePlayerLoop(NativePlayerLoopSystem*)
 #31 PlayerLoop()
 #32 EditorPlayerLoop::Execute()
 #33 PlayerLoopController::InternalUpdateScene(bool, bool)
 #34 PlayerLoopController::UpdateSceneIfNeededFromMainLoop()
 #35 Application::TickTimer()
 #36 -[EditorApplication onEditorUpdatesTickTimer]
 #37 __NSFireTimer
 #38 __CFRUNLOOP_IS_CALLING_OUT_TO_A_TIMER_CALLBACK_FUNCTION__
 #39 __CFRunLoopDoTimer
 #40 __CFRunLoopDoTimers
 #41 __CFRunLoopRun
 #42 _CFRunLoopRunSpecificWithOptions
 #43 RunCurrentEventLoopInMode
 #44 ReceiveNextEventCommon
 #45 _BlockUntilNextEventMatchingListInMode
 #46 _DPSBlockUntilNextEventMatchingListInMode
 #47 _DPSNextEvent
 #48 -[NSApplication(NSEventRouting) _nextEventMatchingEventMask:untilDate:inMode:dequeue:]
 #49 -[NSApplication(NSEventRouting) nextEventMatchingMask:untilDate:inMode:dequeue:]
 #50 -[NSApplication run]
 #51 NSApplicationMain
 #52 EditorMain(int, char const**)
 #53 main
 #54 start

Ignoring depth surface load action as it is memoryless
 #0 PlatformStacktrace::GetStacktrace(int, StacktraceTypes::LRUCache<void*, StacktraceTypes::LRUValue>*)
 #1 DebugStringToFileExtended(DebugStringToFileData const&)
 #2 LogRepeatingStringWithFlags(core::basic_string<char, core::StringStorageDefault<char>> const&, LogMessageFlags, EntityId)
 #3 GraphicsHelper::ValidateMemoryless(GfxRenderTargetSetup&)
 #4 UnitySetRenderTarget
 #5 GfxDeviceMetal::CaptureScreenshot(int, int, int, int, unsigned char*)
 #6 GfxDeviceWorker::RunCommand(ThreadedStreamBuffer&)
 #7 GfxDeviceWorkerAutoreleasePoolProxy
 #8 GfxDeviceWorker::RunExt(ThreadedStreamBuffer&)
 #9 GfxDeviceWorker::RunGfxDeviceWorker(void*)
 #10 Thread::RunThreadWrapper(void*)
 #11 _pthread_start
 #12 thread_start

Ignoring depth surface store action as it is memoryless
 #0 PlatformStacktrace::GetStacktrace(int, StacktraceTypes::LRUCache<void*, StacktraceTypes::LRUValue>*)
 #1 DebugStringToFileExtended(DebugStringToFileData const&)
 #2 LogRepeatingStringWithFlags(core::basic_string<char, core::StringStorageDefault<char>> const&, LogMessageFlags, EntityId)
 #3 GraphicsHelper::ValidateMemoryless(GfxRenderTargetSetup&)
 #4 UnitySetRenderTarget
 #5 GfxDeviceMetal::CaptureScreenshot(int, int, int, int, unsigned char*)
 #6 GfxDeviceWorker::RunCommand(ThreadedStreamBuffer&)
 #7 GfxDeviceWorkerAutoreleasePoolProxy
 #8 GfxDeviceWorker::RunExt(ThreadedStreamBuffer&)
 #9 GfxDeviceWorker::RunGfxDeviceWorker(void*)
 #10 Thread::RunThreadWrapper(void*)
 #11 _pthread_start
 #12 thread_start

[UILiveReview] INCOMPLETE/FAIL: /Users/daisei/PocketStriker/output/appstore-video-20261008/recording-1/report.json
 #0 PlatformStacktrace::GetStacktrace(int, StacktraceTypes::LRUCache<void*, StacktraceTypes::LRUValue>*)
 #1 DebugStringToFileExtended(DebugStringToFileData const&)
 #2 DebugLogHandler_CUSTOM_Internal_Log(LogType, LogOption, BindingsManagedSpan*, void*)
 #3  (Mono JIT Code) (wrapper managed-to-native) UnityEngine.DebugLogHandler:Internal_Log_Injected (UnityEngine.LogType,UnityEngine.LogOption,UnityEngine.Bindings.ManagedSpanWrapper&,intptr)
 #4  (Mono JIT Code) UnityEngine.DebugLogHandler:Internal_Log (UnityEngine.LogType,UnityEngine.LogOption,string,UnityEngine.Object)
 #5  (Mono JIT Code) [DebugLogHandler.cs:10] UnityEngine.DebugLogHandler:LogFormat (UnityEngine.LogType,UnityEngine.Object,string,object[])
 #6  (Mono JIT Code) [Logger.cs:61] UnityEngine.Logger:Log (UnityEngine.LogType,object)
 #7  (Mono JIT Code) [Debug.bindings.cs:123] UnityEngine.Debug:Log (object)
 #8  (Mono JIT Code) [PocketStrikerUILiveReview.cs:814] PocketStrikerUILiveReview:Finish (string)
 #9  (Mono JIT Code) [PocketStrikerUILiveReview.StoreVideoFlow.cs:65] PocketStrikerUILiveReview/<StoreVideoRun>d__58:MoveNext ()
 #10  (Mono JIT Code) [StateMachineRunner.cs:190] Cysharp.Threading.Tasks.CompilerServices.AsyncUniTask`1<PocketStrikerUILiveReview/<StoreVideoRun>d__58>:Run ()
 #11  (Mono JIT Code) [UniTask.cs:25] Cysharp.Threading.Tasks.AwaiterActions:Continuation (object)
 #12  (Mono JIT Code) [UniTaskCompletionSource.cs:139] Cysharp.Threading.Tasks.UniTaskCompletionSourceCore`1<Cysharp.Threading.Tasks.AsyncUnit>:TrySetResult (Cysharp.Threading.Tasks.AsyncUnit)
 #13  (Mono JIT Code) [StateMachineRunner.cs:205] Cysharp.Threading.Tasks.CompilerServices.AsyncUniTask`1<PocketStrikerUILiveReview/<Check>d__131>:SetResult ()
 #14  (Mono JIT Code) [PocketStrikerUILiveReview.cs:562] PocketStrikerUILiveReview/<Check>d__131:MoveNext ()
 #15  (Mono JIT Code) [StateMachineRunner.cs:190] Cysharp.Threading.Tasks.CompilerServices.AsyncUniTask`1<PocketStrikerUILiveReview/<Check>d__131>:Run ()
 #16  (Mono JIT Code) [UniTask.cs:25] Cysharp.Threading.Tasks.AwaiterActions:Continuation (object)
 #17  (Mono JIT Code) [UniTaskCompletionSource.cs:139] Cysharp.Threading.Tasks.UniTaskCompletionSourceCore`1<Cysharp.Threading.Tasks.AsyncUnit>:TrySetResult (Cysharp.Threading.Tasks.AsyncUnit)
 #18  (Mono JIT Code) [StateMachineRunner.cs:205] Cysharp.Threading.Tasks.CompilerServices.AsyncUniTask`1<PocketStrikerUILiveReview/<Screenshot>d__151>:SetResult ()
 #19  (Mono JIT Code) [PocketStrikerUILiveReview.cs:769] PocketStrikerUILiveReview/<Screenshot>d__151:MoveNext ()
 #20  (Mono JIT Code) [StateMachineRunner.cs:190] Cysharp.Threading.Tasks.CompilerServices.AsyncUniTask`1<PocketStrikerUILiveReview/<Screenshot>d__151>:Run ()
 #21  (Mono JIT Code) [UniTask.cs:25] Cysharp.Threading.Tasks.AwaiterActions:Continuation (object)
 #22  (Mono JIT Code) [UniTaskCompletionSource.cs:139] Cysharp.Threading.Tasks.UniTaskCompletionSourceCore`1<Cysharp.Threading.Tasks.AsyncUnit>:TrySetResult (Cysharp.Threading.Tasks.AsyncUnit)
 #23  (Mono JIT Code) [StateMachineRunner.cs:205] Cysharp.Threading.Tasks.CompilerServices.AsyncUniTask`1<PocketStrikerUILiveReview/<Wait>d__150>:SetResult ()
 #24  (Mono JIT Code) [PocketStrikerUILiveReview.cs:701] PocketStrikerUILiveReview/<Wait>d__150:MoveNext ()
 #25  (Mono JIT Code) [StateMachineRunner.cs:190] Cysharp.Threading.Tasks.CompilerServices.AsyncUniTask`1<PocketStrikerUILiveReview/<Wait>d__150>:Run ()
 #26  (Mono JIT Code) [UniTask.cs:25] Cysharp.Threading.Tasks.AwaiterActions:Continuation (object)
 #27  (Mono JIT Code) [UniTaskCompletionSource.cs:139] Cysharp.Threading.Tasks.UniTaskCompletionSourceCore`1<Cysharp.Threading.Tasks.AsyncUnit>:TrySetResult (Cysharp.Threading.Tasks.AsyncUnit)
 #28  (Mono JIT Code) [UniTask.Delay.cs:1070] Cysharp.Threading.Tasks.UniTask/DelayRealtimePromise:MoveNext ()
 #29  (Mono JIT Code) [PlayerLoopRunner.cs:175] Cysharp.Threading.Tasks.Internal.PlayerLoopRunner:RunCore ()
 #30  (Mono JIT Code) [PlayerLoopRunner.cs:145] Cysharp.Threading.Tasks.Internal.PlayerLoopRunner:Update ()
 #31  (Mono JIT Code) [PlayerLoopRunner.cs:105] Cysharp.Threading.Tasks.Internal.PlayerLoopRunner:Run ()
 #32  (Mono JIT Code) (wrapper runtime-invoke) object:runtime_invoke_void__this__ (object,intptr,intptr,intptr)
 #33 mono_jit_runtime_invoke
 #34 do_runtime_invoke
 #35 mono_runtime_invoke
 #36 scripting_method_invoke(ScriptingMethodPtr, ScriptingObjectPtr, ScriptingArguments&, ScriptingExceptionPtr*, bool)
 #37 ScriptingInvocation::Invoke(ScriptingExceptionPtr*, bool)
 #38 ExecutePlayerLoop(NativePlayerLoopSystem*)
 #39 ExecutePlayerLoop(NativePlayerLoopSystem*)
 #40 PlayerLoop()
 #41 EditorPlayerLoop::Execute()
 #42 PlayerLoopController::InternalUpdateScene(bool, bool)
 #43 PlayerLoopController::UpdateSceneIfNeededFromMainLoop()
 #44 Application::TickTimer()
 #45 -[EditorApplication onEditorUpdatesTickTimer]
 #46 __NSFireTimer
 #47 __CFRUNLOOP_IS_CALLING_OUT_TO_A_TIMER_CALLBACK_FUNCTION__
 #48 __CFRunLoopDoTimer
 #49 __CFRunLoopDoTimers
 #50 __CFRunLoopRun
 #51 _CFRunLoopRunSpecificWithOptions
 #52 RunCurrentEventLoopInMode
 #53 ReceiveNextEventCommon
 #54 _BlockUntilNextEventMatchingListInMode
 #55 _DPSBlockUntilNextEventMatchingListInMode
 #56 _DPSNextEvent
 #57 -[NSApplication(NSEventRouting) _nextEventMatchingEventMask:untilDate:inMode:dequeue:]
 #58 -[NSApplication(NSEventRouting) nextEventMatchingMask:untilDate:inMode:dequeue:]
 #59 -[NSApplication run]
 #60 NSApplicationMain
 #61 EditorMain(int, char const**)
 #62 main
 #63 start

Thread 0x30a6ab000 may have been prematurely finalized
LightingSettings: switching bake backend from 2 to 1.
Unloading 418 Unused Serialized files (Serialized files now loaded: 0)
Loaded scene 'Temp/__Backupscenes/0.backup'
	Deserialize:            17.644 ms
	Integration:            168.326 ms
	Integration of assets:  2.734 ms
	Thread Wait Time:       0.016 ms
	Total Operation Time:   188.720 ms
Unloading 19679 unused Assets / (315.9 MB). Loaded Objects now: 13528.
Memory consumption went from 2.44 GB to 2.13 GB.
Total: 37.643708 ms (FindLiveObjects: 0.629125 ms CreateObjectMapping: 3.320334 ms MarkObjects: 18.217333 ms  DeleteObjects: 15.476375 ms)

MonoPathRemapper: Attempts to remap: 92865; Successful remaps: 798
Thread 0x3708c7000 may have been prematurely finalized
Serialized file version minimum: 22, current 23
[LAYOUT] About to save layout /private/tmp/pocketstriker-video-20261008/project/UserSettings/Layouts/default-6000.dwlt
[LAYOUT] About to save layout /Users/daisei/Library/Preferences/Unity/Editor-5.x/Layouts/current/default-6000.dwlt
Killing ADB server in 0.043197 seconds.
AcceleratorClientConnectionCallback - disconnected - :0
Importing 'GUID: 0000000000000000c000000000000000 - Path: ProjectSettings/EditorSettings.asset' with importer (LibraryAssetImporter)
Imported 'GUID: 0000000000000000c000000000000000' -> (Import Result ID: '33968acecafd9dfb27c0eba3b44ca008') in 0.001 seconds [static dependencies only]. Details - ImportResultOutputID=fc08cc28cef36a03227c22ef67b54535 DependenciesID=d65bcfb8661897ccf25445554e11b56b StaticDependenciesID=e035e060baadae6abf5a3e3a7b4d2f06 
Importing 'GUID: 96e9a6f903a434be1b09ae3247018712 - Path: Assets/OrganizedResources/InUse/D_Asset/OrangedKeys/TitleFX/Materials/VA/GO.mat' with importer (NativeFormatImporter)
Imported 'GUID: 96e9a6f903a434be1b09ae3247018712' -> (Import Result ID: 'cdc8ca1b8f446c62758a551e52af2e3f') in 0.001 seconds [static dependencies only]. Details - ImportResultOutputID=cae3f430ed2fdc15742fd1f5f3ac4700 DependenciesID=7b06236943167a8c8957ec63ff243c47 StaticDependenciesID=894c197ef140bdb8347edf51bfdfa2da 
Importing 'GUID: b830a06ae6b7a4b94bed70fff7492e05 - Path: Assets/OrganizedResources/InUse/D_Asset/OrangedKeys/TitleFX/Materials/VA/ready.mat' with importer (NativeFormatImporter)
Imported 'GUID: b830a06ae6b7a4b94bed70fff7492e05' -> (Import Result ID: '5ab43a7b3d132d70e9935913bc1c5138') in 0.000 seconds [static dependencies only]. Details - ImportResultOutputID=31f77f5ba8fbceb87713d3cbadf7842c DependenciesID=cb76d1b428a97b98fa22a7abdc8746f9 StaticDependenciesID=8ccb9b0792a98b095efcc6a91ad5acd1 
Importing 'GUID: b669daab31cd44e78a6a759f8ca01044 - Path: Assets/Resources/DOTweenSettings.asset' with importer (NativeFormatImporter)
Imported 'GUID: b669daab31cd44e78a6a759f8ca01044' -> (Import Result ID: 'cede41d7171d1803b9d934ac81c64f78') in 0.000 seconds [static dependencies only]. Details - ImportResultOutputID=6135d2e9daa93442e467e8cd5c0d208f DependenciesID=3b9695bc6d644b582973629774537bbd StaticDependenciesID=8fc77b6df9ea22f0a0282a8c847b2510 
Refreshing native plugins compatible for Editor in 3.51 ms, found 6 plugins.
Asset Pipeline Refresh (id=d03c362221d644d3489baab4a2b58d29): Total: 0.138 seconds - Initiated by StopAssetImportingV2(NoUpdateAssetOptions)
Thread 0x3eeec7000 may have been prematurely finalized
MSBuild サーバー をシャットダウンしています...
VB/C# コンパイラ サーバー をシャットダウンしています...
Input System module state changed to: ShutdownInProgress.
Input Polling Thread exited.
Input System module state changed to: Shutdown.
VB/C# コンパイラ サーバー は正常にシャットダウンしました。
MSBuild サーバー は正常にシャットダウンしました。
[Logcat] [WorkThread] 14:10:03.0812 Worker thread exited
[Logcat] [MainThread]14:10:03.0813 Dispatcher shutting down
[Physics::Module] Cleanup current backend.
[Physics::Module] Id: 0xf2b8ea05
[Licensing::IpcConnector] LicenseClient-daisei-notifications channel disconnected successfully.
[Licensing::IpcConnector] LicenseClient-daisei channel disconnected successfully.
Thread 0x16c0c7000 may have been prematurely finalized
Thread 0x16c153000 may have been prematurely finalized
Thread 0x16c1df000 may have been prematurely finalized
Thread 0x16c26b000 may have been prematurely finalized
Thread 0x16c2f7000 may have been prematurely finalized
Thread 0x16c383000 may have been prematurely finalized
Thread 0x16c40f000 may have been prematurely finalized
Thread 0x16c49b000 may have been prematurely finalized
Thread 0x16c527000 may have been prematurely finalized
AcceleratorClientConnectionCallback - disconnected - :0
Thread 0x303113000 may have been prematurely finalized
info: Microsoft.Hosting.Lifetime[0]
      Application is shutting down...
Cleanup mono
CodeReloadManager destroyed
info: Unity.ILPP.Runner.PostProcessingAssemblyLoadContext[0]
      ALC ILPP context 1 is unloading
debugger-agent: Unable to listen on 38
[usbmuxd] Stop listen thread
[usbmuxd] Error: 
[usbmuxd] Listen thread exiting
