Unity Editor version:    6000.5.1f1 (0d9463e84828)
Branch:                  6000.5/staging
Build type:              Release
Batch mode:              NO
macOS version:           Version 26.6.2 (Build 25G83)
Darwin version:          25.6.0
Architecture:            arm64
Running under Rosetta:   NO
Available memory:        32768 MB
Date:                    2026-10-08T05:12:33Z
[Licensing::Module] Trying to connect to existing licensing client channel...
[Licensing::IpcConnector] Successfully connected to: "LicenseClient-daisei" at "2026-10-08T05:12:33.849182Z"
Launching external process: /Applications/Unity/Hub/Editor/6000.5.1f1/Unity.app/Contents/Helpers/PackageManager/Server/UnityPackageManager

COMMAND LINE ARGUMENTS:
/Applications/Unity/Hub/Editor/6000.5.1f1/Unity.app/Contents/MacOS/Unity
-projectPath
/tmp/pocketstriker-video-20261008/project
-buildTarget
iOS
-executeMethod
PocketStrikerUILiveReview.StartStoreCapture
-logFile
/Users/daisei/PocketStriker/output/appstore-video-20261008/recording-2-editor.log
Successfully changed project path to: /tmp/pocketstriker-video-20261008/project
/private/tmp/pocketstriker-video-20261008/project
[UnityMemory] Configuration Parameters - Can be set up in boot.config
    "memorysetup-temp-allocator-size-gi-baking-worker=262144"
    "memorysetup-temp-allocator-size-gi-baking-worker=262144"
    "memorysetup-temp-allocator-size-gi-baking-worker=262144"
    "memorysetup-temp-allocator-size-gi-baking-worker=262144"
    "memorysetup-temp-allocator-size-gi-baking-worker=262144"
    "memorysetup-temp-allocator-size-nav-mesh-worker=65536"
    "memorysetup-temp-allocator-size-audio-worker=65536"
    "memorysetup-temp-allocator-size-cloud-worker=32768"
    "memorysetup-allocator-temp-initial-block-size-main=262144"
    "memorysetup-allocator-temp-initial-block-size-worker=262144"
    "memorysetup-temp-allocator-size-preload-manager=33554432"
    "memorysetup-temp-allocator-size-gfx=262144"
    "memorysetup-temp-allocator-size-background-worker=32768"
    "memorysetup-temp-allocator-size-job-worker=262144"
    "memorysetup-bucket-allocator-granularity=16"
    "memorysetup-bucket-allocator-bucket-count=8"
    "memorysetup-bucket-allocator-block-size=33554432"
    "memorysetup-bucket-allocator-block-count=8"
    "memorysetup-main-allocator-block-size=16777216"
    "memorysetup-thread-allocator-block-size=16777216"
    "memorysetup-main-allocator-mimalloc-enabled=0"
    "memorysetup-gfx-main-allocator-block-size=16777216"
    "memorysetup-gfx-thread-allocator-block-size=16777216"
    "memorysetup-cache-allocator-block-size=4194304"
    "memorysetup-typetree-allocator-block-size=2097152"
    "memorysetup-profiler-bucket-allocator-granularity=16"
    "memorysetup-profiler-bucket-allocator-bucket-count=8"
    "memorysetup-profiler-bucket-allocator-block-size=33554432"
    "memorysetup-profiler-bucket-allocator-block-count=8"
    "memorysetup-profiler-allocator-block-size=16777216"
    "memorysetup-profiler-editor-allocator-block-size=1048576"
    "memorysetup-temp-allocator-size-main=16777216"
    "memorysetup-job-temp-allocator-block-size=2097152"
    "memorysetup-job-temp-allocator-block-size-background=1048576"
    "memorysetup-job-temp-allocator-reduction-small-platforms=262144"
Logging is directed to a specific file, skipping project log.Player connection [8312807808]  Target information:

Player connection [8312807808]  * "[IP] 192.168.1.209 [Port] 55504 [Flags] 2 [Guid] 3135731767 [EditorId] 3135731767 [Version] 1048832 [Id] OSXEditor(0,Daiseis-MacBook-Air.local) [Debug] 1 [PackageName] OSXEditor [ProjectName] Editor" 

Player connection [8312807808]  * "[IP] 169.254.47.141 [Port] 55504 [Flags] 2 [Guid] 3135731767 [EditorId] 3135731767 [Version] 1048832 [Id] OSXEditor(0,Daiseis-MacBook-Air.local) [Debug] 1 [PackageName] OSXEditor [ProjectName] Editor" 

Player connection [8312807808] Host joined multi-casting on [225.0.0.222:54997]...
Player connection [8312807808] Host joined alternative multi-casting on [225.0.0.222:34997]...
Input System module state changed to: Initialized.
[Physics::Module] Initialized fallback backend.
[Physics::Module] Id: 0xdecafbad
[Package Manager] Connected to IPC stream "Upm-88095" after 0.0 seconds.
[Licensing::Module] Licensing is not yet initialized.
[Licensing::Client] Handshaking with LicensingClient:
  Version:                 1.18.3+d7ffd15
  Session Id:              eb9705b56fc742fd879a2677c58d9b0c
  Correlation Id:          d37d87a4ed43d634ef8cd825141fbeda
  External correlation Id: 2206856389738912540
  Machine Id:              BXCzmk3ymjXmBf9UUvrWPnYDRY0=
[Licensing::Module] Successfully connected to LicensingClient on channel: "LicenseClient-daisei" (connect: 0.00s, validation: 0.00s, handshake: 0.25s)
[Licensing::IpcConnector] Successfully connected to: "LicenseClient-daisei-notifications" at "2026-10-08T05:12:34.102216Z"
[Licensing::Module] Error: Access token is unavailable; failed to update
[Licensing::Client] Successfully resolved entitlement details
[Licensing::Module] License group:
  Id: 2300757-UnityPersXXXX
  Product: Unity Personal
  Type: Assigned
  Expiration: Unlimited
[Licensing::Client] Successfully updated license, isAsync: True, time: 0.00
[Licensing::Client] Successfully resolved entitlement details
[Licensing::Module] Licensing Background thread has ended after 0.25s
[Licensing::Module] Licensing is initialized (took 0.02s).
[Licensing::Client] Successfully resolved entitlement details
Library Redirect Path: Library/
[Physics::Module] Selected backend.
[Physics::Module] Name: PhysX
[Physics::Module] Id: 0xf2b8ea05
[Physics::Module] SDK Version: 4.1.2
[Physics::Module] Integration Version: 1.0.0
[Physics::Module] Threading Mode: Multi-Threaded
[Licensing::Client] Successfully resolved entitlement details
Targeting platform: iOS
Refreshing native plugins compatible for Editor in 3.54 ms, found 1 plugins.
Initialize engine version: 6000.5.1f1 (0d9463e84828)
[Subsystems] Discovering subsystems at path /Applications/Unity/Hub/Editor/6000.5.1f1/Unity.app/Contents/Resources/UnitySubsystems
[Subsystems] Discovering subsystems at path /private/tmp/pocketstriker-video-20261008/project/Assets
GfxDevice: creating device client; kGfxThreadingModeThreaded
 preferred device: Apple M5 (high power)
Metal devices available: 1
0: Apple M5 (high power)
Using device Apple M5 (high power)
Initializing Metal device caps: Apple M5
Mac GPU Family: 2
Apple GPU Family: 9
MSL Version: 3.0
Has Float MSAA: 1
Has Float Filtering: 1
ReadWrite Texture Tier: 2
Shader 'SyntyStudios/SkyboxUnlit': fallback shader 'wiiu' not found
Shader 'SyntyStudios/TriplanarBasic': fallback shader 'wiiu' not found
Shader 'SyntyStudios/Basic_LOD_Shader': fallback shader 'wiiu' not found
Shader 'SyntyStudios/CloudShader': fallback shader 'wiiu' not found
Shader 'SyntyStudios/CloudShaderNoFog': fallback shader 'wiiu' not found
Shader 'SyntyStudios/SkyboxUnlitNoFog': fallback shader 'wiiu' not found
Initialize mono
Mono path[0] = '/Applications/Unity/Hub/Editor/6000.5.1f1/Unity.app/Contents/Resources/Scripting/Managed'
Mono path[1] = '/Applications/Unity/Hub/Editor/6000.5.1f1/Unity.app/Contents/Resources/Scripting/BCLExtensions/runtime/netstandard2.1'
Mono path[2] = '/Applications/Unity/Hub/Editor/6000.5.1f1/Unity.app/Contents/Resources/Scripting/MonoBleedingEdge/lib/mono/unityjit-macos'
Mono config path = '/Applications/Unity/Hub/Editor/6000.5.1f1/Unity.app/Contents/Resources/Scripting/MonoBleedingEdge/etc'
Using monoOptions --debugger-agent=transport=dt_socket,embedding=1,server=y,suspend=n,address=127.0.0.1:56095
CodeReloadManager initialized
ImportWorker Server TCP listen port: 0
AcceleratorClientConnectionCallback - disconnected - :0
Begin MonoManager ReloadAssembly
Registering precompiled unity dll's ...
Register platform support module: /Applications/Unity/Hub/Editor/6000.5.1f1/PlaybackEngines/MacStandaloneSupport/UnityEditor.OSXStandalone.Extensions.dll
[Licensing::Client] Successfully resolved entitlement details
Register platform support module: /Applications/Unity/Hub/Editor/6000.5.1f1/PlaybackEngines/AndroidPlayer/UnityEditor.Android.Extensions.dll
Register platform support module: /Applications/Unity/Hub/Editor/6000.5.1f1/PlaybackEngines/iOSSupport/UnityEditor.iOS.Extensions.dll
Registered in 0.001609 seconds.
[usbmuxd] Start listen thread
[usbmuxd] Listen thread started
[usbmuxd] Send listen message
Native extension for iOS target not found
[usbmuxd] Attached: 4 00008160-000905E801E00036
Native extension for Android target not found
Native extension for OSXStandalone target not found
Package Manager log level set to [2]
ScheduleIndexationOnStartup MainProcess:False IndexOnStartup:True
Mono: successfully reloaded assembly
- Finished resetting the current domain, in  0.244 seconds
Domain Reload Profiling: 467ms
	BeginReloadAssembly (62ms)
		CreateAndSetChildDomain (12ms)
	RebuildNativeTypeToScriptingClass (7ms)
	initialDomainReloadingComplete (23ms)
	LoadAllAssembliesAndSetupDomain (128ms)
		LoadAssemblies (50ms)
		AnalyzeDomain (96ms)
			TypeCache.Refresh (96ms)
				TypeCache.ScanAssembly (89ms)
	FinalizeReload (246ms)
		SetupLoadedEditorAssemblies (0ms)
			InitializePlatformSupportModulesInManaged (76ms)
			BeforeProcessingInitializeOnLoad (37ms)
			ProcessInitializeOnLoadAttributes (44ms)
			ProcessInitializeOnLoadMethodAttributes (47ms)
[Licensing::Client] Successfully resolved entitlement details
[Licensing::Client] Successfully resolved entitlement details
Application.AssetDatabase Initial Refresh Start
[Package Manager] Restoring resolved packages state from cache
[Licensing::Client] Successfully resolved entitlement details
[Package Manager] Registered 72 packages:
  Packages from [https://packages.unity.com]:
    com.unity.addressables@2.9.1 (location: /private/tmp/pocketstriker-video-20261008/project/Library/PackageCache/com.unity.addressables@8460f1c9c927)
    com.unity.burst@1.8.30 (location: /private/tmp/pocketstriker-video-20261008/project/Library/PackageCache/com.unity.burst@2f3d916873ea)
    com.unity.collab-proxy@2.12.4 (location: /private/tmp/pocketstriker-video-20261008/project/Library/PackageCache/com.unity.collab-proxy@0b1559bcd34e)
    com.unity.ide.rider@3.0.40 (location: /private/tmp/pocketstriker-video-20261008/project/Library/PackageCache/com.unity.ide.rider@e4950c6d131b)
    com.unity.inputsystem@1.20.0 (location: /private/tmp/pocketstriker-video-20261008/project/Library/PackageCache/com.unity.inputsystem@7a4e1a2a8194)
    com.unity.localization@1.5.13 (location: /private/tmp/pocketstriker-video-20261008/project/Library/PackageCache/com.unity.localization@ef5a0677859d)
    com.unity.mobile.android-logcat@1.4.7 (location: /private/tmp/pocketstriker-video-20261008/project/Library/PackageCache/com.unity.mobile.android-logcat@a8a404f035b3)
    com.unity.project-auditor-rules@1.0.3 (location: /private/tmp/pocketstriker-video-20261008/project/Library/PackageCache/com.unity.project-auditor-rules@1fa74fdf90ed)
    com.unity.purchasing@5.4.3 (location: /private/tmp/pocketstriker-video-20261008/project/Library/PackageCache/com.unity.purchasing@c771cfd27c96)
    com.unity.recorder@5.1.7 (location: /private/tmp/pocketstriker-video-20261008/project/Library/PackageCache/com.unity.recorder@0b23bb7a1fb4)
    com.unity.timeline@1.8.12 (location: /private/tmp/pocketstriker-video-20261008/project/Library/PackageCache/com.unity.timeline@8cd8509afae5)
    com.unity.bindings.openimageio@1.0.2 (location: /private/tmp/pocketstriker-video-20261008/project/Library/PackageCache/com.unity.bindings.openimageio@94e2abc0bc65)
    com.unity.services.core@1.18.0 (location: /private/tmp/pocketstriker-video-20261008/project/Library/PackageCache/com.unity.services.core@3464cb68d709)
    com.unity.nuget.newtonsoft-json@3.2.2 (location: /private/tmp/pocketstriker-video-20261008/project/Library/PackageCache/com.unity.nuget.newtonsoft-json@4dfd81071c64)
    com.unity.nuget.mono-cecil@1.11.6 (location: /private/tmp/pocketstriker-video-20261008/project/Library/PackageCache/com.unity.nuget.mono-cecil@ecb9724e46ff)
    com.unity.test-framework.performance@3.5.0 (location: /private/tmp/pocketstriker-video-20261008/project/Library/PackageCache/com.unity.test-framework.performance@8b56083ec0f0)
    com.unity.profiling.core@1.0.3 (location: /private/tmp/pocketstriker-video-20261008/project/Library/PackageCache/com.unity.profiling.core@8a49f7027d06)
    com.unity.scriptablebuildpipeline@2.6.1 (location: /private/tmp/pocketstriker-video-20261008/project/Library/PackageCache/com.unity.scriptablebuildpipeline@36e3b5898ee2)
    com.unity.searcher@4.9.4 (location: /private/tmp/pocketstriker-video-20261008/project/Library/PackageCache/com.unity.searcher@d45a78918735)
  Built-in packages:
    com.unity.adaptiveperformance@6.0.0 (location: /private/tmp/pocketstriker-video-20261008/project/Library/PackageCache/com.unity.adaptiveperformance@4516fc1e899a)
    com.unity.collections@6.5.0 (location: /private/tmp/pocketstriker-video-20261008/project/Library/PackageCache/com.unity.collections@a43cabe808ca)
    com.unity.mathematics@1.4.0 (location: /private/tmp/pocketstriker-video-20261008/project/Library/PackageCache/com.unity.mathematics@981956d94fb6)
    com.unity.multiplayer.center@1.0.1 (location: /private/tmp/pocketstriker-video-20261008/project/Library/PackageCache/com.unity.multiplayer.center@b860850997d0)
    com.unity.render-pipelines.universal@17.5.0 (location: /private/tmp/pocketstriker-video-20261008/project/Library/PackageCache/com.unity.render-pipelines.universal@be00b5bbd9a1)
    com.unity.test-framework@1.7.0 (location: /private/tmp/pocketstriker-video-20261008/project/Library/PackageCache/com.unity.test-framework@f3e6c9a02477)
    com.unity.ugui@2.5.0 (location: /private/tmp/pocketstriker-video-20261008/project/Library/PackageCache/com.unity.ugui@4f9b15fd1386)
    com.unity.modules.accessibility@1.0.0 (location: /private/tmp/pocketstriker-video-20261008/project/Library/PackageCache/com.unity.modules.accessibility)
    com.unity.modules.adaptiveperformance@1.0.0 (location: /private/tmp/pocketstriker-video-20261008/project/Library/PackageCache/com.unity.modules.adaptiveperformance)
    com.unity.modules.ai@1.0.0 (location: /private/tmp/pocketstriker-video-20261008/project/Library/PackageCache/com.unity.modules.ai)
    com.unity.modules.androidjni@1.0.0 (location: /private/tmp/pocketstriker-video-20261008/project/Library/PackageCache/com.unity.modules.androidjni)
    com.unity.modules.animation@1.0.0 (location: /private/tmp/pocketstriker-video-20261008/project/Library/PackageCache/com.unity.modules.animation)
    com.unity.modules.assetbundle@1.0.0 (location: /private/tmp/pocketstriker-video-20261008/project/Library/PackageCache/com.unity.modules.assetbundle)
    com.unity.modules.audio@1.0.0 (location: /private/tmp/pocketstriker-video-20261008/project/Library/PackageCache/com.unity.modules.audio)
    com.unity.modules.cloth@1.0.0 (location: /private/tmp/pocketstriker-video-20261008/project/Library/PackageCache/com.unity.modules.cloth)
    com.unity.modules.director@1.0.0 (location: /private/tmp/pocketstriker-video-20261008/project/Library/PackageCache/com.unity.modules.director)
    com.unity.modules.imageconversion@1.0.0 (location: /private/tmp/pocketstriker-video-20261008/project/Library/PackageCache/com.unity.modules.imageconversion)
    com.unity.modules.imgui@1.0.0 (location: /private/tmp/pocketstriker-video-20261008/project/Library/PackageCache/com.unity.modules.imgui)
    com.unity.modules.jsonserialize@1.0.0 (location: /private/tmp/pocketstriker-video-20261008/project/Library/PackageCache/com.unity.modules.jsonserialize)
    com.unity.modules.particlesystem@1.0.0 (location: /private/tmp/pocketstriker-video-20261008/project/Library/PackageCache/com.unity.modules.particlesystem)
    com.unity.modules.physics@1.0.0 (location: /private/tmp/pocketstriker-video-20261008/project/Library/PackageCache/com.unity.modules.physics)
    com.unity.modules.physics2d@1.0.0 (location: /private/tmp/pocketstriker-video-20261008/project/Library/PackageCache/com.unity.modules.physics2d)
    com.unity.modules.physicscore2d@1.0.0 (location: /private/tmp/pocketstriker-video-20261008/project/Library/PackageCache/com.unity.modules.physicscore2d)
    com.unity.modules.screencapture@1.0.0 (location: /private/tmp/pocketstriker-video-20261008/project/Library/PackageCache/com.unity.modules.screencapture)
    com.unity.modules.terrain@1.0.0 (location: /private/tmp/pocketstriker-video-20261008/project/Library/PackageCache/com.unity.modules.terrain)
    com.unity.modules.terrainphysics@1.0.0 (location: /private/tmp/pocketstriker-video-20261008/project/Library/PackageCache/com.unity.modules.terrainphysics)
    com.unity.modules.tilemap@1.0.0 (location: /private/tmp/pocketstriker-video-20261008/project/Library/PackageCache/com.unity.modules.tilemap)
    com.unity.modules.ui@1.0.0 (location: /private/tmp/pocketstriker-video-20261008/project/Library/PackageCache/com.unity.modules.ui)
    com.unity.modules.uielements@1.0.0 (location: /private/tmp/pocketstriker-video-20261008/project/Library/PackageCache/com.unity.modules.uielements)
    com.unity.modules.umbra@1.0.0 (location: /private/tmp/pocketstriker-video-20261008/project/Library/PackageCache/com.unity.modules.umbra)
    com.unity.modules.unityanalytics@1.0.0 (location: /private/tmp/pocketstriker-video-20261008/project/Library/PackageCache/com.unity.modules.unityanalytics)
    com.unity.modules.unitywebrequest@1.0.0 (location: /private/tmp/pocketstriker-video-20261008/project/Library/PackageCache/com.unity.modules.unitywebrequest)
    com.unity.modules.unitywebrequestassetbundle@1.0.0 (location: /private/tmp/pocketstriker-video-20261008/project/Library/PackageCache/com.unity.modules.unitywebrequestassetbundle)
    com.unity.modules.unitywebrequestaudio@1.0.0 (location: /private/tmp/pocketstriker-video-20261008/project/Library/PackageCache/com.unity.modules.unitywebrequestaudio)
    com.unity.modules.unitywebrequesttexture@1.0.0 (location: /private/tmp/pocketstriker-video-20261008/project/Library/PackageCache/com.unity.modules.unitywebrequesttexture)
    com.unity.modules.unitywebrequestwww@1.0.0 (location: /private/tmp/pocketstriker-video-20261008/project/Library/PackageCache/com.unity.modules.unitywebrequestwww)
    com.unity.modules.vectorgraphics@1.0.0 (location: /private/tmp/pocketstriker-video-20261008/project/Library/PackageCache/com.unity.modules.vectorgraphics)
    com.unity.modules.vehicles@1.0.0 (location: /private/tmp/pocketstriker-video-20261008/project/Library/PackageCache/com.unity.modules.vehicles)
    com.unity.modules.video@1.0.0 (location: /private/tmp/pocketstriker-video-20261008/project/Library/PackageCache/com.unity.modules.video)
    com.unity.modules.wind@1.0.0 (location: /private/tmp/pocketstriker-video-20261008/project/Library/PackageCache/com.unity.modules.wind)
    com.unity.modules.xr@1.0.0 (location: /private/tmp/pocketstriker-video-20261008/project/Library/PackageCache/com.unity.modules.xr)
    com.unity.modules.subsystems@1.0.0 (location: /private/tmp/pocketstriker-video-20261008/project/Library/PackageCache/com.unity.modules.subsystems)
    com.unity.modules.hierarchycore@1.0.0 (location: /private/tmp/pocketstriker-video-20261008/project/Library/PackageCache/com.unity.modules.hierarchycore)
    com.unity.ext.nunit@2.1.0 (location: /private/tmp/pocketstriker-video-20261008/project/Library/PackageCache/com.unity.ext.nunit@44f7d31723bd)
    com.unity.render-pipelines.core@17.5.0 (location: /private/tmp/pocketstriker-video-20261008/project/Library/PackageCache/com.unity.render-pipelines.core@d7ce3ed2cd80)
    com.unity.shadergraph@17.5.0 (location: /private/tmp/pocketstriker-video-20261008/project/Library/PackageCache/com.unity.shadergraph@2df19e8719bc)
    com.unity.render-pipelines.universal-config@17.5.0 (location: /private/tmp/pocketstriker-video-20261008/project/Library/PackageCache/com.unity.render-pipelines.universal-config@fdda01c80fe3)
  Embedded packages:
    com.mcombat.shared@file:/private/tmp/pocketstriker-video-20261008/project/Packages/com.mcombat.shared (location: /private/tmp/pocketstriker-video-20261008/project/Packages/com.mcombat.shared)
    com.heurekagames.utils@file:/private/tmp/pocketstriker-video-20261008/project/Packages/com.heurekagames.utils (location: /private/tmp/pocketstriker-video-20261008/project/Packages/com.heurekagames.utils)
  Git packages:
    com.cysharp.unitask@https://github.com/Cysharp/UniTask.git?path=src/UniTask/Assets/Plugins/UniTask#ceac8d6946b1125fe782cd171fbcb245b567dbf9 (location: /private/tmp/pocketstriker-video-20261008/project/Library/PackageCache/com.cysharp.unitask@dc216dc4183d)
    com.google.external-dependency-manager@https://github.com/googlesamples/unity-jar-resolver.git?path=upm#1a9384872d6b8b954a8c0115fdcdf146c995062a (location: /private/tmp/pocketstriker-video-20261008/project/Library/PackageCache/com.google.external-dependency-manager@eb15acb9d1f0)
    com.neuecc.unirx@https://github.com/neuecc/UniRx.git?path=Assets/Plugins/UniRx/Scripts#6baeccf6c544c155497164327cca72f28163a578 (location: /private/tmp/pocketstriker-video-20261008/project/Library/PackageCache/com.neuecc.unirx@31ee62cbf28c)
    com.yasirkula.ingamedebugconsole@https://github.com/yasirkula/UnityIngameDebugConsole.git#73c1d9c582e0b49d63ddcd6efb48b0059f33d43c (location: /private/tmp/pocketstriker-video-20261008/project/Library/PackageCache/com.yasirkula.ingamedebugconsole@73c1d9c582e0)
[Subsystems] No new subsystems found in resolved package list.
[Package Manager] Done registering packages in 0.01 seconds
[ScriptCompilation] Requested script compilation because: AssetDatabase observed changes in script compilation related files
info: Microsoft.Hosting.Lifetime[14]
      Now listening on: http://unix:/tmp/ilpp.sock-9bd1decb8d3abf9e3b465f7b8dd43b3a
info: Microsoft.Hosting.Lifetime[0]
      Application started. Press Ctrl+C to shut down.
info: Microsoft.Hosting.Lifetime[0]
      Hosting environment: Production
info: Microsoft.Hosting.Lifetime[0]
      Content root path: /private/tmp/pocketstriker-video-20261008/project
info: Microsoft.AspNetCore.Hosting.Diagnostics[1]
      Request starting HTTP/2 POST http://ilpp/UnityILPP.PostProcessing/Ping - application/grpc -
info: Microsoft.AspNetCore.Routing.EndpointMiddleware[0]
      Executing endpoint 'gRPC - /UnityILPP.PostProcessing/Ping'
info: Microsoft.AspNetCore.Routing.EndpointMiddleware[1]
      Executed endpoint 'gRPC - /UnityILPP.PostProcessing/Ping'
info: Microsoft.AspNetCore.Hosting.Diagnostics[2]
      Request finished HTTP/2 POST http://ilpp/UnityILPP.PostProcessing/Ping - 200 - application/grpc 11.6746ms
Starting: /Applications/Unity/Hub/Editor/6000.5.1f1/Unity.app/Contents/Resources/BuildPipeline/bee_backend --ipc --defer-dag-verification --dagfile="Library/Bee/900b0aE.dag" --continue-on-failure --profile="Library/Bee/backend1.traceevents" ScriptAssemblies
WorkingDir: /private/tmp/pocketstriker-video-20261008/project
info: Microsoft.AspNetCore.Hosting.Diagnostics[1]
      Request starting HTTP/2 POST http://ilpp/UnityILPP.PostProcessing/ConfigurePostProcessors - application/grpc -
info: Microsoft.AspNetCore.Routing.EndpointMiddleware[0]
      Executing endpoint 'gRPC - /UnityILPP.PostProcessing/ConfigurePostProcessors'
warn: Unity.ILPP.Runner.PostProcessingAssemblyLoadContext[0]
      Assembly unityeditor.ios.extensions.xcode has duplicate hint path. Ignoring "/Applications/Unity/Hub/Editor/6000.5.1f1/PlaybackEngines/iOSSupport/UnityEditor.iOS.Extensions.Xcode.dll" in favor of "/Applications/Unity/Hub/Editor/6000.5.1f1/PlaybackEngines/MacStandaloneSupport/UnityEditor.iOS.Extensions.Xcode.dll"
warn: Unity.ILPP.Runner.PostProcessingAssemblyLoadContext[0]
      Assembly system.runtime.interopservices.windowsruntime has duplicate hint path. Ignoring "/Applications/Unity/Hub/Editor/6000.5.1f1/Unity.app/Contents/Resources/Scripting/UnityReferenceAssemblies/unity-4.8-api/Facades/System.Runtime.InteropServices.WindowsRuntime.dll" in favor of "/Applications/Unity/Hub/Editor/6000.5.1f1/Unity.app/Contents/Resources/Scripting/NetStandard/Extensions/2.0.0/System.Runtime.InteropServices.WindowsRuntime.dll"
warn: Unity.ILPP.Runner.PostProcessingAssemblyLoadContext[0]
      Assembly system.componentmodel.composition has duplicate hint path. Ignoring "/Applications/Unity/Hub/Editor/6000.5.1f1/Unity.app/Contents/Resources/Scripting/UnityReferenceAssemblies/unity-4.8-api/System.ComponentModel.Composition.dll" in favor of "/Applications/Unity/Hub/Editor/6000.5.1f1/Unity.app/Contents/Resources/Scripting/NetStandard/compat/2.1.0/shims/netfx/System.ComponentModel.Composition.dll"
info: Unity.ILPP.Runner.PostProcessingAssemblyLoadContext[0]
      Resolved Unity.Burst.Cecil, Version=0.11.6.0, Culture=neutral, PublicKeyToken=50cebf1cceb9d05e with Library/PackageCache/com.unity.burst@2f3d916873ea/Unity.Burst.CodeGen/Unity.Burst.Cecil.dll
info: Unity.ILPP.Runner.PostProcessingAssemblyLoadContext[0]
      Resolved Mono.Cecil, Version=0.11.5.0, Culture=neutral, PublicKeyToken=50cebf1cceb9d05e with Library/PackageCache/com.unity.nuget.mono-cecil@ecb9724e46ff/Mono.Cecil.dll
info: Microsoft.AspNetCore.Routing.EndpointMiddleware[1]
      Executed endpoint 'gRPC - /UnityILPP.PostProcessing/ConfigurePostProcessors'
info: Microsoft.AspNetCore.Hosting.Diagnostics[2]
      Request finished HTTP/2 POST http://ilpp/UnityILPP.PostProcessing/ConfigurePostProcessors - 200 - application/grpc 12.1514ms
info: Microsoft.AspNetCore.Hosting.Diagnostics[1]
      Request starting HTTP/2 POST http://ilpp/UnityILPP.PostProcessing/PostProcessAssembly - application/grpc -
info: Microsoft.AspNetCore.Routing.EndpointMiddleware[0]
      Executing endpoint 'gRPC - /UnityILPP.PostProcessing/PostProcessAssembly'
info: Unity.ILPP.Runner.PostProcessingPipeline[0]
      Processing assembly Library/Bee/artifacts/900b0aE.dag/Assembly-CSharp-Editor.dll, with 149 defines and 431 references
info: Unity.ILPP.Runner.PostProcessingPipeline[0]
      processors: Unity.Jobs.CodeGen.JobsILPostProcessor, zzzUnity.Burst.CodeGen.BurstILPostProcessor
info: Unity.ILPP.Runner.PostProcessingPipeline[0]
      running Unity.Jobs.CodeGen.JobsILPostProcessor
info: Unity.ILPP.Runner.PostProcessingAssemblyLoadContext[0]
      Resolved Unity.Collections, Version=0.0.0.0, Culture=neutral, PublicKeyToken=null with Library/Bee/artifacts/900b0aE.dag/Unity.Collections.dll
info: Unity.ILPP.Runner.PostProcessingAssemblyLoadContext[0]
      Resolved UnityEditor.CoreModule, Version=0.0.0.0, Culture=neutral, PublicKeyToken=null with /Applications/Unity/Hub/Editor/6000.5.1f1/Unity.app/Contents/Resources/Scripting/Managed/UnityEngine/UnityEditor.CoreModule.dll
info: Unity.ILPP.Runner.PostProcessingAssemblyLoadContext[0]
      Resolved UnityEngine.CoreModule, Version=0.0.0.0, Culture=neutral, PublicKeyToken=null with /Applications/Unity/Hub/Editor/6000.5.1f1/Unity.app/Contents/Resources/Scripting/Managed/UnityEngine/UnityEngine.CoreModule.dll
info: Unity.ILPP.Runner.PostProcessingAssemblyLoadContext[0]
      Resolved Unity.Scripting, Version=0.0.0.0, Culture=neutral, PublicKeyToken=null with /Applications/Unity/Hub/Editor/6000.5.1f1/Unity.app/Contents/Resources/Scripting/Managed/UnityEngine/Unity.Scripting.dll
info: Unity.ILPP.Runner.PostProcessingPipeline[0]
      running zzzUnity.Burst.CodeGen.BurstILPostProcessor
info: Unity.ILPP.Runner.PostProcessingAssemblyLoadContext[0]
      Resolved Unity.Burst.Cecil.Rocks, Version=0.11.6.0, Culture=neutral, PublicKeyToken=50cebf1cceb9d05e with Library/PackageCache/com.unity.burst@2f3d916873ea/Unity.Burst.CodeGen/Unity.Burst.Cecil.Rocks.dll
info: Microsoft.AspNetCore.Routing.EndpointMiddleware[1]
      Executed endpoint 'gRPC - /UnityILPP.PostProcessing/PostProcessAssembly'
info: Microsoft.AspNetCore.Hosting.Diagnostics[2]
      Request finished HTTP/2 POST http://ilpp/UnityILPP.PostProcessing/PostProcessAssembly - 200 - application/grpc 270.7706ms
ExitCode: 0 Duration: 2s992ms
[1106/1510  0s] ILPP-Configuration Library/ilpp-configuration.nevergeneratedoutput
[1506/1510  2s] Csc Library/Bee/artifacts/900b0aE.dag/Assembly-CSharp-Editor.dll (+2 others)
Assets/AppCenter/Editor/AppCenterBehaviorEditorAdvanced.cs(31,24): warning CS0618: 'Object.FindObjectsOfType<T>()' is obsolete: 'Object.FindObjectsOfType has been deprecated. Use Object.FindObjectsByType instead which lets you decide whether you need the results sorted or not.  FindObjectsOfType sorts the results by InstanceID but if you do not need this using FindObjectSortMode.None is considerably faster.'
Assets/AppCenter/Editor/AppCenterPostBuild.cs(42,17): warning CS0618: 'PlayerSettings.GetScriptingBackend(BuildTargetGroup)' is obsolete: 'Use GetScriptingBackend(NamedBuildTarget buildTarget) instead'
Assets/App/Editor/Build/BuildClient.cs(412,6): warning CS0618: 'PlayerSettings.SetApplicationIdentifier(BuildTargetGroup, string)' is obsolete: 'Use SetApplicationIdentifier(NamedBuildTarget buildTarget, string identifier) instead'
Assets/Editor/PocketStrikerCombatFlowSmoke.cs(191,77): warning CS0618: 'FindObjectsSortMode' is obsolete: 'FindObjectsSortMode has been deprecated. Use the FindObjectsByType overloads that do not take a FindObjectsSortMode parameter.'
Assets/Editor/PocketStrikerCombatFlowSmoke.cs(191,22): warning CS0618: 'Object.FindObjectsByType<T>(FindObjectsSortMode)' is obsolete: 'FindObjectsByType with FindObjectsSortMode parameter has been deprecated. Use FindObjectsByType<T>() or FindObjectsByType<T>(FindObjectsInactive) instead. InstanceID will be replaced in the future with EntityId and previous sort order cannot be maintained.'
Assets/App/Editor/Build/BuildClient.cs(1027,28): warning CS0618: 'PlayerSettings.GetApplicationIdentifier(BuildTargetGroup)' is obsolete: 'Use GetApplicationIdentifier(NamedBuildTarget buildTarget) instead'
Assets/Editor/PocketStrikerDownloadCacheValidation.cs(182,120): warning CS0618: 'FindObjectsSortMode' is obsolete: 'FindObjectsSortMode has been deprecated. Use the FindObjectsByType overloads that do not take a FindObjectsSortMode parameter.'
Assets/Editor/PocketStrikerDownloadCacheValidation.cs(182,33): warning CS0618: 'Object.FindObjectsByType<T>(FindObjectsInactive, FindObjectsSortMode)' is obsolete: 'FindObjectsByType with FindObjectsSortMode parameter has been deprecated. Use FindObjectsByType<T>() or FindObjectsByType<T>(FindObjectsInactive) instead. InstanceID will be replaced in the future with EntityId and previous sort order cannot be maintained.'
Assets/Editor/PocketStrikerDownloadCacheValidation.cs(183,114): warning CS0618: 'FindObjectsSortMode' is obsolete: 'FindObjectsSortMode has been deprecated. Use the FindObjectsByType overloads that do not take a FindObjectsSortMode parameter.'
Assets/Editor/PocketStrikerDownloadCacheValidation.cs(183,29): warning CS0618: 'Object.FindObjectsByType<T>(FindObjectsInactive, FindObjectsSortMode)' is obsolete: 'FindObjectsByType with FindObjectsSortMode parameter has been deprecated. Use FindObjectsByType<T>() or FindObjectsByType<T>(FindObjectsInactive) instead. InstanceID will be replaced in the future with EntityId and previous sort order cannot be maintained.'
Assets/Editor/PocketStrikerDownloadCacheValidation.cs(184,107): warning CS0618: 'FindObjectsSortMode' is obsolete: 'FindObjectsSortMode has been deprecated. Use the FindObjectsByType overloads that do not take a FindObjectsSortMode parameter.'
Assets/Editor/PocketStrikerDownloadCacheValidation.cs(184,29): warning CS0618: 'Object.FindObjectsByType<T>(FindObjectsInactive, FindObjectsSortMode)' is obsolete: 'FindObjectsByType with FindObjectsSortMode parameter has been deprecated. Use FindObjectsByType<T>() or FindObjectsByType<T>(FindObjectsInactive) instead. InstanceID will be replaced in the future with EntityId and previous sort order cannot be maintained.'
Assets/Editor/PocketStrikerDownloadCacheValidation.cs(186,111): warning CS0618: 'FindObjectsSortMode' is obsolete: 'FindObjectsSortMode has been deprecated. Use the FindObjectsByType overloads that do not take a FindObjectsSortMode parameter.'
Assets/Editor/PocketStrikerDownloadCacheValidation.cs(186,29): warning CS0618: 'Object.FindObjectsByType<T>(FindObjectsInactive, FindObjectsSortMode)' is obsolete: 'FindObjectsByType with FindObjectsSortMode parameter has been deprecated. Use FindObjectsByType<T>() or FindObjectsByType<T>(FindObjectsInactive) instead. InstanceID will be replaced in the future with EntityId and previous sort order cannot be maintained.'
Assets/Editor/PocketStrikerDownloadCacheValidation.cs(187,114): warning CS0618: 'FindObjectsSortMode' is obsolete: 'FindObjectsSortMode has been deprecated. Use the FindObjectsByType overloads that do not take a FindObjectsSortMode parameter.'
Assets/Editor/PocketStrikerDownloadCacheValidation.cs(187,31): warning CS0618: 'Object.FindObjectsByType<T>(FindObjectsInactive, FindObjectsSortMode)' is obsolete: 'FindObjectsByType with FindObjectsSortMode parameter has been deprecated. Use FindObjectsByType<T>() or FindObjectsByType<T>(FindObjectsInactive) instead. InstanceID will be replaced in the future with EntityId and previous sort order cannot be maintained.'
Assets/Editor/PocketStrikerCombatFlowSmoke.cs(498,34): warning CS0618: 'Object.FindFirstObjectByType<T>()' is obsolete: 'FindFirstObjectByType has been deprecated because it relies on instance ID ordering. Use FindAnyObjectByType instead, which does not depend on ordering.'
Assets/Editor/PocketStrikerCombatFlowSmoke.cs(548,59): warning CS0618: 'Object.FindFirstObjectByType<T>()' is obsolete: 'FindFirstObjectByType has been deprecated because it relies on instance ID ordering. Use FindAnyObjectByType instead, which does not depend on ordering.'
Assets/Editor/PocketStrikerCombatFlowSmoke.cs(549,23): warning CS0618: 'Object.FindFirstObjectByType<T>()' is obsolete: 'FindFirstObjectByType has been deprecated because it relies on instance ID ordering. Use FindAnyObjectByType instead, which does not depend on ordering.'
Assets/Editor/PocketStrikerGachaRecoveryValidation.cs(179,96): warning CS0618: 'FindObjectsSortMode' is obsolete: 'FindObjectsSortMode has been deprecated. Use the FindObjectsByType overloads that do not take a FindObjectsSortMode parameter.'
Assets/Editor/PocketStrikerGachaRecoveryValidation.cs(179,21): warning CS0618: 'Object.FindObjectsByType<T>(FindObjectsInactive, FindObjectsSortMode)' is obsolete: 'FindObjectsByType with FindObjectsSortMode parameter has been deprecated. Use FindObjectsByType<T>() or FindObjectsByType<T>(FindObjectsInactive) instead. InstanceID will be replaced in the future with EntityId and previous sort order cannot be maintained.'
Assets/Editor/PocketStrikerLoadingReviewValidation.cs(170,120): warning CS0618: 'FindObjectsSortMode' is obsolete: 'FindObjectsSortMode has been deprecated. Use the FindObjectsByType overloads that do not take a FindObjectsSortMode parameter.'
Assets/Editor/PocketStrikerLoadingReviewValidation.cs(170,33): warning CS0618: 'Object.FindObjectsByType<T>(FindObjectsInactive, FindObjectsSortMode)' is obsolete: 'FindObjectsByType with FindObjectsSortMode parameter has been deprecated. Use FindObjectsByType<T>() or FindObjectsByType<T>(FindObjectsInactive) instead. InstanceID will be replaced in the future with EntityId and previous sort order cannot be maintained.'
Assets/Editor/PocketStrikerLoadingReviewValidation.cs(171,105): warning CS0618: 'FindObjectsSortMode' is obsolete: 'FindObjectsSortMode has been deprecated. Use the FindObjectsByType overloads that do not take a FindObjectsSortMode parameter.'
Assets/Editor/PocketStrikerLoadingReviewValidation.cs(171,29): warning CS0618: 'Object.FindObjectsByType<T>(FindObjectsInactive, FindObjectsSortMode)' is obsolete: 'FindObjectsByType with FindObjectsSortMode parameter has been deprecated. Use FindObjectsByType<T>() or FindObjectsByType<T>(FindObjectsInactive) instead. InstanceID will be replaced in the future with EntityId and previous sort order cannot be maintained.'
Assets/Editor/PocketStrikerLoadingReviewValidation.cs(172,107): warning CS0618: 'FindObjectsSortMode' is obsolete: 'FindObjectsSortMode has been deprecated. Use the FindObjectsByType overloads that do not take a FindObjectsSortMode parameter.'
Assets/Editor/PocketStrikerLoadingReviewValidation.cs(172,29): warning CS0618: 'Object.FindObjectsByType<T>(FindObjectsInactive, FindObjectsSortMode)' is obsolete: 'FindObjectsByType with FindObjectsSortMode parameter has been deprecated. Use FindObjectsByType<T>() or FindObjectsByType<T>(FindObjectsInactive) instead. InstanceID will be replaced in the future with EntityId and previous sort order cannot be maintained.'
Assets/Editor/PocketStrikerLoadingReviewValidation.cs(178,111): warning CS0618: 'FindObjectsSortMode' is obsolete: 'FindObjectsSortMode has been deprecated. Use the FindObjectsByType overloads that do not take a FindObjectsSortMode parameter.'
Assets/Editor/PocketStrikerLoadingReviewValidation.cs(178,29): warning CS0618: 'Object.FindObjectsByType<T>(FindObjectsInactive, FindObjectsSortMode)' is obsolete: 'FindObjectsByType with FindObjectsSortMode parameter has been deprecated. Use FindObjectsByType<T>() or FindObjectsByType<T>(FindObjectsInactive) instead. InstanceID will be replaced in the future with EntityId and previous sort order cannot be maintained.'
Assets/Editor/PocketStrikerLoadingReviewValidation.cs(185,115): warning CS0618: 'FindObjectsSortMode' is obsolete: 'FindObjectsSortMode has been deprecated. Use the FindObjectsByType overloads that do not take a FindObjectsSortMode parameter.'
Assets/Editor/PocketStrikerLoadingReviewValidation.cs(185,32): warning CS0618: 'Object.FindObjectsByType<T>(FindObjectsInactive, FindObjectsSortMode)' is obsolete: 'FindObjectsByType with FindObjectsSortMode parameter has been deprecated. Use FindObjectsByType<T>() or FindObjectsByType<T>(FindObjectsInactive) instead. InstanceID will be replaced in the future with EntityId and previous sort order cannot be maintained.'
Assets/Editor/PocketStrikerCombatFlowSmoke.cs(645,20): warning CS0618: 'Object.FindFirstObjectByType<T>()' is obsolete: 'FindFirstObjectByType has been deprecated because it relies on instance ID ordering. Use FindAnyObjectByType instead, which does not depend on ordering.'
Assets/Editor/PocketStrikerCombatFlowSmoke.cs(669,25): warning CS0618: 'Object.FindFirstObjectByType<T>()' is obsolete: 'FindFirstObjectByType has been deprecated because it relies on instance ID ordering. Use FindAnyObjectByType instead, which does not depend on ordering.'
Assets/Editor/PocketStrikerCombatFlowSmoke.cs(681,23): warning CS0618: 'Object.FindFirstObjectByType<T>()' is obsolete: 'FindFirstObjectByType has been deprecated because it relies on instance ID ordering. Use FindAnyObjectByType instead, which does not depend on ordering.'
Assets/Editor/PocketStrikerCombatFlowSmoke.cs(930,76): warning CS0618: 'FindObjectsSortMode' is obsolete: 'FindObjectsSortMode has been deprecated. Use the FindObjectsByType overloads that do not take a FindObjectsSortMode parameter.'
Assets/Editor/PocketStrikerCombatFlowSmoke.cs(929,56): warning CS0618: 'Object.FindObjectsByType<T>(FindObjectsInactive, FindObjectsSortMode)' is obsolete: 'FindObjectsByType with FindObjectsSortMode parameter has been deprecated. Use FindObjectsByType<T>() or FindObjectsByType<T>(FindObjectsInactive) instead. InstanceID will be replaced in the future with EntityId and previous sort order cannot be maintained.'
Assets/Editor/PocketStrikerLoginArtSmoke.cs(179,120): warning CS0618: 'FindObjectsSortMode' is obsolete: 'FindObjectsSortMode has been deprecated. Use the FindObjectsByType overloads that do not take a FindObjectsSortMode parameter.'
Assets/Editor/PocketStrikerLoginArtSmoke.cs(179,43): warning CS0618: 'Object.FindObjectsByType<T>(FindObjectsInactive, FindObjectsSortMode)' is obsolete: 'FindObjectsByType with FindObjectsSortMode parameter has been deprecated. Use FindObjectsByType<T>() or FindObjectsByType<T>(FindObjectsInactive) instead. InstanceID will be replaced in the future with EntityId and previous sort order cannot be maintained.'
Assets/Editor/PocketStrikerCombatFlowSmoke.cs(955,30): warning CS0618: 'Object.FindFirstObjectByType<T>()' is obsolete: 'FindFirstObjectByType has been deprecated because it relies on instance ID ordering. Use FindAnyObjectByType instead, which does not depend on ordering.'
Assets/Editor/PocketStrikerMenuBackgroundValidation.cs(271,105): warning CS0618: 'FindObjectsSortMode' is obsolete: 'FindObjectsSortMode has been deprecated. Use the FindObjectsByType overloads that do not take a FindObjectsSortMode parameter.'
Assets/Editor/PocketStrikerMenuBackgroundValidation.cs(271,29): warning CS0618: 'Object.FindObjectsByType<T>(FindObjectsInactive, FindObjectsSortMode)' is obsolete: 'FindObjectsByType with FindObjectsSortMode parameter has been deprecated. Use FindObjectsByType<T>() or FindObjectsByType<T>(FindObjectsInactive) instead. InstanceID will be replaced in the future with EntityId and previous sort order cannot be maintained.'
Assets/Editor/PocketStrikerMenuBackgroundValidation.cs(272,120): warning CS0618: 'FindObjectsSortMode' is obsolete: 'FindObjectsSortMode has been deprecated. Use the FindObjectsByType overloads that do not take a FindObjectsSortMode parameter.'
Assets/Editor/PocketStrikerMenuBackgroundValidation.cs(272,33): warning CS0618: 'Object.FindObjectsByType<T>(FindObjectsInactive, FindObjectsSortMode)' is obsolete: 'FindObjectsByType with FindObjectsSortMode parameter has been deprecated. Use FindObjectsByType<T>() or FindObjectsByType<T>(FindObjectsInactive) instead. InstanceID will be replaced in the future with EntityId and previous sort order cannot be maintained.'
Assets/Editor/PocketStrikerMenuBackgroundValidation.cs(273,108): warning CS0618: 'FindObjectsSortMode' is obsolete: 'FindObjectsSortMode has been deprecated. Use the FindObjectsByType overloads that do not take a FindObjectsSortMode parameter.'
Assets/Editor/PocketStrikerMenuBackgroundValidation.cs(273,30): warning CS0618: 'Object.FindObjectsByType<T>(FindObjectsInactive, FindObjectsSortMode)' is obsolete: 'FindObjectsByType with FindObjectsSortMode parameter has been deprecated. Use FindObjectsByType<T>() or FindObjectsByType<T>(FindObjectsInactive) instead. InstanceID will be replaced in the future with EntityId and previous sort order cannot be maintained.'
Assets/Editor/PocketStrikerMenuBackgroundValidation.cs(279,111): warning CS0618: 'FindObjectsSortMode' is obsolete: 'FindObjectsSortMode has been deprecated. Use the FindObjectsByType overloads that do not take a FindObjectsSortMode parameter.'
Assets/Editor/PocketStrikerMenuBackgroundValidation.cs(279,29): warning CS0618: 'Object.FindObjectsByType<T>(FindObjectsInactive, FindObjectsSortMode)' is obsolete: 'FindObjectsByType with FindObjectsSortMode parameter has been deprecated. Use FindObjectsByType<T>() or FindObjectsByType<T>(FindObjectsInactive) instead. InstanceID will be replaced in the future with EntityId and previous sort order cannot be maintained.'
Assets/Editor/PocketStrikerMenuBackgroundValidation.cs(284,114): warning CS0618: 'FindObjectsSortMode' is obsolete: 'FindObjectsSortMode has been deprecated. Use the FindObjectsByType overloads that do not take a FindObjectsSortMode parameter.'
Assets/Editor/PocketStrikerMenuBackgroundValidation.cs(284,31): warning CS0618: 'Object.FindObjectsByType<T>(FindObjectsInactive, FindObjectsSortMode)' is obsolete: 'FindObjectsByType with FindObjectsSortMode parameter has been deprecated. Use FindObjectsByType<T>() or FindObjectsByType<T>(FindObjectsInactive) instead. InstanceID will be replaced in the future with EntityId and previous sort order cannot be maintained.'
Assets/Editor/PocketStrikerMenuBackgroundValidation.cs(288,119): warning CS0618: 'FindObjectsSortMode' is obsolete: 'FindObjectsSortMode has been deprecated. Use the FindObjectsByType overloads that do not take a FindObjectsSortMode parameter.'
Assets/Editor/PocketStrikerMenuBackgroundValidation.cs(288,36): warning CS0618: 'Object.FindObjectsByType<T>(FindObjectsInactive, FindObjectsSortMode)' is obsolete: 'FindObjectsByType with FindObjectsSortMode parameter has been deprecated. Use FindObjectsByType<T>() or FindObjectsByType<T>(FindObjectsInactive) instead. InstanceID will be replaced in the future with EntityId and previous sort order cannot be maintained.'
Assets/Editor/PocketStrikerBattleCameraSmoke.cs(167,76): warning CS0618: 'FindObjectsSortMode' is obsolete: 'FindObjectsSortMode has been deprecated. Use the FindObjectsByType overloads that do not take a FindObjectsSortMode parameter.'
Assets/Editor/PocketStrikerBattleCameraSmoke.cs(167,21): warning CS0618: 'Object.FindObjectsByType<T>(FindObjectsSortMode)' is obsolete: 'FindObjectsByType with FindObjectsSortMode parameter has been deprecated. Use FindObjectsByType<T>() or FindObjectsByType<T>(FindObjectsInactive) instead. InstanceID will be replaced in the future with EntityId and previous sort order cannot be maintained.'
Assets/Editor/PocketStrikerLoadingReviewValidation.cs(610,125): warning CS0618: 'FindObjectsSortMode' is obsolete: 'FindObjectsSortMode has been deprecated. Use the FindObjectsByType overloads that do not take a FindObjectsSortMode parameter.'
Assets/Editor/PocketStrikerLoadingReviewValidation.cs(610,38): warning CS0618: 'Object.FindObjectsByType<T>(FindObjectsInactive, FindObjectsSortMode)' is obsolete: 'FindObjectsByType with FindObjectsSortMode parameter has been deprecated. Use FindObjectsByType<T>() or FindObjectsByType<T>(FindObjectsInactive) instead. InstanceID will be replaced in the future with EntityId and previous sort order cannot be maintained.'
Assets/Editor/PocketStrikerLoadingReviewValidation.cs(611,115): warning CS0618: 'FindObjectsSortMode' is obsolete: 'FindObjectsSortMode has been deprecated. Use the FindObjectsByType overloads that do not take a FindObjectsSortMode parameter.'
Assets/Editor/PocketStrikerLoadingReviewValidation.cs(611,39): warning CS0618: 'Object.FindObjectsByType<T>(FindObjectsInactive, FindObjectsSortMode)' is obsolete: 'FindObjectsByType with FindObjectsSortMode parameter has been deprecated. Use FindObjectsByType<T>() or FindObjectsByType<T>(FindObjectsInactive) instead. InstanceID will be replaced in the future with EntityId and previous sort order cannot be maintained.'
Assets/Editor/PocketStrikerLoadingReviewValidation.cs(612,111): warning CS0618: 'FindObjectsSortMode' is obsolete: 'FindObjectsSortMode has been deprecated. Use the FindObjectsByType overloads that do not take a FindObjectsSortMode parameter.'
Assets/Editor/PocketStrikerLoadingReviewValidation.cs(612,33): warning CS0618: 'Object.FindObjectsByType<T>(FindObjectsInactive, FindObjectsSortMode)' is obsolete: 'FindObjectsByType with FindObjectsSortMode parameter has been deprecated. Use FindObjectsByType<T>() or FindObjectsByType<T>(FindObjectsInactive) instead. InstanceID will be replaced in the future with EntityId and previous sort order cannot be maintained.'
Assets/Editor/PocketStrikerLoadingReviewValidation.cs(613,115): warning CS0618: 'FindObjectsSortMode' is obsolete: 'FindObjectsSortMode has been deprecated. Use the FindObjectsByType overloads that do not take a FindObjectsSortMode parameter.'
Assets/Editor/PocketStrikerLoadingReviewValidation.cs(613,33): warning CS0618: 'Object.FindObjectsByType<T>(FindObjectsInactive, FindObjectsSortMode)' is obsolete: 'FindObjectsByType with FindObjectsSortMode parameter has been deprecated. Use FindObjectsByType<T>() or FindObjectsByType<T>(FindObjectsInactive) instead. InstanceID will be replaced in the future with EntityId and previous sort order cannot be maintained.'
Assets/Editor/PocketStrikerMenuBackgroundValidation.cs(355,99): warning CS0618: 'FindObjectsSortMode' is obsolete: 'FindObjectsSortMode has been deprecated. Use the FindObjectsByType overloads that do not take a FindObjectsSortMode parameter.'
Assets/Editor/PocketStrikerMenuBackgroundValidation.cs(355,21): warning CS0618: 'Object.FindObjectsByType<T>(FindObjectsInactive, FindObjectsSortMode)' is obsolete: 'FindObjectsByType with FindObjectsSortMode parameter has been deprecated. Use FindObjectsByType<T>() or FindObjectsByType<T>(FindObjectsInactive) instead. InstanceID will be replaced in the future with EntityId and previous sort order cannot be maintained.'
Assets/Editor/PocketStrikerRenderingValidation.cs(59,74): warning CS0618: 'FindObjectsSortMode' is obsolete: 'FindObjectsSortMode has been deprecated. Use the FindObjectsByType overloads that do not take a FindObjectsSortMode parameter.'
Assets/Editor/PocketStrikerRenderingValidation.cs(59,24): warning CS0618: 'Object.FindObjectsByType<T>(FindObjectsSortMode)' is obsolete: 'FindObjectsByType with FindObjectsSortMode parameter has been deprecated. Use FindObjectsByType<T>() or FindObjectsByType<T>(FindObjectsInactive) instead. InstanceID will be replaced in the future with EntityId and previous sort order cannot be maintained.'
Assets/Editor/PocketStrikerRenderingValidation.cs(116,27): warning CS0618: 'Object.FindFirstObjectByType<T>()' is obsolete: 'FindFirstObjectByType has been deprecated because it relies on instance ID ordering. Use FindAnyObjectByType instead, which does not depend on ordering.'
Assets/Editor/PocketStrikerLoadingReviewValidation.cs(638,126): warning CS0618: 'FindObjectsSortMode' is obsolete: 'FindObjectsSortMode has been deprecated. Use the FindObjectsByType overloads that do not take a FindObjectsSortMode parameter.'
Assets/Editor/PocketStrikerLoadingReviewValidation.cs(638,39): warning CS0618: 'Object.FindObjectsByType<T>(FindObjectsInactive, FindObjectsSortMode)' is obsolete: 'FindObjectsByType with FindObjectsSortMode parameter has been deprecated. Use FindObjectsByType<T>() or FindObjectsByType<T>(FindObjectsInactive) instead. InstanceID will be replaced in the future with EntityId and previous sort order cannot be maintained.'
Assets/Editor/PocketStrikerLoadingReviewValidation.cs(639,88): warning CS0618: 'FindObjectsSortMode' is obsolete: 'FindObjectsSortMode has been deprecated. Use the FindObjectsByType overloads that do not take a FindObjectsSortMode parameter.'
Assets/Editor/PocketStrikerLoadingReviewValidation.cs(639,12): warning CS0618: 'Object.FindObjectsByType<T>(FindObjectsInactive, FindObjectsSortMode)' is obsolete: 'FindObjectsByType with FindObjectsSortMode parameter has been deprecated. Use FindObjectsByType<T>() or FindObjectsByType<T>(FindObjectsInactive) instead. InstanceID will be replaced in the future with EntityId and previous sort order cannot be maintained.'
Assets/Editor/PocketStrikerLoadingReviewValidation.cs(640,90): warning CS0618: 'FindObjectsSortMode' is obsolete: 'FindObjectsSortMode has been deprecated. Use the FindObjectsByType overloads that do not take a FindObjectsSortMode parameter.'
Assets/Editor/PocketStrikerLoadingReviewValidation.cs(640,12): warning CS0618: 'Object.FindObjectsByType<T>(FindObjectsInactive, FindObjectsSortMode)' is obsolete: 'FindObjectsByType with FindObjectsSortMode parameter has been deprecated. Use FindObjectsByType<T>() or FindObjectsByType<T>(FindObjectsInactive) instead. InstanceID will be replaced in the future with EntityId and previous sort order cannot be maintained.'
Assets/Editor/PocketStrikerLoadingReviewValidation.cs(641,94): warning CS0618: 'FindObjectsSortMode' is obsolete: 'FindObjectsSortMode has been deprecated. Use the FindObjectsByType overloads that do not take a FindObjectsSortMode parameter.'
Assets/Editor/PocketStrikerLoadingReviewValidation.cs(641,12): warning CS0618: 'Object.FindObjectsByType<T>(FindObjectsInactive, FindObjectsSortMode)' is obsolete: 'FindObjectsByType with FindObjectsSortMode parameter has been deprecated. Use FindObjectsByType<T>() or FindObjectsByType<T>(FindObjectsInactive) instead. InstanceID will be replaced in the future with EntityId and previous sort order cannot be maintained.'
Assets/Editor/PocketStrikerReturnValidation.cs(327,111): warning CS0618: 'FindObjectsSortMode' is obsolete: 'FindObjectsSortMode has been deprecated. Use the FindObjectsByType overloads that do not take a FindObjectsSortMode parameter.'
Assets/Editor/PocketStrikerReturnValidation.cs(327,32): warning CS0618: 'Object.FindObjectsByType<T>(FindObjectsInactive, FindObjectsSortMode)' is obsolete: 'FindObjectsByType with FindObjectsSortMode parameter has been deprecated. Use FindObjectsByType<T>() or FindObjectsByType<T>(FindObjectsInactive) instead. InstanceID will be replaced in the future with EntityId and previous sort order cannot be maintained.'
Assets/Editor/PocketStrikerReturnValidation.cs(328,110): warning CS0618: 'FindObjectsSortMode' is obsolete: 'FindObjectsSortMode has been deprecated. Use the FindObjectsByType overloads that do not take a FindObjectsSortMode parameter.'
Assets/Editor/PocketStrikerReturnValidation.cs(328,31): warning CS0618: 'Object.FindObjectsByType<T>(FindObjectsInactive, FindObjectsSortMode)' is obsolete: 'FindObjectsByType with FindObjectsSortMode parameter has been deprecated. Use FindObjectsByType<T>() or FindObjectsByType<T>(FindObjectsInactive) instead. InstanceID will be replaced in the future with EntityId and previous sort order cannot be maintained.'
Assets/Editor/PocketStrikerBattleCameraSmoke.cs(703,42): warning CS0618: 'Object.FindFirstObjectByType<T>()' is obsolete: 'FindFirstObjectByType has been deprecated because it relies on instance ID ordering. Use FindAnyObjectByType instead, which does not depend on ordering.'
Assets/Editor/PocketStrikerTutorialPlaymodeSmoke.cs(106,77): warning CS0618: 'FindObjectsSortMode' is obsolete: 'FindObjectsSortMode has been deprecated. Use the FindObjectsByType overloads that do not take a FindObjectsSortMode parameter.'
Assets/Editor/PocketStrikerTutorialPlaymodeSmoke.cs(106,22): warning CS0618: 'Object.FindObjectsByType<T>(FindObjectsSortMode)' is obsolete: 'FindObjectsByType with FindObjectsSortMode parameter has been deprecated. Use FindObjectsByType<T>() or FindObjectsByType<T>(FindObjectsInactive) instead. InstanceID will be replaced in the future with EntityId and previous sort order cannot be maintained.'
Assets/Editor/PocketStrikerUILiveReview.Banners.cs(97,106): warning CS0618: 'FindObjectsSortMode' is obsolete: 'FindObjectsSortMode has been deprecated. Use the FindObjectsByType overloads that do not take a FindObjectsSortMode parameter.'
Assets/Editor/PocketStrikerUILiveReview.Banners.cs(97,50): warning CS0618: 'Object.FindObjectsByType<T>(FindObjectsSortMode)' is obsolete: 'FindObjectsByType with FindObjectsSortMode parameter has been deprecated. Use FindObjectsByType<T>() or FindObjectsByType<T>(FindObjectsInactive) instead. InstanceID will be replaced in the future with EntityId and previous sort order cannot be maintained.'
Assets/Editor/PocketStrikerUILiveReview.Banners.cs(118,90): warning CS0618: 'FindObjectsSortMode' is obsolete: 'FindObjectsSortMode has been deprecated. Use the FindObjectsByType overloads that do not take a FindObjectsSortMode parameter.'
Assets/Editor/PocketStrikerUILiveReview.Banners.cs(118,34): warning CS0618: 'Object.FindObjectsByType<T>(FindObjectsSortMode)' is obsolete: 'FindObjectsByType with FindObjectsSortMode parameter has been deprecated. Use FindObjectsByType<T>() or FindObjectsByType<T>(FindObjectsInactive) instead. InstanceID will be replaced in the future with EntityId and previous sort order cannot be maintained.'
Assets/Editor/PocketStrikerTutorialPlaymodeSmoke.cs(148,20): warning CS0618: 'Object.FindFirstObjectByType<T>()' is obsolete: 'FindFirstObjectByType has been deprecated because it relies on instance ID ordering. Use FindAnyObjectByType instead, which does not depend on ordering.'
Assets/Editor/PocketStrikerTutorialPlaymodeSmoke.cs(150,25): warning CS0618: 'Object.FindFirstObjectByType<T>()' is obsolete: 'FindFirstObjectByType has been deprecated because it relies on instance ID ordering. Use FindAnyObjectByType instead, which does not depend on ordering.'
Assets/Editor/PocketStrikerValidation.cs(188,25): warning CS0618: 'Object.FindFirstObjectByType<T>()' is obsolete: 'FindFirstObjectByType has been deprecated because it relies on instance ID ordering. Use FindAnyObjectByType instead, which does not depend on ordering.'
Assets/Editor/PocketStrikerValidation.cs(202,69): warning CS0618: 'FindObjectsSortMode' is obsolete: 'FindObjectsSortMode has been deprecated. Use the FindObjectsByType overloads that do not take a FindObjectsSortMode parameter.'
Assets/Editor/PocketStrikerValidation.cs(202,17): warning CS0618: 'Object.FindObjectsByType<T>(FindObjectsSortMode)' is obsolete: 'FindObjectsByType with FindObjectsSortMode parameter has been deprecated. Use FindObjectsByType<T>() or FindObjectsByType<T>(FindObjectsInactive) instead. InstanceID will be replaced in the future with EntityId and previous sort order cannot be maintained.'
Assets/Editor/PocketStrikerUILiveReview.DynamicSkills.cs(136,87): warning CS0618: 'FindObjectsSortMode' is obsolete: 'FindObjectsSortMode has been deprecated. Use the FindObjectsByType overloads that do not take a FindObjectsSortMode parameter.'
Assets/Editor/PocketStrikerUILiveReview.DynamicSkills.cs(136,18): warning CS0618: 'Object.FindObjectsByType<T>(FindObjectsInactive, FindObjectsSortMode)' is obsolete: 'FindObjectsByType with FindObjectsSortMode parameter has been deprecated. Use FindObjectsByType<T>() or FindObjectsByType<T>(FindObjectsInactive) instead. InstanceID will be replaced in the future with EntityId and previous sort order cannot be maintained.'
Assets/Editor/PocketStrikerMenuBackgroundValidation.cs(813,95): warning CS0618: 'FindObjectsSortMode' is obsolete: 'FindObjectsSortMode has been deprecated. Use the FindObjectsByType overloads that do not take a FindObjectsSortMode parameter.'
Assets/Editor/PocketStrikerMenuBackgroundValidation.cs(813,17): warning CS0618: 'Object.FindObjectsByType<T>(FindObjectsInactive, FindObjectsSortMode)' is obsolete: 'FindObjectsByType with FindObjectsSortMode parameter has been deprecated. Use FindObjectsByType<T>() or FindObjectsByType<T>(FindObjectsInactive) instead. InstanceID will be replaced in the future with EntityId and previous sort order cannot be maintained.'
Assets/Editor/PocketStrikerTutorialPlaymodeSmoke.cs(300,90): warning CS0618: 'FindObjectsSortMode' is obsolete: 'FindObjectsSortMode has been deprecated. Use the FindObjectsByType overloads that do not take a FindObjectsSortMode parameter.'
Assets/Editor/PocketStrikerTutorialPlaymodeSmoke.cs(300,50): warning CS0618: 'Object.FindObjectsByType<T>(FindObjectsSortMode)' is obsolete: 'FindObjectsByType with FindObjectsSortMode parameter has been deprecated. Use FindObjectsByType<T>() or FindObjectsByType<T>(FindObjectsInactive) instead. InstanceID will be replaced in the future with EntityId and previous sort order cannot be maintained.'
Assets/Editor/PocketStrikerValidation.cs(360,31): warning CS0618: 'Object.FindFirstObjectByType<T>()' is obsolete: 'FindFirstObjectByType has been deprecated because it relies on instance ID ordering. Use FindAnyObjectByType instead, which does not depend on ordering.'
Assets/Editor/PocketStrikerValidation.cs(457,46): warning CS0618: 'FindObjectsSortMode' is obsolete: 'FindObjectsSortMode has been deprecated. Use the FindObjectsByType overloads that do not take a FindObjectsSortMode parameter.'
Assets/Editor/PocketStrikerValidation.cs(456,50): warning CS0618: 'Object.FindObjectsByType<T>(FindObjectsSortMode)' is obsolete: 'FindObjectsByType with FindObjectsSortMode parameter has been deprecated. Use FindObjectsByType<T>() or FindObjectsByType<T>(FindObjectsInactive) instead. InstanceID will be replaced in the future with EntityId and previous sort order cannot be maintained.'
Assets/Editor/PocketStrikerUILiveReview.DynamicSkills.cs(343,86): warning CS0618: 'FindObjectsSortMode' is obsolete: 'FindObjectsSortMode has been deprecated. Use the FindObjectsByType overloads that do not take a FindObjectsSortMode parameter.'
Assets/Editor/PocketStrikerUILiveReview.DynamicSkills.cs(343,17): warning CS0618: 'Object.FindObjectsByType<T>(FindObjectsInactive, FindObjectsSortMode)' is obsolete: 'FindObjectsByType with FindObjectsSortMode parameter has been deprecated. Use FindObjectsByType<T>() or FindObjectsByType<T>(FindObjectsInactive) instead. InstanceID will be replaced in the future with EntityId and previous sort order cannot be maintained.'
Assets/Editor/PocketStrikerUILiveReview.DynamicSkills.cs(349,96): warning CS0618: 'FindObjectsSortMode' is obsolete: 'FindObjectsSortMode has been deprecated. Use the FindObjectsByType overloads that do not take a FindObjectsSortMode parameter.'
Assets/Editor/PocketStrikerUILiveReview.DynamicSkills.cs(349,27): warning CS0618: 'Object.FindObjectsByType<T>(FindObjectsInactive, FindObjectsSortMode)' is obsolete: 'FindObjectsByType with FindObjectsSortMode parameter has been deprecated. Use FindObjectsByType<T>() or FindObjectsByType<T>(FindObjectsInactive) instead. InstanceID will be replaced in the future with EntityId and previous sort order cannot be maintained.'
Assets/Tank & Healer Studio/Ultimate Joystick/Editor/UltimateJoystickEditor.cs(1787,17): warning CS0618: 'Object.FindObjectOfType<T>()' is obsolete: 'Object.FindObjectOfType has been deprecated. Use Object.FindAnyObjectByType instead.'
Assets/Tank & Healer Studio/Ultimate Joystick/Editor/UltimateJoystickEditor.cs(1799,24): warning CS0618: 'Object.FindObjectsOfType(Type)' is obsolete: 'Object.FindObjectsOfType has been deprecated. Use Object.FindObjectsByType instead which lets you decide whether you need the results sorted or not.  FindObjectsOfType sorts the results by InstanceID, but if you do not need this using FindObjectSortMode.None is considerably faster.'
Assets/Editor/PocketStrikerMenuBackgroundValidation.cs(1447,115): warning CS0618: 'FindObjectsSortMode' is obsolete: 'FindObjectsSortMode has been deprecated. Use the FindObjectsByType overloads that do not take a FindObjectsSortMode parameter.'
Assets/Editor/PocketStrikerMenuBackgroundValidation.cs(1447,46): warning CS0618: 'Object.FindObjectsByType<T>(FindObjectsInactive, FindObjectsSortMode)' is obsolete: 'FindObjectsByType with FindObjectsSortMode parameter has been deprecated. Use FindObjectsByType<T>() or FindObjectsByType<T>(FindObjectsInactive) instead. InstanceID will be replaced in the future with EntityId and previous sort order cannot be maintained.'
Assets/Editor/PocketStrikerMenuBackgroundValidation.cs(1449,121): warning CS0618: 'FindObjectsSortMode' is obsolete: 'FindObjectsSortMode has been deprecated. Use the FindObjectsByType overloads that do not take a FindObjectsSortMode parameter.'
Assets/Editor/PocketStrikerMenuBackgroundValidation.cs(1449,52): warning CS0618: 'Object.FindObjectsByType<T>(FindObjectsInactive, FindObjectsSortMode)' is obsolete: 'FindObjectsByType with FindObjectsSortMode parameter has been deprecated. Use FindObjectsByType<T>() or FindObjectsByType<T>(FindObjectsInactive) instead. InstanceID will be replaced in the future with EntityId and previous sort order cannot be maintained.'
Assets/App/Editor/Build/BuildClient.cs(88,23): warning UDR0001: No method with RuntimeInitializeOnLoadMethod attribute
Assets/App/Editor/Build/BuildClient.cs(108,36): warning UDR0001: No method with RuntimeInitializeOnLoadMethod attribute
Assets/App/Editor/Build/BuildClient.cs(113,37): warning UDR0001: No method with RuntimeInitializeOnLoadMethod attribute
Assets/D_Asset/OrangedKeys/TitleFX/Editor/AssetPostImportProcess_TitleFX.cs(10,25): warning UDR0001: No method with RuntimeInitializeOnLoadMethod attribute
Assets/D_Asset/OrangedKeys/TitleFX/Editor/TitleFX_Welcome.cs(38,34): warning UDR0001: No method with RuntimeInitializeOnLoadMethod attribute
Assets/D_Asset/OrangedKeys/TitleFX/Editor/TitleFX_Welcome.cs(40,33): warning UDR0001: No method with RuntimeInitializeOnLoadMethod attribute
Assets/D_Asset/OrangedKeys/TitleFX/Editor/TitleFX_Welcome.cs(62,33): warning UDR0001: No method with RuntimeInitializeOnLoadMethod attribute
Assets/D_Asset/OrangedKeys/TitleFX/Editor/TitleFX_Welcome.cs(83,33): warning UDR0001: No method with RuntimeInitializeOnLoadMethod attribute
Assets/D_Asset/OrangedKeys/TitleFX/Editor/Title_fx_GUI.cs(19,23): warning UDR0001: No method with RuntimeInitializeOnLoadMethod attribute
Assets/Editor/PocketStrikerReturnValidation.cs(21,19): warning UDR0001: No method with RuntimeInitializeOnLoadMethod attribute
Assets/Editor/PocketStrikerReturnValidation.cs(22,17): warning UDR0001: No method with RuntimeInitializeOnLoadMethod attribute
Assets/D_Asset/OrangedKeys/TitleFX/Editor/Title_fx_GUI_V2.cs(19,23): warning UDR0001: No method with RuntimeInitializeOnLoadMethod attribute
Assets/AppCenter/Editor/AppCenterSettingsContext.cs(11,27): warning UDR0001: No method with RuntimeInitializeOnLoadMethod attribute
Assets/Editor/PocketStrikerSettingsInteractionValidation.cs(19,17): warning UDR0001: No method with RuntimeInitializeOnLoadMethod attribute
Assets/Editor/PocketStrikerTutorialValidation.cs(24,17): warning UDR0001: No method with RuntimeInitializeOnLoadMethod attribute
Assets/Editor/PocketStrikerTutorialPlaymodeSmoke.cs(26,17): warning UDR0001: No method with RuntimeInitializeOnLoadMethod attribute
Assets/Editor/PocketStrikerTutorialPlaymodeSmoke.cs(27,19): warning UDR0001: No method with RuntimeInitializeOnLoadMethod attribute
Assets/Editor/PocketStrikerAIStoryLiveSmoke.cs(27,17): warning UDR0001: No method with RuntimeInitializeOnLoadMethod attribute
Assets/Editor/PocketStrikerAIStoryLiveSmoke.cs(28,19): warning UDR0001: No method with RuntimeInitializeOnLoadMethod attribute
Assets/Editor/PocketStrikerAIStoryLiveSmoke.cs(29,36): warning UDR0001: No method with RuntimeInitializeOnLoadMethod attribute
Assets/Editor/PocketStrikerLoadingReviewValidation.cs(43,17): warning UDR0001: No method with RuntimeInitializeOnLoadMethod attribute
Assets/Editor/PocketStrikerLoadingReviewValidation.cs(44,19): warning UDR0001: No method with RuntimeInitializeOnLoadMethod attribute
Assets/Editor/PocketStrikerBattleModeValidation.cs(19,17): warning UDR0001: No method with RuntimeInitializeOnLoadMethod attribute
Assets/Editor/PocketStrikerAsyncIconValidation.cs(23,17): warning UDR0001: No method with RuntimeInitializeOnLoadMethod attribute
Assets/Editor/PocketStrikerAsyncIconValidation.cs(24,19): warning UDR0001: No method with RuntimeInitializeOnLoadMethod attribute
Assets/Editor/PocketStrikerAsyncIconValidation.cs(25,22): warning UDR0001: No method with RuntimeInitializeOnLoadMethod attribute
Assets/Editor/PocketStrikerAsyncIconValidation.cs(26,23): warning UDR0001: No method with RuntimeInitializeOnLoadMethod attribute
Assets/Editor/PocketStrikerAsyncIconValidation.cs(28,19): warning UDR0001: No method with RuntimeInitializeOnLoadMethod attribute
Assets/Editor/PocketStrikerAsyncIconValidation.cs(28,28): warning UDR0001: No method with RuntimeInitializeOnLoadMethod attribute
Assets/Editor/PocketStrikerAsyncIconValidation.cs(29,19): warning UDR0001: No method with RuntimeInitializeOnLoadMethod attribute
Assets/Editor/PocketStrikerAsyncIconValidation.cs(29,32): warning UDR0001: No method with RuntimeInitializeOnLoadMethod attribute
Assets/Editor/PocketStrikerBattlePauseValidation.cs(26,17): warning UDR0001: No method with RuntimeInitializeOnLoadMethod attribute
Assets/Editor/PocketStrikerLoginArtSmoke.cs(30,17): warning UDR0001: No method with RuntimeInitializeOnLoadMethod attribute
Assets/Editor/PocketStrikerLoginArtSmoke.cs(31,19): warning UDR0001: No method with RuntimeInitializeOnLoadMethod attribute
Assets/Editor/PocketStrikerLoginArtSmoke.cs(32,36): warning UDR0001: No method with RuntimeInitializeOnLoadMethod attribute
Assets/Editor/PocketStrikerQueuedLiveValidation.cs(42,19): warning UDR0001: No method with RuntimeInitializeOnLoadMethod attribute
Assets/Editor/PocketStrikerQueuedLiveValidation.cs(43,19): warning UDR0001: No method with RuntimeInitializeOnLoadMethod attribute
Assets/Editor/PocketStrikerQueuedLiveValidation.cs(44,20): warning UDR0001: No method with RuntimeInitializeOnLoadMethod attribute
Assets/Editor/PocketStrikerQueuedLiveValidation.cs(45,17): warning UDR0001: No method with RuntimeInitializeOnLoadMethod attribute
Assets/Editor/PocketStrikerQueuedLiveValidation.cs(46,19): warning UDR0001: No method with RuntimeInitializeOnLoadMethod attribute
Assets/Editor/PocketStrikerUIArtValidation.cs(25,17): warning UDR0001: No method with RuntimeInitializeOnLoadMethod attribute
Assets/Editor/PocketStrikerUIArtValidation.cs(26,27): warning UDR0001: No method with RuntimeInitializeOnLoadMethod attribute
Assets/Editor/PocketStrikerCombatFlowSmoke.cs(28,17): warning UDR0001: No method with RuntimeInitializeOnLoadMethod attribute
Assets/Editor/PocketStrikerCombatFlowSmoke.cs(29,19): warning UDR0001: No method with RuntimeInitializeOnLoadMethod attribute
Assets/Editor/PocketStrikerGachaRecoveryValidation.cs(66,17): warning UDR0001: No method with RuntimeInitializeOnLoadMethod attribute
Assets/Editor/PocketStrikerDebugConsoleValidation.cs(24,28): warning UDR0001: No method with RuntimeInitializeOnLoadMethod attribute
Assets/Editor/PocketStrikerDebugConsoleValidation.cs(25,16): warning UDR0001: No method with RuntimeInitializeOnLoadMethod attribute
Assets/Editor/PocketStrikerDebugConsoleValidation.cs(26,16): warning UDR0001: No method with RuntimeInitializeOnLoadMethod attribute
Assets/Editor/PocketStrikerDebugConsoleValidation.cs(27,19): warning UDR0001: No method with RuntimeInitializeOnLoadMethod attribute
Assets/Editor/PocketStrikerSlotEffectValidation.cs(18,17): warning UDR0001: No method with RuntimeInitializeOnLoadMethod attribute
Assets/Editor/PocketStrikerBattleCameraSmoke.Impact.cs(87,25): warning UDR0001: No method with RuntimeInitializeOnLoadMethod attribute
Assets/Editor/PocketStrikerBattleCameraSmoke.Opening.cs(36,26): warning UDR0001: No method with RuntimeInitializeOnLoadMethod attribute
Assets/Editor/PocketStrikerBattleCameraSmoke.cs(28,17): warning UDR0001: No method with RuntimeInitializeOnLoadMethod attribute
Assets/Editor/PocketStrikerBattleCameraSmoke.cs(29,19): warning UDR0001: No method with RuntimeInitializeOnLoadMethod attribute
Assets/Editor/PocketStrikerUIInterruptionValidation.cs(21,17): warning UDR0001: No method with RuntimeInitializeOnLoadMethod attribute
Assets/Editor/PocketStrikerUIInterruptionValidation.cs(33,19): warning UDR0001: No method with RuntimeInitializeOnLoadMethod attribute
Assets/Editor/PocketStrikerDownloadCacheValidation.cs(41,19): warning UDR0001: No method with RuntimeInitializeOnLoadMethod attribute
Assets/Editor/PocketStrikerDownloadCacheValidation.cs(42,17): warning UDR0001: No method with RuntimeInitializeOnLoadMethod attribute
Assets/Editor/PocketStrikerDownloadCacheValidation.cs(42,28): warning UDR0001: No method with RuntimeInitializeOnLoadMethod attribute
Assets/Editor/PocketStrikerDownloadCacheValidation.cs(44,25): warning UDR0001: No method with RuntimeInitializeOnLoadMethod attribute
Assets/Editor/PocketStrikerDownloadCacheValidation.cs(45,26): warning UDR0001: No method with RuntimeInitializeOnLoadMethod attribute
Assets/Editor/PocketStrikerDownloadCacheValidation.cs(46,36): warning UDR0001: No method with RuntimeInitializeOnLoadMethod attribute
Assets/Editor/PocketStrikerDownloadCacheValidation.cs(47,18): warning UDR0001: No method with RuntimeInitializeOnLoadMethod attribute
Assets/Editor/PocketStrikerDownloadCacheValidation.cs(47,28): warning UDR0001: No method with RuntimeInitializeOnLoadMethod attribute
Assets/Editor/PocketStrikerUILayoutValidation.cs(33,17): warning UDR0001: No method with RuntimeInitializeOnLoadMethod attribute
Assets/Tank & Healer Studio/Ultimate Joystick/Editor/UltimateJoystickReadme.cs(25,26): warning UAC1001: Field 'versionHistory' type 'UltimateJoystickReadme.VersionHistory' is skipped by serialization (missing the [Serializable] attribute). Refer to the Serialization rules analyzer reference. (https://docs.unity3d.com/6000.5/Documentation/Manual/script-serialization-analyzer.html#uac1001)
Assets/Tank & Healer Studio/Ultimate Joystick/Editor/UltimateJoystickReadme.cs(19,20): warning UDR0001: No method with RuntimeInitializeOnLoadMethod attribute
Assets/D_Asset/RPG and MMO UI 11/Scripts/UI/Serializables/Editor/ColorBlockExtendedDrawer.cs(10,39): warning UDR0001: No method with RuntimeInitializeOnLoadMethod attribute
Assets/D_Asset/RPG and MMO UI 11/Scripts/UI/Serializables/Editor/ColorBlockExtendedDrawer.cs(11,25): warning UDR0001: No method with RuntimeInitializeOnLoadMethod attribute
Assets/Editor/PocketStrikerMenuBackgroundValidation.cs(33,17): warning UDR0001: No method with RuntimeInitializeOnLoadMethod attribute
Assets/Editor/PocketStrikerMenuBackgroundValidation.cs(34,19): warning UDR0001: No method with RuntimeInitializeOnLoadMethod attribute
Assets/Editor/PocketStrikerMenuBackgroundValidation.cs(35,19): warning UDR0001: No method with RuntimeInitializeOnLoadMethod attribute
Assets/Editor/PocketStrikerMenuBackgroundValidation.cs(36,17): warning UDR0001: No method with RuntimeInitializeOnLoadMethod attribute
Assets/Tank & Healer Studio/Ultimate Joystick/Editor/UltimateJoystickReadmeEditor.cs(12,32): warning UDR0001: No method with RuntimeInitializeOnLoadMethod attribute
Assets/Tank & Healer Studio/Ultimate Joystick/Editor/UltimateJoystickReadmeEditor.cs(37,31): warning UDR0001: No method with RuntimeInitializeOnLoadMethod attribute
Assets/Tank & Healer Studio/Ultimate Joystick/Editor/UltimateJoystickReadmeEditor.cs(38,27): warning UDR0001: No method with RuntimeInitializeOnLoadMethod attribute
Assets/UltimateCircularHealthBar/Editor/HelpEditorWindow.cs(8,34): warning UDR0001: No method with RuntimeInitializeOnLoadMethod attribute
Assets/UltimateCircularHealthBar/Editor/HelpEditorWindow.cs(9,31): warning UDR0001: No method with RuntimeInitializeOnLoadMethod attribute
Assets/UltimateCircularHealthBar/Editor/HelpEditorWindow.cs(10,31): warning UDR0001: No method with RuntimeInitializeOnLoadMethod attribute
Assets/Editor/PocketStrikerUILiveReview.Banners.cs(28,25): warning UDR0001: No method with RuntimeInitializeOnLoadMethod attribute
Assets/Editor/PocketStrikerUILiveReview.Banners.cs(29,26): warning UDR0001: No method with RuntimeInitializeOnLoadMethod attribute
Assets/Editor/PocketStrikerUILiveReview.Banners.cs(30,18): warning UDR0001: No method with RuntimeInitializeOnLoadMethod attribute
Assets/Editor/PocketStrikerUILiveReview.Banners.cs(31,18): warning UDR0001: No method with RuntimeInitializeOnLoadMethod attribute
Assets/Editor/PocketStrikerUILiveReview.Banners.cs(32,22): warning UDR0001: No method with RuntimeInitializeOnLoadMethod attribute
Assets/Editor/PocketStrikerUILiveReview.StoreCapture.cs(55,33): warning UDR0001: No method with RuntimeInitializeOnLoadMethod attribute
Assets/Editor/PocketStrikerUILiveReview.StoreVideoRecorder.cs(22,31): warning UDR0001: No method with RuntimeInitializeOnLoadMethod attribute
Assets/Editor/PocketStrikerUILiveReview.StoreVideoRecorder.cs(23,39): warning UDR0001: No method with RuntimeInitializeOnLoadMethod attribute
Assets/Editor/PocketStrikerUILiveReview.StoreVideoRecorder.cs(24,34): warning UDR0001: No method with RuntimeInitializeOnLoadMethod attribute
Assets/Editor/PocketStrikerUILiveReview.StoreVideoRecorder.cs(25,24): warning UDR0001: No method with RuntimeInitializeOnLoadMethod attribute
Assets/Editor/PocketStrikerUILiveReview.StoreVideoRecorder.cs(26,27): warning UDR0001: No method with RuntimeInitializeOnLoadMethod attribute
Assets/Editor/PocketStrikerUILiveReview.StoreVideoRecorder.cs(27,31): warning UDR0001: No method with RuntimeInitializeOnLoadMethod attribute
Assets/Editor/PocketStrikerUILiveReview.StoreVideoRecorder.cs(28,17): warning UDR0001: No method with RuntimeInitializeOnLoadMethod attribute
Assets/Editor/PocketStrikerUILiveReview.StoreVideoRecorder.cs(29,16): warning UDR0001: No method with RuntimeInitializeOnLoadMethod attribute
Assets/Editor/PocketStrikerUILiveReview.StoreVideoRecorder.cs(30,18): warning UDR0001: No method with RuntimeInitializeOnLoadMethod attribute
Assets/Editor/PocketStrikerUILiveReview.StoreVideoRecorder.cs(31,17): warning UDR0001: No method with RuntimeInitializeOnLoadMethod attribute
Assets/Editor/PocketStrikerUILiveReview.cs(31,17): warning UDR0001: No method with RuntimeInitializeOnLoadMethod attribute
Assets/Editor/PocketStrikerUILiveReview.cs(32,19): warning UDR0001: No method with RuntimeInitializeOnLoadMethod attribute
Assets/Editor/PocketStrikerUILiveReview.cs(33,36): warning UDR0001: No method with RuntimeInitializeOnLoadMethod attribute
Assets/Editor/PocketStrikerUILiveReview.cs(34,17): warning UDR0001: No method with RuntimeInitializeOnLoadMethod attribute
Assets/DynamicStarrySky/Editor/EditorCoroutine.cs(25,5): warning UDR0004: Non-static method subscribed to static event in start is not deregistered. Deregister it in OnDisable.
Assets/Editor/PocketStrikerAIStoryLiveSmoke.cs(77,9): warning UDR0001: No method with RuntimeInitializeOnLoadMethod attribute
Assets/Editor/PocketStrikerAIStoryLiveSmoke.cs(127,9): warning UDR0001: No method with RuntimeInitializeOnLoadMethod attribute
Assets/Editor/PocketStrikerAIStoryLiveSmoke.cs(129,9): warning UDR0001: No method with RuntimeInitializeOnLoadMethod attribute
Assets/Editor/PocketStrikerAsyncIconValidation.cs(58,47): warning UDR0001: No method with RuntimeInitializeOnLoadMethod attribute
Assets/Editor/PocketStrikerAsyncIconValidation.cs(66,43): warning UDR0001: No method with RuntimeInitializeOnLoadMethod attribute
Assets/Editor/PocketStrikerAsyncIconValidation.cs(89,44): warning UDR0001: No method with RuntimeInitializeOnLoadMethod attribute
Assets/Editor/PocketStrikerCombatFlowSmoke.cs(165,9): warning UDR0001: No method with RuntimeInitializeOnLoadMethod attribute
Assets/Editor/PocketStrikerBattleModeValidation.cs(112,9): warning UDR0004: Non-static method subscribed to static event in Validate is not deregistered. Deregister it in OnDisable.
Assets/Editor/PocketStrikerBattleHUDValidation.cs(151,9): warning UDR0004: Non-static method subscribed to static event in RunBattleHUDFixture is not deregistered. Deregister it in OnDisable.
Assets/Editor/PocketStrikerCombatFlowSmoke.cs(167,9): warning UDR0001: No method with RuntimeInitializeOnLoadMethod attribute
Assets/Editor/PocketStrikerBattleModeValidation.cs(116,9): warning UDR0001: No method with RuntimeInitializeOnLoadMethod attribute
Assets/Editor/PocketStrikerCombatFlowSmoke.cs(169,9): warning UDR0001: No method with RuntimeInitializeOnLoadMethod attribute
Assets/Editor/PocketStrikerBattlePauseValidation.cs(106,9): warning UDR0004: Non-static method subscribed to static event in Run is not deregistered. Deregister it in OnDisable.
Assets/Editor/PocketStrikerDebugConsoleValidation.cs(44,9): warning UDR0001: No method with RuntimeInitializeOnLoadMethod attribute
Assets/Editor/PocketStrikerDebugConsoleValidation.cs(45,9): warning UDR0004: Non-static method subscribed to static event in Unknown is not deregistered. Deregister it in OnDisable.
Assets/Editor/PocketStrikerEditorDefaults.cs(20,9): warning UDR0001: No method with RuntimeInitializeOnLoadMethod attribute
Assets/Editor/PocketStrikerDownloadCacheValidation.cs(109,9): warning UDR0001: No method with RuntimeInitializeOnLoadMethod attribute
Assets/Editor/PocketStrikerDebugConsoleValidation.cs(184,17): warning UDR0001: No method with RuntimeInitializeOnLoadMethod attribute
Assets/Editor/PocketStrikerDownloadCacheValidation.cs(175,50): warning UDR0001: No method with RuntimeInitializeOnLoadMethod attribute
Assets/Editor/PocketStrikerGachaRecoveryValidation.cs(99,57): warning UDR0001: No method with RuntimeInitializeOnLoadMethod attribute
Assets/Editor/PocketStrikerGachaRecoveryValidation.cs(100,43): warning UDR0001: No method with RuntimeInitializeOnLoadMethod attribute
Assets/Editor/PocketStrikerDownloadCacheValidation.cs(176,46): warning UDR0001: No method with RuntimeInitializeOnLoadMethod attribute
Assets/Editor/PocketStrikerDownloadCacheValidation.cs(177,43): warning UDR0001: No method with RuntimeInitializeOnLoadMethod attribute
Assets/Editor/PocketStrikerLoadingReviewValidation.cs(119,9): warning UDR0001: No method with RuntimeInitializeOnLoadMethod attribute
Assets/Editor/PocketStrikerLoadingReviewValidation.cs(162,57): warning UDR0001: No method with RuntimeInitializeOnLoadMethod attribute
Assets/Editor/PocketStrikerLoadingReviewValidation.cs(163,54): warning UDR0001: No method with RuntimeInitializeOnLoadMethod attribute
Assets/Editor/PocketStrikerLoadingReviewValidation.cs(164,43): warning UDR0001: No method with RuntimeInitializeOnLoadMethod attribute
Assets/Editor/PocketStrikerLoginArtSmoke.cs(58,9): warning UDR0001: No method with RuntimeInitializeOnLoadMethod attribute
Assets/Editor/PocketStrikerTutorialLayoutValidation.cs(117,9): warning UDR0004: Non-static method subscribed to static event in ValidateTutorialLayout is not deregistered. Deregister it in OnDisable.
Assets/Editor/PocketStrikerLoginArtSmoke.cs(115,9): warning UDR0001: No method with RuntimeInitializeOnLoadMethod attribute
Assets/Editor/PocketStrikerLoginArtSmoke.cs(117,9): warning UDR0001: No method with RuntimeInitializeOnLoadMethod attribute
Assets/Editor/PocketStrikerMenuBackgroundValidation.cs(181,9): warning UDR0001: No method with RuntimeInitializeOnLoadMethod attribute
Assets/Editor/PocketStrikerMenuBackgroundValidation.cs(263,57): warning UDR0001: No method with RuntimeInitializeOnLoadMethod attribute
Assets/Editor/PocketStrikerPreBattleTutorialValidation.cs(62,9): warning UDR0004: Non-static method subscribed to static event in Run is not deregistered. Deregister it in OnDisable.
Assets/Editor/PocketStrikerBattleCameraSmoke.cs(137,9): warning UDR0001: No method with RuntimeInitializeOnLoadMethod attribute
Assets/Editor/PocketStrikerTutorialValidation.cs(76,9): warning UDR0004: Non-static method subscribed to static event in Run is not deregistered. Deregister it in OnDisable.
Assets/Editor/PocketStrikerBattleCameraSmoke.cs(139,9): warning UDR0001: No method with RuntimeInitializeOnLoadMethod attribute
Assets/Editor/PocketStrikerMenuBackgroundValidation.cs(264,43): warning UDR0001: No method with RuntimeInitializeOnLoadMethod attribute
Assets/Editor/PocketStrikerReturnValidation.cs(73,9): warning UDR0001: No method with RuntimeInitializeOnLoadMethod attribute
Assets/Editor/PocketStrikerReturnValidation.cs(75,9): warning UDR0001: No method with RuntimeInitializeOnLoadMethod attribute
Assets/Editor/PocketStrikerBattleCameraSmoke.cs(141,9): warning UDR0001: No method with RuntimeInitializeOnLoadMethod attribute
Assets/Editor/PocketStrikerMenuBackgroundValidation.cs(265,54): warning UDR0001: No method with RuntimeInitializeOnLoadMethod attribute
Assets/Editor/PocketStrikerSkillUIValidation.cs(58,9): warning UDR0004: Non-static method subscribed to static event in Run is not deregistered. Deregister it in OnDisable.
Assets/Editor/PocketStrikerTutorialPlaymodeSmoke.cs(78,57): warning UDR0001: No method with RuntimeInitializeOnLoadMethod attribute
Assets/Editor/PocketStrikerUIArtValidation.cs(115,9): warning UDR0004: Non-static method subscribed to static event in QueueSnapshot is not deregistered. Deregister it in OnDisable.
Assets/Editor/PocketStrikerUIArtValidation.cs(115,46): warning UDR0004: Non-static method subscribed to static event in QueueSnapshot is not deregistered. Deregister it in OnDisable.
Assets/Editor/PocketStrikerUIArtValidation.cs(115,83): warning UDR0004: Non-static method subscribed to static event in QueueSnapshot is not deregistered. Deregister it in OnDisable.
Assets/Editor/PocketStrikerTutorialPlaymodeSmoke.cs(79,43): warning UDR0001: No method with RuntimeInitializeOnLoadMethod attribute
Assets/Editor/PocketStrikerTutorialPlaymodeSmoke.cs(80,54): warning UDR0001: No method with RuntimeInitializeOnLoadMethod attribute
Assets/Editor/PocketStrikerUIArtValidation.cs(293,9): warning UDR0001: No method with RuntimeInitializeOnLoadMethod attribute
Assets/Editor/PocketStrikerUIArtValidation.cs(295,9): warning UDR0001: No method with RuntimeInitializeOnLoadMethod attribute
Assets/Editor/PocketStrikerUIInterruptionValidation.cs(152,43): warning UDR0001: No method with RuntimeInitializeOnLoadMethod attribute
Assets/Editor/PocketStrikerUIInterruptionValidation.cs(143,47): warning UDR0001: No method with RuntimeInitializeOnLoadMethod attribute
Assets/Editor/PocketStrikerValidation.cs(82,9): warning UDR0001: No method with RuntimeInitializeOnLoadMethod attribute
Assets/Editor/PocketStrikerValidation.cs(83,9): warning UDR0001: No method with RuntimeInitializeOnLoadMethod attribute
Assets/Editor/PocketStrikerUIInterruptionValidation.cs(176,9): warning UDR0001: No method with RuntimeInitializeOnLoadMethod attribute
Assets/Editor/PocketStrikerValidation.cs(255,9): warning UDR0001: No method with RuntimeInitializeOnLoadMethod attribute
Assets/Editor/PocketStrikerValidation.cs(257,9): warning UDR0001: No method with RuntimeInitializeOnLoadMethod attribute
Assets/Tank & Healer Studio/Ultimate Joystick/Editor/UltimateJoystickEditor.cs(157,3): warning UDR0004: Non-static method subscribed to static event in OnEnable is not deregistered. Deregister it in OnDisable.
Assets/Tank & Healer Studio/Ultimate Joystick/Editor/UltimateJoystickReadmeEditor.cs(426,3): warning UDR0001: No method with RuntimeInitializeOnLoadMethod attribute
Assets/Tank & Healer Studio/Ultimate Joystick/Editor/UltimateJoystickReadmeEditor.cs(504,3): warning UDR0004: Non-static method subscribed to static event in OnEnable is not deregistered. Deregister it in OnDisable.
Assets/Editor/PocketStrikerValidation.cs(539,9): warning UDR0004: Non-static method subscribed to static event in BuildLocalPlayer is not deregistered. Deregister it in OnDisable.
Assets/UltimateCircularHealthBar/Editor/HelpEditorWindow.cs(13,13): warning UDR0001: No method with RuntimeInitializeOnLoadMethod attribute
Assets/UltimateCircularHealthBar/Editor/HelpEditorWindow.cs(14,13): warning UDR0001: No method with RuntimeInitializeOnLoadMethod attribute
Assets/Editor/PocketStrikerUILiveReview.StoreCapture.cs(83,9): warning UDR0001: No method with RuntimeInitializeOnLoadMethod attribute
Assets/Editor/PocketStrikerUILiveReview.StoreCapture.cs(387,9): warning UDR0001: No method with RuntimeInitializeOnLoadMethod attribute
Assets/Editor/PocketStrikerUILiveReview.StoreVideoRecorder.cs(89,9): warning UDR0001: No method with RuntimeInitializeOnLoadMethod attribute
Assets/Editor/PocketStrikerUILiveReview.StoreVideoRecorder.cs(91,9): warning UDR0001: No method with RuntimeInitializeOnLoadMethod attribute
Assets/Editor/PocketStrikerUILiveReview.StoreVideoRecorder.cs(93,9): warning UDR0001: No method with RuntimeInitializeOnLoadMethod attribute
Assets/Editor/PocketStrikerUILiveReview.StoreVideoRecorder.cs(343,13): warning UDR0001: No method with RuntimeInitializeOnLoadMethod attribute
Assets/Editor/PocketStrikerUILiveReview.cs(101,9): warning UDR0001: No method with RuntimeInitializeOnLoadMethod attribute
Assets/Editor/PocketStrikerUILiveReview.cs(155,9): warning UDR0001: No method with RuntimeInitializeOnLoadMethod attribute
Assets/Editor/PocketStrikerUILiveReview.cs(157,9): warning UDR0001: No method with RuntimeInitializeOnLoadMethod attribute
[1507/1510  0s] ILPostProcess Library/Bee/artifacts/900b0aE.dag/post-processed/Assembly-CSharp-Editor.dll (+pdb)
Processing assembly Library/Bee/artifacts/900b0aE.dag/Assembly-CSharp-Editor.dll, with 149 defines and 431 references
processors: Unity.Jobs.CodeGen.JobsILPostProcessor, zzzUnity.Burst.CodeGen.BurstILPostProcessor
running Unity.Jobs.CodeGen.JobsILPostProcessor
running zzzUnity.Burst.CodeGen.BurstILPostProcessor
[1508/1510  0s] CopyFiles Library/ScriptAssemblies/Assembly-CSharp-Editor.dll
[1509/1510  0s] CopyFiles Library/ScriptAssemblies/Assembly-CSharp-Editor.pdb
*** Tundra build success (2.98 seconds), 5 items updated, 1510 evaluated
Assets/AppCenter/Editor/AppCenterBehaviorEditorAdvanced.cs(31,24): warning CS0618: 'Object.FindObjectsOfType<T>()' is obsolete: 'Object.FindObjectsOfType has been deprecated. Use Object.FindObjectsByType instead which lets you decide whether you need the results sorted or not.  FindObjectsOfType sorts the results by InstanceID but if you do not need this using FindObjectSortMode.None is considerably faster.'
Assets/AppCenter/Editor/AppCenterPostBuild.cs(42,17): warning CS0618: 'PlayerSettings.GetScriptingBackend(BuildTargetGroup)' is obsolete: 'Use GetScriptingBackend(NamedBuildTarget buildTarget) instead'
Assets/App/Editor/Build/BuildClient.cs(412,6): warning CS0618: 'PlayerSettings.SetApplicationIdentifier(BuildTargetGroup, string)' is obsolete: 'Use SetApplicationIdentifier(NamedBuildTarget buildTarget, string identifier) instead'
Assets/Editor/PocketStrikerCombatFlowSmoke.cs(191,77): warning CS0618: 'FindObjectsSortMode' is obsolete: 'FindObjectsSortMode has been deprecated. Use the FindObjectsByType overloads that do not take a FindObjectsSortMode parameter.'
Assets/Editor/PocketStrikerCombatFlowSmoke.cs(191,22): warning CS0618: 'Object.FindObjectsByType<T>(FindObjectsSortMode)' is obsolete: 'FindObjectsByType with FindObjectsSortMode parameter has been deprecated. Use FindObjectsByType<T>() or FindObjectsByType<T>(FindObjectsInactive) instead. InstanceID will be replaced in the future with EntityId and previous sort order cannot be maintained.'
Assets/App/Editor/Build/BuildClient.cs(1027,28): warning CS0618: 'PlayerSettings.GetApplicationIdentifier(BuildTargetGroup)' is obsolete: 'Use GetApplicationIdentifier(NamedBuildTarget buildTarget) instead'
Assets/Editor/PocketStrikerDownloadCacheValidation.cs(182,120): warning CS0618: 'FindObjectsSortMode' is obsolete: 'FindObjectsSortMode has been deprecated. Use the FindObjectsByType overloads that do not take a FindObjectsSortMode parameter.'
Assets/Editor/PocketStrikerDownloadCacheValidation.cs(182,33): warning CS0618: 'Object.FindObjectsByType<T>(FindObjectsInactive, FindObjectsSortMode)' is obsolete: 'FindObjectsByType with FindObjectsSortMode parameter has been deprecated. Use FindObjectsByType<T>() or FindObjectsByType<T>(FindObjectsInactive) instead. InstanceID will be replaced in the future with EntityId and previous sort order cannot be maintained.'
Assets/Editor/PocketStrikerDownloadCacheValidation.cs(183,114): warning CS0618: 'FindObjectsSortMode' is obsolete: 'FindObjectsSortMode has been deprecated. Use the FindObjectsByType overloads that do not take a FindObjectsSortMode parameter.'
Assets/Editor/PocketStrikerDownloadCacheValidation.cs(183,29): warning CS0618: 'Object.FindObjectsByType<T>(FindObjectsInactive, FindObjectsSortMode)' is obsolete: 'FindObjectsByType with FindObjectsSortMode parameter has been deprecated. Use FindObjectsByType<T>() or FindObjectsByType<T>(FindObjectsInactive) instead. InstanceID will be replaced in the future with EntityId and previous sort order cannot be maintained.'
Assets/Editor/PocketStrikerDownloadCacheValidation.cs(184,107): warning CS0618: 'FindObjectsSortMode' is obsolete: 'FindObjectsSortMode has been deprecated. Use the FindObjectsByType overloads that do not take a FindObjectsSortMode parameter.'
Assets/Editor/PocketStrikerDownloadCacheValidation.cs(184,29): warning CS0618: 'Object.FindObjectsByType<T>(FindObjectsInactive, FindObjectsSortMode)' is obsolete: 'FindObjectsByType with FindObjectsSortMode parameter has been deprecated. Use FindObjectsByType<T>() or FindObjectsByType<T>(FindObjectsInactive) instead. InstanceID will be replaced in the future with EntityId and previous sort order cannot be maintained.'
Assets/Editor/PocketStrikerDownloadCacheValidation.cs(186,111): warning CS0618: 'FindObjectsSortMode' is obsolete: 'FindObjectsSortMode has been deprecated. Use the FindObjectsByType overloads that do not take a FindObjectsSortMode parameter.'
Assets/Editor/PocketStrikerDownloadCacheValidation.cs(186,29): warning CS0618: 'Object.FindObjectsByType<T>(FindObjectsInactive, FindObjectsSortMode)' is obsolete: 'FindObjectsByType with FindObjectsSortMode parameter has been deprecated. Use FindObjectsByType<T>() or FindObjectsByType<T>(FindObjectsInactive) instead. InstanceID will be replaced in the future with EntityId and previous sort order cannot be maintained.'
Assets/Editor/PocketStrikerDownloadCacheValidation.cs(187,114): warning CS0618: 'FindObjectsSortMode' is obsolete: 'FindObjectsSortMode has been deprecated. Use the FindObjectsByType overloads that do not take a FindObjectsSortMode parameter.'
Assets/Editor/PocketStrikerDownloadCacheValidation.cs(187,31): warning CS0618: 'Object.FindObjectsByType<T>(FindObjectsInactive, FindObjectsSortMode)' is obsolete: 'FindObjectsByType with FindObjectsSortMode parameter has been deprecated. Use FindObjectsByType<T>() or FindObjectsByType<T>(FindObjectsInactive) instead. InstanceID will be replaced in the future with EntityId and previous sort order cannot be maintained.'
Assets/Editor/PocketStrikerCombatFlowSmoke.cs(498,34): warning CS0618: 'Object.FindFirstObjectByType<T>()' is obsolete: 'FindFirstObjectByType has been deprecated because it relies on instance ID ordering. Use FindAnyObjectByType instead, which does not depend on ordering.'
Assets/Editor/PocketStrikerCombatFlowSmoke.cs(548,59): warning CS0618: 'Object.FindFirstObjectByType<T>()' is obsolete: 'FindFirstObjectByType has been deprecated because it relies on instance ID ordering. Use FindAnyObjectByType instead, which does not depend on ordering.'
Assets/Editor/PocketStrikerCombatFlowSmoke.cs(549,23): warning CS0618: 'Object.FindFirstObjectByType<T>()' is obsolete: 'FindFirstObjectByType has been deprecated because it relies on instance ID ordering. Use FindAnyObjectByType instead, which does not depend on ordering.'
Assets/Editor/PocketStrikerGachaRecoveryValidation.cs(179,96): warning CS0618: 'FindObjectsSortMode' is obsolete: 'FindObjectsSortMode has been deprecated. Use the FindObjectsByType overloads that do not take a FindObjectsSortMode parameter.'
Assets/Editor/PocketStrikerGachaRecoveryValidation.cs(179,21): warning CS0618: 'Object.FindObjectsByType<T>(FindObjectsInactive, FindObjectsSortMode)' is obsolete: 'FindObjectsByType with FindObjectsSortMode parameter has been deprecated. Use FindObjectsByType<T>() or FindObjectsByType<T>(FindObjectsInactive) instead. InstanceID will be replaced in the future with EntityId and previous sort order cannot be maintained.'
Assets/Editor/PocketStrikerLoadingReviewValidation.cs(170,120): warning CS0618: 'FindObjectsSortMode' is obsolete: 'FindObjectsSortMode has been deprecated. Use the FindObjectsByType overloads that do not take a FindObjectsSortMode parameter.'
Assets/Editor/PocketStrikerLoadingReviewValidation.cs(170,33): warning CS0618: 'Object.FindObjectsByType<T>(FindObjectsInactive, FindObjectsSortMode)' is obsolete: 'FindObjectsByType with FindObjectsSortMode parameter has been deprecated. Use FindObjectsByType<T>() or FindObjectsByType<T>(FindObjectsInactive) instead. InstanceID will be replaced in the future with EntityId and previous sort order cannot be maintained.'
Assets/Editor/PocketStrikerLoadingReviewValidation.cs(171,105): warning CS0618: 'FindObjectsSortMode' is obsolete: 'FindObjectsSortMode has been deprecated. Use the FindObjectsByType overloads that do not take a FindObjectsSortMode parameter.'
Assets/Editor/PocketStrikerLoadingReviewValidation.cs(171,29): warning CS0618: 'Object.FindObjectsByType<T>(FindObjectsInactive, FindObjectsSortMode)' is obsolete: 'FindObjectsByType with FindObjectsSortMode parameter has been deprecated. Use FindObjectsByType<T>() or FindObjectsByType<T>(FindObjectsInactive) instead. InstanceID will be replaced in the future with EntityId and previous sort order cannot be maintained.'
Assets/Editor/PocketStrikerLoadingReviewValidation.cs(172,107): warning CS0618: 'FindObjectsSortMode' is obsolete: 'FindObjectsSortMode has been deprecated. Use the FindObjectsByType overloads that do not take a FindObjectsSortMode parameter.'
Assets/Editor/PocketStrikerLoadingReviewValidation.cs(172,29): warning CS0618: 'Object.FindObjectsByType<T>(FindObjectsInactive, FindObjectsSortMode)' is obsolete: 'FindObjectsByType with FindObjectsSortMode parameter has been deprecated. Use FindObjectsByType<T>() or FindObjectsByType<T>(FindObjectsInactive) instead. InstanceID will be replaced in the future with EntityId and previous sort order cannot be maintained.'
Assets/Editor/PocketStrikerLoadingReviewValidation.cs(178,111): warning CS0618: 'FindObjectsSortMode' is obsolete: 'FindObjectsSortMode has been deprecated. Use the FindObjectsByType overloads that do not take a FindObjectsSortMode parameter.'
Assets/Editor/PocketStrikerLoadingReviewValidation.cs(178,29): warning CS0618: 'Object.FindObjectsByType<T>(FindObjectsInactive, FindObjectsSortMode)' is obsolete: 'FindObjectsByType with FindObjectsSortMode parameter has been deprecated. Use FindObjectsByType<T>() or FindObjectsByType<T>(FindObjectsInactive) instead. InstanceID will be replaced in the future with EntityId and previous sort order cannot be maintained.'
Assets/Editor/PocketStrikerLoadingReviewValidation.cs(185,115): warning CS0618: 'FindObjectsSortMode' is obsolete: 'FindObjectsSortMode has been deprecated. Use the FindObjectsByType overloads that do not take a FindObjectsSortMode parameter.'
Assets/Editor/PocketStrikerLoadingReviewValidation.cs(185,32): warning CS0618: 'Object.FindObjectsByType<T>(FindObjectsInactive, FindObjectsSortMode)' is obsolete: 'FindObjectsByType with FindObjectsSortMode parameter has been deprecated. Use FindObjectsByType<T>() or FindObjectsByType<T>(FindObjectsInactive) instead. InstanceID will be replaced in the future with EntityId and previous sort order cannot be maintained.'
Assets/Editor/PocketStrikerCombatFlowSmoke.cs(645,20): warning CS0618: 'Object.FindFirstObjectByType<T>()' is obsolete: 'FindFirstObjectByType has been deprecated because it relies on instance ID ordering. Use FindAnyObjectByType instead, which does not depend on ordering.'
Assets/Editor/PocketStrikerCombatFlowSmoke.cs(669,25): warning CS0618: 'Object.FindFirstObjectByType<T>()' is obsolete: 'FindFirstObjectByType has been deprecated because it relies on instance ID ordering. Use FindAnyObjectByType instead, which does not depend on ordering.'
Assets/Editor/PocketStrikerCombatFlowSmoke.cs(681,23): warning CS0618: 'Object.FindFirstObjectByType<T>()' is obsolete: 'FindFirstObjectByType has been deprecated because it relies on instance ID ordering. Use FindAnyObjectByType instead, which does not depend on ordering.'
Assets/Editor/PocketStrikerCombatFlowSmoke.cs(930,76): warning CS0618: 'FindObjectsSortMode' is obsolete: 'FindObjectsSortMode has been deprecated. Use the FindObjectsByType overloads that do not take a FindObjectsSortMode parameter.'
Assets/Editor/PocketStrikerCombatFlowSmoke.cs(929,56): warning CS0618: 'Object.FindObjectsByType<T>(FindObjectsInactive, FindObjectsSortMode)' is obsolete: 'FindObjectsByType with FindObjectsSortMode parameter has been deprecated. Use FindObjectsByType<T>() or FindObjectsByType<T>(FindObjectsInactive) instead. InstanceID will be replaced in the future with EntityId and previous sort order cannot be maintained.'
Assets/Editor/PocketStrikerLoginArtSmoke.cs(179,120): warning CS0618: 'FindObjectsSortMode' is obsolete: 'FindObjectsSortMode has been deprecated. Use the FindObjectsByType overloads that do not take a FindObjectsSortMode parameter.'
Assets/Editor/PocketStrikerLoginArtSmoke.cs(179,43): warning CS0618: 'Object.FindObjectsByType<T>(FindObjectsInactive, FindObjectsSortMode)' is obsolete: 'FindObjectsByType with FindObjectsSortMode parameter has been deprecated. Use FindObjectsByType<T>() or FindObjectsByType<T>(FindObjectsInactive) instead. InstanceID will be replaced in the future with EntityId and previous sort order cannot be maintained.'
Assets/Editor/PocketStrikerCombatFlowSmoke.cs(955,30): warning CS0618: 'Object.FindFirstObjectByType<T>()' is obsolete: 'FindFirstObjectByType has been deprecated because it relies on instance ID ordering. Use FindAnyObjectByType instead, which does not depend on ordering.'
Assets/Editor/PocketStrikerMenuBackgroundValidation.cs(271,105): warning CS0618: 'FindObjectsSortMode' is obsolete: 'FindObjectsSortMode has been deprecated. Use the FindObjectsByType overloads that do not take a FindObjectsSortMode parameter.'
Assets/Editor/PocketStrikerMenuBackgroundValidation.cs(271,29): warning CS0618: 'Object.FindObjectsByType<T>(FindObjectsInactive, FindObjectsSortMode)' is obsolete: 'FindObjectsByType with FindObjectsSortMode parameter has been deprecated. Use FindObjectsByType<T>() or FindObjectsByType<T>(FindObjectsInactive) instead. InstanceID will be replaced in the future with EntityId and previous sort order cannot be maintained.'
Assets/Editor/PocketStrikerMenuBackgroundValidation.cs(272,120): warning CS0618: 'FindObjectsSortMode' is obsolete: 'FindObjectsSortMode has been deprecated. Use the FindObjectsByType overloads that do not take a FindObjectsSortMode parameter.'
Assets/Editor/PocketStrikerMenuBackgroundValidation.cs(272,33): warning CS0618: 'Object.FindObjectsByType<T>(FindObjectsInactive, FindObjectsSortMode)' is obsolete: 'FindObjectsByType with FindObjectsSortMode parameter has been deprecated. Use FindObjectsByType<T>() or FindObjectsByType<T>(FindObjectsInactive) instead. InstanceID will be replaced in the future with EntityId and previous sort order cannot be maintained.'
Assets/Editor/PocketStrikerMenuBackgroundValidation.cs(273,108): warning CS0618: 'FindObjectsSortMode' is obsolete: 'FindObjectsSortMode has been deprecated. Use the FindObjectsByType overloads that do not take a FindObjectsSortMode parameter.'
Assets/Editor/PocketStrikerMenuBackgroundValidation.cs(273,30): warning CS0618: 'Object.FindObjectsByType<T>(FindObjectsInactive, FindObjectsSortMode)' is obsolete: 'FindObjectsByType with FindObjectsSortMode parameter has been deprecated. Use FindObjectsByType<T>() or FindObjectsByType<T>(FindObjectsInactive) instead. InstanceID will be replaced in the future with EntityId and previous sort order cannot be maintained.'
Assets/Editor/PocketStrikerMenuBackgroundValidation.cs(279,111): warning CS0618: 'FindObjectsSortMode' is obsolete: 'FindObjectsSortMode has been deprecated. Use the FindObjectsByType overloads that do not take a FindObjectsSortMode parameter.'
Assets/Editor/PocketStrikerMenuBackgroundValidation.cs(279,29): warning CS0618: 'Object.FindObjectsByType<T>(FindObjectsInactive, FindObjectsSortMode)' is obsolete: 'FindObjectsByType with FindObjectsSortMode parameter has been deprecated. Use FindObjectsByType<T>() or FindObjectsByType<T>(FindObjectsInactive) instead. InstanceID will be replaced in the future with EntityId and previous sort order cannot be maintained.'
Assets/Editor/PocketStrikerMenuBackgroundValidation.cs(284,114): warning CS0618: 'FindObjectsSortMode' is obsolete: 'FindObjectsSortMode has been deprecated. Use the FindObjectsByType overloads that do not take a FindObjectsSortMode parameter.'
Assets/Editor/PocketStrikerMenuBackgroundValidation.cs(284,31): warning CS0618: 'Object.FindObjectsByType<T>(FindObjectsInactive, FindObjectsSortMode)' is obsolete: 'FindObjectsByType with FindObjectsSortMode parameter has been deprecated. Use FindObjectsByType<T>() or FindObjectsByType<T>(FindObjectsInactive) instead. InstanceID will be replaced in the future with EntityId and previous sort order cannot be maintained.'
Assets/Editor/PocketStrikerMenuBackgroundValidation.cs(288,119): warning CS0618: 'FindObjectsSortMode' is obsolete: 'FindObjectsSortMode has been deprecated. Use the FindObjectsByType overloads that do not take a FindObjectsSortMode parameter.'
Assets/Editor/PocketStrikerMenuBackgroundValidation.cs(288,36): warning CS0618: 'Object.FindObjectsByType<T>(FindObjectsInactive, FindObjectsSortMode)' is obsolete: 'FindObjectsByType with FindObjectsSortMode parameter has been deprecated. Use FindObjectsByType<T>() or FindObjectsByType<T>(FindObjectsInactive) instead. InstanceID will be replaced in the future with EntityId and previous sort order cannot be maintained.'
Assets/Editor/PocketStrikerBattleCameraSmoke.cs(167,76): warning CS0618: 'FindObjectsSortMode' is obsolete: 'FindObjectsSortMode has been deprecated. Use the FindObjectsByType overloads that do not take a FindObjectsSortMode parameter.'
Assets/Editor/PocketStrikerBattleCameraSmoke.cs(167,21): warning CS0618: 'Object.FindObjectsByType<T>(FindObjectsSortMode)' is obsolete: 'FindObjectsByType with FindObjectsSortMode parameter has been deprecated. Use FindObjectsByType<T>() or FindObjectsByType<T>(FindObjectsInactive) instead. InstanceID will be replaced in the future with EntityId and previous sort order cannot be maintained.'
Assets/Editor/PocketStrikerLoadingReviewValidation.cs(610,125): warning CS0618: 'FindObjectsSortMode' is obsolete: 'FindObjectsSortMode has been deprecated. Use the FindObjectsByType overloads that do not take a FindObjectsSortMode parameter.'
Assets/Editor/PocketStrikerLoadingReviewValidation.cs(610,38): warning CS0618: 'Object.FindObjectsByType<T>(FindObjectsInactive, FindObjectsSortMode)' is obsolete: 'FindObjectsByType with FindObjectsSortMode parameter has been deprecated. Use FindObjectsByType<T>() or FindObjectsByType<T>(FindObjectsInactive) instead. InstanceID will be replaced in the future with EntityId and previous sort order cannot be maintained.'
Assets/Editor/PocketStrikerLoadingReviewValidation.cs(611,115): warning CS0618: 'FindObjectsSortMode' is obsolete: 'FindObjectsSortMode has been deprecated. Use the FindObjectsByType overloads that do not take a FindObjectsSortMode parameter.'
Assets/Editor/PocketStrikerLoadingReviewValidation.cs(611,39): warning CS0618: 'Object.FindObjectsByType<T>(FindObjectsInactive, FindObjectsSortMode)' is obsolete: 'FindObjectsByType with FindObjectsSortMode parameter has been deprecated. Use FindObjectsByType<T>() or FindObjectsByType<T>(FindObjectsInactive) instead. InstanceID will be replaced in the future with EntityId and previous sort order cannot be maintained.'
Assets/Editor/PocketStrikerLoadingReviewValidation.cs(612,111): warning CS0618: 'FindObjectsSortMode' is obsolete: 'FindObjectsSortMode has been deprecated. Use the FindObjectsByType overloads that do not take a FindObjectsSortMode parameter.'
Assets/Editor/PocketStrikerLoadingReviewValidation.cs(612,33): warning CS0618: 'Object.FindObjectsByType<T>(FindObjectsInactive, FindObjectsSortMode)' is obsolete: 'FindObjectsByType with FindObjectsSortMode parameter has been deprecated. Use FindObjectsByType<T>() or FindObjectsByType<T>(FindObjectsInactive) instead. InstanceID will be replaced in the future with EntityId and previous sort order cannot be maintained.'
Assets/Editor/PocketStrikerLoadingReviewValidation.cs(613,115): warning CS0618: 'FindObjectsSortMode' is obsolete: 'FindObjectsSortMode has been deprecated. Use the FindObjectsByType overloads that do not take a FindObjectsSortMode parameter.'
Assets/Editor/PocketStrikerLoadingReviewValidation.cs(613,33): warning CS0618: 'Object.FindObjectsByType<T>(FindObjectsInactive, FindObjectsSortMode)' is obsolete: 'FindObjectsByType with FindObjectsSortMode parameter has been deprecated. Use FindObjectsByType<T>() or FindObjectsByType<T>(FindObjectsInactive) instead. InstanceID will be replaced in the future with EntityId and previous sort order cannot be maintained.'
Assets/Editor/PocketStrikerMenuBackgroundValidation.cs(355,99): warning CS0618: 'FindObjectsSortMode' is obsolete: 'FindObjectsSortMode has been deprecated. Use the FindObjectsByType overloads that do not take a FindObjectsSortMode parameter.'
Assets/Editor/PocketStrikerMenuBackgroundValidation.cs(355,21): warning CS0618: 'Object.FindObjectsByType<T>(FindObjectsInactive, FindObjectsSortMode)' is obsolete: 'FindObjectsByType with FindObjectsSortMode parameter has been deprecated. Use FindObjectsByType<T>() or FindObjectsByType<T>(FindObjectsInactive) instead. InstanceID will be replaced in the future with EntityId and previous sort order cannot be maintained.'
Assets/Editor/PocketStrikerRenderingValidation.cs(59,74): warning CS0618: 'FindObjectsSortMode' is obsolete: 'FindObjectsSortMode has been deprecated. Use the FindObjectsByType overloads that do not take a FindObjectsSortMode parameter.'
Assets/Editor/PocketStrikerRenderingValidation.cs(59,24): warning CS0618: 'Object.FindObjectsByType<T>(FindObjectsSortMode)' is obsolete: 'FindObjectsByType with FindObjectsSortMode parameter has been deprecated. Use FindObjectsByType<T>() or FindObjectsByType<T>(FindObjectsInactive) instead. InstanceID will be replaced in the future with EntityId and previous sort order cannot be maintained.'
Assets/Editor/PocketStrikerRenderingValidation.cs(116,27): warning CS0618: 'Object.FindFirstObjectByType<T>()' is obsolete: 'FindFirstObjectByType has been deprecated because it relies on instance ID ordering. Use FindAnyObjectByType instead, which does not depend on ordering.'
Assets/Editor/PocketStrikerLoadingReviewValidation.cs(638,126): warning CS0618: 'FindObjectsSortMode' is obsolete: 'FindObjectsSortMode has been deprecated. Use the FindObjectsByType overloads that do not take a FindObjectsSortMode parameter.'
Assets/Editor/PocketStrikerLoadingReviewValidation.cs(638,39): warning CS0618: 'Object.FindObjectsByType<T>(FindObjectsInactive, FindObjectsSortMode)' is obsolete: 'FindObjectsByType with FindObjectsSortMode parameter has been deprecated. Use FindObjectsByType<T>() or FindObjectsByType<T>(FindObjectsInactive) instead. InstanceID will be replaced in the future with EntityId and previous sort order cannot be maintained.'
Assets/Editor/PocketStrikerLoadingReviewValidation.cs(639,88): warning CS0618: 'FindObjectsSortMode' is obsolete: 'FindObjectsSortMode has been deprecated. Use the FindObjectsByType overloads that do not take a FindObjectsSortMode parameter.'
Assets/Editor/PocketStrikerLoadingReviewValidation.cs(639,12): warning CS0618: 'Object.FindObjectsByType<T>(FindObjectsInactive, FindObjectsSortMode)' is obsolete: 'FindObjectsByType with FindObjectsSortMode parameter has been deprecated. Use FindObjectsByType<T>() or FindObjectsByType<T>(FindObjectsInactive) instead. InstanceID will be replaced in the future with EntityId and previous sort order cannot be maintained.'
Assets/Editor/PocketStrikerLoadingReviewValidation.cs(640,90): warning CS0618: 'FindObjectsSortMode' is obsolete: 'FindObjectsSortMode has been deprecated. Use the FindObjectsByType overloads that do not take a FindObjectsSortMode parameter.'
Assets/Editor/PocketStrikerLoadingReviewValidation.cs(640,12): warning CS0618: 'Object.FindObjectsByType<T>(FindObjectsInactive, FindObjectsSortMode)' is obsolete: 'FindObjectsByType with FindObjectsSortMode parameter has been deprecated. Use FindObjectsByType<T>() or FindObjectsByType<T>(FindObjectsInactive) instead. InstanceID will be replaced in the future with EntityId and previous sort order cannot be maintained.'
Assets/Editor/PocketStrikerLoadingReviewValidation.cs(641,94): warning CS0618: 'FindObjectsSortMode' is obsolete: 'FindObjectsSortMode has been deprecated. Use the FindObjectsByType overloads that do not take a FindObjectsSortMode parameter.'
Assets/Editor/PocketStrikerLoadingReviewValidation.cs(641,12): warning CS0618: 'Object.FindObjectsByType<T>(FindObjectsInactive, FindObjectsSortMode)' is obsolete: 'FindObjectsByType with FindObjectsSortMode parameter has been deprecated. Use FindObjectsByType<T>() or FindObjectsByType<T>(FindObjectsInactive) instead. InstanceID will be replaced in the future with EntityId and previous sort order cannot be maintained.'
Assets/Editor/PocketStrikerReturnValidation.cs(327,111): warning CS0618: 'FindObjectsSortMode' is obsolete: 'FindObjectsSortMode has been deprecated. Use the FindObjectsByType overloads that do not take a FindObjectsSortMode parameter.'
Assets/Editor/PocketStrikerReturnValidation.cs(327,32): warning CS0618: 'Object.FindObjectsByType<T>(FindObjectsInactive, FindObjectsSortMode)' is obsolete: 'FindObjectsByType with FindObjectsSortMode parameter has been deprecated. Use FindObjectsByType<T>() or FindObjectsByType<T>(FindObjectsInactive) instead. InstanceID will be replaced in the future with EntityId and previous sort order cannot be maintained.'
Assets/Editor/PocketStrikerReturnValidation.cs(328,110): warning CS0618: 'FindObjectsSortMode' is obsolete: 'FindObjectsSortMode has been deprecated. Use the FindObjectsByType overloads that do not take a FindObjectsSortMode parameter.'
Assets/Editor/PocketStrikerReturnValidation.cs(328,31): warning CS0618: 'Object.FindObjectsByType<T>(FindObjectsInactive, FindObjectsSortMode)' is obsolete: 'FindObjectsByType with FindObjectsSortMode parameter has been deprecated. Use FindObjectsByType<T>() or FindObjectsByType<T>(FindObjectsInactive) instead. InstanceID will be replaced in the future with EntityId and previous sort order cannot be maintained.'
Assets/Editor/PocketStrikerBattleCameraSmoke.cs(703,42): warning CS0618: 'Object.FindFirstObjectByType<T>()' is obsolete: 'FindFirstObjectByType has been deprecated because it relies on instance ID ordering. Use FindAnyObjectByType instead, which does not depend on ordering.'
Assets/Editor/PocketStrikerTutorialPlaymodeSmoke.cs(106,77): warning CS0618: 'FindObjectsSortMode' is obsolete: 'FindObjectsSortMode has been deprecated. Use the FindObjectsByType overloads that do not take a FindObjectsSortMode parameter.'
Assets/Editor/PocketStrikerTutorialPlaymodeSmoke.cs(106,22): warning CS0618: 'Object.FindObjectsByType<T>(FindObjectsSortMode)' is obsolete: 'FindObjectsByType with FindObjectsSortMode parameter has been deprecated. Use FindObjectsByType<T>() or FindObjectsByType<T>(FindObjectsInactive) instead. InstanceID will be replaced in the future with EntityId and previous sort order cannot be maintained.'
Assets/Editor/PocketStrikerUILiveReview.Banners.cs(97,106): warning CS0618: 'FindObjectsSortMode' is obsolete: 'FindObjectsSortMode has been deprecated. Use the FindObjectsByType overloads that do not take a FindObjectsSortMode parameter.'
Assets/Editor/PocketStrikerUILiveReview.Banners.cs(97,50): warning CS0618: 'Object.FindObjectsByType<T>(FindObjectsSortMode)' is obsolete: 'FindObjectsByType with FindObjectsSortMode parameter has been deprecated. Use FindObjectsByType<T>() or FindObjectsByType<T>(FindObjectsInactive) instead. InstanceID will be replaced in the future with EntityId and previous sort order cannot be maintained.'
Assets/Editor/PocketStrikerUILiveReview.Banners.cs(118,90): warning CS0618: 'FindObjectsSortMode' is obsolete: 'FindObjectsSortMode has been deprecated. Use the FindObjectsByType overloads that do not take a FindObjectsSortMode parameter.'
Assets/Editor/PocketStrikerUILiveReview.Banners.cs(118,34): warning CS0618: 'Object.FindObjectsByType<T>(FindObjectsSortMode)' is obsolete: 'FindObjectsByType with FindObjectsSortMode parameter has been deprecated. Use FindObjectsByType<T>() or FindObjectsByType<T>(FindObjectsInactive) instead. InstanceID will be replaced in the future with EntityId and previous sort order cannot be maintained.'
Assets/Editor/PocketStrikerTutorialPlaymodeSmoke.cs(148,20): warning CS0618: 'Object.FindFirstObjectByType<T>()' is obsolete: 'FindFirstObjectByType has been deprecated because it relies on instance ID ordering. Use FindAnyObjectByType instead, which does not depend on ordering.'
Assets/Editor/PocketStrikerTutorialPlaymodeSmoke.cs(150,25): warning CS0618: 'Object.FindFirstObjectByType<T>()' is obsolete: 'FindFirstObjectByType has been deprecated because it relies on instance ID ordering. Use FindAnyObjectByType instead, which does not depend on ordering.'
Assets/Editor/PocketStrikerValidation.cs(188,25): warning CS0618: 'Object.FindFirstObjectByType<T>()' is obsolete: 'FindFirstObjectByType has been deprecated because it relies on instance ID ordering. Use FindAnyObjectByType instead, which does not depend on ordering.'
Assets/Editor/PocketStrikerValidation.cs(202,69): warning CS0618: 'FindObjectsSortMode' is obsolete: 'FindObjectsSortMode has been deprecated. Use the FindObjectsByType overloads that do not take a FindObjectsSortMode parameter.'
Assets/Editor/PocketStrikerValidation.cs(202,17): warning CS0618: 'Object.FindObjectsByType<T>(FindObjectsSortMode)' is obsolete: 'FindObjectsByType with FindObjectsSortMode parameter has been deprecated. Use FindObjectsByType<T>() or FindObjectsByType<T>(FindObjectsInactive) instead. InstanceID will be replaced in the future with EntityId and previous sort order cannot be maintained.'
Assets/Editor/PocketStrikerUILiveReview.DynamicSkills.cs(136,87): warning CS0618: 'FindObjectsSortMode' is obsolete: 'FindObjectsSortMode has been deprecated. Use the FindObjectsByType overloads that do not take a FindObjectsSortMode parameter.'
Assets/Editor/PocketStrikerUILiveReview.DynamicSkills.cs(136,18): warning CS0618: 'Object.FindObjectsByType<T>(FindObjectsInactive, FindObjectsSortMode)' is obsolete: 'FindObjectsByType with FindObjectsSortMode parameter has been deprecated. Use FindObjectsByType<T>() or FindObjectsByType<T>(FindObjectsInactive) instead. InstanceID will be replaced in the future with EntityId and previous sort order cannot be maintained.'
Assets/Editor/PocketStrikerMenuBackgroundValidation.cs(813,95): warning CS0618: 'FindObjectsSortMode' is obsolete: 'FindObjectsSortMode has been deprecated. Use the FindObjectsByType overloads that do not take a FindObjectsSortMode parameter.'
Assets/Editor/PocketStrikerMenuBackgroundValidation.cs(813,17): warning CS0618: 'Object.FindObjectsByType<T>(FindObjectsInactive, FindObjectsSortMode)' is obsolete: 'FindObjectsByType with FindObjectsSortMode parameter has been deprecated. Use FindObjectsByType<T>() or FindObjectsByType<T>(FindObjectsInactive) instead. InstanceID will be replaced in the future with EntityId and previous sort order cannot be maintained.'
Assets/Editor/PocketStrikerTutorialPlaymodeSmoke.cs(300,90): warning CS0618: 'FindObjectsSortMode' is obsolete: 'FindObjectsSortMode has been deprecated. Use the FindObjectsByType overloads that do not take a FindObjectsSortMode parameter.'
Assets/Editor/PocketStrikerTutorialPlaymodeSmoke.cs(300,50): warning CS0618: 'Object.FindObjectsByType<T>(FindObjectsSortMode)' is obsolete: 'FindObjectsByType with FindObjectsSortMode parameter has been deprecated. Use FindObjectsByType<T>() or FindObjectsByType<T>(FindObjectsInactive) instead. InstanceID will be replaced in the future with EntityId and previous sort order cannot be maintained.'
Assets/Editor/PocketStrikerValidation.cs(360,31): warning CS0618: 'Object.FindFirstObjectByType<T>()' is obsolete: 'FindFirstObjectByType has been deprecated because it relies on instance ID ordering. Use FindAnyObjectByType instead, which does not depend on ordering.'
Assets/Editor/PocketStrikerValidation.cs(457,46): warning CS0618: 'FindObjectsSortMode' is obsolete: 'FindObjectsSortMode has been deprecated. Use the FindObjectsByType overloads that do not take a FindObjectsSortMode parameter.'
Assets/Editor/PocketStrikerValidation.cs(456,50): warning CS0618: 'Object.FindObjectsByType<T>(FindObjectsSortMode)' is obsolete: 'FindObjectsByType with FindObjectsSortMode parameter has been deprecated. Use FindObjectsByType<T>() or FindObjectsByType<T>(FindObjectsInactive) instead. InstanceID will be replaced in the future with EntityId and previous sort order cannot be maintained.'
Assets/Editor/PocketStrikerUILiveReview.DynamicSkills.cs(343,86): warning CS0618: 'FindObjectsSortMode' is obsolete: 'FindObjectsSortMode has been deprecated. Use the FindObjectsByType overloads that do not take a FindObjectsSortMode parameter.'
Assets/Editor/PocketStrikerUILiveReview.DynamicSkills.cs(343,17): warning CS0618: 'Object.FindObjectsByType<T>(FindObjectsInactive, FindObjectsSortMode)' is obsolete: 'FindObjectsByType with FindObjectsSortMode parameter has been deprecated. Use FindObjectsByType<T>() or FindObjectsByType<T>(FindObjectsInactive) instead. InstanceID will be replaced in the future with EntityId and previous sort order cannot be maintained.'
Assets/Editor/PocketStrikerUILiveReview.DynamicSkills.cs(349,96): warning CS0618: 'FindObjectsSortMode' is obsolete: 'FindObjectsSortMode has been deprecated. Use the FindObjectsByType overloads that do not take a FindObjectsSortMode parameter.'
Assets/Editor/PocketStrikerUILiveReview.DynamicSkills.cs(349,27): warning CS0618: 'Object.FindObjectsByType<T>(FindObjectsInactive, FindObjectsSortMode)' is obsolete: 'FindObjectsByType with FindObjectsSortMode parameter has been deprecated. Use FindObjectsByType<T>() or FindObjectsByType<T>(FindObjectsInactive) instead. InstanceID will be replaced in the future with EntityId and previous sort order cannot be maintained.'
Assets/Tank & Healer Studio/Ultimate Joystick/Editor/UltimateJoystickEditor.cs(1787,17): warning CS0618: 'Object.FindObjectOfType<T>()' is obsolete: 'Object.FindObjectOfType has been deprecated. Use Object.FindAnyObjectByType instead.'
Assets/Tank & Healer Studio/Ultimate Joystick/Editor/UltimateJoystickEditor.cs(1799,24): warning CS0618: 'Object.FindObjectsOfType(Type)' is obsolete: 'Object.FindObjectsOfType has been deprecated. Use Object.FindObjectsByType instead which lets you decide whether you need the results sorted or not.  FindObjectsOfType sorts the results by InstanceID, but if you do not need this using FindObjectSortMode.None is considerably faster.'
Assets/Editor/PocketStrikerMenuBackgroundValidation.cs(1447,115): warning CS0618: 'FindObjectsSortMode' is obsolete: 'FindObjectsSortMode has been deprecated. Use the FindObjectsByType overloads that do not take a FindObjectsSortMode parameter.'
Assets/Editor/PocketStrikerMenuBackgroundValidation.cs(1447,46): warning CS0618: 'Object.FindObjectsByType<T>(FindObjectsInactive, FindObjectsSortMode)' is obsolete: 'FindObjectsByType with FindObjectsSortMode parameter has been deprecated. Use FindObjectsByType<T>() or FindObjectsByType<T>(FindObjectsInactive) instead. InstanceID will be replaced in the future with EntityId and previous sort order cannot be maintained.'
Assets/Editor/PocketStrikerMenuBackgroundValidation.cs(1449,121): warning CS0618: 'FindObjectsSortMode' is obsolete: 'FindObjectsSortMode has been deprecated. Use the FindObjectsByType overloads that do not take a FindObjectsSortMode parameter.'
Assets/Editor/PocketStrikerMenuBackgroundValidation.cs(1449,52): warning CS0618: 'Object.FindObjectsByType<T>(FindObjectsInactive, FindObjectsSortMode)' is obsolete: 'FindObjectsByType with FindObjectsSortMode parameter has been deprecated. Use FindObjectsByType<T>() or FindObjectsByType<T>(FindObjectsInactive) instead. InstanceID will be replaced in the future with EntityId and previous sort order cannot be maintained.'
Assets/App/Editor/Build/BuildClient.cs(88,23): warning UDR0001: No method with RuntimeInitializeOnLoadMethod attribute
Assets/App/Editor/Build/BuildClient.cs(108,36): warning UDR0001: No method with RuntimeInitializeOnLoadMethod attribute
Assets/App/Editor/Build/BuildClient.cs(113,37): warning UDR0001: No method with RuntimeInitializeOnLoadMethod attribute
Assets/D_Asset/OrangedKeys/TitleFX/Editor/AssetPostImportProcess_TitleFX.cs(10,25): warning UDR0001: No method with RuntimeInitializeOnLoadMethod attribute
Assets/D_Asset/OrangedKeys/TitleFX/Editor/TitleFX_Welcome.cs(38,34): warning UDR0001: No method with RuntimeInitializeOnLoadMethod attribute
Assets/D_Asset/OrangedKeys/TitleFX/Editor/TitleFX_Welcome.cs(40,33): warning UDR0001: No method with RuntimeInitializeOnLoadMethod attribute
Assets/D_Asset/OrangedKeys/TitleFX/Editor/TitleFX_Welcome.cs(62,33): warning UDR0001: No method with RuntimeInitializeOnLoadMethod attribute
Assets/D_Asset/OrangedKeys/TitleFX/Editor/TitleFX_Welcome.cs(83,33): warning UDR0001: No method with RuntimeInitializeOnLoadMethod attribute
Assets/D_Asset/OrangedKeys/TitleFX/Editor/Title_fx_GUI.cs(19,23): warning UDR0001: No method with RuntimeInitializeOnLoadMethod attribute
Assets/Editor/PocketStrikerReturnValidation.cs(21,19): warning UDR0001: No method with RuntimeInitializeOnLoadMethod attribute
Assets/Editor/PocketStrikerReturnValidation.cs(22,17): warning UDR0001: No method with RuntimeInitializeOnLoadMethod attribute
Assets/D_Asset/OrangedKeys/TitleFX/Editor/Title_fx_GUI_V2.cs(19,23): warning UDR0001: No method with RuntimeInitializeOnLoadMethod attribute
Assets/AppCenter/Editor/AppCenterSettingsContext.cs(11,27): warning UDR0001: No method with RuntimeInitializeOnLoadMethod attribute
Assets/Editor/PocketStrikerSettingsInteractionValidation.cs(19,17): warning UDR0001: No method with RuntimeInitializeOnLoadMethod attribute
Assets/Editor/PocketStrikerTutorialValidation.cs(24,17): warning UDR0001: No method with RuntimeInitializeOnLoadMethod attribute
Assets/Editor/PocketStrikerTutorialPlaymodeSmoke.cs(26,17): warning UDR0001: No method with RuntimeInitializeOnLoadMethod attribute
Assets/Editor/PocketStrikerTutorialPlaymodeSmoke.cs(27,19): warning UDR0001: No method with RuntimeInitializeOnLoadMethod attribute
Assets/Editor/PocketStrikerAIStoryLiveSmoke.cs(27,17): warning UDR0001: No method with RuntimeInitializeOnLoadMethod attribute
Assets/Editor/PocketStrikerAIStoryLiveSmoke.cs(28,19): warning UDR0001: No method with RuntimeInitializeOnLoadMethod attribute
Assets/Editor/PocketStrikerAIStoryLiveSmoke.cs(29,36): warning UDR0001: No method with RuntimeInitializeOnLoadMethod attribute
Assets/Editor/PocketStrikerLoadingReviewValidation.cs(43,17): warning UDR0001: No method with RuntimeInitializeOnLoadMethod attribute
Assets/Editor/PocketStrikerLoadingReviewValidation.cs(44,19): warning UDR0001: No method with RuntimeInitializeOnLoadMethod attribute
Assets/Editor/PocketStrikerBattleModeValidation.cs(19,17): warning UDR0001: No method with RuntimeInitializeOnLoadMethod attribute
Assets/Editor/PocketStrikerAsyncIconValidation.cs(23,17): warning UDR0001: No method with RuntimeInitializeOnLoadMethod attribute
Assets/Editor/PocketStrikerAsyncIconValidation.cs(24,19): warning UDR0001: No method with RuntimeInitializeOnLoadMethod attribute
Assets/Editor/PocketStrikerAsyncIconValidation.cs(25,22): warning UDR0001: No method with RuntimeInitializeOnLoadMethod attribute
Assets/Editor/PocketStrikerAsyncIconValidation.cs(26,23): warning UDR0001: No method with RuntimeInitializeOnLoadMethod attribute
Assets/Editor/PocketStrikerAsyncIconValidation.cs(28,19): warning UDR0001: No method with RuntimeInitializeOnLoadMethod attribute
Assets/Editor/PocketStrikerAsyncIconValidation.cs(28,28): warning UDR0001: No method with RuntimeInitializeOnLoadMethod attribute
Assets/Editor/PocketStrikerAsyncIconValidation.cs(29,19): warning UDR0001: No method with RuntimeInitializeOnLoadMethod attribute
Assets/Editor/PocketStrikerAsyncIconValidation.cs(29,32): warning UDR0001: No method with RuntimeInitializeOnLoadMethod attribute
Assets/Editor/PocketStrikerBattlePauseValidation.cs(26,17): warning UDR0001: No method with RuntimeInitializeOnLoadMethod attribute
Assets/Editor/PocketStrikerLoginArtSmoke.cs(30,17): warning UDR0001: No method with RuntimeInitializeOnLoadMethod attribute
Assets/Editor/PocketStrikerLoginArtSmoke.cs(31,19): warning UDR0001: No method with RuntimeInitializeOnLoadMethod attribute
Assets/Editor/PocketStrikerLoginArtSmoke.cs(32,36): warning UDR0001: No method with RuntimeInitializeOnLoadMethod attribute
Assets/Editor/PocketStrikerQueuedLiveValidation.cs(42,19): warning UDR0001: No method with RuntimeInitializeOnLoadMethod attribute
Assets/Editor/PocketStrikerQueuedLiveValidation.cs(43,19): warning UDR0001: No method with RuntimeInitializeOnLoadMethod attribute
Assets/Editor/PocketStrikerQueuedLiveValidation.cs(44,20): warning UDR0001: No method with RuntimeInitializeOnLoadMethod attribute
Assets/Editor/PocketStrikerQueuedLiveValidation.cs(45,17): warning UDR0001: No method with RuntimeInitializeOnLoadMethod attribute
Assets/Editor/PocketStrikerQueuedLiveValidation.cs(46,19): warning UDR0001: No method with RuntimeInitializeOnLoadMethod attribute
Assets/Editor/PocketStrikerUIArtValidation.cs(25,17): warning UDR0001: No method with RuntimeInitializeOnLoadMethod attribute
Assets/Editor/PocketStrikerUIArtValidation.cs(26,27): warning UDR0001: No method with RuntimeInitializeOnLoadMethod attribute
Assets/Editor/PocketStrikerCombatFlowSmoke.cs(28,17): warning UDR0001: No method with RuntimeInitializeOnLoadMethod attribute
Assets/Editor/PocketStrikerCombatFlowSmoke.cs(29,19): warning UDR0001: No method with RuntimeInitializeOnLoadMethod attribute
Assets/Editor/PocketStrikerGachaRecoveryValidation.cs(66,17): warning UDR0001: No method with RuntimeInitializeOnLoadMethod attribute
Assets/Editor/PocketStrikerDebugConsoleValidation.cs(24,28): warning UDR0001: No method with RuntimeInitializeOnLoadMethod attribute
Assets/Editor/PocketStrikerDebugConsoleValidation.cs(25,16): warning UDR0001: No method with RuntimeInitializeOnLoadMethod attribute
Assets/Editor/PocketStrikerDebugConsoleValidation.cs(26,16): warning UDR0001: No method with RuntimeInitializeOnLoadMethod attribute
Assets/Editor/PocketStrikerDebugConsoleValidation.cs(27,19): warning UDR0001: No method with RuntimeInitializeOnLoadMethod attribute
Assets/Editor/PocketStrikerSlotEffectValidation.cs(18,17): warning UDR0001: No method with RuntimeInitializeOnLoadMethod attribute
Assets/Editor/PocketStrikerBattleCameraSmoke.Impact.cs(87,25): warning UDR0001: No method with RuntimeInitializeOnLoadMethod attribute
Assets/Editor/PocketStrikerBattleCameraSmoke.Opening.cs(36,26): warning UDR0001: No method with RuntimeInitializeOnLoadMethod attribute
Assets/Editor/PocketStrikerBattleCameraSmoke.cs(28,17): warning UDR0001: No method with RuntimeInitializeOnLoadMethod attribute
Assets/Editor/PocketStrikerBattleCameraSmoke.cs(29,19): warning UDR0001: No method with RuntimeInitializeOnLoadMethod attribute
Assets/Editor/PocketStrikerUIInterruptionValidation.cs(21,17): warning UDR0001: No method with RuntimeInitializeOnLoadMethod attribute
Assets/Editor/PocketStrikerUIInterruptionValidation.cs(33,19): warning UDR0001: No method with RuntimeInitializeOnLoadMethod attribute
Assets/Editor/PocketStrikerDownloadCacheValidation.cs(41,19): warning UDR0001: No method with RuntimeInitializeOnLoadMethod attribute
Assets/Editor/PocketStrikerDownloadCacheValidation.cs(42,17): warning UDR0001: No method with RuntimeInitializeOnLoadMethod attribute
Assets/Editor/PocketStrikerDownloadCacheValidation.cs(42,28): warning UDR0001: No method with RuntimeInitializeOnLoadMethod attribute
Assets/Editor/PocketStrikerDownloadCacheValidation.cs(44,25): warning UDR0001: No method with RuntimeInitializeOnLoadMethod attribute
Assets/Editor/PocketStrikerDownloadCacheValidation.cs(45,26): warning UDR0001: No method with RuntimeInitializeOnLoadMethod attribute
Assets/Editor/PocketStrikerDownloadCacheValidation.cs(46,36): warning UDR0001: No method with RuntimeInitializeOnLoadMethod attribute
Assets/Editor/PocketStrikerDownloadCacheValidation.cs(47,18): warning UDR0001: No method with RuntimeInitializeOnLoadMethod attribute
Assets/Editor/PocketStrikerDownloadCacheValidation.cs(47,28): warning UDR0001: No method with RuntimeInitializeOnLoadMethod attribute
Assets/Editor/PocketStrikerUILayoutValidation.cs(33,17): warning UDR0001: No method with RuntimeInitializeOnLoadMethod attribute
Assets/Tank & Healer Studio/Ultimate Joystick/Editor/UltimateJoystickReadme.cs(25,26): warning UAC1001: Field 'versionHistory' type 'UltimateJoystickReadme.VersionHistory' is skipped by serialization (missing the [Serializable] attribute). Refer to the Serialization rules analyzer reference. (https://docs.unity3d.com/6000.5/Documentation/Manual/script-serialization-analyzer.html#uac1001)
Assets/Tank & Healer Studio/Ultimate Joystick/Editor/UltimateJoystickReadme.cs(19,20): warning UDR0001: No method with RuntimeInitializeOnLoadMethod attribute
Assets/D_Asset/RPG and MMO UI 11/Scripts/UI/Serializables/Editor/ColorBlockExtendedDrawer.cs(10,39): warning UDR0001: No method with RuntimeInitializeOnLoadMethod attribute
Assets/D_Asset/RPG and MMO UI 11/Scripts/UI/Serializables/Editor/ColorBlockExtendedDrawer.cs(11,25): warning UDR0001: No method with RuntimeInitializeOnLoadMethod attribute
Assets/Editor/PocketStrikerMenuBackgroundValidation.cs(33,17): warning UDR0001: No method with RuntimeInitializeOnLoadMethod attribute
Assets/Editor/PocketStrikerMenuBackgroundValidation.cs(34,19): warning UDR0001: No method with RuntimeInitializeOnLoadMethod attribute
Assets/Editor/PocketStrikerMenuBackgroundValidation.cs(35,19): warning UDR0001: No method with RuntimeInitializeOnLoadMethod attribute
Assets/Editor/PocketStrikerMenuBackgroundValidation.cs(36,17): warning UDR0001: No method with RuntimeInitializeOnLoadMethod attribute
Assets/Tank & Healer Studio/Ultimate Joystick/Editor/UltimateJoystickReadmeEditor.cs(12,32): warning UDR0001: No method with RuntimeInitializeOnLoadMethod attribute
Assets/Tank & Healer Studio/Ultimate Joystick/Editor/UltimateJoystickReadmeEditor.cs(37,31): warning UDR0001: No method with RuntimeInitializeOnLoadMethod attribute
Assets/Tank & Healer Studio/Ultimate Joystick/Editor/UltimateJoystickReadmeEditor.cs(38,27): warning UDR0001: No method with RuntimeInitializeOnLoadMethod attribute
Assets/UltimateCircularHealthBar/Editor/HelpEditorWindow.cs(8,34): warning UDR0001: No method with RuntimeInitializeOnLoadMethod attribute
Assets/UltimateCircularHealthBar/Editor/HelpEditorWindow.cs(9,31): warning UDR0001: No method with RuntimeInitializeOnLoadMethod attribute
Assets/UltimateCircularHealthBar/Editor/HelpEditorWindow.cs(10,31): warning UDR0001: No method with RuntimeInitializeOnLoadMethod attribute
Assets/Editor/PocketStrikerUILiveReview.Banners.cs(28,25): warning UDR0001: No method with RuntimeInitializeOnLoadMethod attribute
Assets/Editor/PocketStrikerUILiveReview.Banners.cs(29,26): warning UDR0001: No method with RuntimeInitializeOnLoadMethod attribute
Assets/Editor/PocketStrikerUILiveReview.Banners.cs(30,18): warning UDR0001: No method with RuntimeInitializeOnLoadMethod attribute
Assets/Editor/PocketStrikerUILiveReview.Banners.cs(31,18): warning UDR0001: No method with RuntimeInitializeOnLoadMethod attribute
Assets/Editor/PocketStrikerUILiveReview.Banners.cs(32,22): warning UDR0001: No method with RuntimeInitializeOnLoadMethod attribute
Assets/Editor/PocketStrikerUILiveReview.StoreCapture.cs(55,33): warning UDR0001: No method with RuntimeInitializeOnLoadMethod attribute
Assets/Editor/PocketStrikerUILiveReview.StoreVideoRecorder.cs(22,31): warning UDR0001: No method with RuntimeInitializeOnLoadMethod attribute
Assets/Editor/PocketStrikerUILiveReview.StoreVideoRecorder.cs(23,39): warning UDR0001: No method with RuntimeInitializeOnLoadMethod attribute
Assets/Editor/PocketStrikerUILiveReview.StoreVideoRecorder.cs(24,34): warning UDR0001: No method with RuntimeInitializeOnLoadMethod attribute
Assets/Editor/PocketStrikerUILiveReview.StoreVideoRecorder.cs(25,24): warning UDR0001: No method with RuntimeInitializeOnLoadMethod attribute
Assets/Editor/PocketStrikerUILiveReview.StoreVideoRecorder.cs(26,27): warning UDR0001: No method with RuntimeInitializeOnLoadMethod attribute
Assets/Editor/PocketStrikerUILiveReview.StoreVideoRecorder.cs(27,31): warning UDR0001: No method with RuntimeInitializeOnLoadMethod attribute
Assets/Editor/PocketStrikerUILiveReview.StoreVideoRecorder.cs(28,17): warning UDR0001: No method with RuntimeInitializeOnLoadMethod attribute
Assets/Editor/PocketStrikerUILiveReview.StoreVideoRecorder.cs(29,16): warning UDR0001: No method with RuntimeInitializeOnLoadMethod attribute
Assets/Editor/PocketStrikerUILiveReview.StoreVideoRecorder.cs(30,18): warning UDR0001: No method with RuntimeInitializeOnLoadMethod attribute
Assets/Editor/PocketStrikerUILiveReview.StoreVideoRecorder.cs(31,17): warning UDR0001: No method with RuntimeInitializeOnLoadMethod attribute
Assets/Editor/PocketStrikerUILiveReview.cs(31,17): warning UDR0001: No method with RuntimeInitializeOnLoadMethod attribute
Assets/Editor/PocketStrikerUILiveReview.cs(32,19): warning UDR0001: No method with RuntimeInitializeOnLoadMethod attribute
Assets/Editor/PocketStrikerUILiveReview.cs(33,36): warning UDR0001: No method with RuntimeInitializeOnLoadMethod attribute
Assets/Editor/PocketStrikerUILiveReview.cs(34,17): warning UDR0001: No method with RuntimeInitializeOnLoadMethod attribute
Assets/DynamicStarrySky/Editor/EditorCoroutine.cs(25,5): warning UDR0004: Non-static method subscribed to static event in start is not deregistered. Deregister it in OnDisable.
Assets/Editor/PocketStrikerAIStoryLiveSmoke.cs(77,9): warning UDR0001: No method with RuntimeInitializeOnLoadMethod attribute
Assets/Editor/PocketStrikerAIStoryLiveSmoke.cs(127,9): warning UDR0001: No method with RuntimeInitializeOnLoadMethod attribute
Assets/Editor/PocketStrikerAIStoryLiveSmoke.cs(129,9): warning UDR0001: No method with RuntimeInitializeOnLoadMethod attribute
Assets/Editor/PocketStrikerAsyncIconValidation.cs(58,47): warning UDR0001: No method with RuntimeInitializeOnLoadMethod attribute
Assets/Editor/PocketStrikerAsyncIconValidation.cs(66,43): warning UDR0001: No method with RuntimeInitializeOnLoadMethod attribute
Assets/Editor/PocketStrikerAsyncIconValidation.cs(89,44): warning UDR0001: No method with RuntimeInitializeOnLoadMethod attribute
Assets/Editor/PocketStrikerCombatFlowSmoke.cs(165,9): warning UDR0001: No method with RuntimeInitializeOnLoadMethod attribute
Assets/Editor/PocketStrikerBattleModeValidation.cs(112,9): warning UDR0004: Non-static method subscribed to static event in Validate is not deregistered. Deregister it in OnDisable.
Assets/Editor/PocketStrikerBattleHUDValidation.cs(151,9): warning UDR0004: Non-static method subscribed to static event in RunBattleHUDFixture is not deregistered. Deregister it in OnDisable.
Assets/Editor/PocketStrikerCombatFlowSmoke.cs(167,9): warning UDR0001: No method with RuntimeInitializeOnLoadMethod attribute
Assets/Editor/PocketStrikerBattleModeValidation.cs(116,9): warning UDR0001: No method with RuntimeInitializeOnLoadMethod attribute
Assets/Editor/PocketStrikerCombatFlowSmoke.cs(169,9): warning UDR0001: No method with RuntimeInitializeOnLoadMethod attribute
Assets/Editor/PocketStrikerBattlePauseValidation.cs(106,9): warning UDR0004: Non-static method subscribed to static event in Run is not deregistered. Deregister it in OnDisable.
Assets/Editor/PocketStrikerDebugConsoleValidation.cs(44,9): warning UDR0001: No method with RuntimeInitializeOnLoadMethod attribute
Assets/Editor/PocketStrikerDebugConsoleValidation.cs(45,9): warning UDR0004: Non-static method subscribed to static event in Unknown is not deregistered. Deregister it in OnDisable.
Assets/Editor/PocketStrikerEditorDefaults.cs(20,9): warning UDR0001: No method with RuntimeInitializeOnLoadMethod attribute
Assets/Editor/PocketStrikerDownloadCacheValidation.cs(109,9): warning UDR0001: No method with RuntimeInitializeOnLoadMethod attribute
Assets/Editor/PocketStrikerDebugConsoleValidation.cs(184,17): warning UDR0001: No method with RuntimeInitializeOnLoadMethod attribute
Assets/Editor/PocketStrikerDownloadCacheValidation.cs(175,50): warning UDR0001: No method with RuntimeInitializeOnLoadMethod attribute
Assets/Editor/PocketStrikerGachaRecoveryValidation.cs(99,57): warning UDR0001: No method with RuntimeInitializeOnLoadMethod attribute
Assets/Editor/PocketStrikerGachaRecoveryValidation.cs(100,43): warning UDR0001: No method with RuntimeInitializeOnLoadMethod attribute
Assets/Editor/PocketStrikerDownloadCacheValidation.cs(176,46): warning UDR0001: No method with RuntimeInitializeOnLoadMethod attribute
Assets/Editor/PocketStrikerDownloadCacheValidation.cs(177,43): warning UDR0001: No method with RuntimeInitializeOnLoadMethod attribute
Assets/Editor/PocketStrikerLoadingReviewValidation.cs(119,9): warning UDR0001: No method with RuntimeInitializeOnLoadMethod attribute
Assets/Editor/PocketStrikerLoadingReviewValidation.cs(162,57): warning UDR0001: No method with RuntimeInitializeOnLoadMethod attribute
Assets/Editor/PocketStrikerLoadingReviewValidation.cs(163,54): warning UDR0001: No method with RuntimeInitializeOnLoadMethod attribute
Assets/Editor/PocketStrikerLoadingReviewValidation.cs(164,43): warning UDR0001: No method with RuntimeInitializeOnLoadMethod attribute
Assets/Editor/PocketStrikerLoginArtSmoke.cs(58,9): warning UDR0001: No method with RuntimeInitializeOnLoadMethod attribute
Assets/Editor/PocketStrikerTutorialLayoutValidation.cs(117,9): warning UDR0004: Non-static method subscribed to static event in ValidateTutorialLayout is not deregistered. Deregister it in OnDisable.
Assets/Editor/PocketStrikerLoginArtSmoke.cs(115,9): warning UDR0001: No method with RuntimeInitializeOnLoadMethod attribute
Assets/Editor/PocketStrikerLoginArtSmoke.cs(117,9): warning UDR0001: No method with RuntimeInitializeOnLoadMethod attribute
Assets/Editor/PocketStrikerMenuBackgroundValidation.cs(181,9): warning UDR0001: No method with RuntimeInitializeOnLoadMethod attribute
Assets/Editor/PocketStrikerMenuBackgroundValidation.cs(263,57): warning UDR0001: No method with RuntimeInitializeOnLoadMethod attribute
Assets/Editor/PocketStrikerPreBattleTutorialValidation.cs(62,9): warning UDR0004: Non-static method subscribed to static event in Run is not deregistered. Deregister it in OnDisable.
Assets/Editor/PocketStrikerBattleCameraSmoke.cs(137,9): warning UDR0001: No method with RuntimeInitializeOnLoadMethod attribute
Assets/Editor/PocketStrikerTutorialValidation.cs(76,9): warning UDR0004: Non-static method subscribed to static event in Run is not deregistered. Deregister it in OnDisable.
Assets/Editor/PocketStrikerBattleCameraSmoke.cs(139,9): warning UDR0001: No method with RuntimeInitializeOnLoadMethod attribute
Assets/Editor/PocketStrikerMenuBackgroundValidation.cs(264,43): warning UDR0001: No method with RuntimeInitializeOnLoadMethod attribute
Assets/Editor/PocketStrikerReturnValidation.cs(73,9): warning UDR0001: No method with RuntimeInitializeOnLoadMethod attribute
Assets/Editor/PocketStrikerReturnValidation.cs(75,9): warning UDR0001: No method with RuntimeInitializeOnLoadMethod attribute
Assets/Editor/PocketStrikerBattleCameraSmoke.cs(141,9): warning UDR0001: No method with RuntimeInitializeOnLoadMethod attribute
Assets/Editor/PocketStrikerMenuBackgroundValidation.cs(265,54): warning UDR0001: No method with RuntimeInitializeOnLoadMethod attribute
Assets/Editor/PocketStrikerSkillUIValidation.cs(58,9): warning UDR0004: Non-static method subscribed to static event in Run is not deregistered. Deregister it in OnDisable.
Assets/Editor/PocketStrikerTutorialPlaymodeSmoke.cs(78,57): warning UDR0001: No method with RuntimeInitializeOnLoadMethod attribute
Assets/Editor/PocketStrikerUIArtValidation.cs(115,9): warning UDR0004: Non-static method subscribed to static event in QueueSnapshot is not deregistered. Deregister it in OnDisable.
Assets/Editor/PocketStrikerUIArtValidation.cs(115,46): warning UDR0004: Non-static method subscribed to static event in QueueSnapshot is not deregistered. Deregister it in OnDisable.
Assets/Editor/PocketStrikerUIArtValidation.cs(115,83): warning UDR0004: Non-static method subscribed to static event in QueueSnapshot is not deregistered. Deregister it in OnDisable.
Assets/Editor/PocketStrikerTutorialPlaymodeSmoke.cs(79,43): warning UDR0001: No method with RuntimeInitializeOnLoadMethod attribute
Assets/Editor/PocketStrikerTutorialPlaymodeSmoke.cs(80,54): warning UDR0001: No method with RuntimeInitializeOnLoadMethod attribute
Assets/Editor/PocketStrikerUIArtValidation.cs(293,9): warning UDR0001: No method with RuntimeInitializeOnLoadMethod attribute
Assets/Editor/PocketStrikerUIArtValidation.cs(295,9): warning UDR0001: No method with RuntimeInitializeOnLoadMethod attribute
Assets/Editor/PocketStrikerUIInterruptionValidation.cs(152,43): warning UDR0001: No method with RuntimeInitializeOnLoadMethod attribute
Assets/Editor/PocketStrikerUIInterruptionValidation.cs(143,47): warning UDR0001: No method with RuntimeInitializeOnLoadMethod attribute
Assets/Editor/PocketStrikerValidation.cs(82,9): warning UDR0001: No method with RuntimeInitializeOnLoadMethod attribute
Assets/Editor/PocketStrikerValidation.cs(83,9): warning UDR0001: No method with RuntimeInitializeOnLoadMethod attribute
Assets/Editor/PocketStrikerUIInterruptionValidation.cs(176,9): warning UDR0001: No method with RuntimeInitializeOnLoadMethod attribute
Assets/Editor/PocketStrikerValidation.cs(255,9): warning UDR0001: No method with RuntimeInitializeOnLoadMethod attribute
Assets/Editor/PocketStrikerValidation.cs(257,9): warning UDR0001: No method with RuntimeInitializeOnLoadMethod attribute
Assets/Tank & Healer Studio/Ultimate Joystick/Editor/UltimateJoystickEditor.cs(157,3): warning UDR0004: Non-static method subscribed to static event in OnEnable is not deregistered. Deregister it in OnDisable.
Assets/Tank & Healer Studio/Ultimate Joystick/Editor/UltimateJoystickReadmeEditor.cs(426,3): warning UDR0001: No method with RuntimeInitializeOnLoadMethod attribute
Assets/Tank & Healer Studio/Ultimate Joystick/Editor/UltimateJoystickReadmeEditor.cs(504,3): warning UDR0004: Non-static method subscribed to static event in OnEnable is not deregistered. Deregister it in OnDisable.
Assets/Editor/PocketStrikerValidation.cs(539,9): warning UDR0004: Non-static method subscribed to static event in BuildLocalPlayer is not deregistered. Deregister it in OnDisable.
Assets/UltimateCircularHealthBar/Editor/HelpEditorWindow.cs(13,13): warning UDR0001: No method with RuntimeInitializeOnLoadMethod attribute
Assets/UltimateCircularHealthBar/Editor/HelpEditorWindow.cs(14,13): warning UDR0001: No method with RuntimeInitializeOnLoadMethod attribute
Assets/Editor/PocketStrikerUILiveReview.StoreCapture.cs(83,9): warning UDR0001: No method with RuntimeInitializeOnLoadMethod attribute
Assets/Editor/PocketStrikerUILiveReview.StoreCapture.cs(387,9): warning UDR0001: No method with RuntimeInitializeOnLoadMethod attribute
Assets/Editor/PocketStrikerUILiveReview.StoreVideoRecorder.cs(89,9): warning UDR0001: No method with RuntimeInitializeOnLoadMethod attribute
Assets/Editor/PocketStrikerUILiveReview.StoreVideoRecorder.cs(91,9): warning UDR0001: No method with RuntimeInitializeOnLoadMethod attribute
Assets/Editor/PocketStrikerUILiveReview.StoreVideoRecorder.cs(93,9): warning UDR0001: No method with RuntimeInitializeOnLoadMethod attribute
Assets/Editor/PocketStrikerUILiveReview.StoreVideoRecorder.cs(343,13): warning UDR0001: No method with RuntimeInitializeOnLoadMethod attribute
Assets/Editor/PocketStrikerUILiveReview.cs(101,9): warning UDR0001: No method with RuntimeInitializeOnLoadMethod attribute
Assets/Editor/PocketStrikerUILiveReview.cs(155,9): warning UDR0001: No method with RuntimeInitializeOnLoadMethod attribute
Assets/Editor/PocketStrikerUILiveReview.cs(157,9): warning UDR0001: No method with RuntimeInitializeOnLoadMethod attribute
AssetDatabase: script compilation time: 3.273289s
Begin MonoManager ReloadAssembly
Total cache size 265853712
Total cache size after purge 265853712, took 00:00:00.1854128
Symbol file LoadedFromMemory is not a mono symbol file
Refreshing native plugins compatible for Editor in 4.16 ms, found 6 plugins.
Native extension for iOS target not found
Native extension for Android target not found
Native extension for OSXStandalone target not found
Refreshing native plugins compatible for Editor in 4.39 ms, found 6 plugins.
﻿﻿﻿﻿ScheduleIndexationOnStartup MainProcess:True IndexOnStartup:True
Mono: successfully reloaded assembly
- Finished resetting the current domain, in  2.797 seconds
Domain Reload Profiling: 3300ms
	BeginReloadAssembly (90ms)
		DisableScriptedObjects (8ms)
		CreateAndSetChildDomain (32ms)
	RebuildCommonClasses (4ms)
	RebuildNativeTypeToScriptingClass (7ms)
	initialDomainReloadingComplete (23ms)
	LoadAllAssembliesAndSetupDomain (379ms)
		LoadAssemblies (167ms)
		AnalyzeDomain (184ms)
			TypeCache.Refresh (143ms)
				TypeCache.ScanAssembly (131ms)
			BuildScriptInfoCaches (37ms)
			ResolveRequiredComponents (3ms)
	FinalizeReload (2797ms)
		SetupLoadedEditorAssemblies (0ms)
			InitializePlatformSupportModulesInManaged (8ms)
			BeforeProcessingInitializeOnLoad (39ms)
			ProcessInitializeOnLoadAttributes (2446ms)
			ProcessInitializeOnLoadMethodAttributes (110ms)
		AwakeInstancesAfterBackupRestoration (9ms)
Starting new worker id: 0 with log in /private/tmp/pocketstriker-video-20261008/project/Logs/AssetImportWorkerHW0.log
Refreshing native plugins compatible for Editor in 4.23 ms, found 6 plugins.

Asset Pipeline Refresh (id=b55953951bc794bdcafeb3c5a4d9e69c): Total: 7.991 seconds - Initiated by InitialRefreshV2(ForceSynchronousImport)
	(Values over 0.05ms)
	Summary:
		Imports: total=0 (actual=0, local cache=0, cache server=0)
		Asset DB Process Time: managed=0 ms, native=3931 ms
		Asset DB Callback time: managed=209 ms, native=19 ms
		Scripting: domain reloads=1, domain reload time=524 ms, compile time=3274 ms, other=32 ms
		Project Asset Count: scripts=3683, non-scripts=11789
		Asset File Changes: new=0, changed=2, moved=0, deleted=0
		Scan Filter Count: 1
	InvokePackagesCallback: 8.878ms
	ApplyChangesToAssetFolders: 0.229ms
	Scan: 705.489ms
	Collect global state as custom dependencies: 1.392ms
	OnSourceAssetsModified: 0.357ms
	CategorizeScriptCompilationAssets: 44.672ms
	ProcessAssetsWithTransientArtifactChanges: 51.490ms
	CategorizeAssets: 109.012ms
	CompileScripts: 3273.900ms
	ImportOutOfDateAssets: 2916.237ms (2832.931ms without children)
		ReloadNativeAssets: 0.103ms
		UnloadImportedAssets: 2.250ms
		EnsureUptoDateAssetsAreRegisteredWithGuidPM: 1.314ms
		ImportSchedulerStart: 79.636ms
	PostProcessAllAssets: 214.840ms
		VCAutoAddAssetPostprocess 5.265ms
		XRBuildSystem.XRAssetImported 0.545ms
		MonoPostProcessAllAssets: 208.837ms
			VersionHandlerImpl.OnPostprocessAllAssets 92.605ms
			AssetPostprocessor.OnPostprocessAllAssets 52.029ms
			StyleCatalogPostProcessor.OnPostprocessAllAssets 22.666ms
			UniversalRenderPipelineGlobalSettingsPostprocessor.OnPostprocessAllAssets 11.968ms
			BuilderAssetPostprocessor.OnPostprocessAllAssets 2.910ms
			AssetChangedListener.OnPostprocessAllAssets 2.081ms
			AddressablesAssetPostProcessor.OnPostprocessAllAssets 1.192ms
			PackageManagerResolver.OnPostprocessAllAssets 1.071ms
			SyncVS.PostprocessSyncProject 1.037ms
			UtilityWindowPostProcessor.OnPostprocessAllAssets 0.877ms
			SpeedTree9Postprocessor.OnPostprocessAllAssets 0.829ms
			WindowAssetPostprocessingWatcher.OnPostprocessAllAssets 0.805ms
			ShaderGraphAssetPostProcessor.OnPostprocessAllAssets 0.787ms
			RetainedModeAssetPostprocessor.OnPostprocessAllAssets 0.770ms
			ClothAssetPostprocessor.OnPostprocessAllAssets 0.521ms
			LocalizationAssetPostProcessor.OnPostprocessAllAssets 0.468ms
			MaterialPostprocessor.OnPostprocessAllAssets 0.350ms
			AssetPostImportProcess_TitleFX.OnPostprocessAllAssets 0.322ms
			RenderPipelineGlobalSettingsPostprocessor.OnPostprocessAllAssets 0.271ms
			PlayServicesResolver.OnPostprocessAllAssets 0.251ms
			IOSResolver.OnPostprocessAllAssets 0.246ms
			Launch.OnPostprocessAllAssets 0.214ms
			ArtifactBrowserPostProcessor.OnPostprocessAllAssets 0.206ms
			TextAssetPostProcessor.OnPostprocessAllAssets 0.204ms
			ReferencedClipsPostProcessor.OnPostprocessAllAssets 0.157ms
			UVCSAssetPostprocessor.OnPostprocessAllAssets 0.151ms
			InputActionAssetPostprocessor.OnPostprocessAllAssets 0.148ms
			SampleDependencyImporterPostProcessor.OnPostprocessAllAssets 0.144ms
			ShaderReflectionAssetPostProcessor.OnPostprocessAllAssets 0.140ms
			PostProcessor.OnPostprocessAllAssets 0.139ms
			AssetPathToTypes.OnPostprocessAllAssets 0.121ms
			AudioMixerPostprocessor.OnPostprocessAllAssets 0.121ms
			TMPro_TexturePostProcessor.OnPostprocessAllAssets 0.118ms
			AssetEvents.OnPostprocessAllAssets 0.117ms
			InputActionJsonNameModifierAssetProcessor.OnPostprocessAllAssets 0.106ms
			SpeedTreePostProcessor.OnPostprocessAllAssets 0.100ms
			SamplePostprocessor.OnPostprocessAllAssets 0.089ms
			TerrainToolbarOverlayPostProcessor.OnPostprocessAllAssets 0.084ms
			AssetPostprocessorProxy.OnPostprocessAllAssets 0.059ms
			ProjectSettingsPostprocessor.OnPostprocessAllAssets 0.058ms
			AssetDatabaseCallbacks.OnPostprocessAllAssets 0.057ms
	PostAssetChangesProfiler: 6.092ms
	UnloadStreamsBegin: 1.426ms
	PersistCurrentRevisions: 0.289ms
	GenerateScriptTypeHashes: 21.890ms
	GenerateScriptTypeSerializationHashes: 27.501ms
	Untracked: 655.026ms

Application.AssetDatabase Initial Refresh End
Shader Hidden/ChartRasterizerHardware is not supported: GPU does not support conservative rasterization
Launching external process: /Applications/Unity/Hub/Editor/6000.5.1f1/Unity.app/Contents/Helpers/UnityShaderCompiler
Launched and connected shader compiler UnityShaderCompiler after 0.02 seconds
Shader 'SyntyStudios/Basic_LOD_Shader': fallback shader 'wiiu' not found
Shader 'SyntyStudios/SkyboxUnlit': fallback shader 'wiiu' not found
Shader 'SyntyStudios/CloudShaderNoFog': fallback shader 'wiiu' not found
Shader 'SyntyStudios/SkyboxUnlitNoFog': fallback shader 'wiiu' not found
Shader Hidden/ChartRasterizerHardware is not supported: GPU does not support conservative rasterization
Shader 'SyntyStudios/CloudShader': fallback shader 'wiiu' not found
Shader 'SyntyStudios/TriplanarBasic': fallback shader 'wiiu' not found
Scanning for USB devices : 0.099ms
Initializing Unity extensions:
[MODES] ModeService[none].Initialize
[MODES] ModeService[none].LoadModes
[MODES] Loading mode Default (0) for mode-current-id-PocketStriker
Worker ready: AssetImportWorkerHW0 0
2026-10-08 14:12:43.636 Unity[88095:1066552] NSEventModifierFlagFunction specified to -setKeyEquivalentModifierMask: for item <NSMenuItem: 0xb39edfb60 Quick Recording, ke='Command-F10'>, but is only supported for system-provided menu items; will not be used
2026-10-08 14:12:43.638 Unity[88095:1066552] NSEventModifierFlagFunction specified to -setKeyEquivalentModifierMask: for item <NSMenuItem: 0xb31bcf3e0 SDF, ke='Command-F12'>, but is only supported for system-provided menu items; will not be used
LightingSettings: switching bake backend from 2 to 1.
Unloading 34 Unused Serialized files (Serialized files now loaded: 0)
Loaded scene 'Assets/Scene/ABLoadScene/Scene1.unity'
	Deserialize:            4.218 ms
	Integration:            170.421 ms
	Integration of assets:  0.753 ms
	Thread Wait Time:       0.007 ms
	Total Operation Time:   175.398 ms
Unloading 9934 unused Assets / (12.1 MB). Loaded Objects now: 11435.
Memory consumption went from 363.4 MB to 351.3 MB.
Total: 11.726625 ms (FindLiveObjects: 0.310459 ms CreateObjectMapping: 2.299041 ms MarkObjects: 6.680500 ms  DeleteObjects: 2.436250 ms)

[LAYOUT] About to load UserSettings/Layouts/default-6000.dwlt, keepMainWindow=False
[Logcat] [WorkThread] 14:12:44.1177 Worker thread started
[LAYOUT] About to save layout /private/tmp/pocketstriker-video-20261008/project/UserSettings/Layouts/default-6000.dwlt
[LAYOUT] About to save layout /Users/daisei/Library/Preferences/Unity/Editor-5.x/Layouts/current/default-6000.dwlt
[MODES] ModeService[default].InitializeCurrentMode
[MODES] ModeService[default].RaiseModeChanged(default, default)
This project uses Input Manager, which is marked for deprecation. To manage input in your project, use the <a href="https://docs.unity3d.com/Packages/com.unity.inputsystem@latest">Input System package</a> instead.
 #0 PlatformStacktrace::GetStacktrace(int, StacktraceTypes::LRUCache<void*, StacktraceTypes::LRUValue>*)
 #1 DebugStringToFile(DebugStringToFileData const&)
 #2 OnProjectLoaded()
 #3 ProfilerCallbackInvoke<CallbackArray, &GlobalCallbacks::editorFinishedLoadingProject>::Invoke(char const*)
 #4 Application::FinishLoadingProject()
 #5 -[EditorApplication applicationDidFinishLaunching:]
 #6 __CFNOTIFICATIONCENTER_IS_CALLING_OUT_TO_AN_OBSERVER__
 #7 ___CFXRegistrationPost_block_invoke
 #8 _CFXRegistrationPost
 #9 _CFXNotificationPost
 #10 -[NSNotificationCenter postNotificationName:object:userInfo:]
 #11 -[NSApplication _postDidFinishNotification]
 #12 -[NSApplication _sendFinishLaunchingNotification]
 #13 -[NSApplication(NSAppleEventHandling) _handleAEOpenEvent:]
 #14 -[NSApplication(NSAppleEventHandling) _handleCoreEvent:withReplyEvent:]
 #15 -[NSAppleEventManager dispatchRawAppleEvent:withRawReply:handlerRefCon:]
 #16 _NSAppleEventManagerGenericHandler
 #17 _AppleEventsCheckInAppWithBlock
 #18 _AppleEventsCheckInAppWithBlock
 #19 aeProcessAppleEvent
 #20 AEProcessAppleEvent
 #21 _DPSNextEvent
 #22 -[NSApplication(NSEventRouting) _nextEventMatchingEventMask:untilDate:inMode:dequeue:]
 #23 -[NSApplication(NSEventRouting) nextEventMatchingMask:untilDate:inMode:dequeue:]
 #24 -[NSApplication run]
 #25 NSApplicationMain
 #26 EditorMain(int, char const**)
 #27 main
 #28 start

2026-10-08 14:12:44.457 Unity[88095:1066552] NSEventModifierFlagFunction specified to -setKeyEquivalentModifierMask: for item <NSMenuItem: 0xb31af68a0 Quick Recording, ke='Command-F10'>, but is only supported for system-provided menu items; will not be used
2026-10-08 14:12:44.460 Unity[88095:1066552] NSEventModifierFlagFunction specified to -setKeyEquivalentModifierMask: for item <NSMenuItem: 0xb31bd0f00 SDF, ke='Command-F12'>, but is only supported for system-provided menu items; will not be used
Opening scene 'Assets/Scene/ABLoadScene/Scene1.unity'
LightingSettings: switching bake backend from 2 to 1.
Unloading 46 Unused Serialized files (Serialized files now loaded: 0)
Loaded scene 'Assets/Scene/ABLoadScene/Scene1.unity'
	Deserialize:            0.574 ms
	Integration:            145.732 ms
	Integration of assets:  0.001 ms
	Thread Wait Time:       0.006 ms
	Total Operation Time:   146.313 ms
Unloading 6 unused Assets / (24.4 KB). Loaded Objects now: 11751.
Memory consumption went from 396.2 MB to 396.2 MB.
Total: 12.311291 ms (FindLiveObjects: 0.235125 ms CreateObjectMapping: 0.748875 ms MarkObjects: 11.288417 ms  DeleteObjects: 0.038208 ms)

[Project] Loading completed in 10.880 seconds
	Project init time: 				9.369 seconds
		Template init time: 		0.000 seconds
		Package Manager init time: 		0.054 seconds
		Asset Database init time: 		0.152 seconds
		Global illumination init time: 	0.000 seconds
		Assemblies load time: 			0.481 seconds
		Unity extensions init time: 	0.013 seconds
		Asset Database refresh time: 	7.992 seconds
	Scene opening time: 			1.393 seconds
##utp:{"type":"ProjectInfo","version":2,"phase":"Immediate","time":1791436364726,"processId":88095,"projectLoad":10.879540042,"projectInit":9.36910075,"templateInit":0.0,"packageManagerInit":0.0535005,"assetDatabaseInit":0.15195025,"globalIlluminationInit":0.000343209,"assembliesLoad":0.481194042,"unityExtensionsInit":0.013285375,"assetDatabaseRefresh":7.991790125,"sceneOpening":1.392838958}
##utp:{"type":"EditorInfo","version":2,"phase":"Immediate","time":1791436364726,"processId":88095,"editorVersion":"6000.5.1f1 (0d9463e84828)","branch":"6000.5/staging","buildType":"Release","platform":"OSX"}
Subscribe to USB device events
Scanning for USB devices : 0.069ms
Thread 0x17ae0b000 may have been prematurely finalized
Reloading assemblies for play mode.
Reloading assemblies after forced synchronous recompile.
Begin MonoManager ReloadAssembly
[Logcat] [WorkThread] 14:12:44.7913 Worker thread exited
[Logcat] [MainThread]14:12:44.7914 Dispatcher shutting down
<CFData 0xb39e1df40 [0x1f0e49308]>{length = 6, capacity = 6, bytes = 0xfcb21430e8d0}
Symbol file LoadedFromMemory is not a mono symbol file
Refreshing native plugins compatible for Editor in 3.60 ms, found 6 plugins.
Native extension for iOS target not found
Native extension for Android target not found
Native extension for OSXStandalone target not found
Refreshing native plugins compatible for Editor in 3.69 ms, found 6 plugins.
ScheduleIndexationOnStartup MainProcess:True IndexOnStartup:True
[MODES] ModeService[none].Initialize
[MODES] ModeService[none].LoadModes
[Logcat] [WorkThread] 14:12:46.5375 Worker thread started
Mono: successfully reloaded assembly
- Finished resetting the current domain, in  1.330 seconds
Domain Reload Profiling: 1847ms
	BeginReloadAssembly (387ms)
		DisableScriptedObjects (32ms)
		CreateAndSetChildDomain (284ms)
	RebuildCommonClasses (4ms)
	RebuildNativeTypeToScriptingClass (7ms)
	initialDomainReloadingComplete (21ms)
	LoadAllAssembliesAndSetupDomain (97ms)
		LoadAssemblies (46ms)
		AnalyzeDomain (12ms)
			TypeCache.Refresh (5ms)
			ResolveRequiredComponents (4ms)
	FinalizeReload (1331ms)
		SetupLoadedEditorAssemblies (0ms)
			InitializePlatformSupportModulesInManaged (8ms)
			BeforeProcessingInitializeOnLoad (38ms)
			ProcessInitializeOnLoadAttributes (573ms)
			ProcessInitializeOnLoadMethodAttributes (65ms)
		AwakeInstancesAfterBackupRestoration (396ms)
No restricted APIs configured; Validation skipped.
Checking 40 assemblies for restricted APIs found 0 usage(s) in 1 ms
Refreshing native plugins compatible for Editor in 3.66 ms, found 6 plugins.

Asset Pipeline Refresh (id=f1c49ad6c5c434acc98b73b31d33fc78): Total: 3.478 seconds - Initiated by StopAssetImportingV2(ForceSynchronousImport | ForceDomainReload)
	(Values over 0.05ms)
	Summary:
		Imports: total=0 (actual=0, local cache=0, cache server=0)
		Asset DB Process Time: managed=0 ms, native=1645 ms
		Asset DB Callback time: managed=1161 ms, native=137 ms
		Scripting: domain reloads=1, domain reload time=532 ms, compile time=1 ms, other=0 ms
		Project Asset Count: scripts=3683, non-scripts=11789
		Asset File Changes: new=0, changed=0, moved=0, deleted=0
		Scan Filter Count: 0
	InvokePackagesCallback: 0.753ms
	ApplyChangesToAssetFolders: 0.160ms
	Collect global state as custom dependencies: 0.891ms
	ProcessAssetsWithTransientArtifactChanges: 97.050ms
	CategorizeAssets: 91.733ms
	CompileScripts: 0.761ms
	ImportOutOfDateAssets: 1411.113ms (1352.776ms without children)
		CollectScriptTypesHashes: 1.128ms
		ReloadNativeAssets: 0.978ms
		UnloadImportedAssets: 0.823ms
		EnsureUptoDateAssetsAreRegisteredWithGuidPM: 1.113ms
		ImportSchedulerStart: 55.404ms
	PostProcessAllAssets: 1292.037ms
		AssemblyValidation.PostprocessAllAssets 41.941ms
		PostProcessCallbackCreateDeferredMaterials 11.284ms
		ShaderAssetModifiedCallback 7.112ms
		RaytracingShaderImportPostprocess 6.837ms
		ComputeShaderImportPostprocess 6.468ms
		SpeedTreeImporter.PostprocessAllAssets 5.480ms
		LocalizationDatabase.AssetDatabasePostprocessCallback 2.938ms
		BlockShaderImporter.PostprocessAllAssets 2.851ms
		XRBuildSystem.XRAssetImported 0.494ms
		MonoPostProcessAllAssets: 1160.821ms
			PackageManagerResolver.OnPostprocessAllAssets 719.328ms
			ShaderGraphAssetPostProcessor.OnPostprocessAllAssets 129.239ms
			LocalizationAssetPostProcessor.OnPostprocessAllAssets 67.142ms
			AddressablesAssetPostProcessor.OnPostprocessAllAssets 33.971ms
			PostProcessor.OnPostprocessAllAssets 32.427ms
			AssetPostprocessor.OnPostprocessAllAssets 30.319ms
			InputActionAssetPostprocessor.OnPostprocessAllAssets 23.150ms
			MaterialPostprocessor.OnPostprocessAllAssets 22.804ms
			InputActionJsonNameModifierAssetProcessor.OnPostprocessAllAssets 22.642ms
			TextAssetPostProcessor.OnPostprocessAllAssets 14.382ms
			AssetChangedListener.OnPostprocessAllAssets 8.886ms
			SyncVS.PostprocessSyncProject 3.452ms
			BuilderAssetPostprocessor.OnPostprocessAllAssets 3.186ms
			UniversalRenderPipelineGlobalSettingsPostprocessor.OnPostprocessAllAssets 3.115ms
			RenderPipelineGlobalSettingsPostprocessor.OnPostprocessAllAssets 2.863ms
			Launch.OnPostprocessAllAssets 2.330ms
			SpeedTree9Postprocessor.OnPostprocessAllAssets 1.340ms
			IOSResolver.OnPostprocessAllAssets 1.155ms
			AssetPostImportProcess_TitleFX.OnPostprocessAllAssets 1.145ms
			UtilityWindowPostProcessor.OnPostprocessAllAssets 1.144ms
			ClothAssetPostprocessor.OnPostprocessAllAssets 1.085ms
			VersionHandlerImpl.OnPostprocessAllAssets 0.920ms
			RetainedModeAssetPostprocessor.OnPostprocessAllAssets 0.867ms
			WindowAssetPostprocessingWatcher.OnPostprocessAllAssets 0.740ms
			StyleCatalogPostProcessor.OnPostprocessAllAssets 0.369ms
			ArtifactBrowserPostProcessor.OnPostprocessAllAssets 0.202ms
			SpeedTreePostProcessor.OnPostprocessAllAssets 0.202ms
			PlayServicesResolver.OnPostprocessAllAssets 0.172ms
			ShaderReflectionAssetPostProcessor.OnPostprocessAllAssets 0.160ms
			ProjectSettingsPostprocessor.OnPostprocessAllAssets 0.155ms
			SamplePostprocessor.OnPostprocessAllAssets 0.150ms
			AssetPathToTypes.OnPostprocessAllAssets 0.143ms
			AudioMixerPostprocessor.OnPostprocessAllAssets 0.134ms
			UVCSAssetPostprocessor.OnPostprocessAllAssets 0.130ms
			ReferencedClipsPostProcessor.OnPostprocessAllAssets 0.127ms
			TMPro_TexturePostProcessor.OnPostprocessAllAssets 0.111ms
			SampleDependencyImporterPostProcessor.OnPostprocessAllAssets 0.099ms
			AssetEvents.OnPostprocessAllAssets 0.077ms
			TerrainToolbarOverlayPostProcessor.OnPostprocessAllAssets 0.062ms
			AssetPostprocessorProxy.OnPostprocessAllAssets 0.058ms
	PostAssetChangesProfiler: 6.641ms
	GatherAllCurrentPrimaryImportResultRevisions: 0.357ms
	UnloadStreamsBegin: 0.611ms
	PersistCurrentRevisions: 0.287ms
	GenerateScriptTypeHashes: 4.082ms
	GenerateScriptTypeSerializationHashes: 6.172ms
	Untracked: 573.092ms

LightingSettings: switching bake backend from 2 to 1.
Loaded scene 'Temp/__Backupscenes/0.backup'
	Deserialize:            3.494 ms
	Integration:            253.987 ms
	Integration of assets:  0.003 ms
	Thread Wait Time:       0.004 ms
	Total Operation Time:   257.488 ms
Asset Pipeline Refresh (id=87dc10005bc0c4767a14d197f082d726): Total: 0.003 seconds - Initiated by StopAssetImportingV2(NoUpdateAssetOptions)
Start Indexing on Editor startup
[Indexing] Starting Initial Indexing for Assets
Created GICache directory at /Users/daisei/Library/Caches/com.unity3d.UnityEditor/GiCache. Took: 0.002s, timestamps: [15.345 - 15.347]
currentVersion:3.0.2
 #0 PlatformStacktrace::GetStacktrace(int, StacktraceTypes::LRUCache<void*, StacktraceTypes::LRUValue>*)
 #1 DebugStringToFileExtended(DebugStringToFileData const&)
 #2 DebugLogHandler_CUSTOM_Internal_Log(LogType, LogOption, BindingsManagedSpan*, void*)
 #3  (Mono JIT Code) (wrapper managed-to-native) UnityEngine.DebugLogHandler:Internal_Log_Injected (UnityEngine.LogType,UnityEngine.LogOption,UnityEngine.Bindings.ManagedSpanWrapper&,intptr)
 #4  (Mono JIT Code) UnityEngine.DebugLogHandler:Internal_Log (UnityEngine.LogType,UnityEngine.LogOption,string,UnityEngine.Object)
 #5  (Mono JIT Code) [DebugLogHandler.cs:10] UnityEngine.DebugLogHandler:LogFormat (UnityEngine.LogType,UnityEngine.Object,string,object[])
 #6  (Mono JIT Code) [Logger.cs:61] UnityEngine.Logger:Log (UnityEngine.LogType,object)
 #7  (Mono JIT Code) [Debug.bindings.cs:123] UnityEngine.Debug:Log (object)
 #8  (Mono JIT Code) [AddressablesLogic.cs:79] AddressablesLogic/<VersionConfirm>d__5:MoveNext ()
 #9  (Mono JIT Code) [StateMachineRunner.cs:314] Cysharp.Threading.Tasks.CompilerServices.AsyncUniTask`2<AddressablesLogic/<VersionConfirm>d__5, bool>:Run ()
 #10  (Mono JIT Code) [UniTask.cs:25] Cysharp.Threading.Tasks.AwaiterActions:Continuation (object)
 #11  (Mono JIT Code) [UniTaskCompletionSource.cs:139] Cysharp.Threading.Tasks.UniTaskCompletionSourceCore`1<Cysharp.Threading.Tasks.AsyncUnit>:TrySetResult (Cysharp.Threading.Tasks.AsyncUnit)
 #12  (Mono JIT Code) [UniTask.Delay.cs:654] Cysharp.Threading.Tasks.UniTask/DelayFramePromise:MoveNext ()
 #13  (Mono JIT Code) [PlayerLoopRunner.cs:175] Cysharp.Threading.Tasks.Internal.PlayerLoopRunner:RunCore ()
 #14  (Mono JIT Code) [PlayerLoopRunner.cs:145] Cysharp.Threading.Tasks.Internal.PlayerLoopRunner:Update ()
 #15  (Mono JIT Code) [PlayerLoopRunner.cs:105] Cysharp.Threading.Tasks.Internal.PlayerLoopRunner:Run ()
 #16  (Mono JIT Code) (wrapper runtime-invoke) object:runtime_invoke_void__this__ (object,intptr,intptr,intptr)
 #17 mono_jit_runtime_invoke
 #18 do_runtime_invoke
 #19 mono_runtime_invoke
 #20 scripting_method_invoke(ScriptingMethodPtr, ScriptingObjectPtr, ScriptingArguments&, ScriptingExceptionPtr*, bool)
 #21 ScriptingInvocation::Invoke(ScriptingExceptionPtr*, bool)
 #22 ExecutePlayerLoop(NativePlayerLoopSystem*)
 #23 ExecutePlayerLoop(NativePlayerLoopSystem*)
 #24 PlayerLoop()
 #25 EditorPlayerLoop::Execute()
 #26 PlayerLoopController::InternalUpdateScene(bool, bool)
 #27 PlayerLoopController::UpdateSceneIfNeededFromMainLoop()
 #28 Application::TickTimer()
 #29 -[EditorApplication onEditorUpdatesTickTimer]
 #30 __NSFireTimer
 #31 __CFRUNLOOP_IS_CALLING_OUT_TO_A_TIMER_CALLBACK_FUNCTION__
 #32 __CFRunLoopDoTimer
 #33 __CFRunLoopDoTimers
 #34 __CFRunLoopRun
 #35 _CFRunLoopRunSpecificWithOptions
 #36 RunCurrentEventLoopInMode
 #37 ReceiveNextEventCommon
 #38 _BlockUntilNextEventMatchingListInMode
 #39 _DPSBlockUntilNextEventMatchingListInMode
 #40 _DPSNextEvent
 #41 -[NSApplication(NSEventRouting) _nextEventMatchingEventMask:untilDate:inMode:dequeue:]
 #42 -[NSApplication(NSEventRouting) nextEventMatchingMask:untilDate:inMode:dequeue:]
 #43 -[NSApplication run]
 #44 NSApplicationMain
 #45 EditorMain(int, char const**)
 #46 main
 #47 start

serverVersion:3.0.2
 #0 PlatformStacktrace::GetStacktrace(int, StacktraceTypes::LRUCache<void*, StacktraceTypes::LRUValue>*)
 #1 DebugStringToFileExtended(DebugStringToFileData const&)
 #2 DebugLogHandler_CUSTOM_Internal_Log(LogType, LogOption, BindingsManagedSpan*, void*)
 #3  (Mono JIT Code) (wrapper managed-to-native) UnityEngine.DebugLogHandler:Internal_Log_Injected (UnityEngine.LogType,UnityEngine.LogOption,UnityEngine.Bindings.ManagedSpanWrapper&,intptr)
 #4  (Mono JIT Code) UnityEngine.DebugLogHandler:Internal_Log (UnityEngine.LogType,UnityEngine.LogOption,string,UnityEngine.Object)
 #5  (Mono JIT Code) [DebugLogHandler.cs:10] UnityEngine.DebugLogHandler:LogFormat (UnityEngine.LogType,UnityEngine.Object,string,object[])
 #6  (Mono JIT Code) [Logger.cs:61] UnityEngine.Logger:Log (UnityEngine.LogType,object)
 #7  (Mono JIT Code) [Debug.bindings.cs:123] UnityEngine.Debug:Log (object)
 #8  (Mono JIT Code) [AddressablesLogic.cs:81] AddressablesLogic/<VersionConfirm>d__5:MoveNext ()
 #9  (Mono JIT Code) [StateMachineRunner.cs:314] Cysharp.Threading.Tasks.CompilerServices.AsyncUniTask`2<AddressablesLogic/<VersionConfirm>d__5, bool>:Run ()
 #10  (Mono JIT Code) [UniTask.cs:25] Cysharp.Threading.Tasks.AwaiterActions:Continuation (object)
 #11  (Mono JIT Code) [UniTaskCompletionSource.cs:139] Cysharp.Threading.Tasks.UniTaskCompletionSourceCore`1<Cysharp.Threading.Tasks.AsyncUnit>:TrySetResult (Cysharp.Threading.Tasks.AsyncUnit)
 #12  (Mono JIT Code) [UniTask.Delay.cs:654] Cysharp.Threading.Tasks.UniTask/DelayFramePromise:MoveNext ()
 #13  (Mono JIT Code) [PlayerLoopRunner.cs:175] Cysharp.Threading.Tasks.Internal.PlayerLoopRunner:RunCore ()
 #14  (Mono JIT Code) [PlayerLoopRunner.cs:145] Cysharp.Threading.Tasks.Internal.PlayerLoopRunner:Update ()
 #15  (Mono JIT Code) [PlayerLoopRunner.cs:105] Cysharp.Threading.Tasks.Internal.PlayerLoopRunner:Run ()
 #16  (Mono JIT Code) (wrapper runtime-invoke) object:runtime_invoke_void__this__ (object,intptr,intptr,intptr)
 #17 mono_jit_runtime_invoke
 #18 do_runtime_invoke
 #19 mono_runtime_invoke
 #20 scripting_method_invoke(ScriptingMethodPtr, ScriptingObjectPtr, ScriptingArguments&, ScriptingExceptionPtr*, bool)
 #21 ScriptingInvocation::Invoke(ScriptingExceptionPtr*, bool)
 #22 ExecutePlayerLoop(NativePlayerLoopSystem*)
 #23 ExecutePlayerLoop(NativePlayerLoopSystem*)
 #24 PlayerLoop()
 #25 EditorPlayerLoop::Execute()
 #26 PlayerLoopController::InternalUpdateScene(bool, bool)
 #27 PlayerLoopController::UpdateSceneIfNeededFromMainLoop()
 #28 Application::TickTimer()
 #29 -[EditorApplication onEditorUpdatesTickTimer]
 #30 __NSFireTimer
 #31 __CFRUNLOOP_IS_CALLING_OUT_TO_A_TIMER_CALLBACK_FUNCTION__
 #32 __CFRunLoopDoTimer
 #33 __CFRunLoopDoTimers
 #34 __CFRunLoopRun
 #35 _CFRunLoopRunSpecificWithOptions
 #36 RunCurrentEventLoopInMode
 #37 ReceiveNextEventCommon
 #38 _BlockUntilNextEventMatchingListInMode
 #39 _DPSBlockUntilNextEventMatchingListInMode
 #40 _DPSNextEvent
 #41 -[NSApplication(NSEventRouting) _nextEventMatchingEventMask:untilDate:inMode:dequeue:]
 #42 -[NSApplication(NSEventRouting) nextEventMatchingMask:untilDate:inMode:dequeue:]
 #43 -[NSApplication run]
 #44 NSApplicationMain
 #45 EditorMain(int, char const**)
 #46 main
 #47 start

[Licensing::Client] Successfully resolved entitlement details
[Licensing::Client] Successfully resolved entitlement details
[Licensing::Client] Successfully updated the access token
[Licensing::Module] Successfully updated access token: "u8k8pb60"... (expires: 2026-10-08T06:36:26Z)
[Licensing::Client] Successfully resolved entitlement details
Importing 'GUID: b669daab31cd44e78a6a759f8ca01044 - Path: Assets/Resources/DOTweenSettings.asset' with importer (NativeFormatImporter)
Imported 'GUID: b669daab31cd44e78a6a759f8ca01044' -> (Import Result ID: 'cede41d7171d1803b9d934ac81c64f78') in 0.002 seconds [static dependencies only]. Details - ImportResultOutputID=6135d2e9daa93442e467e8cd5c0d208f DependenciesID=3b9695bc6d644b582973629774537bbd StaticDependenciesID=8fc77b6df9ea22f0a0282a8c847b2510 
Importing 'GUID: 0bcb1e4f5d13e89408ef5e90c8c76511 - Path: Assets/PlayFabEditorExtensions/Editor/Resources/PlayFabEditorPrefsSO.asset' with importer (NativeFormatImporter)
Imported 'GUID: 0bcb1e4f5d13e89408ef5e90c8c76511' -> (Import Result ID: '842af76f11385e712fc2391466020b16') in 0.000 seconds [static dependencies only]. Details - ImportResultOutputID=76cdf866b6c9896c7efb40808ac72d0d DependenciesID=21054172ff00fcef395ff70708e79b47 StaticDependenciesID=49d5ca7f8452069917028104f7b4a072 
Refreshing native plugins compatible for Editor in 4.32 ms, found 6 plugins.
Asset Pipeline Refresh (id=5220df4f29c9b40a3ba431de8fddad1e): Total: 0.091 seconds - Initiated by StopAssetImportingV2(NoUpdateAssetOptions)
Asset Pipeline Refresh (id=5be5c84c19b6e47afbf02e43edc37b07): Total: 0.004 seconds - Initiated by StopAssetImportingV2(NoUpdateAssetOptions)
[Licensing::Client] Successfully resolved entitlement details
Android Extension - Scanning For ADB Devices 3063 ms
Android Extension - Scanning For ADB Devices 92 ms
PlayFab Device login succeeded on attempt 1.
 #0 PlatformStacktrace::GetStacktrace(int, StacktraceTypes::LRUCache<void*, StacktraceTypes::LRUValue>*)
 #1 DebugStringToFileExtended(DebugStringToFileData const&)
 #2 DebugLogHandler_CUSTOM_Internal_Log(LogType, LogOption, BindingsManagedSpan*, void*)
 #3  (Mono JIT Code) (wrapper managed-to-native) UnityEngine.DebugLogHandler:Internal_Log_Injected (UnityEngine.LogType,UnityEngine.LogOption,UnityEngine.Bindings.ManagedSpanWrapper&,intptr)
 #4  (Mono JIT Code) UnityEngine.DebugLogHandler:Internal_Log (UnityEngine.LogType,UnityEngine.LogOption,string,UnityEngine.Object)
 #5  (Mono JIT Code) [DebugLogHandler.cs:10] UnityEngine.DebugLogHandler:LogFormat (UnityEngine.LogType,UnityEngine.Object,string,object[])
 #6  (Mono JIT Code) [Logger.cs:61] UnityEngine.Logger:Log (UnityEngine.LogType,object)
 #7  (Mono JIT Code) [Debug.bindings.cs:123] UnityEngine.Debug:Log (object)
 #8  (Mono JIT Code) [Login.cs:308] PlayFabReadClient/<RunLoginWithRetryAsync>d__50:MoveNext ()
 #9  (Mono JIT Code) [StateMachineRunner.cs:105] Cysharp.Threading.Tasks.CompilerServices.AsyncUniTaskVoid`1<PlayFabReadClient/<RunLoginWithRetryAsync>d__50>:Run ()
 #10  (Mono JIT Code) [UniTask.cs:25] Cysharp.Threading.Tasks.AwaiterActions:Continuation (object)
 #11  (Mono JIT Code) [UniTaskCompletionSource.cs:912] Cysharp.Threading.Tasks.UniTaskCompletionSource`1<System.ValueTuple`2<PlayFab.ClientModels.LoginResult, PlayFab.PlayFabError>>:TrySignalCompletion (Cysharp.Threading.Tasks.UniTaskStatus)
 #12  (Mono JIT Code) [UniTaskCompletionSource.cs:797] Cysharp.Threading.Tasks.UniTaskCompletionSource`1<System.ValueTuple`2<PlayFab.ClientModels.LoginResult, PlayFab.PlayFabError>>:TrySetResult (System.ValueTuple`2<PlayFab.ClientModels.LoginResult, PlayFab.PlayFabError>)
 #13  (Mono JIT Code) [Login.cs:343] PlayFabReadClient/<>c__DisplayClass51_0:<ExecuteLoginRequestAsync>b__0 (PlayFab.ClientModels.LoginResult)
 #14  (Mono JIT Code) [PlayFabHTTP.cs:219] PlayFab.Internal.PlayFabHttp/<>c__DisplayClass23_0`1<TResult_REF>:<_MakeApiCall>b__1 ()
 #15  (Mono JIT Code) [PlayFabUnityHttp.cs:244] PlayFab.Internal.PlayFabUnityHttp:OnResponse (string,PlayFab.Internal.CallRequestContainer)
 #16  (Mono JIT Code) [PlayFabUnityHttp.cs:197] PlayFab.Internal.PlayFabUnityHttp/<Post>d__12:MoveNext ()
 #17  (Mono JIT Code) [Coroutines.cs:17] UnityEngine.SetupCoroutine:InvokeMoveNext (System.Collections.IEnumerator,intptr)
 #18  (Mono JIT Code) (wrapper runtime-invoke) <Module>:runtime_invoke_void_object_intptr (object,intptr,intptr,intptr)
 #19 mono_jit_runtime_invoke
 #20 do_runtime_invoke
 #21 mono_runtime_invoke
 #22 scripting_method_invoke(ScriptingMethodPtr, ScriptingObjectPtr, ScriptingArguments&, ScriptingExceptionPtr*, bool)
 #23 ScriptingInvocation::Invoke(ScriptingExceptionPtr*, bool)
 #24 Coroutine::InvokeMoveNext(ScriptingExceptionPtr*)
 #25 Coroutine::Run(bool*)
 #26 AsyncOperation::InvokeCoroutine()
 #27 UnityWebRequestAsyncOperation::InvokeCoroutine()
 #28 UnityWebRequestProto<UnityWebRequestTransport, AtomicRefCounter, RedirectHelper, ResponseHelper, DownloadHandler, UploadHandler, CertificateHandler, HeaderHelper, AsyncOperation>::Job_InvokeCoroutine(AsyncOperation*)
 #29 BackgroundJobQueue::ExecuteMainThreadJobs()
 #30 InitPlayerLoopCallbacks()::EarlyUpdateExecuteMainThreadJobsRegistrator::Forward()
 #31 ExecutePlayerLoop(NativePlayerLoopSystem*)
 #32 ExecutePlayerLoop(NativePlayerLoopSystem*)
 #33 PlayerLoop()
 #34 EditorPlayerLoop::Execute()
 #35 PlayerLoopController::InternalUpdateScene(bool, bool)
 #36 PlayerLoopController::UpdateSceneIfNeededFromMainLoop()
 #37 Application::TickTimer()
 #38 -[EditorApplication onEditorUpdatesTickTimer]
 #39 __NSFireTimer
 #40 __CFRUNLOOP_IS_CALLING_OUT_TO_A_TIMER_CALLBACK_FUNCTION__
 #41 __CFRunLoopDoTimer
 #42 __CFRunLoopDoTimers
 #43 __CFRunLoopRun
 #44 _CFRunLoopRunSpecificWithOptions
 #45 RunCurrentEventLoopInMode
 #46 ReceiveNextEventCommon
 #47 _BlockUntilNextEventMatchingListInMode
 #48 _DPSBlockUntilNextEventMatchingListInMode
 #49 _DPSNextEvent
 #50 -[NSApplication(NSEventRouting) _nextEventMatchingEventMask:untilDate:inMode:dequeue:]
 #51 -[NSApplication(NSEventRouting) nextEventMatchingMask:untilDate:inMode:dequeue:]
 #52 -[NSApplication run]
 #53 NSApplicationMain
 #54 EditorMain(int, char const**)
 #55 main
 #56 start

Attempted to call .Dispose on an already disposed CancellationTokenSource
Android Extension - Scanning For ADB Devices 80 ms
wait for a initialized account, try time : 1
 #0 PlatformStacktrace::GetStacktrace(int, StacktraceTypes::LRUCache<void*, StacktraceTypes::LRUValue>*)
 #1 DebugStringToFileExtended(DebugStringToFileData const&)
 #2 DebugLogHandler_CUSTOM_Internal_Log(LogType, LogOption, BindingsManagedSpan*, void*)
 #3  (Mono JIT Code) (wrapper managed-to-native) UnityEngine.DebugLogHandler:Internal_Log_Injected (UnityEngine.LogType,UnityEngine.LogOption,UnityEngine.Bindings.ManagedSpanWrapper&,intptr)
 #4  (Mono JIT Code) UnityEngine.DebugLogHandler:Internal_Log (UnityEngine.LogType,UnityEngine.LogOption,string,UnityEngine.Object)
 #5  (Mono JIT Code) [DebugLogHandler.cs:10] UnityEngine.DebugLogHandler:LogFormat (UnityEngine.LogType,UnityEngine.Object,string,object[])
 #6  (Mono JIT Code) [Logger.cs:61] UnityEngine.Logger:Log (UnityEngine.LogType,object)
 #7  (Mono JIT Code) [Debug.bindings.cs:123] UnityEngine.Debug:Log (object)
 #8  (Mono JIT Code) [Login.cs:214] PlayFabReadClient/<>c__DisplayClass46_0:<TryProcessWithLimitedTimes>b__0 ()
 #9  (Mono JIT Code) [UniTaskExtensions.cs:715] Cysharp.Threading.Tasks.UniTaskExtensions/<ContinueWith>d__58:MoveNext ()
 #10  (Mono JIT Code) [StateMachineRunner.cs:190] Cysharp.Threading.Tasks.CompilerServices.AsyncUniTask`1<Cysharp.Threading.Tasks.UniTaskExtensions/<ContinueWith>d__58>:Run ()
 #11  (Mono JIT Code) [UniTask.cs:25] Cysharp.Threading.Tasks.AwaiterActions:Continuation (object)
 #12  (Mono JIT Code) [UniTaskCompletionSource.cs:139] Cysharp.Threading.Tasks.UniTaskCompletionSourceCore`1<TResult_REF>:TrySetResult (TResult_REF)
 #13  (Mono JIT Code) [UniTask.Delay.cs:811] Cysharp.Threading.Tasks.UniTask/DelayPromise:MoveNext ()
 #14  (Mono JIT Code) [PlayerLoopRunner.cs:175] Cysharp.Threading.Tasks.Internal.PlayerLoopRunner:RunCore ()
 #15  (Mono JIT Code) [PlayerLoopRunner.cs:145] Cysharp.Threading.Tasks.Internal.PlayerLoopRunner:Update ()
 #16  (Mono JIT Code) [PlayerLoopRunner.cs:105] Cysharp.Threading.Tasks.Internal.PlayerLoopRunner:Run ()
 #17  (Mono JIT Code) (wrapper runtime-invoke) object:runtime_invoke_void__this__ (object,intptr,intptr,intptr)
 #18 mono_jit_runtime_invoke
 #19 do_runtime_invoke
 #20 mono_runtime_invoke
 #21 scripting_method_invoke(ScriptingMethodPtr, ScriptingObjectPtr, ScriptingArguments&, ScriptingExceptionPtr*, bool)
 #22 ScriptingInvocation::Invoke(ScriptingExceptionPtr*, bool)
 #23 ExecutePlayerLoop(NativePlayerLoopSystem*)
 #24 ExecutePlayerLoop(NativePlayerLoopSystem*)
 #25 PlayerLoop()
 #26 EditorPlayerLoop::Execute()
 #27 PlayerLoopController::InternalUpdateScene(bool, bool)
 #28 PlayerLoopController::UpdateSceneIfNeededFromMainLoop()
 #29 Application::TickTimer()
 #30 -[EditorApplication onEditorUpdatesTickTimer]
 #31 __NSFireTimer
 #32 __CFRUNLOOP_IS_CALLING_OUT_TO_A_TIMER_CALLBACK_FUNCTION__
 #33 __CFRunLoopDoTimer
 #34 __CFRunLoopDoTimers
 #35 __CFRunLoopRun
 #36 _CFRunLoopRunSpecificWithOptions
 #37 RunCurrentEventLoopInMode
 #38 ReceiveNextEventCommon
 #39 _BlockUntilNextEventMatchingListInMode
 #40 _DPSBlockUntilNextEventMatchingListInMode
 #41 _DPSNextEvent
 #42 -[NSApplication(NSEventRouting) _nextEventMatchingEventMask:untilDate:inMode:dequeue:]
 #43 -[NSApplication(NSEventRouting) nextEventMatchingMask:untilDate:inMode:dequeue:]
 #44 -[NSApplication run]
 #45 NSApplicationMain
 #46 EditorMain(int, char const**)
 #47 main
 #48 start

Android Extension - Scanning For ADB Devices 74 ms
Checkin Result: AlreadyLoginToday award: streak:1
 #0 PlatformStacktrace::GetStacktrace(int, StacktraceTypes::LRUCache<void*, StacktraceTypes::LRUValue>*)
 #1 DebugStringToFileExtended(DebugStringToFileData const&)
 #2 DebugLogHandler_CUSTOM_Internal_Log(LogType, LogOption, BindingsManagedSpan*, void*)
 #3  (Mono JIT Code) (wrapper managed-to-native) UnityEngine.DebugLogHandler:Internal_Log_Injected (UnityEngine.LogType,UnityEngine.LogOption,UnityEngine.Bindings.ManagedSpanWrapper&,intptr)
 #4  (Mono JIT Code) UnityEngine.DebugLogHandler:Internal_Log (UnityEngine.LogType,UnityEngine.LogOption,string,UnityEngine.Object)
 #5  (Mono JIT Code) [DebugLogHandler.cs:10] UnityEngine.DebugLogHandler:LogFormat (UnityEngine.LogType,UnityEngine.Object,string,object[])
 #6  (Mono JIT Code) [Logger.cs:61] UnityEngine.Logger:Log (UnityEngine.LogType,object)
 #7  (Mono JIT Code) [Debug.bindings.cs:123] UnityEngine.Debug:Log (object)
 #8  (Mono JIT Code) [CheckIn.cs:20] CloudScript/<>c__DisplayClass6_0:<CheckIn>b__0 (PlayFab.ClientModels.ExecuteCloudScriptResult)
 #9  (Mono JIT Code) [Common.cs:45] CloudScript/<>c__DisplayClass9_1:<ExecuteCloudScriptMainSceneCommon>b__1 (PlayFab.ClientModels.ExecuteCloudScriptResult)
 #10  (Mono JIT Code) [PlayFabHTTP.cs:219] PlayFab.Internal.PlayFabHttp/<>c__DisplayClass23_0`1<TResult_REF>:<_MakeApiCall>b__1 ()
 #11  (Mono JIT Code) [PlayFabUnityHttp.cs:244] PlayFab.Internal.PlayFabUnityHttp:OnResponse (string,PlayFab.Internal.CallRequestContainer)
 #12  (Mono JIT Code) [PlayFabUnityHttp.cs:197] PlayFab.Internal.PlayFabUnityHttp/<Post>d__12:MoveNext ()
 #13  (Mono JIT Code) [Coroutines.cs:17] UnityEngine.SetupCoroutine:InvokeMoveNext (System.Collections.IEnumerator,intptr)
 #14  (Mono JIT Code) (wrapper runtime-invoke) <Module>:runtime_invoke_void_object_intptr (object,intptr,intptr,intptr)
 #15 mono_jit_runtime_invoke
 #16 do_runtime_invoke
 #17 mono_runtime_invoke
 #18 scripting_method_invoke(ScriptingMethodPtr, ScriptingObjectPtr, ScriptingArguments&, ScriptingExceptionPtr*, bool)
 #19 ScriptingInvocation::Invoke(ScriptingExceptionPtr*, bool)
 #20 Coroutine::InvokeMoveNext(ScriptingExceptionPtr*)
 #21 Coroutine::Run(bool*)
 #22 AsyncOperation::InvokeCoroutine()
 #23 UnityWebRequestAsyncOperation::InvokeCoroutine()
 #24 UnityWebRequestProto<UnityWebRequestTransport, AtomicRefCounter, RedirectHelper, ResponseHelper, DownloadHandler, UploadHandler, CertificateHandler, HeaderHelper, AsyncOperation>::Job_InvokeCoroutine(AsyncOperation*)
 #25 BackgroundJobQueue::ExecuteMainThreadJobs()
 #26 InitPlayerLoopCallbacks()::EarlyUpdateExecuteMainThreadJobsRegistrator::Forward()
 #27 ExecutePlayerLoop(NativePlayerLoopSystem*)
 #28 ExecutePlayerLoop(NativePlayerLoopSystem*)
 #29 PlayerLoop()
 #30 EditorPlayerLoop::Execute()
 #31 PlayerLoopController::InternalUpdateScene(bool, bool)
 #32 PlayerLoopController::UpdateSceneIfNeededFromMainLoop()
 #33 Application::TickTimer()
 #34 -[EditorApplication onEditorUpdatesTickTimer]
 #35 __NSFireTimer
 #36 __CFRUNLOOP_IS_CALLING_OUT_TO_A_TIMER_CALLBACK_FUNCTION__
 #37 __CFRunLoopDoTimer
 #38 __CFRunLoopDoTimers
 #39 __CFRunLoopRun
 #40 _CFRunLoopRunSpecificWithOptions
 #41 RunCurrentEventLoopInMode
 #42 ReceiveNextEventCommon
 #43 _BlockUntilNextEventMatchingListInMode
 #44 _DPSBlockUntilNextEventMatchingListInMode
 #45 _DPSNextEvent
 #46 -[NSApplication(NSEventRouting) _nextEventMatchingEventMask:untilDate:inMode:dequeue:]
 #47 -[NSApplication(NSEventRouting) nextEventMatchingMask:untilDate:inMode:dequeue:]
 #48 -[NSApplication run]
 #49 NSApplicationMain
 #50 EditorMain(int, char const**)
 #51 main
 #52 start

Unloading 51 Unused Serialized files (Serialized files now loaded: 0)
UnloadTime: 7.470250 ms
Loaded scene 'Assets/Scene/MainScene/MainMenuScene.unity'
	Deserialize:            14.659 ms
	Integration:            152.553 ms
	Integration of assets:  0.165 ms
	Thread Wait Time:       0.004 ms
	Total Operation Time:   167.380 ms
Unloading 15321 unused Assets / (7.3 MB). Loaded Objects now: 12399.
Memory consumption went from 0.94 GB to 0.93 GB.
Total: 30.871750 ms (FindLiveObjects: 0.522125 ms CreateObjectMapping: 3.292167 ms MarkObjects: 17.989583 ms  DeleteObjects: 9.067541 ms)

Product:diamond50
 #0 PlatformStacktrace::GetStacktrace(int, StacktraceTypes::LRUCache<void*, StacktraceTypes::LRUValue>*)
 #1 DebugStringToFileExtended(DebugStringToFileData const&)
 #2 DebugLogHandler_CUSTOM_Internal_Log(LogType, LogOption, BindingsManagedSpan*, void*)
 #3  (Mono JIT Code) (wrapper managed-to-native) UnityEngine.DebugLogHandler:Internal_Log_Injected (UnityEngine.LogType,UnityEngine.LogOption,UnityEngine.Bindings.ManagedSpanWrapper&,intptr)
 #4  (Mono JIT Code) UnityEngine.DebugLogHandler:Internal_Log (UnityEngine.LogType,UnityEngine.LogOption,string,UnityEngine.Object)
 #5  (Mono JIT Code) [DebugLogHandler.cs:10] UnityEngine.DebugLogHandler:LogFormat (UnityEngine.LogType,UnityEngine.Object,string,object[])
 #6  (Mono JIT Code) [Logger.cs:61] UnityEngine.Logger:Log (UnityEngine.LogType,object)
 #7  (Mono JIT Code) [Debug.bindings.cs:123] UnityEngine.Debug:Log (object)
 #8  (Mono JIT Code) [IAPManager.cs:158] IAPManager:InitializePurchasing ()
 #9  (Mono JIT Code) [IAPManager.cs:61] IAPManager:set_StoneProductCatalogInitialised (bool)
 #10  (Mono JIT Code) [IAPManager.cs:121] IAPManager:<RefreshIAPItems>b__24_2 (PlayFab.ClientModels.GetCatalogItemsResult)
 #11  (Mono JIT Code) [PlayFabHTTP.cs:219] PlayFab.Internal.PlayFabHttp/<>c__DisplayClass23_0`1<TResult_REF>:<_MakeApiCall>b__1 ()
 #12  (Mono JIT Code) [PlayFabUnityHttp.cs:244] PlayFab.Internal.PlayFabUnityHttp:OnResponse (string,PlayFab.Internal.CallRequestContainer)
 #13  (Mono JIT Code) [PlayFabUnityHttp.cs:197] PlayFab.Internal.PlayFabUnityHttp/<Post>d__12:MoveNext ()
 #14  (Mono JIT Code) [Coroutines.cs:17] UnityEngine.SetupCoroutine:InvokeMoveNext (System.Collections.IEnumerator,intptr)
 #15  (Mono JIT Code) (wrapper runtime-invoke) <Module>:runtime_invoke_void_object_intptr (object,intptr,intptr,intptr)
 #16 mono_jit_runtime_invoke
 #17 do_runtime_invoke
 #18 mono_runtime_invoke
 #19 scripting_method_invoke(ScriptingMethodPtr, ScriptingObjectPtr, ScriptingArguments&, ScriptingExceptionPtr*, bool)
 #20 ScriptingInvocation::Invoke(ScriptingExceptionPtr*, bool)
 #21 Coroutine::InvokeMoveNext(ScriptingExceptionPtr*)
 #22 Coroutine::Run(bool*)
 #23 AsyncOperation::InvokeCoroutine()
 #24 UnityWebRequestAsyncOperation::InvokeCoroutine()
 #25 UnityWebRequestProto<UnityWebRequestTransport, AtomicRefCounter, RedirectHelper, ResponseHelper, DownloadHandler, UploadHandler, CertificateHandler, HeaderHelper, AsyncOperation>::Job_InvokeCoroutine(AsyncOperation*)
 #26 BackgroundJobQueue::ExecuteMainThreadJobs()
 #27 InitPlayerLoopCallbacks()::EarlyUpdateExecuteMainThreadJobsRegistrator::Forward()
 #28 ExecutePlayerLoop(NativePlayerLoopSystem*)
 #29 ExecutePlayerLoop(NativePlayerLoopSystem*)
 #30 PlayerLoop()
 #31 EditorPlayerLoop::Execute()
 #32 PlayerLoopController::InternalUpdateScene(bool, bool)
 #33 PlayerLoopController::UpdateSceneIfNeededFromMainLoop()
 #34 Application::TickTimer()
 #35 -[EditorApplication onEditorUpdatesTickTimer]
 #36 __NSFireTimer
 #37 __CFRUNLOOP_IS_CALLING_OUT_TO_A_TIMER_CALLBACK_FUNCTION__
 #38 __CFRunLoopDoTimer
 #39 __CFRunLoopDoTimers
 #40 __CFRunLoopRun
 #41 _CFRunLoopRunSpecificWithOptions
 #42 RunCurrentEventLoopInMode
 #43 ReceiveNextEventCommon
 #44 _BlockUntilNextEventMatchingListInMode
 #45 _DPSBlockUntilNextEventMatchingListInMode
 #46 _DPSNextEvent
 #47 -[NSApplication(NSEventRouting) _nextEventMatchingEventMask:untilDate:inMode:dequeue:]
 #48 -[NSApplication(NSEventRouting) nextEventMatchingMask:untilDate:inMode:dequeue:]
 #49 -[EditorApplication checkForFocusChange:]
 #50 __NSFireTimer
 #51 __CFRUNLOOP_IS_CALLING_OUT_TO_A_TIMER_CALLBACK_FUNCTION__
 #52 __CFRunLoopDoTimer
 #53 __CFRunLoopDoTimers
 #54 __CFRunLoopRun
 #55 _CFRunLoopRunSpecificWithOptions
 #56 RunCurrentEventLoopInMode
 #57 ReceiveNextEventCommon
 #58 _BlockUntilNextEventMatchingListInMode
 #59 _DPSBlockUntilNextEventMatchingListInMode
 #60 _DPSNextEvent
 #61 -[NSApplication(NSEventRouting) _nextEventMatchingEventMask:untilDate:inMode:dequeue:]
 #62 -[NSApplication(NSEventRouting) nextEventMatchingMask:untilDate:inMode:dequeue:]
 #63 -[NSApplication run]
 #64 NSApplicationMain
 #65 EditorMain(int, char const**)
 #66 main
 #67 start

Product:diamond250
 #0 PlatformStacktrace::GetStacktrace(int, StacktraceTypes::LRUCache<void*, StacktraceTypes::LRUValue>*)
 #1 DebugStringToFileExtended(DebugStringToFileData const&)
 #2 DebugLogHandler_CUSTOM_Internal_Log(LogType, LogOption, BindingsManagedSpan*, void*)
 #3  (Mono JIT Code) (wrapper managed-to-native) UnityEngine.DebugLogHandler:Internal_Log_Injected (UnityEngine.LogType,UnityEngine.LogOption,UnityEngine.Bindings.ManagedSpanWrapper&,intptr)
 #4  (Mono JIT Code) UnityEngine.DebugLogHandler:Internal_Log (UnityEngine.LogType,UnityEngine.LogOption,string,UnityEngine.Object)
 #5  (Mono JIT Code) [DebugLogHandler.cs:10] UnityEngine.DebugLogHandler:LogFormat (UnityEngine.LogType,UnityEngine.Object,string,object[])
 #6  (Mono JIT Code) [Logger.cs:61] UnityEngine.Logger:Log (UnityEngine.LogType,object)
 #7  (Mono JIT Code) [Debug.bindings.cs:123] UnityEngine.Debug:Log (object)
 #8  (Mono JIT Code) [IAPManager.cs:158] IAPManager:InitializePurchasing ()
 #9  (Mono JIT Code) [IAPManager.cs:61] IAPManager:set_StoneProductCatalogInitialised (bool)
 #10  (Mono JIT Code) [IAPManager.cs:121] IAPManager:<RefreshIAPItems>b__24_2 (PlayFab.ClientModels.GetCatalogItemsResult)
 #11  (Mono JIT Code) [PlayFabHTTP.cs:219] PlayFab.Internal.PlayFabHttp/<>c__DisplayClass23_0`1<TResult_REF>:<_MakeApiCall>b__1 ()
 #12  (Mono JIT Code) [PlayFabUnityHttp.cs:244] PlayFab.Internal.PlayFabUnityHttp:OnResponse (string,PlayFab.Internal.CallRequestContainer)
 #13  (Mono JIT Code) [PlayFabUnityHttp.cs:197] PlayFab.Internal.PlayFabUnityHttp/<Post>d__12:MoveNext ()
 #14  (Mono JIT Code) [Coroutines.cs:17] UnityEngine.SetupCoroutine:InvokeMoveNext (System.Collections.IEnumerator,intptr)
 #15  (Mono JIT Code) (wrapper runtime-invoke) <Module>:runtime_invoke_void_object_intptr (object,intptr,intptr,intptr)
 #16 mono_jit_runtime_invoke
 #17 do_runtime_invoke
 #18 mono_runtime_invoke
 #19 scripting_method_invoke(ScriptingMethodPtr, ScriptingObjectPtr, ScriptingArguments&, ScriptingExceptionPtr*, bool)
 #20 ScriptingInvocation::Invoke(ScriptingExceptionPtr*, bool)
 #21 Coroutine::InvokeMoveNext(ScriptingExceptionPtr*)
 #22 Coroutine::Run(bool*)
 #23 AsyncOperation::InvokeCoroutine()
 #24 UnityWebRequestAsyncOperation::InvokeCoroutine()
 #25 UnityWebRequestProto<UnityWebRequestTransport, AtomicRefCounter, RedirectHelper, ResponseHelper, DownloadHandler, UploadHandler, CertificateHandler, HeaderHelper, AsyncOperation>::Job_InvokeCoroutine(AsyncOperation*)
 #26 BackgroundJobQueue::ExecuteMainThreadJobs()
 #27 InitPlayerLoopCallbacks()::EarlyUpdateExecuteMainThreadJobsRegistrator::Forward()
 #28 ExecutePlayerLoop(NativePlayerLoopSystem*)
 #29 ExecutePlayerLoop(NativePlayerLoopSystem*)
 #30 PlayerLoop()
 #31 EditorPlayerLoop::Execute()
 #32 PlayerLoopController::InternalUpdateScene(bool, bool)
 #33 PlayerLoopController::UpdateSceneIfNeededFromMainLoop()
 #34 Application::TickTimer()
 #35 -[EditorApplication onEditorUpdatesTickTimer]
 #36 __NSFireTimer
 #37 __CFRUNLOOP_IS_CALLING_OUT_TO_A_TIMER_CALLBACK_FUNCTION__
 #38 __CFRunLoopDoTimer
 #39 __CFRunLoopDoTimers
 #40 __CFRunLoopRun
 #41 _CFRunLoopRunSpecificWithOptions
 #42 RunCurrentEventLoopInMode
 #43 ReceiveNextEventCommon
 #44 _BlockUntilNextEventMatchingListInMode
 #45 _DPSBlockUntilNextEventMatchingListInMode
 #46 _DPSNextEvent
 #47 -[NSApplication(NSEventRouting) _nextEventMatchingEventMask:untilDate:inMode:dequeue:]
 #48 -[NSApplication(NSEventRouting) nextEventMatchingMask:untilDate:inMode:dequeue:]
 #49 -[EditorApplication checkForFocusChange:]
 #50 __NSFireTimer
 #51 __CFRUNLOOP_IS_CALLING_OUT_TO_A_TIMER_CALLBACK_FUNCTION__
 #52 __CFRunLoopDoTimer
 #53 __CFRunLoopDoTimers
 #54 __CFRunLoopRun
 #55 _CFRunLoopRunSpecificWithOptions
 #56 RunCurrentEventLoopInMode
 #57 ReceiveNextEventCommon
 #58 _BlockUntilNextEventMatchingListInMode
 #59 _DPSBlockUntilNextEventMatchingListInMode
 #60 _DPSNextEvent
 #61 -[NSApplication(NSEventRouting) _nextEventMatchingEventMask:untilDate:inMode:dequeue:]
 #62 -[NSApplication(NSEventRouting) nextEventMatchingMask:untilDate:inMode:dequeue:]
 #63 -[NSApplication run]
 #64 NSApplicationMain
 #65 EditorMain(int, char const**)
 #66 main
 #67 start

Product:diamond2500_2
 #0 PlatformStacktrace::GetStacktrace(int, StacktraceTypes::LRUCache<void*, StacktraceTypes::LRUValue>*)
 #1 DebugStringToFileExtended(DebugStringToFileData const&)
 #2 DebugLogHandler_CUSTOM_Internal_Log(LogType, LogOption, BindingsManagedSpan*, void*)
 #3  (Mono JIT Code) (wrapper managed-to-native) UnityEngine.DebugLogHandler:Internal_Log_Injected (UnityEngine.LogType,UnityEngine.LogOption,UnityEngine.Bindings.ManagedSpanWrapper&,intptr)
 #4  (Mono JIT Code) UnityEngine.DebugLogHandler:Internal_Log (UnityEngine.LogType,UnityEngine.LogOption,string,UnityEngine.Object)
 #5  (Mono JIT Code) [DebugLogHandler.cs:10] UnityEngine.DebugLogHandler:LogFormat (UnityEngine.LogType,UnityEngine.Object,string,object[])
 #6  (Mono JIT Code) [Logger.cs:61] UnityEngine.Logger:Log (UnityEngine.LogType,object)
 #7  (Mono JIT Code) [Debug.bindings.cs:123] UnityEngine.Debug:Log (object)
 #8  (Mono JIT Code) [IAPManager.cs:158] IAPManager:InitializePurchasing ()
 #9  (Mono JIT Code) [IAPManager.cs:61] IAPManager:set_StoneProductCatalogInitialised (bool)
 #10  (Mono JIT Code) [IAPManager.cs:121] IAPManager:<RefreshIAPItems>b__24_2 (PlayFab.ClientModels.GetCatalogItemsResult)
 #11  (Mono JIT Code) [PlayFabHTTP.cs:219] PlayFab.Internal.PlayFabHttp/<>c__DisplayClass23_0`1<TResult_REF>:<_MakeApiCall>b__1 ()
 #12  (Mono JIT Code) [PlayFabUnityHttp.cs:244] PlayFab.Internal.PlayFabUnityHttp:OnResponse (string,PlayFab.Internal.CallRequestContainer)
 #13  (Mono JIT Code) [PlayFabUnityHttp.cs:197] PlayFab.Internal.PlayFabUnityHttp/<Post>d__12:MoveNext ()
 #14  (Mono JIT Code) [Coroutines.cs:17] UnityEngine.SetupCoroutine:InvokeMoveNext (System.Collections.IEnumerator,intptr)
 #15  (Mono JIT Code) (wrapper runtime-invoke) <Module>:runtime_invoke_void_object_intptr (object,intptr,intptr,intptr)
 #16 mono_jit_runtime_invoke
 #17 do_runtime_invoke
 #18 mono_runtime_invoke
 #19 scripting_method_invoke(ScriptingMethodPtr, ScriptingObjectPtr, ScriptingArguments&, ScriptingExceptionPtr*, bool)
 #20 ScriptingInvocation::Invoke(ScriptingExceptionPtr*, bool)
 #21 Coroutine::InvokeMoveNext(ScriptingExceptionPtr*)
 #22 Coroutine::Run(bool*)
 #23 AsyncOperation::InvokeCoroutine()
 #24 UnityWebRequestAsyncOperation::InvokeCoroutine()
 #25 UnityWebRequestProto<UnityWebRequestTransport, AtomicRefCounter, RedirectHelper, ResponseHelper, DownloadHandler, UploadHandler, CertificateHandler, HeaderHelper, AsyncOperation>::Job_InvokeCoroutine(AsyncOperation*)
 #26 BackgroundJobQueue::ExecuteMainThreadJobs()
 #27 InitPlayerLoopCallbacks()::EarlyUpdateExecuteMainThreadJobsRegistrator::Forward()
 #28 ExecutePlayerLoop(NativePlayerLoopSystem*)
 #29 ExecutePlayerLoop(NativePlayerLoopSystem*)
 #30 PlayerLoop()
 #31 EditorPlayerLoop::Execute()
 #32 PlayerLoopController::InternalUpdateScene(bool, bool)
 #33 PlayerLoopController::UpdateSceneIfNeededFromMainLoop()
 #34 Application::TickTimer()
 #35 -[EditorApplication onEditorUpdatesTickTimer]
 #36 __NSFireTimer
 #37 __CFRUNLOOP_IS_CALLING_OUT_TO_A_TIMER_CALLBACK_FUNCTION__
 #38 __CFRunLoopDoTimer
 #39 __CFRunLoopDoTimers
 #40 __CFRunLoopRun
 #41 _CFRunLoopRunSpecificWithOptions
 #42 RunCurrentEventLoopInMode
 #43 ReceiveNextEventCommon
 #44 _BlockUntilNextEventMatchingListInMode
 #45 _DPSBlockUntilNextEventMatchingListInMode
 #46 _DPSNextEvent
 #47 -[NSApplication(NSEventRouting) _nextEventMatchingEventMask:untilDate:inMode:dequeue:]
 #48 -[NSApplication(NSEventRouting) nextEventMatchingMask:untilDate:inMode:dequeue:]
 #49 -[EditorApplication checkForFocusChange:]
 #50 __NSFireTimer
 #51 __CFRUNLOOP_IS_CALLING_OUT_TO_A_TIMER_CALLBACK_FUNCTION__
 #52 __CFRunLoopDoTimer
 #53 __CFRunLoopDoTimers
 #54 __CFRunLoopRun
 #55 _CFRunLoopRunSpecificWithOptions
 #56 RunCurrentEventLoopInMode
 #57 ReceiveNextEventCommon
 #58 _BlockUntilNextEventMatchingListInMode
 #59 _DPSBlockUntilNextEventMatchingListInMode
 #60 _DPSNextEvent
 #61 -[NSApplication(NSEventRouting) _nextEventMatchingEventMask:untilDate:inMode:dequeue:]
 #62 -[NSApplication(NSEventRouting) nextEventMatchingMask:untilDate:inMode:dequeue:]
 #63 -[NSApplication run]
 #64 NSApplicationMain
 #65 EditorMain(int, char const**)
 #66 main
 #67 start

Product:diamond1000_2
 #0 PlatformStacktrace::GetStacktrace(int, StacktraceTypes::LRUCache<void*, StacktraceTypes::LRUValue>*)
 #1 DebugStringToFileExtended(DebugStringToFileData const&)
 #2 DebugLogHandler_CUSTOM_Internal_Log(LogType, LogOption, BindingsManagedSpan*, void*)
 #3  (Mono JIT Code) (wrapper managed-to-native) UnityEngine.DebugLogHandler:Internal_Log_Injected (UnityEngine.LogType,UnityEngine.LogOption,UnityEngine.Bindings.ManagedSpanWrapper&,intptr)
 #4  (Mono JIT Code) UnityEngine.DebugLogHandler:Internal_Log (UnityEngine.LogType,UnityEngine.LogOption,string,UnityEngine.Object)
 #5  (Mono JIT Code) [DebugLogHandler.cs:10] UnityEngine.DebugLogHandler:LogFormat (UnityEngine.LogType,UnityEngine.Object,string,object[])
 #6  (Mono JIT Code) [Logger.cs:61] UnityEngine.Logger:Log (UnityEngine.LogType,object)
 #7  (Mono JIT Code) [Debug.bindings.cs:123] UnityEngine.Debug:Log (object)
 #8  (Mono JIT Code) [IAPManager.cs:158] IAPManager:InitializePurchasing ()
 #9  (Mono JIT Code) [IAPManager.cs:61] IAPManager:set_StoneProductCatalogInitialised (bool)
 #10  (Mono JIT Code) [IAPManager.cs:121] IAPManager:<RefreshIAPItems>b__24_2 (PlayFab.ClientModels.GetCatalogItemsResult)
 #11  (Mono JIT Code) [PlayFabHTTP.cs:219] PlayFab.Internal.PlayFabHttp/<>c__DisplayClass23_0`1<TResult_REF>:<_MakeApiCall>b__1 ()
 #12  (Mono JIT Code) [PlayFabUnityHttp.cs:244] PlayFab.Internal.PlayFabUnityHttp:OnResponse (string,PlayFab.Internal.CallRequestContainer)
 #13  (Mono JIT Code) [PlayFabUnityHttp.cs:197] PlayFab.Internal.PlayFabUnityHttp/<Post>d__12:MoveNext ()
 #14  (Mono JIT Code) [Coroutines.cs:17] UnityEngine.SetupCoroutine:InvokeMoveNext (System.Collections.IEnumerator,intptr)
 #15  (Mono JIT Code) (wrapper runtime-invoke) <Module>:runtime_invoke_void_object_intptr (object,intptr,intptr,intptr)
 #16 mono_jit_runtime_invoke
 #17 do_runtime_invoke
 #18 mono_runtime_invoke
 #19 scripting_method_invoke(ScriptingMethodPtr, ScriptingObjectPtr, ScriptingArguments&, ScriptingExceptionPtr*, bool)
 #20 ScriptingInvocation::Invoke(ScriptingExceptionPtr*, bool)
 #21 Coroutine::InvokeMoveNext(ScriptingExceptionPtr*)
 #22 Coroutine::Run(bool*)
 #23 AsyncOperation::InvokeCoroutine()
 #24 UnityWebRequestAsyncOperation::InvokeCoroutine()
 #25 UnityWebRequestProto<UnityWebRequestTransport, AtomicRefCounter, RedirectHelper, ResponseHelper, DownloadHandler, UploadHandler, CertificateHandler, HeaderHelper, AsyncOperation>::Job_InvokeCoroutine(AsyncOperation*)
 #26 BackgroundJobQueue::ExecuteMainThreadJobs()
 #27 InitPlayerLoopCallbacks()::EarlyUpdateExecuteMainThreadJobsRegistrator::Forward()
 #28 ExecutePlayerLoop(NativePlayerLoopSystem*)
 #29 ExecutePlayerLoop(NativePlayerLoopSystem*)
 #30 PlayerLoop()
 #31 EditorPlayerLoop::Execute()
 #32 PlayerLoopController::InternalUpdateScene(bool, bool)
 #33 PlayerLoopController::UpdateSceneIfNeededFromMainLoop()
 #34 Application::TickTimer()
 #35 -[EditorApplication onEditorUpdatesTickTimer]
 #36 __NSFireTimer
 #37 __CFRUNLOOP_IS_CALLING_OUT_TO_A_TIMER_CALLBACK_FUNCTION__
 #38 __CFRunLoopDoTimer
 #39 __CFRunLoopDoTimers
 #40 __CFRunLoopRun
 #41 _CFRunLoopRunSpecificWithOptions
 #42 RunCurrentEventLoopInMode
 #43 ReceiveNextEventCommon
 #44 _BlockUntilNextEventMatchingListInMode
 #45 _DPSBlockUntilNextEventMatchingListInMode
 #46 _DPSNextEvent
 #47 -[NSApplication(NSEventRouting) _nextEventMatchingEventMask:untilDate:inMode:dequeue:]
 #48 -[NSApplication(NSEventRouting) nextEventMatchingMask:untilDate:inMode:dequeue:]
 #49 -[EditorApplication checkForFocusChange:]
 #50 __NSFireTimer
 #51 __CFRUNLOOP_IS_CALLING_OUT_TO_A_TIMER_CALLBACK_FUNCTION__
 #52 __CFRunLoopDoTimer
 #53 __CFRunLoopDoTimers
 #54 __CFRunLoopRun
 #55 _CFRunLoopRunSpecificWithOptions
 #56 RunCurrentEventLoopInMode
 #57 ReceiveNextEventCommon
 #58 _BlockUntilNextEventMatchingListInMode
 #59 _DPSBlockUntilNextEventMatchingListInMode
 #60 _DPSNextEvent
 #61 -[NSApplication(NSEventRouting) _nextEventMatchingEventMask:untilDate:inMode:dequeue:]
 #62 -[NSApplication(NSEventRouting) nextEventMatchingMask:untilDate:inMode:dequeue:]
 #63 -[NSApplication run]
 #64 NSApplicationMain
 #65 EditorMain(int, char const**)
 #66 main
 #67 start

Product:timelimitbundle
 #0 PlatformStacktrace::GetStacktrace(int, StacktraceTypes::LRUCache<void*, StacktraceTypes::LRUValue>*)
 #1 DebugStringToFileExtended(DebugStringToFileData const&)
 #2 DebugLogHandler_CUSTOM_Internal_Log(LogType, LogOption, BindingsManagedSpan*, void*)
 #3  (Mono JIT Code) (wrapper managed-to-native) UnityEngine.DebugLogHandler:Internal_Log_Injected (UnityEngine.LogType,UnityEngine.LogOption,UnityEngine.Bindings.ManagedSpanWrapper&,intptr)
 #4  (Mono JIT Code) UnityEngine.DebugLogHandler:Internal_Log (UnityEngine.LogType,UnityEngine.LogOption,string,UnityEngine.Object)
 #5  (Mono JIT Code) [DebugLogHandler.cs:10] UnityEngine.DebugLogHandler:LogFormat (UnityEngine.LogType,UnityEngine.Object,string,object[])
 #6  (Mono JIT Code) [Logger.cs:61] UnityEngine.Logger:Log (UnityEngine.LogType,object)
 #7  (Mono JIT Code) [Debug.bindings.cs:123] UnityEngine.Debug:Log (object)
 #8  (Mono JIT Code) [IAPManager.cs:158] IAPManager:InitializePurchasing ()
 #9  (Mono JIT Code) [IAPManager.cs:61] IAPManager:set_StoneProductCatalogInitialised (bool)
 #10  (Mono JIT Code) [IAPManager.cs:121] IAPManager:<RefreshIAPItems>b__24_2 (PlayFab.ClientModels.GetCatalogItemsResult)
 #11  (Mono JIT Code) [PlayFabHTTP.cs:219] PlayFab.Internal.PlayFabHttp/<>c__DisplayClass23_0`1<TResult_REF>:<_MakeApiCall>b__1 ()
 #12  (Mono JIT Code) [PlayFabUnityHttp.cs:244] PlayFab.Internal.PlayFabUnityHttp:OnResponse (string,PlayFab.Internal.CallRequestContainer)
 #13  (Mono JIT Code) [PlayFabUnityHttp.cs:197] PlayFab.Internal.PlayFabUnityHttp/<Post>d__12:MoveNext ()
 #14  (Mono JIT Code) [Coroutines.cs:17] UnityEngine.SetupCoroutine:InvokeMoveNext (System.Collections.IEnumerator,intptr)
 #15  (Mono JIT Code) (wrapper runtime-invoke) <Module>:runtime_invoke_void_object_intptr (object,intptr,intptr,intptr)
 #16 mono_jit_runtime_invoke
 #17 do_runtime_invoke
 #18 mono_runtime_invoke
 #19 scripting_method_invoke(ScriptingMethodPtr, ScriptingObjectPtr, ScriptingArguments&, ScriptingExceptionPtr*, bool)
 #20 ScriptingInvocation::Invoke(ScriptingExceptionPtr*, bool)
 #21 Coroutine::InvokeMoveNext(ScriptingExceptionPtr*)
 #22 Coroutine::Run(bool*)
 #23 AsyncOperation::InvokeCoroutine()
 #24 UnityWebRequestAsyncOperation::InvokeCoroutine()
 #25 UnityWebRequestProto<UnityWebRequestTransport, AtomicRefCounter, RedirectHelper, ResponseHelper, DownloadHandler, UploadHandler, CertificateHandler, HeaderHelper, AsyncOperation>::Job_InvokeCoroutine(AsyncOperation*)
 #26 BackgroundJobQueue::ExecuteMainThreadJobs()
 #27 InitPlayerLoopCallbacks()::EarlyUpdateExecuteMainThreadJobsRegistrator::Forward()
 #28 ExecutePlayerLoop(NativePlayerLoopSystem*)
 #29 ExecutePlayerLoop(NativePlayerLoopSystem*)
 #30 PlayerLoop()
 #31 EditorPlayerLoop::Execute()
 #32 PlayerLoopController::InternalUpdateScene(bool, bool)
 #33 PlayerLoopController::UpdateSceneIfNeededFromMainLoop()
 #34 Application::TickTimer()
 #35 -[EditorApplication onEditorUpdatesTickTimer]
 #36 __NSFireTimer
 #37 __CFRUNLOOP_IS_CALLING_OUT_TO_A_TIMER_CALLBACK_FUNCTION__
 #38 __CFRunLoopDoTimer
 #39 __CFRunLoopDoTimers
 #40 __CFRunLoopRun
 #41 _CFRunLoopRunSpecificWithOptions
 #42 RunCurrentEventLoopInMode
 #43 ReceiveNextEventCommon
 #44 _BlockUntilNextEventMatchingListInMode
 #45 _DPSBlockUntilNextEventMatchingListInMode
 #46 _DPSNextEvent
 #47 -[NSApplication(NSEventRouting) _nextEventMatchingEventMask:untilDate:inMode:dequeue:]
 #48 -[NSApplication(NSEventRouting) nextEventMatchingMask:untilDate:inMode:dequeue:]
 #49 -[EditorApplication checkForFocusChange:]
 #50 __NSFireTimer
 #51 __CFRUNLOOP_IS_CALLING_OUT_TO_A_TIMER_CALLBACK_FUNCTION__
 #52 __CFRunLoopDoTimer
 #53 __CFRunLoopDoTimers
 #54 __CFRunLoopRun
 #55 _CFRunLoopRunSpecificWithOptions
 #56 RunCurrentEventLoopInMode
 #57 ReceiveNextEventCommon
 #58 _BlockUntilNextEventMatchingListInMode
 #59 _DPSBlockUntilNextEventMatchingListInMode
 #60 _DPSNextEvent
 #61 -[NSApplication(NSEventRouting) _nextEventMatchingEventMask:untilDate:inMode:dequeue:]
 #62 -[NSApplication(NSEventRouting) nextEventMatchingMask:untilDate:inMode:dequeue:]
 #63 -[NSApplication run]
 #64 NSApplicationMain
 #65 EditorMain(int, char const**)
 #66 main
 #67 start

Product:timelimitbundle_v
 #0 PlatformStacktrace::GetStacktrace(int, StacktraceTypes::LRUCache<void*, StacktraceTypes::LRUValue>*)
 #1 DebugStringToFileExtended(DebugStringToFileData const&)
 #2 DebugLogHandler_CUSTOM_Internal_Log(LogType, LogOption, BindingsManagedSpan*, void*)
 #3  (Mono JIT Code) (wrapper managed-to-native) UnityEngine.DebugLogHandler:Internal_Log_Injected (UnityEngine.LogType,UnityEngine.LogOption,UnityEngine.Bindings.ManagedSpanWrapper&,intptr)
 #4  (Mono JIT Code) UnityEngine.DebugLogHandler:Internal_Log (UnityEngine.LogType,UnityEngine.LogOption,string,UnityEngine.Object)
 #5  (Mono JIT Code) [DebugLogHandler.cs:10] UnityEngine.DebugLogHandler:LogFormat (UnityEngine.LogType,UnityEngine.Object,string,object[])
 #6  (Mono JIT Code) [Logger.cs:61] UnityEngine.Logger:Log (UnityEngine.LogType,object)
 #7  (Mono JIT Code) [Debug.bindings.cs:123] UnityEngine.Debug:Log (object)
 #8  (Mono JIT Code) [IAPManager.cs:158] IAPManager:InitializePurchasing ()
 #9  (Mono JIT Code) [IAPManager.cs:61] IAPManager:set_StoneProductCatalogInitialised (bool)
 #10  (Mono JIT Code) [IAPManager.cs:121] IAPManager:<RefreshIAPItems>b__24_2 (PlayFab.ClientModels.GetCatalogItemsResult)
 #11  (Mono JIT Code) [PlayFabHTTP.cs:219] PlayFab.Internal.PlayFabHttp/<>c__DisplayClass23_0`1<TResult_REF>:<_MakeApiCall>b__1 ()
 #12  (Mono JIT Code) [PlayFabUnityHttp.cs:244] PlayFab.Internal.PlayFabUnityHttp:OnResponse (string,PlayFab.Internal.CallRequestContainer)
 #13  (Mono JIT Code) [PlayFabUnityHttp.cs:197] PlayFab.Internal.PlayFabUnityHttp/<Post>d__12:MoveNext ()
 #14  (Mono JIT Code) [Coroutines.cs:17] UnityEngine.SetupCoroutine:InvokeMoveNext (System.Collections.IEnumerator,intptr)
 #15  (Mono JIT Code) (wrapper runtime-invoke) <Module>:runtime_invoke_void_object_intptr (object,intptr,intptr,intptr)
 #16 mono_jit_runtime_invoke
 #17 do_runtime_invoke
 #18 mono_runtime_invoke
 #19 scripting_method_invoke(ScriptingMethodPtr, ScriptingObjectPtr, ScriptingArguments&, ScriptingExceptionPtr*, bool)
 #20 ScriptingInvocation::Invoke(ScriptingExceptionPtr*, bool)
 #21 Coroutine::InvokeMoveNext(ScriptingExceptionPtr*)
 #22 Coroutine::Run(bool*)
 #23 AsyncOperation::InvokeCoroutine()
 #24 UnityWebRequestAsyncOperation::InvokeCoroutine()
 #25 UnityWebRequestProto<UnityWebRequestTransport, AtomicRefCounter, RedirectHelper, ResponseHelper, DownloadHandler, UploadHandler, CertificateHandler, HeaderHelper, AsyncOperation>::Job_InvokeCoroutine(AsyncOperation*)
 #26 BackgroundJobQueue::ExecuteMainThreadJobs()
 #27 InitPlayerLoopCallbacks()::EarlyUpdateExecuteMainThreadJobsRegistrator::Forward()
 #28 ExecutePlayerLoop(NativePlayerLoopSystem*)
 #29 ExecutePlayerLoop(NativePlayerLoopSystem*)
 #30 PlayerLoop()
 #31 EditorPlayerLoop::Execute()
 #32 PlayerLoopController::InternalUpdateScene(bool, bool)
 #33 PlayerLoopController::UpdateSceneIfNeededFromMainLoop()
 #34 Application::TickTimer()
 #35 -[EditorApplication onEditorUpdatesTickTimer]
 #36 __NSFireTimer
 #37 __CFRUNLOOP_IS_CALLING_OUT_TO_A_TIMER_CALLBACK_FUNCTION__
 #38 __CFRunLoopDoTimer
 #39 __CFRunLoopDoTimers
 #40 __CFRunLoopRun
 #41 _CFRunLoopRunSpecificWithOptions
 #42 RunCurrentEventLoopInMode
 #43 ReceiveNextEventCommon
 #44 _BlockUntilNextEventMatchingListInMode
 #45 _DPSBlockUntilNextEventMatchingListInMode
 #46 _DPSNextEvent
 #47 -[NSApplication(NSEventRouting) _nextEventMatchingEventMask:untilDate:inMode:dequeue:]
 #48 -[NSApplication(NSEventRouting) nextEventMatchingMask:untilDate:inMode:dequeue:]
 #49 -[EditorApplication checkForFocusChange:]
 #50 __NSFireTimer
 #51 __CFRUNLOOP_IS_CALLING_OUT_TO_A_TIMER_CALLBACK_FUNCTION__
 #52 __CFRunLoopDoTimer
 #53 __CFRunLoopDoTimers
 #54 __CFRunLoopRun
 #55 _CFRunLoopRunSpecificWithOptions
 #56 RunCurrentEventLoopInMode
 #57 ReceiveNextEventCommon
 #58 _BlockUntilNextEventMatchingListInMode
 #59 _DPSBlockUntilNextEventMatchingListInMode
 #60 _DPSNextEvent
 #61 -[NSApplication(NSEventRouting) _nextEventMatchingEventMask:untilDate:inMode:dequeue:]
 #62 -[NSApplication(NSEventRouting) nextEventMatchingMask:untilDate:inMode:dequeue:]
 #63 -[NSApplication run]
 #64 NSApplicationMain
 #65 EditorMain(int, char const**)
 #66 main
 #67 start

Product:diamond1000_v
 #0 PlatformStacktrace::GetStacktrace(int, StacktraceTypes::LRUCache<void*, StacktraceTypes::LRUValue>*)
 #1 DebugStringToFileExtended(DebugStringToFileData const&)
 #2 DebugLogHandler_CUSTOM_Internal_Log(LogType, LogOption, BindingsManagedSpan*, void*)
 #3  (Mono JIT Code) (wrapper managed-to-native) UnityEngine.DebugLogHandler:Internal_Log_Injected (UnityEngine.LogType,UnityEngine.LogOption,UnityEngine.Bindings.ManagedSpanWrapper&,intptr)
 #4  (Mono JIT Code) UnityEngine.DebugLogHandler:Internal_Log (UnityEngine.LogType,UnityEngine.LogOption,string,UnityEngine.Object)
 #5  (Mono JIT Code) [DebugLogHandler.cs:10] UnityEngine.DebugLogHandler:LogFormat (UnityEngine.LogType,UnityEngine.Object,string,object[])
 #6  (Mono JIT Code) [Logger.cs:61] UnityEngine.Logger:Log (UnityEngine.LogType,object)
 #7  (Mono JIT Code) [Debug.bindings.cs:123] UnityEngine.Debug:Log (object)
 #8  (Mono JIT Code) [IAPManager.cs:158] IAPManager:InitializePurchasing ()
 #9  (Mono JIT Code) [IAPManager.cs:61] IAPManager:set_StoneProductCatalogInitialised (bool)
 #10  (Mono JIT Code) [IAPManager.cs:121] IAPManager:<RefreshIAPItems>b__24_2 (PlayFab.ClientModels.GetCatalogItemsResult)
 #11  (Mono JIT Code) [PlayFabHTTP.cs:219] PlayFab.Internal.PlayFabHttp/<>c__DisplayClass23_0`1<TResult_REF>:<_MakeApiCall>b__1 ()
 #12  (Mono JIT Code) [PlayFabUnityHttp.cs:244] PlayFab.Internal.PlayFabUnityHttp:OnResponse (string,PlayFab.Internal.CallRequestContainer)
 #13  (Mono JIT Code) [PlayFabUnityHttp.cs:197] PlayFab.Internal.PlayFabUnityHttp/<Post>d__12:MoveNext ()
 #14  (Mono JIT Code) [Coroutines.cs:17] UnityEngine.SetupCoroutine:InvokeMoveNext (System.Collections.IEnumerator,intptr)
 #15  (Mono JIT Code) (wrapper runtime-invoke) <Module>:runtime_invoke_void_object_intptr (object,intptr,intptr,intptr)
 #16 mono_jit_runtime_invoke
 #17 do_runtime_invoke
 #18 mono_runtime_invoke
 #19 scripting_method_invoke(ScriptingMethodPtr, ScriptingObjectPtr, ScriptingArguments&, ScriptingExceptionPtr*, bool)
 #20 ScriptingInvocation::Invoke(ScriptingExceptionPtr*, bool)
 #21 Coroutine::InvokeMoveNext(ScriptingExceptionPtr*)
 #22 Coroutine::Run(bool*)
 #23 AsyncOperation::InvokeCoroutine()
 #24 UnityWebRequestAsyncOperation::InvokeCoroutine()
 #25 UnityWebRequestProto<UnityWebRequestTransport, AtomicRefCounter, RedirectHelper, ResponseHelper, DownloadHandler, UploadHandler, CertificateHandler, HeaderHelper, AsyncOperation>::Job_InvokeCoroutine(AsyncOperation*)
 #26 BackgroundJobQueue::ExecuteMainThreadJobs()
 #27 InitPlayerLoopCallbacks()::EarlyUpdateExecuteMainThreadJobsRegistrator::Forward()
 #28 ExecutePlayerLoop(NativePlayerLoopSystem*)
 #29 ExecutePlayerLoop(NativePlayerLoopSystem*)
 #30 PlayerLoop()
 #31 EditorPlayerLoop::Execute()
 #32 PlayerLoopController::InternalUpdateScene(bool, bool)
 #33 PlayerLoopController::UpdateSceneIfNeededFromMainLoop()
 #34 Application::TickTimer()
 #35 -[EditorApplication onEditorUpdatesTickTimer]
 #36 __NSFireTimer
 #37 __CFRUNLOOP_IS_CALLING_OUT_TO_A_TIMER_CALLBACK_FUNCTION__
 #38 __CFRunLoopDoTimer
 #39 __CFRunLoopDoTimers
 #40 __CFRunLoopRun
 #41 _CFRunLoopRunSpecificWithOptions
 #42 RunCurrentEventLoopInMode
 #43 ReceiveNextEventCommon
 #44 _BlockUntilNextEventMatchingListInMode
 #45 _DPSBlockUntilNextEventMatchingListInMode
 #46 _DPSNextEvent
 #47 -[NSApplication(NSEventRouting) _nextEventMatchingEventMask:untilDate:inMode:dequeue:]
 #48 -[NSApplication(NSEventRouting) nextEventMatchingMask:untilDate:inMode:dequeue:]
 #49 -[EditorApplication checkForFocusChange:]
 #50 __NSFireTimer
 #51 __CFRUNLOOP_IS_CALLING_OUT_TO_A_TIMER_CALLBACK_FUNCTION__
 #52 __CFRunLoopDoTimer
 #53 __CFRunLoopDoTimers
 #54 __CFRunLoopRun
 #55 _CFRunLoopRunSpecificWithOptions
 #56 RunCurrentEventLoopInMode
 #57 ReceiveNextEventCommon
 #58 _BlockUntilNextEventMatchingListInMode
 #59 _DPSBlockUntilNextEventMatchingListInMode
 #60 _DPSNextEvent
 #61 -[NSApplication(NSEventRouting) _nextEventMatchingEventMask:untilDate:inMode:dequeue:]
 #62 -[NSApplication(NSEventRouting) nextEventMatchingMask:untilDate:inMode:dequeue:]
 #63 -[NSApplication run]
 #64 NSApplicationMain
 #65 EditorMain(int, char const**)
 #66 main
 #67 start

Product:diamond250_v
 #0 PlatformStacktrace::GetStacktrace(int, StacktraceTypes::LRUCache<void*, StacktraceTypes::LRUValue>*)
 #1 DebugStringToFileExtended(DebugStringToFileData const&)
 #2 DebugLogHandler_CUSTOM_Internal_Log(LogType, LogOption, BindingsManagedSpan*, void*)
 #3  (Mono JIT Code) (wrapper managed-to-native) UnityEngine.DebugLogHandler:Internal_Log_Injected (UnityEngine.LogType,UnityEngine.LogOption,UnityEngine.Bindings.ManagedSpanWrapper&,intptr)
 #4  (Mono JIT Code) UnityEngine.DebugLogHandler:Internal_Log (UnityEngine.LogType,UnityEngine.LogOption,string,UnityEngine.Object)
 #5  (Mono JIT Code) [DebugLogHandler.cs:10] UnityEngine.DebugLogHandler:LogFormat (UnityEngine.LogType,UnityEngine.Object,string,object[])
 #6  (Mono JIT Code) [Logger.cs:61] UnityEngine.Logger:Log (UnityEngine.LogType,object)
 #7  (Mono JIT Code) [Debug.bindings.cs:123] UnityEngine.Debug:Log (object)
 #8  (Mono JIT Code) [IAPManager.cs:158] IAPManager:InitializePurchasing ()
 #9  (Mono JIT Code) [IAPManager.cs:61] IAPManager:set_StoneProductCatalogInitialised (bool)
 #10  (Mono JIT Code) [IAPManager.cs:121] IAPManager:<RefreshIAPItems>b__24_2 (PlayFab.ClientModels.GetCatalogItemsResult)
 #11  (Mono JIT Code) [PlayFabHTTP.cs:219] PlayFab.Internal.PlayFabHttp/<>c__DisplayClass23_0`1<TResult_REF>:<_MakeApiCall>b__1 ()
 #12  (Mono JIT Code) [PlayFabUnityHttp.cs:244] PlayFab.Internal.PlayFabUnityHttp:OnResponse (string,PlayFab.Internal.CallRequestContainer)
 #13  (Mono JIT Code) [PlayFabUnityHttp.cs:197] PlayFab.Internal.PlayFabUnityHttp/<Post>d__12:MoveNext ()
 #14  (Mono JIT Code) [Coroutines.cs:17] UnityEngine.SetupCoroutine:InvokeMoveNext (System.Collections.IEnumerator,intptr)
 #15  (Mono JIT Code) (wrapper runtime-invoke) <Module>:runtime_invoke_void_object_intptr (object,intptr,intptr,intptr)
 #16 mono_jit_runtime_invoke
 #17 do_runtime_invoke
 #18 mono_runtime_invoke
 #19 scripting_method_invoke(ScriptingMethodPtr, ScriptingObjectPtr, ScriptingArguments&, ScriptingExceptionPtr*, bool)
 #20 ScriptingInvocation::Invoke(ScriptingExceptionPtr*, bool)
 #21 Coroutine::InvokeMoveNext(ScriptingExceptionPtr*)
 #22 Coroutine::Run(bool*)
 #23 AsyncOperation::InvokeCoroutine()
 #24 UnityWebRequestAsyncOperation::InvokeCoroutine()
 #25 UnityWebRequestProto<UnityWebRequestTransport, AtomicRefCounter, RedirectHelper, ResponseHelper, DownloadHandler, UploadHandler, CertificateHandler, HeaderHelper, AsyncOperation>::Job_InvokeCoroutine(AsyncOperation*)
 #26 BackgroundJobQueue::ExecuteMainThreadJobs()
 #27 InitPlayerLoopCallbacks()::EarlyUpdateExecuteMainThreadJobsRegistrator::Forward()
 #28 ExecutePlayerLoop(NativePlayerLoopSystem*)
 #29 ExecutePlayerLoop(NativePlayerLoopSystem*)
 #30 PlayerLoop()
 #31 EditorPlayerLoop::Execute()
 #32 PlayerLoopController::InternalUpdateScene(bool, bool)
 #33 PlayerLoopController::UpdateSceneIfNeededFromMainLoop()
 #34 Application::TickTimer()
 #35 -[EditorApplication onEditorUpdatesTickTimer]
 #36 __NSFireTimer
 #37 __CFRUNLOOP_IS_CALLING_OUT_TO_A_TIMER_CALLBACK_FUNCTION__
 #38 __CFRunLoopDoTimer
 #39 __CFRunLoopDoTimers
 #40 __CFRunLoopRun
 #41 _CFRunLoopRunSpecificWithOptions
 #42 RunCurrentEventLoopInMode
 #43 ReceiveNextEventCommon
 #44 _BlockUntilNextEventMatchingListInMode
 #45 _DPSBlockUntilNextEventMatchingListInMode
 #46 _DPSNextEvent
 #47 -[NSApplication(NSEventRouting) _nextEventMatchingEventMask:untilDate:inMode:dequeue:]
 #48 -[NSApplication(NSEventRouting) nextEventMatchingMask:untilDate:inMode:dequeue:]
 #49 -[EditorApplication checkForFocusChange:]
 #50 __NSFireTimer
 #51 __CFRUNLOOP_IS_CALLING_OUT_TO_A_TIMER_CALLBACK_FUNCTION__
 #52 __CFRunLoopDoTimer
 #53 __CFRunLoopDoTimers
 #54 __CFRunLoopRun
 #55 _CFRunLoopRunSpecificWithOptions
 #56 RunCurrentEventLoopInMode
 #57 ReceiveNextEventCommon
 #58 _BlockUntilNextEventMatchingListInMode
 #59 _DPSBlockUntilNextEventMatchingListInMode
 #60 _DPSNextEvent
 #61 -[NSApplication(NSEventRouting) _nextEventMatchingEventMask:untilDate:inMode:dequeue:]
 #62 -[NSApplication(NSEventRouting) nextEventMatchingMask:untilDate:inMode:dequeue:]
 #63 -[NSApplication run]
 #64 NSApplicationMain
 #65 EditorMain(int, char const**)
 #66 main
 #67 start

Product:diamond2500_v
 #0 PlatformStacktrace::GetStacktrace(int, StacktraceTypes::LRUCache<void*, StacktraceTypes::LRUValue>*)
 #1 DebugStringToFileExtended(DebugStringToFileData const&)
 #2 DebugLogHandler_CUSTOM_Internal_Log(LogType, LogOption, BindingsManagedSpan*, void*)
 #3  (Mono JIT Code) (wrapper managed-to-native) UnityEngine.DebugLogHandler:Internal_Log_Injected (UnityEngine.LogType,UnityEngine.LogOption,UnityEngine.Bindings.ManagedSpanWrapper&,intptr)
 #4  (Mono JIT Code) UnityEngine.DebugLogHandler:Internal_Log (UnityEngine.LogType,UnityEngine.LogOption,string,UnityEngine.Object)
 #5  (Mono JIT Code) [DebugLogHandler.cs:10] UnityEngine.DebugLogHandler:LogFormat (UnityEngine.LogType,UnityEngine.Object,string,object[])
 #6  (Mono JIT Code) [Logger.cs:61] UnityEngine.Logger:Log (UnityEngine.LogType,object)
 #7  (Mono JIT Code) [Debug.bindings.cs:123] UnityEngine.Debug:Log (object)
 #8  (Mono JIT Code) [IAPManager.cs:158] IAPManager:InitializePurchasing ()
 #9  (Mono JIT Code) [IAPManager.cs:61] IAPManager:set_StoneProductCatalogInitialised (bool)
 #10  (Mono JIT Code) [IAPManager.cs:121] IAPManager:<RefreshIAPItems>b__24_2 (PlayFab.ClientModels.GetCatalogItemsResult)
 #11  (Mono JIT Code) [PlayFabHTTP.cs:219] PlayFab.Internal.PlayFabHttp/<>c__DisplayClass23_0`1<TResult_REF>:<_MakeApiCall>b__1 ()
 #12  (Mono JIT Code) [PlayFabUnityHttp.cs:244] PlayFab.Internal.PlayFabUnityHttp:OnResponse (string,PlayFab.Internal.CallRequestContainer)
 #13  (Mono JIT Code) [PlayFabUnityHttp.cs:197] PlayFab.Internal.PlayFabUnityHttp/<Post>d__12:MoveNext ()
 #14  (Mono JIT Code) [Coroutines.cs:17] UnityEngine.SetupCoroutine:InvokeMoveNext (System.Collections.IEnumerator,intptr)
 #15  (Mono JIT Code) (wrapper runtime-invoke) <Module>:runtime_invoke_void_object_intptr (object,intptr,intptr,intptr)
 #16 mono_jit_runtime_invoke
 #17 do_runtime_invoke
 #18 mono_runtime_invoke
 #19 scripting_method_invoke(ScriptingMethodPtr, ScriptingObjectPtr, ScriptingArguments&, ScriptingExceptionPtr*, bool)
 #20 ScriptingInvocation::Invoke(ScriptingExceptionPtr*, bool)
 #21 Coroutine::InvokeMoveNext(ScriptingExceptionPtr*)
 #22 Coroutine::Run(bool*)
 #23 AsyncOperation::InvokeCoroutine()
 #24 UnityWebRequestAsyncOperation::InvokeCoroutine()
 #25 UnityWebRequestProto<UnityWebRequestTransport, AtomicRefCounter, RedirectHelper, ResponseHelper, DownloadHandler, UploadHandler, CertificateHandler, HeaderHelper, AsyncOperation>::Job_InvokeCoroutine(AsyncOperation*)
 #26 BackgroundJobQueue::ExecuteMainThreadJobs()
 #27 InitPlayerLoopCallbacks()::EarlyUpdateExecuteMainThreadJobsRegistrator::Forward()
 #28 ExecutePlayerLoop(NativePlayerLoopSystem*)
 #29 ExecutePlayerLoop(NativePlayerLoopSystem*)
 #30 PlayerLoop()
 #31 EditorPlayerLoop::Execute()
 #32 PlayerLoopController::InternalUpdateScene(bool, bool)
 #33 PlayerLoopController::UpdateSceneIfNeededFromMainLoop()
 #34 Application::TickTimer()
 #35 -[EditorApplication onEditorUpdatesTickTimer]
 #36 __NSFireTimer
 #37 __CFRUNLOOP_IS_CALLING_OUT_TO_A_TIMER_CALLBACK_FUNCTION__
 #38 __CFRunLoopDoTimer
 #39 __CFRunLoopDoTimers
 #40 __CFRunLoopRun
 #41 _CFRunLoopRunSpecificWithOptions
 #42 RunCurrentEventLoopInMode
 #43 ReceiveNextEventCommon
 #44 _BlockUntilNextEventMatchingListInMode
 #45 _DPSBlockUntilNextEventMatchingListInMode
 #46 _DPSNextEvent
 #47 -[NSApplication(NSEventRouting) _nextEventMatchingEventMask:untilDate:inMode:dequeue:]
 #48 -[NSApplication(NSEventRouting) nextEventMatchingMask:untilDate:inMode:dequeue:]
 #49 -[EditorApplication checkForFocusChange:]
 #50 __NSFireTimer
 #51 __CFRUNLOOP_IS_CALLING_OUT_TO_A_TIMER_CALLBACK_FUNCTION__
 #52 __CFRunLoopDoTimer
 #53 __CFRunLoopDoTimers
 #54 __CFRunLoopRun
 #55 _CFRunLoopRunSpecificWithOptions
 #56 RunCurrentEventLoopInMode
 #57 ReceiveNextEventCommon
 #58 _BlockUntilNextEventMatchingListInMode
 #59 _DPSBlockUntilNextEventMatchingListInMode
 #60 _DPSNextEvent
 #61 -[NSApplication(NSEventRouting) _nextEventMatchingEventMask:untilDate:inMode:dequeue:]
 #62 -[NSApplication(NSEventRouting) nextEventMatchingMask:untilDate:inMode:dequeue:]
 #63 -[NSApplication run]
 #64 NSApplicationMain
 #65 EditorMain(int, char const**)
 #66 main
 #67 start

Product:diamond50_v
 #0 PlatformStacktrace::GetStacktrace(int, StacktraceTypes::LRUCache<void*, StacktraceTypes::LRUValue>*)
 #1 DebugStringToFileExtended(DebugStringToFileData const&)
 #2 DebugLogHandler_CUSTOM_Internal_Log(LogType, LogOption, BindingsManagedSpan*, void*)
 #3  (Mono JIT Code) (wrapper managed-to-native) UnityEngine.DebugLogHandler:Internal_Log_Injected (UnityEngine.LogType,UnityEngine.LogOption,UnityEngine.Bindings.ManagedSpanWrapper&,intptr)
 #4  (Mono JIT Code) UnityEngine.DebugLogHandler:Internal_Log (UnityEngine.LogType,UnityEngine.LogOption,string,UnityEngine.Object)
 #5  (Mono JIT Code) [DebugLogHandler.cs:10] UnityEngine.DebugLogHandler:LogFormat (UnityEngine.LogType,UnityEngine.Object,string,object[])
 #6  (Mono JIT Code) [Logger.cs:61] UnityEngine.Logger:Log (UnityEngine.LogType,object)
 #7  (Mono JIT Code) [Debug.bindings.cs:123] UnityEngine.Debug:Log (object)
 #8  (Mono JIT Code) [IAPManager.cs:158] IAPManager:InitializePurchasing ()
 #9  (Mono JIT Code) [IAPManager.cs:61] IAPManager:set_StoneProductCatalogInitialised (bool)
 #10  (Mono JIT Code) [IAPManager.cs:121] IAPManager:<RefreshIAPItems>b__24_2 (PlayFab.ClientModels.GetCatalogItemsResult)
 #11  (Mono JIT Code) [PlayFabHTTP.cs:219] PlayFab.Internal.PlayFabHttp/<>c__DisplayClass23_0`1<TResult_REF>:<_MakeApiCall>b__1 ()
 #12  (Mono JIT Code) [PlayFabUnityHttp.cs:244] PlayFab.Internal.PlayFabUnityHttp:OnResponse (string,PlayFab.Internal.CallRequestContainer)
 #13  (Mono JIT Code) [PlayFabUnityHttp.cs:197] PlayFab.Internal.PlayFabUnityHttp/<Post>d__12:MoveNext ()
 #14  (Mono JIT Code) [Coroutines.cs:17] UnityEngine.SetupCoroutine:InvokeMoveNext (System.Collections.IEnumerator,intptr)
 #15  (Mono JIT Code) (wrapper runtime-invoke) <Module>:runtime_invoke_void_object_intptr (object,intptr,intptr,intptr)
 #16 mono_jit_runtime_invoke
 #17 do_runtime_invoke
 #18 mono_runtime_invoke
 #19 scripting_method_invoke(ScriptingMethodPtr, ScriptingObjectPtr, ScriptingArguments&, ScriptingExceptionPtr*, bool)
 #20 ScriptingInvocation::Invoke(ScriptingExceptionPtr*, bool)
 #21 Coroutine::InvokeMoveNext(ScriptingExceptionPtr*)
 #22 Coroutine::Run(bool*)
 #23 AsyncOperation::InvokeCoroutine()
 #24 UnityWebRequestAsyncOperation::InvokeCoroutine()
 #25 UnityWebRequestProto<UnityWebRequestTransport, AtomicRefCounter, RedirectHelper, ResponseHelper, DownloadHandler, UploadHandler, CertificateHandler, HeaderHelper, AsyncOperation>::Job_InvokeCoroutine(AsyncOperation*)
 #26 BackgroundJobQueue::ExecuteMainThreadJobs()
 #27 InitPlayerLoopCallbacks()::EarlyUpdateExecuteMainThreadJobsRegistrator::Forward()
 #28 ExecutePlayerLoop(NativePlayerLoopSystem*)
 #29 ExecutePlayerLoop(NativePlayerLoopSystem*)
 #30 PlayerLoop()
 #31 EditorPlayerLoop::Execute()
 #32 PlayerLoopController::InternalUpdateScene(bool, bool)
 #33 PlayerLoopController::UpdateSceneIfNeededFromMainLoop()
 #34 Application::TickTimer()
 #35 -[EditorApplication onEditorUpdatesTickTimer]
 #36 __NSFireTimer
 #37 __CFRUNLOOP_IS_CALLING_OUT_TO_A_TIMER_CALLBACK_FUNCTION__
 #38 __CFRunLoopDoTimer
 #39 __CFRunLoopDoTimers
 #40 __CFRunLoopRun
 #41 _CFRunLoopRunSpecificWithOptions
 #42 RunCurrentEventLoopInMode
 #43 ReceiveNextEventCommon
 #44 _BlockUntilNextEventMatchingListInMode
 #45 _DPSBlockUntilNextEventMatchingListInMode
 #46 _DPSNextEvent
 #47 -[NSApplication(NSEventRouting) _nextEventMatchingEventMask:untilDate:inMode:dequeue:]
 #48 -[NSApplication(NSEventRouting) nextEventMatchingMask:untilDate:inMode:dequeue:]
 #49 -[EditorApplication checkForFocusChange:]
 #50 __NSFireTimer
 #51 __CFRUNLOOP_IS_CALLING_OUT_TO_A_TIMER_CALLBACK_FUNCTION__
 #52 __CFRunLoopDoTimer
 #53 __CFRunLoopDoTimers
 #54 __CFRunLoopRun
 #55 _CFRunLoopRunSpecificWithOptions
 #56 RunCurrentEventLoopInMode
 #57 ReceiveNextEventCommon
 #58 _BlockUntilNextEventMatchingListInMode
 #59 _DPSBlockUntilNextEventMatchingListInMode
 #60 _DPSNextEvent
 #61 -[NSApplication(NSEventRouting) _nextEventMatchingEventMask:untilDate:inMode:dequeue:]
 #62 -[NSApplication(NSEventRouting) nextEventMatchingMask:untilDate:inMode:dequeue:]
 #63 -[NSApplication run]
 #64 NSApplicationMain
 #65 EditorMain(int, char const**)
 #66 main
 #67 start

Product:beginnerbundle1
 #0 PlatformStacktrace::GetStacktrace(int, StacktraceTypes::LRUCache<void*, StacktraceTypes::LRUValue>*)
 #1 DebugStringToFileExtended(DebugStringToFileData const&)
 #2 DebugLogHandler_CUSTOM_Internal_Log(LogType, LogOption, BindingsManagedSpan*, void*)
 #3  (Mono JIT Code) (wrapper managed-to-native) UnityEngine.DebugLogHandler:Internal_Log_Injected (UnityEngine.LogType,UnityEngine.LogOption,UnityEngine.Bindings.ManagedSpanWrapper&,intptr)
 #4  (Mono JIT Code) UnityEngine.DebugLogHandler:Internal_Log (UnityEngine.LogType,UnityEngine.LogOption,string,UnityEngine.Object)
 #5  (Mono JIT Code) [DebugLogHandler.cs:10] UnityEngine.DebugLogHandler:LogFormat (UnityEngine.LogType,UnityEngine.Object,string,object[])
 #6  (Mono JIT Code) [Logger.cs:61] UnityEngine.Logger:Log (UnityEngine.LogType,object)
 #7  (Mono JIT Code) [Debug.bindings.cs:123] UnityEngine.Debug:Log (object)
 #8  (Mono JIT Code) [IAPManager.cs:166] IAPManager:InitializePurchasing ()
 #9  (Mono JIT Code) [IAPManager.cs:61] IAPManager:set_StoneProductCatalogInitialised (bool)
 #10  (Mono JIT Code) [IAPManager.cs:121] IAPManager:<RefreshIAPItems>b__24_2 (PlayFab.ClientModels.GetCatalogItemsResult)
 #11  (Mono JIT Code) [PlayFabHTTP.cs:219] PlayFab.Internal.PlayFabHttp/<>c__DisplayClass23_0`1<TResult_REF>:<_MakeApiCall>b__1 ()
 #12  (Mono JIT Code) [PlayFabUnityHttp.cs:244] PlayFab.Internal.PlayFabUnityHttp:OnResponse (string,PlayFab.Internal.CallRequestContainer)
 #13  (Mono JIT Code) [PlayFabUnityHttp.cs:197] PlayFab.Internal.PlayFabUnityHttp/<Post>d__12:MoveNext ()
 #14  (Mono JIT Code) [Coroutines.cs:17] UnityEngine.SetupCoroutine:InvokeMoveNext (System.Collections.IEnumerator,intptr)
 #15  (Mono JIT Code) (wrapper runtime-invoke) <Module>:runtime_invoke_void_object_intptr (object,intptr,intptr,intptr)
 #16 mono_jit_runtime_invoke
 #17 do_runtime_invoke
 #18 mono_runtime_invoke
 #19 scripting_method_invoke(ScriptingMethodPtr, ScriptingObjectPtr, ScriptingArguments&, ScriptingExceptionPtr*, bool)
 #20 ScriptingInvocation::Invoke(ScriptingExceptionPtr*, bool)
 #21 Coroutine::InvokeMoveNext(ScriptingExceptionPtr*)
 #22 Coroutine::Run(bool*)
 #23 AsyncOperation::InvokeCoroutine()
 #24 UnityWebRequestAsyncOperation::InvokeCoroutine()
 #25 UnityWebRequestProto<UnityWebRequestTransport, AtomicRefCounter, RedirectHelper, ResponseHelper, DownloadHandler, UploadHandler, CertificateHandler, HeaderHelper, AsyncOperation>::Job_InvokeCoroutine(AsyncOperation*)
 #26 BackgroundJobQueue::ExecuteMainThreadJobs()
 #27 InitPlayerLoopCallbacks()::EarlyUpdateExecuteMainThreadJobsRegistrator::Forward()
 #28 ExecutePlayerLoop(NativePlayerLoopSystem*)
 #29 ExecutePlayerLoop(NativePlayerLoopSystem*)
 #30 PlayerLoop()
 #31 EditorPlayerLoop::Execute()
 #32 PlayerLoopController::InternalUpdateScene(bool, bool)
 #33 PlayerLoopController::UpdateSceneIfNeededFromMainLoop()
 #34 Application::TickTimer()
 #35 -[EditorApplication onEditorUpdatesTickTimer]
 #36 __NSFireTimer
 #37 __CFRUNLOOP_IS_CALLING_OUT_TO_A_TIMER_CALLBACK_FUNCTION__
 #38 __CFRunLoopDoTimer
 #39 __CFRunLoopDoTimers
 #40 __CFRunLoopRun
 #41 _CFRunLoopRunSpecificWithOptions
 #42 RunCurrentEventLoopInMode
 #43 ReceiveNextEventCommon
 #44 _BlockUntilNextEventMatchingListInMode
 #45 _DPSBlockUntilNextEventMatchingListInMode
 #46 _DPSNextEvent
 #47 -[NSApplication(NSEventRouting) _nextEventMatchingEventMask:untilDate:inMode:dequeue:]
 #48 -[NSApplication(NSEventRouting) nextEventMatchingMask:untilDate:inMode:dequeue:]
 #49 -[EditorApplication checkForFocusChange:]
 #50 __NSFireTimer
 #51 __CFRUNLOOP_IS_CALLING_OUT_TO_A_TIMER_CALLBACK_FUNCTION__
 #52 __CFRunLoopDoTimer
 #53 __CFRunLoopDoTimers
 #54 __CFRunLoopRun
 #55 _CFRunLoopRunSpecificWithOptions
 #56 RunCurrentEventLoopInMode
 #57 ReceiveNextEventCommon
 #58 _BlockUntilNextEventMatchingListInMode
 #59 _DPSBlockUntilNextEventMatchingListInMode
 #60 _DPSNextEvent
 #61 -[NSApplication(NSEventRouting) _nextEventMatchingEventMask:untilDate:inMode:dequeue:]
 #62 -[NSApplication(NSEventRouting) nextEventMatchingMask:untilDate:inMode:dequeue:]
 #63 -[NSApplication run]
 #64 NSApplicationMain
 #65 EditorMain(int, char const**)
 #66 main
 #67 start

Product:beginnerbundle2
 #0 PlatformStacktrace::GetStacktrace(int, StacktraceTypes::LRUCache<void*, StacktraceTypes::LRUValue>*)
 #1 DebugStringToFileExtended(DebugStringToFileData const&)
 #2 DebugLogHandler_CUSTOM_Internal_Log(LogType, LogOption, BindingsManagedSpan*, void*)
 #3  (Mono JIT Code) (wrapper managed-to-native) UnityEngine.DebugLogHandler:Internal_Log_Injected (UnityEngine.LogType,UnityEngine.LogOption,UnityEngine.Bindings.ManagedSpanWrapper&,intptr)
 #4  (Mono JIT Code) UnityEngine.DebugLogHandler:Internal_Log (UnityEngine.LogType,UnityEngine.LogOption,string,UnityEngine.Object)
 #5  (Mono JIT Code) [DebugLogHandler.cs:10] UnityEngine.DebugLogHandler:LogFormat (UnityEngine.LogType,UnityEngine.Object,string,object[])
 #6  (Mono JIT Code) [Logger.cs:61] UnityEngine.Logger:Log (UnityEngine.LogType,object)
 #7  (Mono JIT Code) [Debug.bindings.cs:123] UnityEngine.Debug:Log (object)
 #8  (Mono JIT Code) [IAPManager.cs:166] IAPManager:InitializePurchasing ()
 #9  (Mono JIT Code) [IAPManager.cs:61] IAPManager:set_StoneProductCatalogInitialised (bool)
 #10  (Mono JIT Code) [IAPManager.cs:121] IAPManager:<RefreshIAPItems>b__24_2 (PlayFab.ClientModels.GetCatalogItemsResult)
 #11  (Mono JIT Code) [PlayFabHTTP.cs:219] PlayFab.Internal.PlayFabHttp/<>c__DisplayClass23_0`1<TResult_REF>:<_MakeApiCall>b__1 ()
 #12  (Mono JIT Code) [PlayFabUnityHttp.cs:244] PlayFab.Internal.PlayFabUnityHttp:OnResponse (string,PlayFab.Internal.CallRequestContainer)
 #13  (Mono JIT Code) [PlayFabUnityHttp.cs:197] PlayFab.Internal.PlayFabUnityHttp/<Post>d__12:MoveNext ()
 #14  (Mono JIT Code) [Coroutines.cs:17] UnityEngine.SetupCoroutine:InvokeMoveNext (System.Collections.IEnumerator,intptr)
 #15  (Mono JIT Code) (wrapper runtime-invoke) <Module>:runtime_invoke_void_object_intptr (object,intptr,intptr,intptr)
 #16 mono_jit_runtime_invoke
 #17 do_runtime_invoke
 #18 mono_runtime_invoke
 #19 scripting_method_invoke(ScriptingMethodPtr, ScriptingObjectPtr, ScriptingArguments&, ScriptingExceptionPtr*, bool)
 #20 ScriptingInvocation::Invoke(ScriptingExceptionPtr*, bool)
 #21 Coroutine::InvokeMoveNext(ScriptingExceptionPtr*)
 #22 Coroutine::Run(bool*)
 #23 AsyncOperation::InvokeCoroutine()
 #24 UnityWebRequestAsyncOperation::InvokeCoroutine()
 #25 UnityWebRequestProto<UnityWebRequestTransport, AtomicRefCounter, RedirectHelper, ResponseHelper, DownloadHandler, UploadHandler, CertificateHandler, HeaderHelper, AsyncOperation>::Job_InvokeCoroutine(AsyncOperation*)
 #26 BackgroundJobQueue::ExecuteMainThreadJobs()
 #27 InitPlayerLoopCallbacks()::EarlyUpdateExecuteMainThreadJobsRegistrator::Forward()
 #28 ExecutePlayerLoop(NativePlayerLoopSystem*)
 #29 ExecutePlayerLoop(NativePlayerLoopSystem*)
 #30 PlayerLoop()
 #31 EditorPlayerLoop::Execute()
 #32 PlayerLoopController::InternalUpdateScene(bool, bool)
 #33 PlayerLoopController::UpdateSceneIfNeededFromMainLoop()
 #34 Application::TickTimer()
 #35 -[EditorApplication onEditorUpdatesTickTimer]
 #36 __NSFireTimer
 #37 __CFRUNLOOP_IS_CALLING_OUT_TO_A_TIMER_CALLBACK_FUNCTION__
 #38 __CFRunLoopDoTimer
 #39 __CFRunLoopDoTimers
 #40 __CFRunLoopRun
 #41 _CFRunLoopRunSpecificWithOptions
 #42 RunCurrentEventLoopInMode
 #43 ReceiveNextEventCommon
 #44 _BlockUntilNextEventMatchingListInMode
 #45 _DPSBlockUntilNextEventMatchingListInMode
 #46 _DPSNextEvent
 #47 -[NSApplication(NSEventRouting) _nextEventMatchingEventMask:untilDate:inMode:dequeue:]
 #48 -[NSApplication(NSEventRouting) nextEventMatchingMask:untilDate:inMode:dequeue:]
 #49 -[EditorApplication checkForFocusChange:]
 #50 __NSFireTimer
 #51 __CFRUNLOOP_IS_CALLING_OUT_TO_A_TIMER_CALLBACK_FUNCTION__
 #52 __CFRunLoopDoTimer
 #53 __CFRunLoopDoTimers
 #54 __CFRunLoopRun
 #55 _CFRunLoopRunSpecificWithOptions
 #56 RunCurrentEventLoopInMode
 #57 ReceiveNextEventCommon
 #58 _BlockUntilNextEventMatchingListInMode
 #59 _DPSBlockUntilNextEventMatchingListInMode
 #60 _DPSNextEvent
 #61 -[NSApplication(NSEventRouting) _nextEventMatchingEventMask:untilDate:inMode:dequeue:]
 #62 -[NSApplication(NSEventRouting) nextEventMatchingMask:untilDate:inMode:dequeue:]
 #63 -[NSApplication run]
 #64 NSApplicationMain
 #65 EditorMain(int, char const**)
 #66 main
 #67 start

Product:beginnerbundle3
 #0 PlatformStacktrace::GetStacktrace(int, StacktraceTypes::LRUCache<void*, StacktraceTypes::LRUValue>*)
 #1 DebugStringToFileExtended(DebugStringToFileData const&)
 #2 DebugLogHandler_CUSTOM_Internal_Log(LogType, LogOption, BindingsManagedSpan*, void*)
 #3  (Mono JIT Code) (wrapper managed-to-native) UnityEngine.DebugLogHandler:Internal_Log_Injected (UnityEngine.LogType,UnityEngine.LogOption,UnityEngine.Bindings.ManagedSpanWrapper&,intptr)
 #4  (Mono JIT Code) UnityEngine.DebugLogHandler:Internal_Log (UnityEngine.LogType,UnityEngine.LogOption,string,UnityEngine.Object)
 #5  (Mono JIT Code) [DebugLogHandler.cs:10] UnityEngine.DebugLogHandler:LogFormat (UnityEngine.LogType,UnityEngine.Object,string,object[])
 #6  (Mono JIT Code) [Logger.cs:61] UnityEngine.Logger:Log (UnityEngine.LogType,object)
 #7  (Mono JIT Code) [Debug.bindings.cs:123] UnityEngine.Debug:Log (object)
 #8  (Mono JIT Code) [IAPManager.cs:166] IAPManager:InitializePurchasing ()
 #9  (Mono JIT Code) [IAPManager.cs:61] IAPManager:set_StoneProductCatalogInitialised (bool)
 #10  (Mono JIT Code) [IAPManager.cs:121] IAPManager:<RefreshIAPItems>b__24_2 (PlayFab.ClientModels.GetCatalogItemsResult)
 #11  (Mono JIT Code) [PlayFabHTTP.cs:219] PlayFab.Internal.PlayFabHttp/<>c__DisplayClass23_0`1<TResult_REF>:<_MakeApiCall>b__1 ()
 #12  (Mono JIT Code) [PlayFabUnityHttp.cs:244] PlayFab.Internal.PlayFabUnityHttp:OnResponse (string,PlayFab.Internal.CallRequestContainer)
 #13  (Mono JIT Code) [PlayFabUnityHttp.cs:197] PlayFab.Internal.PlayFabUnityHttp/<Post>d__12:MoveNext ()
 #14  (Mono JIT Code) [Coroutines.cs:17] UnityEngine.SetupCoroutine:InvokeMoveNext (System.Collections.IEnumerator,intptr)
 #15  (Mono JIT Code) (wrapper runtime-invoke) <Module>:runtime_invoke_void_object_intptr (object,intptr,intptr,intptr)
 #16 mono_jit_runtime_invoke
 #17 do_runtime_invoke
 #18 mono_runtime_invoke
 #19 scripting_method_invoke(ScriptingMethodPtr, ScriptingObjectPtr, ScriptingArguments&, ScriptingExceptionPtr*, bool)
 #20 ScriptingInvocation::Invoke(ScriptingExceptionPtr*, bool)
 #21 Coroutine::InvokeMoveNext(ScriptingExceptionPtr*)
 #22 Coroutine::Run(bool*)
 #23 AsyncOperation::InvokeCoroutine()
 #24 UnityWebRequestAsyncOperation::InvokeCoroutine()
 #25 UnityWebRequestProto<UnityWebRequestTransport, AtomicRefCounter, RedirectHelper, ResponseHelper, DownloadHandler, UploadHandler, CertificateHandler, HeaderHelper, AsyncOperation>::Job_InvokeCoroutine(AsyncOperation*)
 #26 BackgroundJobQueue::ExecuteMainThreadJobs()
 #27 InitPlayerLoopCallbacks()::EarlyUpdateExecuteMainThreadJobsRegistrator::Forward()
 #28 ExecutePlayerLoop(NativePlayerLoopSystem*)
 #29 ExecutePlayerLoop(NativePlayerLoopSystem*)
 #30 PlayerLoop()
 #31 EditorPlayerLoop::Execute()
 #32 PlayerLoopController::InternalUpdateScene(bool, bool)
 #33 PlayerLoopController::UpdateSceneIfNeededFromMainLoop()
 #34 Application::TickTimer()
 #35 -[EditorApplication onEditorUpdatesTickTimer]
 #36 __NSFireTimer
 #37 __CFRUNLOOP_IS_CALLING_OUT_TO_A_TIMER_CALLBACK_FUNCTION__
 #38 __CFRunLoopDoTimer
 #39 __CFRunLoopDoTimers
 #40 __CFRunLoopRun
 #41 _CFRunLoopRunSpecificWithOptions
 #42 RunCurrentEventLoopInMode
 #43 ReceiveNextEventCommon
 #44 _BlockUntilNextEventMatchingListInMode
 #45 _DPSBlockUntilNextEventMatchingListInMode
 #46 _DPSNextEvent
 #47 -[NSApplication(NSEventRouting) _nextEventMatchingEventMask:untilDate:inMode:dequeue:]
 #48 -[NSApplication(NSEventRouting) nextEventMatchingMask:untilDate:inMode:dequeue:]
 #49 -[EditorApplication checkForFocusChange:]
 #50 __NSFireTimer
 #51 __CFRUNLOOP_IS_CALLING_OUT_TO_A_TIMER_CALLBACK_FUNCTION__
 #52 __CFRunLoopDoTimer
 #53 __CFRunLoopDoTimers
 #54 __CFRunLoopRun
 #55 _CFRunLoopRunSpecificWithOptions
 #56 RunCurrentEventLoopInMode
 #57 ReceiveNextEventCommon
 #58 _BlockUntilNextEventMatchingListInMode
 #59 _DPSBlockUntilNextEventMatchingListInMode
 #60 _DPSNextEvent
 #61 -[NSApplication(NSEventRouting) _nextEventMatchingEventMask:untilDate:inMode:dequeue:]
 #62 -[NSApplication(NSEventRouting) nextEventMatchingMask:untilDate:inMode:dequeue:]
 #63 -[NSApplication run]
 #64 NSApplicationMain
 #65 EditorMain(int, char const**)
 #66 main
 #67 start

Product:beginnerbundle1_v
 #0 PlatformStacktrace::GetStacktrace(int, StacktraceTypes::LRUCache<void*, StacktraceTypes::LRUValue>*)
 #1 DebugStringToFileExtended(DebugStringToFileData const&)
 #2 DebugLogHandler_CUSTOM_Internal_Log(LogType, LogOption, BindingsManagedSpan*, void*)
 #3  (Mono JIT Code) (wrapper managed-to-native) UnityEngine.DebugLogHandler:Internal_Log_Injected (UnityEngine.LogType,UnityEngine.LogOption,UnityEngine.Bindings.ManagedSpanWrapper&,intptr)
 #4  (Mono JIT Code) UnityEngine.DebugLogHandler:Internal_Log (UnityEngine.LogType,UnityEngine.LogOption,string,UnityEngine.Object)
 #5  (Mono JIT Code) [DebugLogHandler.cs:10] UnityEngine.DebugLogHandler:LogFormat (UnityEngine.LogType,UnityEngine.Object,string,object[])
 #6  (Mono JIT Code) [Logger.cs:61] UnityEngine.Logger:Log (UnityEngine.LogType,object)
 #7  (Mono JIT Code) [Debug.bindings.cs:123] UnityEngine.Debug:Log (object)
 #8  (Mono JIT Code) [IAPManager.cs:166] IAPManager:InitializePurchasing ()
 #9  (Mono JIT Code) [IAPManager.cs:61] IAPManager:set_StoneProductCatalogInitialised (bool)
 #10  (Mono JIT Code) [IAPManager.cs:121] IAPManager:<RefreshIAPItems>b__24_2 (PlayFab.ClientModels.GetCatalogItemsResult)
 #11  (Mono JIT Code) [PlayFabHTTP.cs:219] PlayFab.Internal.PlayFabHttp/<>c__DisplayClass23_0`1<TResult_REF>:<_MakeApiCall>b__1 ()
 #12  (Mono JIT Code) [PlayFabUnityHttp.cs:244] PlayFab.Internal.PlayFabUnityHttp:OnResponse (string,PlayFab.Internal.CallRequestContainer)
 #13  (Mono JIT Code) [PlayFabUnityHttp.cs:197] PlayFab.Internal.PlayFabUnityHttp/<Post>d__12:MoveNext ()
 #14  (Mono JIT Code) [Coroutines.cs:17] UnityEngine.SetupCoroutine:InvokeMoveNext (System.Collections.IEnumerator,intptr)
 #15  (Mono JIT Code) (wrapper runtime-invoke) <Module>:runtime_invoke_void_object_intptr (object,intptr,intptr,intptr)
 #16 mono_jit_runtime_invoke
 #17 do_runtime_invoke
 #18 mono_runtime_invoke
 #19 scripting_method_invoke(ScriptingMethodPtr, ScriptingObjectPtr, ScriptingArguments&, ScriptingExceptionPtr*, bool)
 #20 ScriptingInvocation::Invoke(ScriptingExceptionPtr*, bool)
 #21 Coroutine::InvokeMoveNext(ScriptingExceptionPtr*)
 #22 Coroutine::Run(bool*)
 #23 AsyncOperation::InvokeCoroutine()
 #24 UnityWebRequestAsyncOperation::InvokeCoroutine()
 #25 UnityWebRequestProto<UnityWebRequestTransport, AtomicRefCounter, RedirectHelper, ResponseHelper, DownloadHandler, UploadHandler, CertificateHandler, HeaderHelper, AsyncOperation>::Job_InvokeCoroutine(AsyncOperation*)
 #26 BackgroundJobQueue::ExecuteMainThreadJobs()
 #27 InitPlayerLoopCallbacks()::EarlyUpdateExecuteMainThreadJobsRegistrator::Forward()
 #28 ExecutePlayerLoop(NativePlayerLoopSystem*)
 #29 ExecutePlayerLoop(NativePlayerLoopSystem*)
 #30 PlayerLoop()
 #31 EditorPlayerLoop::Execute()
 #32 PlayerLoopController::InternalUpdateScene(bool, bool)
 #33 PlayerLoopController::UpdateSceneIfNeededFromMainLoop()
 #34 Application::TickTimer()
 #35 -[EditorApplication onEditorUpdatesTickTimer]
 #36 __NSFireTimer
 #37 __CFRUNLOOP_IS_CALLING_OUT_TO_A_TIMER_CALLBACK_FUNCTION__
 #38 __CFRunLoopDoTimer
 #39 __CFRunLoopDoTimers
 #40 __CFRunLoopRun
 #41 _CFRunLoopRunSpecificWithOptions
 #42 RunCurrentEventLoopInMode
 #43 ReceiveNextEventCommon
 #44 _BlockUntilNextEventMatchingListInMode
 #45 _DPSBlockUntilNextEventMatchingListInMode
 #46 _DPSNextEvent
 #47 -[NSApplication(NSEventRouting) _nextEventMatchingEventMask:untilDate:inMode:dequeue:]
 #48 -[NSApplication(NSEventRouting) nextEventMatchingMask:untilDate:inMode:dequeue:]
 #49 -[EditorApplication checkForFocusChange:]
 #50 __NSFireTimer
 #51 __CFRUNLOOP_IS_CALLING_OUT_TO_A_TIMER_CALLBACK_FUNCTION__
 #52 __CFRunLoopDoTimer
 #53 __CFRunLoopDoTimers
 #54 __CFRunLoopRun
 #55 _CFRunLoopRunSpecificWithOptions
 #56 RunCurrentEventLoopInMode
 #57 ReceiveNextEventCommon
 #58 _BlockUntilNextEventMatchingListInMode
 #59 _DPSBlockUntilNextEventMatchingListInMode
 #60 _DPSNextEvent
 #61 -[NSApplication(NSEventRouting) _nextEventMatchingEventMask:untilDate:inMode:dequeue:]
 #62 -[NSApplication(NSEventRouting) nextEventMatchingMask:untilDate:inMode:dequeue:]
 #63 -[NSApplication run]
 #64 NSApplicationMain
 #65 EditorMain(int, char const**)
 #66 main
 #67 start

Product:beginnerbundle2_v
 #0 PlatformStacktrace::GetStacktrace(int, StacktraceTypes::LRUCache<void*, StacktraceTypes::LRUValue>*)
 #1 DebugStringToFileExtended(DebugStringToFileData const&)
 #2 DebugLogHandler_CUSTOM_Internal_Log(LogType, LogOption, BindingsManagedSpan*, void*)
 #3  (Mono JIT Code) (wrapper managed-to-native) UnityEngine.DebugLogHandler:Internal_Log_Injected (UnityEngine.LogType,UnityEngine.LogOption,UnityEngine.Bindings.ManagedSpanWrapper&,intptr)
 #4  (Mono JIT Code) UnityEngine.DebugLogHandler:Internal_Log (UnityEngine.LogType,UnityEngine.LogOption,string,UnityEngine.Object)
 #5  (Mono JIT Code) [DebugLogHandler.cs:10] UnityEngine.DebugLogHandler:LogFormat (UnityEngine.LogType,UnityEngine.Object,string,object[])
 #6  (Mono JIT Code) [Logger.cs:61] UnityEngine.Logger:Log (UnityEngine.LogType,object)
 #7  (Mono JIT Code) [Debug.bindings.cs:123] UnityEngine.Debug:Log (object)
 #8  (Mono JIT Code) [IAPManager.cs:166] IAPManager:InitializePurchasing ()
 #9  (Mono JIT Code) [IAPManager.cs:61] IAPManager:set_StoneProductCatalogInitialised (bool)
 #10  (Mono JIT Code) [IAPManager.cs:121] IAPManager:<RefreshIAPItems>b__24_2 (PlayFab.ClientModels.GetCatalogItemsResult)
 #11  (Mono JIT Code) [PlayFabHTTP.cs:219] PlayFab.Internal.PlayFabHttp/<>c__DisplayClass23_0`1<TResult_REF>:<_MakeApiCall>b__1 ()
 #12  (Mono JIT Code) [PlayFabUnityHttp.cs:244] PlayFab.Internal.PlayFabUnityHttp:OnResponse (string,PlayFab.Internal.CallRequestContainer)
 #13  (Mono JIT Code) [PlayFabUnityHttp.cs:197] PlayFab.Internal.PlayFabUnityHttp/<Post>d__12:MoveNext ()
 #14  (Mono JIT Code) [Coroutines.cs:17] UnityEngine.SetupCoroutine:InvokeMoveNext (System.Collections.IEnumerator,intptr)
 #15  (Mono JIT Code) (wrapper runtime-invoke) <Module>:runtime_invoke_void_object_intptr (object,intptr,intptr,intptr)
 #16 mono_jit_runtime_invoke
 #17 do_runtime_invoke
 #18 mono_runtime_invoke
 #19 scripting_method_invoke(ScriptingMethodPtr, ScriptingObjectPtr, ScriptingArguments&, ScriptingExceptionPtr*, bool)
 #20 ScriptingInvocation::Invoke(ScriptingExceptionPtr*, bool)
 #21 Coroutine::InvokeMoveNext(ScriptingExceptionPtr*)
 #22 Coroutine::Run(bool*)
 #23 AsyncOperation::InvokeCoroutine()
 #24 UnityWebRequestAsyncOperation::InvokeCoroutine()
 #25 UnityWebRequestProto<UnityWebRequestTransport, AtomicRefCounter, RedirectHelper, ResponseHelper, DownloadHandler, UploadHandler, CertificateHandler, HeaderHelper, AsyncOperation>::Job_InvokeCoroutine(AsyncOperation*)
 #26 BackgroundJobQueue::ExecuteMainThreadJobs()
 #27 InitPlayerLoopCallbacks()::EarlyUpdateExecuteMainThreadJobsRegistrator::Forward()
 #28 ExecutePlayerLoop(NativePlayerLoopSystem*)
 #29 ExecutePlayerLoop(NativePlayerLoopSystem*)
 #30 PlayerLoop()
 #31 EditorPlayerLoop::Execute()
 #32 PlayerLoopController::InternalUpdateScene(bool, bool)
 #33 PlayerLoopController::UpdateSceneIfNeededFromMainLoop()
 #34 Application::TickTimer()
 #35 -[EditorApplication onEditorUpdatesTickTimer]
 #36 __NSFireTimer
 #37 __CFRUNLOOP_IS_CALLING_OUT_TO_A_TIMER_CALLBACK_FUNCTION__
 #38 __CFRunLoopDoTimer
 #39 __CFRunLoopDoTimers
 #40 __CFRunLoopRun
 #41 _CFRunLoopRunSpecificWithOptions
 #42 RunCurrentEventLoopInMode
 #43 ReceiveNextEventCommon
 #44 _BlockUntilNextEventMatchingListInMode
 #45 _DPSBlockUntilNextEventMatchingListInMode
 #46 _DPSNextEvent
 #47 -[NSApplication(NSEventRouting) _nextEventMatchingEventMask:untilDate:inMode:dequeue:]
 #48 -[NSApplication(NSEventRouting) nextEventMatchingMask:untilDate:inMode:dequeue:]
 #49 -[EditorApplication checkForFocusChange:]
 #50 __NSFireTimer
 #51 __CFRUNLOOP_IS_CALLING_OUT_TO_A_TIMER_CALLBACK_FUNCTION__
 #52 __CFRunLoopDoTimer
 #53 __CFRunLoopDoTimers
 #54 __CFRunLoopRun
 #55 _CFRunLoopRunSpecificWithOptions
 #56 RunCurrentEventLoopInMode
 #57 ReceiveNextEventCommon
 #58 _BlockUntilNextEventMatchingListInMode
 #59 _DPSBlockUntilNextEventMatchingListInMode
 #60 _DPSNextEvent
 #61 -[NSApplication(NSEventRouting) _nextEventMatchingEventMask:untilDate:inMode:dequeue:]
 #62 -[NSApplication(NSEventRouting) nextEventMatchingMask:untilDate:inMode:dequeue:]
 #63 -[NSApplication run]
 #64 NSApplicationMain
 #65 EditorMain(int, char const**)
 #66 main
 #67 start

Product:beginnerbundle3_v
 #0 PlatformStacktrace::GetStacktrace(int, StacktraceTypes::LRUCache<void*, StacktraceTypes::LRUValue>*)
 #1 DebugStringToFileExtended(DebugStringToFileData const&)
 #2 DebugLogHandler_CUSTOM_Internal_Log(LogType, LogOption, BindingsManagedSpan*, void*)
 #3  (Mono JIT Code) (wrapper managed-to-native) UnityEngine.DebugLogHandler:Internal_Log_Injected (UnityEngine.LogType,UnityEngine.LogOption,UnityEngine.Bindings.ManagedSpanWrapper&,intptr)
 #4  (Mono JIT Code) UnityEngine.DebugLogHandler:Internal_Log (UnityEngine.LogType,UnityEngine.LogOption,string,UnityEngine.Object)
 #5  (Mono JIT Code) [DebugLogHandler.cs:10] UnityEngine.DebugLogHandler:LogFormat (UnityEngine.LogType,UnityEngine.Object,string,object[])
 #6  (Mono JIT Code) [Logger.cs:61] UnityEngine.Logger:Log (UnityEngine.LogType,object)
 #7  (Mono JIT Code) [Debug.bindings.cs:123] UnityEngine.Debug:Log (object)
 #8  (Mono JIT Code) [IAPManager.cs:166] IAPManager:InitializePurchasing ()
 #9  (Mono JIT Code) [IAPManager.cs:61] IAPManager:set_StoneProductCatalogInitialised (bool)
 #10  (Mono JIT Code) [IAPManager.cs:121] IAPManager:<RefreshIAPItems>b__24_2 (PlayFab.ClientModels.GetCatalogItemsResult)
 #11  (Mono JIT Code) [PlayFabHTTP.cs:219] PlayFab.Internal.PlayFabHttp/<>c__DisplayClass23_0`1<TResult_REF>:<_MakeApiCall>b__1 ()
 #12  (Mono JIT Code) [PlayFabUnityHttp.cs:244] PlayFab.Internal.PlayFabUnityHttp:OnResponse (string,PlayFab.Internal.CallRequestContainer)
 #13  (Mono JIT Code) [PlayFabUnityHttp.cs:197] PlayFab.Internal.PlayFabUnityHttp/<Post>d__12:MoveNext ()
 #14  (Mono JIT Code) [Coroutines.cs:17] UnityEngine.SetupCoroutine:InvokeMoveNext (System.Collections.IEnumerator,intptr)
 #15  (Mono JIT Code) (wrapper runtime-invoke) <Module>:runtime_invoke_void_object_intptr (object,intptr,intptr,intptr)
 #16 mono_jit_runtime_invoke
 #17 do_runtime_invoke
 #18 mono_runtime_invoke
 #19 scripting_method_invoke(ScriptingMethodPtr, ScriptingObjectPtr, ScriptingArguments&, ScriptingExceptionPtr*, bool)
 #20 ScriptingInvocation::Invoke(ScriptingExceptionPtr*, bool)
 #21 Coroutine::InvokeMoveNext(ScriptingExceptionPtr*)
 #22 Coroutine::Run(bool*)
 #23 AsyncOperation::InvokeCoroutine()
 #24 UnityWebRequestAsyncOperation::InvokeCoroutine()
 #25 UnityWebRequestProto<UnityWebRequestTransport, AtomicRefCounter, RedirectHelper, ResponseHelper, DownloadHandler, UploadHandler, CertificateHandler, HeaderHelper, AsyncOperation>::Job_InvokeCoroutine(AsyncOperation*)
 #26 BackgroundJobQueue::ExecuteMainThreadJobs()
 #27 InitPlayerLoopCallbacks()::EarlyUpdateExecuteMainThreadJobsRegistrator::Forward()
 #28 ExecutePlayerLoop(NativePlayerLoopSystem*)
 #29 ExecutePlayerLoop(NativePlayerLoopSystem*)
 #30 PlayerLoop()
 #31 EditorPlayerLoop::Execute()
 #32 PlayerLoopController::InternalUpdateScene(bool, bool)
 #33 PlayerLoopController::UpdateSceneIfNeededFromMainLoop()
 #34 Application::TickTimer()
 #35 -[EditorApplication onEditorUpdatesTickTimer]
 #36 __NSFireTimer
 #37 __CFRUNLOOP_IS_CALLING_OUT_TO_A_TIMER_CALLBACK_FUNCTION__
 #38 __CFRunLoopDoTimer
 #39 __CFRunLoopDoTimers
 #40 __CFRunLoopRun
 #41 _CFRunLoopRunSpecificWithOptions
 #42 RunCurrentEventLoopInMode
 #43 ReceiveNextEventCommon
 #44 _BlockUntilNextEventMatchingListInMode
 #45 _DPSBlockUntilNextEventMatchingListInMode
 #46 _DPSNextEvent
 #47 -[NSApplication(NSEventRouting) _nextEventMatchingEventMask:untilDate:inMode:dequeue:]
 #48 -[NSApplication(NSEventRouting) nextEventMatchingMask:untilDate:inMode:dequeue:]
 #49 -[EditorApplication checkForFocusChange:]
 #50 __NSFireTimer
 #51 __CFRUNLOOP_IS_CALLING_OUT_TO_A_TIMER_CALLBACK_FUNCTION__
 #52 __CFRunLoopDoTimer
 #53 __CFRunLoopDoTimers
 #54 __CFRunLoopRun
 #55 _CFRunLoopRunSpecificWithOptions
 #56 RunCurrentEventLoopInMode
 #57 ReceiveNextEventCommon
 #58 _BlockUntilNextEventMatchingListInMode
 #59 _DPSBlockUntilNextEventMatchingListInMode
 #60 _DPSNextEvent
 #61 -[NSApplication(NSEventRouting) _nextEventMatchingEventMask:untilDate:inMode:dequeue:]
 #62 -[NSApplication(NSEventRouting) nextEventMatchingMask:untilDate:inMode:dequeue:]
 #63 -[NSApplication run]
 #64 NSApplicationMain
 #65 EditorMain(int, char const**)
 #66 main
 #67 start

InAppPurchasing: IStoreService.Connect called without a callback defined for IStoreService.OnStoreConnected.
 #0 PlatformStacktrace::GetStacktrace(int, StacktraceTypes::LRUCache<void*, StacktraceTypes::LRUValue>*)
 #1 DebugStringToFileExtended(DebugStringToFileData const&)
 #2 DebugLogHandler_CUSTOM_Internal_Log(LogType, LogOption, BindingsManagedSpan*, void*)
 #3  (Mono JIT Code) (wrapper managed-to-native) UnityEngine.DebugLogHandler:Internal_Log_Injected (UnityEngine.LogType,UnityEngine.LogOption,UnityEngine.Bindings.ManagedSpanWrapper&,intptr)
 #4  (Mono JIT Code) UnityEngine.DebugLogHandler:Internal_Log (UnityEngine.LogType,UnityEngine.LogOption,string,UnityEngine.Object)
 #5  (Mono JIT Code) [DebugLogHandler.cs:10] UnityEngine.DebugLogHandler:LogFormat (UnityEngine.LogType,UnityEngine.Object,string,object[])
 #6  (Mono JIT Code) [Logger.cs:103] UnityEngine.Logger:LogWarning (string,object)
 #7  (Mono JIT Code) [LoggerExtensions.cs:32] UnityEngine.Purchasing.LoggerExtensions:LogIAPWarning (UnityEngine.ILogger,string)
 #8  (Mono JIT Code) [StoreConnectUseCase.cs:38] UnityEngine.Purchasing.StoreConnectUseCase:Connect ()
 #9  (Mono JIT Code) [StoreService.cs:30] UnityEngine.Purchasing.StoreService:Connect ()
 #10  (Mono JIT Code) [UnityPurchasing.cs:82] UnityEngine.Purchasing.UnityPurchasing/<ConnectToStoreAndFetchProducts>d__9:MoveNext ()
 #11  (Mono JIT Code) System.Runtime.CompilerServices.AsyncVoidMethodBuilder:Start<UnityEngine.Purchasing.UnityPurchasing/<ConnectToStoreAndFetchProducts>d__9> (UnityEngine.Purchasing.UnityPurchasing/<ConnectToStoreAndFetchProducts>d__9&)
 #12  (Mono JIT Code) UnityEngine.Purchasing.UnityPurchasing:ConnectToStoreAndFetchProducts ()
 #13  (Mono JIT Code) [UnityPurchasing.cs:40] UnityEngine.Purchasing.UnityPurchasing:Initialize (UnityEngine.Purchasing.IStoreListener,UnityEngine.Purchasing.ConfigurationBuilder)
 #14  (Mono JIT Code) [IAPManager.cs:174] IAPManager:InitializePurchasing ()
 #15  (Mono JIT Code) [IAPManager.cs:61] IAPManager:set_StoneProductCatalogInitialised (bool)
 #16  (Mono JIT Code) [IAPManager.cs:121] IAPManager:<RefreshIAPItems>b__24_2 (PlayFab.ClientModels.GetCatalogItemsResult)
 #17  (Mono JIT Code) [PlayFabHTTP.cs:219] PlayFab.Internal.PlayFabHttp/<>c__DisplayClass23_0`1<TResult_REF>:<_MakeApiCall>b__1 ()
 #18  (Mono JIT Code) [PlayFabUnityHttp.cs:244] PlayFab.Internal.PlayFabUnityHttp:OnResponse (string,PlayFab.Internal.CallRequestContainer)
 #19  (Mono JIT Code) [PlayFabUnityHttp.cs:197] PlayFab.Internal.PlayFabUnityHttp/<Post>d__12:MoveNext ()
 #20  (Mono JIT Code) [Coroutines.cs:17] UnityEngine.SetupCoroutine:InvokeMoveNext (System.Collections.IEnumerator,intptr)
 #21  (Mono JIT Code) (wrapper runtime-invoke) <Module>:runtime_invoke_void_object_intptr (object,intptr,intptr,intptr)
 #22 mono_jit_runtime_invoke
 #23 do_runtime_invoke
 #24 mono_runtime_invoke
 #25 scripting_method_invoke(ScriptingMethodPtr, ScriptingObjectPtr, ScriptingArguments&, ScriptingExceptionPtr*, bool)
 #26 ScriptingInvocation::Invoke(ScriptingExceptionPtr*, bool)
 #27 Coroutine::InvokeMoveNext(ScriptingExceptionPtr*)
 #28 Coroutine::Run(bool*)
 #29 AsyncOperation::InvokeCoroutine()
 #30 UnityWebRequestAsyncOperation::InvokeCoroutine()
 #31 UnityWebRequestProto<UnityWebRequestTransport, AtomicRefCounter, RedirectHelper, ResponseHelper, DownloadHandler, UploadHandler, CertificateHandler, HeaderHelper, AsyncOperation>::Job_InvokeCoroutine(AsyncOperation*)
 #32 BackgroundJobQueue::ExecuteMainThreadJobs()
 #33 InitPlayerLoopCallbacks()::EarlyUpdateExecuteMainThreadJobsRegistrator::Forward()
 #34 ExecutePlayerLoop(NativePlayerLoopSystem*)
 #35 ExecutePlayerLoop(NativePlayerLoopSystem*)
 #36 PlayerLoop()
 #37 EditorPlayerLoop::Execute()
 #38 PlayerLoopController::InternalUpdateScene(bool, bool)
 #39 PlayerLoopController::UpdateSceneIfNeededFromMainLoop()
 #40 Application::TickTimer()
 #41 -[EditorApplication onEditorUpdatesTickTimer]
 #42 __NSFireTimer
 #43 __CFRUNLOOP_IS_CALLING_OUT_TO_A_TIMER_CALLBACK_FUNCTION__
 #44 __CFRunLoopDoTimer
 #45 __CFRunLoopDoTimers
 #46 __CFRunLoopRun
 #47 _CFRunLoopRunSpecificWithOptions
 #48 RunCurrentEventLoopInMode
 #49 ReceiveNextEventCommon
 #50 _BlockUntilNextEventMatchingListInMode
 #51 _DPSBlockUntilNextEventMatchingListInMode
 #52 _DPSNextEvent
 #53 -[NSApplication(NSEventRouting) _nextEventMatchingEventMask:untilDate:inMode:dequeue:]
 #54 -[NSApplication(NSEventRouting) nextEventMatchingMask:untilDate:inMode:dequeue:]
 #55 -[EditorApplication checkForFocusChange:]
 #56 __NSFireTimer
 #57 __CFRUNLOOP_IS_CALLING_OUT_TO_A_TIMER_CALLBACK_FUNCTION__
 #58 __CFRunLoopDoTimer
 #59 __CFRunLoopDoTimers
 #60 __CFRunLoopRun
 #61 _CFRunLoopRunSpecificWithOptions
 #62 RunCurrentEventLoopInMode
 #63 ReceiveNextEventCommon
 #64 _BlockUntilNextEventMatchingListInMode
 #65 _DPSBlockUntilNextEventMatchingListInMode
 #66 _DPSNextEvent
 #67 -[NSApplication(NSEventRouting) _nextEventMatchingEventMask:untilDate:inMode:dequeue:]
 #68 -[NSApplication(NSEventRouting) nextEventMatchingMask:untilDate:inMode:dequeue:]
 #69 -[NSApplication run]
 #70 NSApplicationMain
 #71 EditorMain(int, char const**)
 #72 main
 #73 start

InAppPurchasing: IStoreService.Connect called without a callback defined for IStoreService.OnStoreDisconnected.
 #0 PlatformStacktrace::GetStacktrace(int, StacktraceTypes::LRUCache<void*, StacktraceTypes::LRUValue>*)
 #1 DebugStringToFileExtended(DebugStringToFileData const&)
 #2 DebugLogHandler_CUSTOM_Internal_Log(LogType, LogOption, BindingsManagedSpan*, void*)
 #3  (Mono JIT Code) (wrapper managed-to-native) UnityEngine.DebugLogHandler:Internal_Log_Injected (UnityEngine.LogType,UnityEngine.LogOption,UnityEngine.Bindings.ManagedSpanWrapper&,intptr)
 #4  (Mono JIT Code) UnityEngine.DebugLogHandler:Internal_Log (UnityEngine.LogType,UnityEngine.LogOption,string,UnityEngine.Object)
 #5  (Mono JIT Code) [DebugLogHandler.cs:10] UnityEngine.DebugLogHandler:LogFormat (UnityEngine.LogType,UnityEngine.Object,string,object[])
 #6  (Mono JIT Code) [Logger.cs:103] UnityEngine.Logger:LogWarning (string,object)
 #7  (Mono JIT Code) [LoggerExtensions.cs:32] UnityEngine.Purchasing.LoggerExtensions:LogIAPWarning (UnityEngine.ILogger,string)
 #8  (Mono JIT Code) [StoreConnectUseCase.cs:44] UnityEngine.Purchasing.StoreConnectUseCase:Connect ()
 #9  (Mono JIT Code) [StoreService.cs:30] UnityEngine.Purchasing.StoreService:Connect ()
 #10  (Mono JIT Code) [UnityPurchasing.cs:82] UnityEngine.Purchasing.UnityPurchasing/<ConnectToStoreAndFetchProducts>d__9:MoveNext ()
 #11  (Mono JIT Code) System.Runtime.CompilerServices.AsyncVoidMethodBuilder:Start<UnityEngine.Purchasing.UnityPurchasing/<ConnectToStoreAndFetchProducts>d__9> (UnityEngine.Purchasing.UnityPurchasing/<ConnectToStoreAndFetchProducts>d__9&)
 #12  (Mono JIT Code) UnityEngine.Purchasing.UnityPurchasing:ConnectToStoreAndFetchProducts ()
 #13  (Mono JIT Code) [UnityPurchasing.cs:40] UnityEngine.Purchasing.UnityPurchasing:Initialize (UnityEngine.Purchasing.IStoreListener,UnityEngine.Purchasing.ConfigurationBuilder)
 #14  (Mono JIT Code) [IAPManager.cs:174] IAPManager:InitializePurchasing ()
 #15  (Mono JIT Code) [IAPManager.cs:61] IAPManager:set_StoneProductCatalogInitialised (bool)
 #16  (Mono JIT Code) [IAPManager.cs:121] IAPManager:<RefreshIAPItems>b__24_2 (PlayFab.ClientModels.GetCatalogItemsResult)
 #17  (Mono JIT Code) [PlayFabHTTP.cs:219] PlayFab.Internal.PlayFabHttp/<>c__DisplayClass23_0`1<TResult_REF>:<_MakeApiCall>b__1 ()
 #18  (Mono JIT Code) [PlayFabUnityHttp.cs:244] PlayFab.Internal.PlayFabUnityHttp:OnResponse (string,PlayFab.Internal.CallRequestContainer)
 #19  (Mono JIT Code) [PlayFabUnityHttp.cs:197] PlayFab.Internal.PlayFabUnityHttp/<Post>d__12:MoveNext ()
 #20  (Mono JIT Code) [Coroutines.cs:17] UnityEngine.SetupCoroutine:InvokeMoveNext (System.Collections.IEnumerator,intptr)
 #21  (Mono JIT Code) (wrapper runtime-invoke) <Module>:runtime_invoke_void_object_intptr (object,intptr,intptr,intptr)
 #22 mono_jit_runtime_invoke
 #23 do_runtime_invoke
 #24 mono_runtime_invoke
 #25 scripting_method_invoke(ScriptingMethodPtr, ScriptingObjectPtr, ScriptingArguments&, ScriptingExceptionPtr*, bool)
 #26 ScriptingInvocation::Invoke(ScriptingExceptionPtr*, bool)
 #27 Coroutine::InvokeMoveNext(ScriptingExceptionPtr*)
 #28 Coroutine::Run(bool*)
 #29 AsyncOperation::InvokeCoroutine()
 #30 UnityWebRequestAsyncOperation::InvokeCoroutine()
 #31 UnityWebRequestProto<UnityWebRequestTransport, AtomicRefCounter, RedirectHelper, ResponseHelper, DownloadHandler, UploadHandler, CertificateHandler, HeaderHelper, AsyncOperation>::Job_InvokeCoroutine(AsyncOperation*)
 #32 BackgroundJobQueue::ExecuteMainThreadJobs()
 #33 InitPlayerLoopCallbacks()::EarlyUpdateExecuteMainThreadJobsRegistrator::Forward()
 #34 ExecutePlayerLoop(NativePlayerLoopSystem*)
 #35 ExecutePlayerLoop(NativePlayerLoopSystem*)
 #36 PlayerLoop()
 #37 EditorPlayerLoop::Execute()
 #38 PlayerLoopController::InternalUpdateScene(bool, bool)
 #39 PlayerLoopController::UpdateSceneIfNeededFromMainLoop()
 #40 Application::TickTimer()
 #41 -[EditorApplication onEditorUpdatesTickTimer]
 #42 __NSFireTimer
 #43 __CFRUNLOOP_IS_CALLING_OUT_TO_A_TIMER_CALLBACK_FUNCTION__
 #44 __CFRunLoopDoTimer
 #45 __CFRunLoopDoTimers
 #46 __CFRunLoopRun
 #47 _CFRunLoopRunSpecificWithOptions
 #48 RunCurrentEventLoopInMode
 #49 ReceiveNextEventCommon
 #50 _BlockUntilNextEventMatchingListInMode
 #51 _DPSBlockUntilNextEventMatchingListInMode
 #52 _DPSNextEvent
 #53 -[NSApplication(NSEventRouting) _nextEventMatchingEventMask:untilDate:inMode:dequeue:]
 #54 -[NSApplication(NSEventRouting) nextEventMatchingMask:untilDate:inMode:dequeue:]
 #55 -[EditorApplication checkForFocusChange:]
 #56 __NSFireTimer
 #57 __CFRUNLOOP_IS_CALLING_OUT_TO_A_TIMER_CALLBACK_FUNCTION__
 #58 __CFRunLoopDoTimer
 #59 __CFRunLoopDoTimers
 #60 __CFRunLoopRun
 #61 _CFRunLoopRunSpecificWithOptions
 #62 RunCurrentEventLoopInMode
 #63 ReceiveNextEventCommon
 #64 _BlockUntilNextEventMatchingListInMode
 #65 _DPSBlockUntilNextEventMatchingListInMode
 #66 _DPSNextEvent
 #67 -[NSApplication(NSEventRouting) _nextEventMatchingEventMask:untilDate:inMode:dequeue:]
 #68 -[NSApplication(NSEventRouting) nextEventMatchingMask:untilDate:inMode:dequeue:]
 #69 -[NSApplication run]
 #70 NSApplicationMain
 #71 EditorMain(int, char const**)
 #72 main
 #73 start

InAppPurchasing: IPurchaseService.FetchPurchases called without a callback defined for IPurchaseService.OnPurchasesFetchFailed.
 #0 PlatformStacktrace::GetStacktrace(int, StacktraceTypes::LRUCache<void*, StacktraceTypes::LRUValue>*)
 #1 DebugStringToFileExtended(DebugStringToFileData const&)
 #2 DebugLogHandler_CUSTOM_Internal_Log(LogType, LogOption, BindingsManagedSpan*, void*)
 #3  (Mono JIT Code) (wrapper managed-to-native) UnityEngine.DebugLogHandler:Internal_Log_Injected (UnityEngine.LogType,UnityEngine.LogOption,UnityEngine.Bindings.ManagedSpanWrapper&,intptr)
 #4  (Mono JIT Code) UnityEngine.DebugLogHandler:Internal_Log (UnityEngine.LogType,UnityEngine.LogOption,string,UnityEngine.Object)
 #5  (Mono JIT Code) [DebugLogHandler.cs:10] UnityEngine.DebugLogHandler:LogFormat (UnityEngine.LogType,UnityEngine.Object,string,object[])
 #6  (Mono JIT Code) [Logger.cs:103] UnityEngine.Logger:LogWarning (string,object)
 #7  (Mono JIT Code) [LoggerExtensions.cs:32] UnityEngine.Purchasing.LoggerExtensions:LogIAPWarning (UnityEngine.ILogger,string)
 #8  (Mono JIT Code) [PurchaseService.cs:446] UnityEngine.Purchasing.PurchaseService:FetchPurchases ()
 #9  (Mono JIT Code) [UnityPurchasing.cs:62] UnityEngine.Purchasing.UnityPurchasing/<>c__DisplayClass8_0:<AddProductServiceListeners>b__0 (System.Collections.Generic.List`1<UnityEngine.Purchasing.Product>)
 #10  (Mono JIT Code) [ProductService.cs:98] UnityEngine.Purchasing.ProductService:HandleProductsFetched (System.Collections.Generic.List`1<UnityEngine.Purchasing.Product>)
 #11  (Mono JIT Code) [FetchProductsUseCase.cs:138] UnityEngine.Purchasing.FetchProductsUseCase:InvokeSuccessIfFetchedProducts (System.Collections.Generic.List`1<UnityEngine.Purchasing.Product>,System.Action`1<System.Collections.Generic.List`1<UnityEngine.Purchasing.Product>>)
 #12  (Mono JIT Code) [FetchProductsUseCase.cs:117] UnityEngine.Purchasing.FetchProductsUseCase:ProcessFetchedProductsAndInvokeCallbacks (UnityEngine.Purchasing.ProductFetchRequest,System.Collections.Generic.IReadOnlyList`1<UnityEngine.Purchasing.Extension.ProductDescription>)
 #13  (Mono JIT Code) [FetchProductsUseCase.cs:81] UnityEngine.Purchasing.FetchProductsUseCase:OnProductsFetched (System.Collections.Generic.IReadOnlyList`1<UnityEngine.Purchasing.Extension.ProductDescription>)
 #14  (Mono JIT Code) [FakeStore.cs:81] UnityEngine.Purchasing.FakeStore:StoreFetchProducts (System.Collections.ObjectModel.ReadOnlyCollection`1<UnityEngine.Purchasing.ProductDefinition>)
 #15  (Mono JIT Code) [FakeStore.cs:43] UnityEngine.Purchasing.FakeStore:FetchProducts (string)
 #16  (Mono JIT Code) [JSONStore.cs:53] UnityEngine.Purchasing.JsonStore:FetchProducts (System.Collections.Generic.IReadOnlyCollection`1<UnityEngine.Purchasing.ProductDefinition>)
 #17  (Mono JIT Code) [FetchProductsUseCase.cs:67] UnityEngine.Purchasing.FetchProductsUseCase/<>c__DisplayClass7_0:<ProcessValidFetchRequest>b__0 ()
 #18  (Mono JIT Code) [RetryRequest.cs:61] UnityEngine.Purchasing.RetryRequest:FirstTry ()
 #19  (Mono JIT Code) [RetryRequest.cs:54] UnityEngine.Purchasing.RetryRequest/<InvokeFromMainThread>d__8:MoveNext ()
 #20  (Mono JIT Code) System.Runtime.CompilerServices.AsyncTaskMethodBuilder`1<bool>:Start<UnityEngine.Purchasing.RetryRequest/<InvokeFromMainThread>d__8> (UnityEngine.Purchasing.RetryRequest/<InvokeFromMainThread>d__8&)
 #21  (Mono JIT Code) UnityEngine.Purchasing.RetryRequest:InvokeFromMainThread ()
 #22  (Mono JIT Code) [RetryRequest.cs:37] UnityEngine.Purchasing.RetryRequest/<>c__DisplayClass7_0/<<RunTaskOnMainThread>g__RunRequestAndSetResult|0>d:MoveNext ()
 #23  (Mono JIT Code) System.Runtime.CompilerServices.AsyncVoidMethodBuilder:Start<UnityEngine.Purchasing.RetryRequest/<>c__DisplayClass7_0/<<RunTaskOnMainThread>g__RunRequestAndSetResult|0>d> (UnityEngine.Purchasing.RetryRequest/<>c__DisplayClass7_0/<<RunTaskOnMainThread>g__RunRequestAndSetResult|0>d&)
 #24  (Mono JIT Code) UnityEngine.Purchasing.RetryRequest/<>c__DisplayClass7_0:<RunTaskOnMainThread>g__RunRequestAndSetResult|0 ()
 #25  (Mono JIT Code) [UnityUtil.cs:117] UnityEngine.Purchasing.Extension.UnityUtil:RunOnMainThread (System.Action)
 #26  (Mono JIT Code) [RetryRequest.cs:41] UnityEngine.Purchasing.RetryRequest:RunTaskOnMainThread (System.Func`1<System.Threading.Tasks.Task`1<bool>>)
 #27  (Mono JIT Code) [RetryRequest.cs:28] UnityEngine.Purchasing.RetryRequest:Invoke ()
 #28  (Mono JIT Code) [FetchProductsUseCase.cs:69] UnityEngine.Purchasing.FetchProductsUseCase:ProcessValidFetchRequest (UnityEngine.Purchasing.ProductFetchRequest,UnityEngine.Purchasing.IRetryPolicy)
 #29  (Mono JIT Code) [FetchProductsUseCase.cs:48] UnityEngine.Purchasing.FetchProductsUseCase:FetchProducts (System.Collections.Generic.List`1<UnityEngine.Purchasing.ProductDefinition>,System.Action`1<System.Collections.Generic.List`1<UnityEngine.Purchasing.Product>>,System.Action`2<System.Collections.Generic.List`1<UnityEngine.Purchasing.ProductDefinition>, string>,UnityEngine.Purchasing.IRetryPolicy)
 #30  (Mono JIT Code) [ProductService.cs:55] UnityEngine.Purchasing.ProductService:FetchProducts (System.Collections.Generic.List`1<UnityEngine.Purchasing.ProductDefinition>,UnityEngine.Purchasing.IRetryPolicy)
 #31  (Mono JIT Code) [UnityPurchasing.cs:52] UnityEngine.Purchasing.UnityPurchasing:FetchProducts (UnityEngine.Purchasing.IStoreListener,UnityEngine.Purchasing.ConfigurationBuilder)
 #32  (Mono JIT Code) [UnityPurchasing.cs:85] UnityEngine.Purchasing.UnityPurchasing/<ConnectToStoreAndFetchProducts>d__9:MoveNext ()
 #33  (Mono JIT Code) System.Runtime.CompilerServices.AsyncVoidMethodBuilder:Start<UnityEngine.Purchasing.UnityPurchasing/<ConnectToStoreAndFetchProducts>d__9> (UnityEngine.Purchasing.UnityPurchasing/<ConnectToStoreAndFetchProducts>d__9&)
 #34  (Mono JIT Code) UnityEngine.Purchasing.UnityPurchasing:ConnectToStoreAndFetchProducts ()
 #35  (Mono JIT Code) [UnityPurchasing.cs:40] UnityEngine.Purchasing.UnityPurchasing:Initialize (UnityEngine.Purchasing.IStoreListener,UnityEngine.Purchasing.ConfigurationBuilder)
 #36  (Mono JIT Code) [IAPManager.cs:174] IAPManager:InitializePurchasing ()
 #37  (Mono JIT Code) [IAPManager.cs:61] IAPManager:set_StoneProductCatalogInitialised (bool)
 #38  (Mono JIT Code) [IAPManager.cs:121] IAPManager:<RefreshIAPItems>b__24_2 (PlayFab.ClientModels.GetCatalogItemsResult)
 #39  (Mono JIT Code) [PlayFabHTTP.cs:219] PlayFab.Internal.PlayFabHttp/<>c__DisplayClass23_0`1<TResult_REF>:<_MakeApiCall>b__1 ()
 #40  (Mono JIT Code) [PlayFabUnityHttp.cs:244] PlayFab.Internal.PlayFabUnityHttp:OnResponse (string,PlayFab.Internal.CallRequestContainer)
 #41  (Mono JIT Code) [PlayFabUnityHttp.cs:197] PlayFab.Internal.PlayFabUnityHttp/<Post>d__12:MoveNext ()
 #42  (Mono JIT Code) [Coroutines.cs:17] UnityEngine.SetupCoroutine:InvokeMoveNext (System.Collections.IEnumerator,intptr)
 #43  (Mono JIT Code) (wrapper runtime-invoke) <Module>:runtime_invoke_void_object_intptr (object,intptr,intptr,intptr)
 #44 mono_jit_runtime_invoke
 #45 do_runtime_invoke
 #46 mono_runtime_invoke
 #47 scripting_method_invoke(ScriptingMethodPtr, ScriptingObjectPtr, ScriptingArguments&, ScriptingExceptionPtr*, bool)
 #48 ScriptingInvocation::Invoke(ScriptingExceptionPtr*, bool)
 #49 Coroutine::InvokeMoveNext(ScriptingExceptionPtr*)
 #50 Coroutine::Run(bool*)
 #51 AsyncOperation::InvokeCoroutine()
 #52 UnityWebRequestAsyncOperation::InvokeCoroutine()
 #53 UnityWebRequestProto<UnityWebRequestTransport, AtomicRefCounter, RedirectHelper, ResponseHelper, DownloadHandler, UploadHandler, CertificateHandler, HeaderHelper, AsyncOperation>::Job_InvokeCoroutine(AsyncOperation*)
 #54 BackgroundJobQueue::ExecuteMainThreadJobs()
 #55 InitPlayerLoopCallbacks()::EarlyUpdateExecuteMainThreadJobsRegistrator::Forward()
 #56 ExecutePlayerLoop(NativePlayerLoopSystem*)
 #57 ExecutePlayerLoop(NativePlayerLoopSystem*)
 #58 PlayerLoop()
 #59 EditorPlayerLoop::Execute()
 #60 PlayerLoopController::InternalUpdateScene(bool, bool)
 #61 PlayerLoopController::UpdateSceneIfNeededFromMainLoop()
 #62 Application::TickTimer()
 #63 -[EditorApplication onEditorUpdatesTickTimer]
 #64 __NSFireTimer
 #65 __CFRUNLOOP_IS_CALLING_OUT_TO_A_TIMER_CALLBACK_FUNCTION__
 #66 __CFRunLoopDoTimer
 #67 __CFRunLoopDoTimers
 #68 __CFRunLoopRun
 #69 _CFRunLoopRunSpecificWithOptions
 #70 RunCurrentEventLoopInMode
 #71 ReceiveNextEventCommon
 #72 _BlockUntilNextEventMatchingListInMode
 #73 _DPSBlockUntilNextEventMatchingListInMode
 #74 _DPSNextEvent
 #75 -[NSApplication(NSEventRouting) _nextEventMatchingEventMask:untilDate:inMode:dequeue:]
 #76 -[NSApplication(NSEventRouting) nextEventMatchingMask:untilDate:inMode:dequeue:]
 #77 -[EditorApplication checkForFocusChange:]
 #78 __NSFireTimer
 #79 __CFRUNLOOP_IS_CALLING_OUT_TO_A_TIMER_CALLBACK_FUNCTION__
 #80 __CFRunLoopDoTimer
 #81 __CFRunLoopDoTimers
 #82 __CFRunLoopRun
 #83 _CFRunLoopRunSpecificWithOptions
 #84 RunCurrentEventLoopInMode
 #85 ReceiveNextEventCommon
 #86 _BlockUntilNextEventMatchingListInMode
 #87 _DPSBlockUntilNextEventMatchingListInMode
 #88 _DPSNextEvent
 #89 -[NSApplication(NSEventRouting) _nextEventMatchingEventMask:untilDate:inMode:dequeue:]
 #90 -[NSApplication(NSEventRouting) nextEventMatchingMask:untilDate:inMode:dequeue:]
 #91 -[NSApplication run]
 #92 NSApplicationMain
 #93 EditorMain(int, char const**)
 #94 main
 #95 start

Initialized ：UnityEngine.Purchasing.PurchasingManager
 #0 PlatformStacktrace::GetStacktrace(int, StacktraceTypes::LRUCache<void*, StacktraceTypes::LRUValue>*)
 #1 DebugStringToFileExtended(DebugStringToFileData const&)
 #2 DebugLogHandler_CUSTOM_Internal_Log(LogType, LogOption, BindingsManagedSpan*, void*)
 #3  (Mono JIT Code) (wrapper managed-to-native) UnityEngine.DebugLogHandler:Internal_Log_Injected (UnityEngine.LogType,UnityEngine.LogOption,UnityEngine.Bindings.ManagedSpanWrapper&,intptr)
 #4  (Mono JIT Code) UnityEngine.DebugLogHandler:Internal_Log (UnityEngine.LogType,UnityEngine.LogOption,string,UnityEngine.Object)
 #5  (Mono JIT Code) [DebugLogHandler.cs:10] UnityEngine.DebugLogHandler:LogFormat (UnityEngine.LogType,UnityEngine.Object,string,object[])
 #6  (Mono JIT Code) [Logger.cs:61] UnityEngine.Logger:Log (UnityEngine.LogType,object)
 #7  (Mono JIT Code) [Debug.bindings.cs:123] UnityEngine.Debug:Log (object)
 #8  (Mono JIT Code) [IAPManager.cs:192] IAPManager:OnInitialized (UnityEngine.Purchasing.IStoreController,UnityEngine.Purchasing.IExtensionProvider)
 #9  (Mono JIT Code) [UnityPurchasing.cs:63] UnityEngine.Purchasing.UnityPurchasing/<>c__DisplayClass8_0:<AddProductServiceListeners>b__0 (System.Collections.Generic.List`1<UnityEngine.Purchasing.Product>)
 #10  (Mono JIT Code) [ProductService.cs:98] UnityEngine.Purchasing.ProductService:HandleProductsFetched (System.Collections.Generic.List`1<UnityEngine.Purchasing.Product>)
 #11  (Mono JIT Code) [FetchProductsUseCase.cs:138] UnityEngine.Purchasing.FetchProductsUseCase:InvokeSuccessIfFetchedProducts (System.Collections.Generic.List`1<UnityEngine.Purchasing.Product>,System.Action`1<System.Collections.Generic.List`1<UnityEngine.Purchasing.Product>>)
 #12  (Mono JIT Code) [FetchProductsUseCase.cs:117] UnityEngine.Purchasing.FetchProductsUseCase:ProcessFetchedProductsAndInvokeCallbacks (UnityEngine.Purchasing.ProductFetchRequest,System.Collections.Generic.IReadOnlyList`1<UnityEngine.Purchasing.Extension.ProductDescription>)
 #13  (Mono JIT Code) [FetchProductsUseCase.cs:81] UnityEngine.Purchasing.FetchProductsUseCase:OnProductsFetched (System.Collections.Generic.IReadOnlyList`1<UnityEngine.Purchasing.Extension.ProductDescription>)
 #14  (Mono JIT Code) [FakeStore.cs:81] UnityEngine.Purchasing.FakeStore:StoreFetchProducts (System.Collections.ObjectModel.ReadOnlyCollection`1<UnityEngine.Purchasing.ProductDefinition>)
 #15  (Mono JIT Code) [FakeStore.cs:43] UnityEngine.Purchasing.FakeStore:FetchProducts (string)
 #16  (Mono JIT Code) [JSONStore.cs:53] UnityEngine.Purchasing.JsonStore:FetchProducts (System.Collections.Generic.IReadOnlyCollection`1<UnityEngine.Purchasing.ProductDefinition>)
 #17  (Mono JIT Code) [FetchProductsUseCase.cs:67] UnityEngine.Purchasing.FetchProductsUseCase/<>c__DisplayClass7_0:<ProcessValidFetchRequest>b__0 ()
 #18  (Mono JIT Code) [RetryRequest.cs:61] UnityEngine.Purchasing.RetryRequest:FirstTry ()
 #19  (Mono JIT Code) [RetryRequest.cs:54] UnityEngine.Purchasing.RetryRequest/<InvokeFromMainThread>d__8:MoveNext ()
 #20  (Mono JIT Code) System.Runtime.CompilerServices.AsyncTaskMethodBuilder`1<bool>:Start<UnityEngine.Purchasing.RetryRequest/<InvokeFromMainThread>d__8> (UnityEngine.Purchasing.RetryRequest/<InvokeFromMainThread>d__8&)
 #21  (Mono JIT Code) UnityEngine.Purchasing.RetryRequest:InvokeFromMainThread ()
 #22  (Mono JIT Code) [RetryRequest.cs:37] UnityEngine.Purchasing.RetryRequest/<>c__DisplayClass7_0/<<RunTaskOnMainThread>g__RunRequestAndSetResult|0>d:MoveNext ()
 #23  (Mono JIT Code) System.Runtime.CompilerServices.AsyncVoidMethodBuilder:Start<UnityEngine.Purchasing.RetryRequest/<>c__DisplayClass7_0/<<RunTaskOnMainThread>g__RunRequestAndSetResult|0>d> (UnityEngine.Purchasing.RetryRequest/<>c__DisplayClass7_0/<<RunTaskOnMainThread>g__RunRequestAndSetResult|0>d&)
 #24  (Mono JIT Code) UnityEngine.Purchasing.RetryRequest/<>c__DisplayClass7_0:<RunTaskOnMainThread>g__RunRequestAndSetResult|0 ()
 #25  (Mono JIT Code) [UnityUtil.cs:117] UnityEngine.Purchasing.Extension.UnityUtil:RunOnMainThread (System.Action)
 #26  (Mono JIT Code) [RetryRequest.cs:41] UnityEngine.Purchasing.RetryRequest:RunTaskOnMainThread (System.Func`1<System.Threading.Tasks.Task`1<bool>>)
 #27  (Mono JIT Code) [RetryRequest.cs:28] UnityEngine.Purchasing.RetryRequest:Invoke ()
 #28  (Mono JIT Code) [FetchProductsUseCase.cs:69] UnityEngine.Purchasing.FetchProductsUseCase:ProcessValidFetchRequest (UnityEngine.Purchasing.ProductFetchRequest,UnityEngine.Purchasing.IRetryPolicy)
 #29  (Mono JIT Code) [FetchProductsUseCase.cs:48] UnityEngine.Purchasing.FetchProductsUseCase:FetchProducts (System.Collections.Generic.List`1<UnityEngine.Purchasing.ProductDefinition>,System.Action`1<System.Collections.Generic.List`1<UnityEngine.Purchasing.Product>>,System.Action`2<System.Collections.Generic.List`1<UnityEngine.Purchasing.ProductDefinition>, string>,UnityEngine.Purchasing.IRetryPolicy)
 #30  (Mono JIT Code) [ProductService.cs:55] UnityEngine.Purchasing.ProductService:FetchProducts (System.Collections.Generic.List`1<UnityEngine.Purchasing.ProductDefinition>,UnityEngine.Purchasing.IRetryPolicy)
 #31  (Mono JIT Code) [UnityPurchasing.cs:52] UnityEngine.Purchasing.UnityPurchasing:FetchProducts (UnityEngine.Purchasing.IStoreListener,UnityEngine.Purchasing.ConfigurationBuilder)
 #32  (Mono JIT Code) [UnityPurchasing.cs:85] UnityEngine.Purchasing.UnityPurchasing/<ConnectToStoreAndFetchProducts>d__9:MoveNext ()
 #33  (Mono JIT Code) System.Runtime.CompilerServices.AsyncVoidMethodBuilder:Start<UnityEngine.Purchasing.UnityPurchasing/<ConnectToStoreAndFetchProducts>d__9> (UnityEngine.Purchasing.UnityPurchasing/<ConnectToStoreAndFetchProducts>d__9&)
 #34  (Mono JIT Code) UnityEngine.Purchasing.UnityPurchasing:ConnectToStoreAndFetchProducts ()
 #35  (Mono JIT Code) [UnityPurchasing.cs:40] UnityEngine.Purchasing.UnityPurchasing:Initialize (UnityEngine.Purchasing.IStoreListener,UnityEngine.Purchasing.ConfigurationBuilder)
 #36  (Mono JIT Code) [IAPManager.cs:174] IAPManager:InitializePurchasing ()
 #37  (Mono JIT Code) [IAPManager.cs:61] IAPManager:set_StoneProductCatalogInitialised (bool)
 #38  (Mono JIT Code) [IAPManager.cs:121] IAPManager:<RefreshIAPItems>b__24_2 (PlayFab.ClientModels.GetCatalogItemsResult)
 #39  (Mono JIT Code) [PlayFabHTTP.cs:219] PlayFab.Internal.PlayFabHttp/<>c__DisplayClass23_0`1<TResult_REF>:<_MakeApiCall>b__1 ()
 #40  (Mono JIT Code) [PlayFabUnityHttp.cs:244] PlayFab.Internal.PlayFabUnityHttp:OnResponse (string,PlayFab.Internal.CallRequestContainer)
 #41  (Mono JIT Code) [PlayFabUnityHttp.cs:197] PlayFab.Internal.PlayFabUnityHttp/<Post>d__12:MoveNext ()
 #42  (Mono JIT Code) [Coroutines.cs:17] UnityEngine.SetupCoroutine:InvokeMoveNext (System.Collections.IEnumerator,intptr)
 #43  (Mono JIT Code) (wrapper runtime-invoke) <Module>:runtime_invoke_void_object_intptr (object,intptr,intptr,intptr)
 #44 mono_jit_runtime_invoke
 #45 do_runtime_invoke
 #46 mono_runtime_invoke
 #47 scripting_method_invoke(ScriptingMethodPtr, ScriptingObjectPtr, ScriptingArguments&, ScriptingExceptionPtr*, bool)
 #48 ScriptingInvocation::Invoke(ScriptingExceptionPtr*, bool)
 #49 Coroutine::InvokeMoveNext(ScriptingExceptionPtr*)
 #50 Coroutine::Run(bool*)
 #51 AsyncOperation::InvokeCoroutine()
 #52 UnityWebRequestAsyncOperation::InvokeCoroutine()
 #53 UnityWebRequestProto<UnityWebRequestTransport, AtomicRefCounter, RedirectHelper, ResponseHelper, DownloadHandler, UploadHandler, CertificateHandler, HeaderHelper, AsyncOperation>::Job_InvokeCoroutine(AsyncOperation*)
 #54 BackgroundJobQueue::ExecuteMainThreadJobs()
 #55 InitPlayerLoopCallbacks()::EarlyUpdateExecuteMainThreadJobsRegistrator::Forward()
 #56 ExecutePlayerLoop(NativePlayerLoopSystem*)
 #57 ExecutePlayerLoop(NativePlayerLoopSystem*)
 #58 PlayerLoop()
 #59 EditorPlayerLoop::Execute()
 #60 PlayerLoopController::InternalUpdateScene(bool, bool)
 #61 PlayerLoopController::UpdateSceneIfNeededFromMainLoop()
 #62 Application::TickTimer()
 #63 -[EditorApplication onEditorUpdatesTickTimer]
 #64 __NSFireTimer
 #65 __CFRUNLOOP_IS_CALLING_OUT_TO_A_TIMER_CALLBACK_FUNCTION__
 #66 __CFRunLoopDoTimer
 #67 __CFRunLoopDoTimers
 #68 __CFRunLoopRun
 #69 _CFRunLoopRunSpecificWithOptions
 #70 RunCurrentEventLoopInMode
 #71 ReceiveNextEventCommon
 #72 _BlockUntilNextEventMatchingListInMode
 #73 _DPSBlockUntilNextEventMatchingListInMode
 #74 _DPSNextEvent
 #75 -[NSApplication(NSEventRouting) _nextEventMatchingEventMask:untilDate:inMode:dequeue:]
 #76 -[NSApplication(NSEventRouting) nextEventMatchingMask:untilDate:inMode:dequeue:]
 #77 -[EditorApplication checkForFocusChange:]
 #78 __NSFireTimer
 #79 __CFRUNLOOP_IS_CALLING_OUT_TO_A_TIMER_CALLBACK_FUNCTION__
 #80 __CFRunLoopDoTimer
 #81 __CFRunLoopDoTimers
 #82 __CFRunLoopRun
 #83 _CFRunLoopRunSpecificWithOptions
 #84 RunCurrentEventLoopInMode
 #85 ReceiveNextEventCommon
 #86 _BlockUntilNextEventMatchingListInMode
 #87 _DPSBlockUntilNextEventMatchingListInMode
 #88 _DPSNextEvent
 #89 -[NSApplication(NSEventRouting) _nextEventMatchingEventMask:untilDate:inMode:dequeue:]
 #90 -[NSApplication(NSEventRouting) nextEventMatchingMask:untilDate:inMode:dequeue:]
 #91 -[NSApplication run]
 #92 NSApplicationMain
 #93 EditorMain(int, char const**)
 #94 main
 #95 start

[InventoryCompat] Ignore unsupported unit item: 17
 #0 PlatformStacktrace::GetStacktrace(int, StacktraceTypes::LRUCache<void*, StacktraceTypes::LRUValue>*)
 #1 DebugStringToFileExtended(DebugStringToFileData const&)
 #2 DebugLogHandler_CUSTOM_Internal_Log(LogType, LogOption, BindingsManagedSpan*, void*)
 #3  (Mono JIT Code) (wrapper managed-to-native) UnityEngine.DebugLogHandler:Internal_Log_Injected (UnityEngine.LogType,UnityEngine.LogOption,UnityEngine.Bindings.ManagedSpanWrapper&,intptr)
 #4  (Mono JIT Code) UnityEngine.DebugLogHandler:Internal_Log (UnityEngine.LogType,UnityEngine.LogOption,string,UnityEngine.Object)
 #5  (Mono JIT Code) [DebugLogHandler.cs:10] UnityEngine.DebugLogHandler:LogFormat (UnityEngine.LogType,UnityEngine.Object,string,object[])
 #6  (Mono JIT Code) [Logger.cs:61] UnityEngine.Logger:Log (UnityEngine.LogType,object)
 #7  (Mono JIT Code) [Debug.bindings.cs:216] UnityEngine.Debug:LogWarning (object)
 #8  (Mono JIT Code) [Item.cs:63] PlayFabReadClient:OnGetUserInventory (PlayFab.ClientModels.GetUserInventoryResult,System.Action`1<bool>)
 #9  (Mono JIT Code) [Item.cs:23] PlayFabReadClient/<>c__DisplayClass18_0:<LoadItems>b__1 (PlayFab.ClientModels.GetUserInventoryResult)
 #10  (Mono JIT Code) [PlayFabHTTP.cs:219] PlayFab.Internal.PlayFabHttp/<>c__DisplayClass23_0`1<TResult_REF>:<_MakeApiCall>b__1 ()
 #11  (Mono JIT Code) [PlayFabUnityHttp.cs:244] PlayFab.Internal.PlayFabUnityHttp:OnResponse (string,PlayFab.Internal.CallRequestContainer)
 #12  (Mono JIT Code) [PlayFabUnityHttp.cs:197] PlayFab.Internal.PlayFabUnityHttp/<Post>d__12:MoveNext ()
 #13  (Mono JIT Code) [Coroutines.cs:17] UnityEngine.SetupCoroutine:InvokeMoveNext (System.Collections.IEnumerator,intptr)
 #14  (Mono JIT Code) (wrapper runtime-invoke) <Module>:runtime_invoke_void_object_intptr (object,intptr,intptr,intptr)
 #15 mono_jit_runtime_invoke
 #16 do_runtime_invoke
 #17 mono_runtime_invoke
 #18 scripting_method_invoke(ScriptingMethodPtr, ScriptingObjectPtr, ScriptingArguments&, ScriptingExceptionPtr*, bool)
 #19 ScriptingInvocation::Invoke(ScriptingExceptionPtr*, bool)
 #20 Coroutine::InvokeMoveNext(ScriptingExceptionPtr*)
 #21 Coroutine::Run(bool*)
 #22 AsyncOperation::InvokeCoroutine()
 #23 UnityWebRequestAsyncOperation::InvokeCoroutine()
 #24 UnityWebRequestProto<UnityWebRequestTransport, AtomicRefCounter, RedirectHelper, ResponseHelper, DownloadHandler, UploadHandler, CertificateHandler, HeaderHelper, AsyncOperation>::Job_InvokeCoroutine(AsyncOperation*)
 #25 BackgroundJobQueue::ExecuteMainThreadJobs()
 #26 InitPlayerLoopCallbacks()::EarlyUpdateExecuteMainThreadJobsRegistrator::Forward()
 #27 ExecutePlayerLoop(NativePlayerLoopSystem*)
 #28 ExecutePlayerLoop(NativePlayerLoopSystem*)
 #29 PlayerLoop()
 #30 EditorPlayerLoop::Execute()
 #31 PlayerLoopController::InternalUpdateScene(bool, bool)
 #32 PlayerLoopController::UpdateSceneIfNeededFromMainLoop()
 #33 Application::TickTimer()
 #34 -[EditorApplication onEditorUpdatesTickTimer]
 #35 __NSFireTimer
 #36 __CFRUNLOOP_IS_CALLING_OUT_TO_A_TIMER_CALLBACK_FUNCTION__
 #37 __CFRunLoopDoTimer
 #38 __CFRunLoopDoTimers
 #39 __CFRunLoopRun
 #40 _CFRunLoopRunSpecificWithOptions
 #41 RunCurrentEventLoopInMode
 #42 ReceiveNextEventCommon
 #43 _BlockUntilNextEventMatchingListInMode
 #44 _DPSBlockUntilNextEventMatchingListInMode
 #45 _DPSNextEvent
 #46 -[NSApplication(NSEventRouting) _nextEventMatchingEventMask:untilDate:inMode:dequeue:]
 #47 -[NSApplication(NSEventRouting) nextEventMatchingMask:untilDate:inMode:dequeue:]
 #48 -[NSApplication run]
 #49 NSApplicationMain
 #50 EditorMain(int, char const**)
 #51 main
 #52 start

[StoneCompat] Unequip stone 670DA16F6F1EE4E6 from unsupported unit 8921F97300589009
 #0 PlatformStacktrace::GetStacktrace(int, StacktraceTypes::LRUCache<void*, StacktraceTypes::LRUValue>*)
 #1 DebugStringToFileExtended(DebugStringToFileData const&)
 #2 DebugLogHandler_CUSTOM_Internal_Log(LogType, LogOption, BindingsManagedSpan*, void*)
 #3  (Mono JIT Code) (wrapper managed-to-native) UnityEngine.DebugLogHandler:Internal_Log_Injected (UnityEngine.LogType,UnityEngine.LogOption,UnityEngine.Bindings.ManagedSpanWrapper&,intptr)
 #4  (Mono JIT Code) UnityEngine.DebugLogHandler:Internal_Log (UnityEngine.LogType,UnityEngine.LogOption,string,UnityEngine.Object)
 #5  (Mono JIT Code) [DebugLogHandler.cs:10] UnityEngine.DebugLogHandler:LogFormat (UnityEngine.LogType,UnityEngine.Object,string,object[])
 #6  (Mono JIT Code) [Logger.cs:61] UnityEngine.Logger:Log (UnityEngine.LogType,object)
 #7  (Mono JIT Code) [Debug.bindings.cs:216] UnityEngine.Debug:LogWarning (object)
 #8  (Mono JIT Code) [Stones.cs:155] dataAccess.Stones:SanitizeAgainstCurrentUnits ()
 #9  (Mono JIT Code) [Item.cs:107] PlayFabReadClient:OnGetUserInventory (PlayFab.ClientModels.GetUserInventoryResult,System.Action`1<bool>)
 #10  (Mono JIT Code) [Item.cs:23] PlayFabReadClient/<>c__DisplayClass18_0:<LoadItems>b__1 (PlayFab.ClientModels.GetUserInventoryResult)
 #11  (Mono JIT Code) [PlayFabHTTP.cs:219] PlayFab.Internal.PlayFabHttp/<>c__DisplayClass23_0`1<TResult_REF>:<_MakeApiCall>b__1 ()
 #12  (Mono JIT Code) [PlayFabUnityHttp.cs:244] PlayFab.Internal.PlayFabUnityHttp:OnResponse (string,PlayFab.Internal.CallRequestContainer)
 #13  (Mono JIT Code) [PlayFabUnityHttp.cs:197] PlayFab.Internal.PlayFabUnityHttp/<Post>d__12:MoveNext ()
 #14  (Mono JIT Code) [Coroutines.cs:17] UnityEngine.SetupCoroutine:InvokeMoveNext (System.Collections.IEnumerator,intptr)
 #15  (Mono JIT Code) (wrapper runtime-invoke) <Module>:runtime_invoke_void_object_intptr (object,intptr,intptr,intptr)
 #16 mono_jit_runtime_invoke
 #17 do_runtime_invoke
 #18 mono_runtime_invoke
 #19 scripting_method_invoke(ScriptingMethodPtr, ScriptingObjectPtr, ScriptingArguments&, ScriptingExceptionPtr*, bool)
 #20 ScriptingInvocation::Invoke(ScriptingExceptionPtr*, bool)
 #21 Coroutine::InvokeMoveNext(ScriptingExceptionPtr*)
 #22 Coroutine::Run(bool*)
 #23 AsyncOperation::InvokeCoroutine()
 #24 UnityWebRequestAsyncOperation::InvokeCoroutine()
 #25 UnityWebRequestProto<UnityWebRequestTransport, AtomicRefCounter, RedirectHelper, ResponseHelper, DownloadHandler, UploadHandler, CertificateHandler, HeaderHelper, AsyncOperation>::Job_InvokeCoroutine(AsyncOperation*)
 #26 BackgroundJobQueue::ExecuteMainThreadJobs()
 #27 InitPlayerLoopCallbacks()::EarlyUpdateExecuteMainThreadJobsRegistrator::Forward()
 #28 ExecutePlayerLoop(NativePlayerLoopSystem*)
 #29 ExecutePlayerLoop(NativePlayerLoopSystem*)
 #30 PlayerLoop()
 #31 EditorPlayerLoop::Execute()
 #32 PlayerLoopController::InternalUpdateScene(bool, bool)
 #33 PlayerLoopController::UpdateSceneIfNeededFromMainLoop()
 #34 Application::TickTimer()
 #35 -[EditorApplication onEditorUpdatesTickTimer]
 #36 __NSFireTimer
 #37 __CFRUNLOOP_IS_CALLING_OUT_TO_A_TIMER_CALLBACK_FUNCTION__
 #38 __CFRunLoopDoTimer
 #39 __CFRunLoopDoTimers
 #40 __CFRunLoopRun
 #41 _CFRunLoopRunSpecificWithOptions
 #42 RunCurrentEventLoopInMode
 #43 ReceiveNextEventCommon
 #44 _BlockUntilNextEventMatchingListInMode
 #45 _DPSBlockUntilNextEventMatchingListInMode
 #46 _DPSNextEvent
 #47 -[NSApplication(NSEventRouting) _nextEventMatchingEventMask:untilDate:inMode:dequeue:]
 #48 -[NSApplication(NSEventRouting) nextEventMatchingMask:untilDate:inMode:dequeue:]
 #49 -[NSApplication run]
 #50 NSApplicationMain
 #51 EditorMain(int, char const**)
 #52 main
 #53 start

[StoneCompat] Unequip stone BF5DCDC87F8211FF from unsupported unit 8921F97300589009
 #0 PlatformStacktrace::GetStacktrace(int, StacktraceTypes::LRUCache<void*, StacktraceTypes::LRUValue>*)
 #1 DebugStringToFileExtended(DebugStringToFileData const&)
 #2 DebugLogHandler_CUSTOM_Internal_Log(LogType, LogOption, BindingsManagedSpan*, void*)
 #3  (Mono JIT Code) (wrapper managed-to-native) UnityEngine.DebugLogHandler:Internal_Log_Injected (UnityEngine.LogType,UnityEngine.LogOption,UnityEngine.Bindings.ManagedSpanWrapper&,intptr)
 #4  (Mono JIT Code) UnityEngine.DebugLogHandler:Internal_Log (UnityEngine.LogType,UnityEngine.LogOption,string,UnityEngine.Object)
 #5  (Mono JIT Code) [DebugLogHandler.cs:10] UnityEngine.DebugLogHandler:LogFormat (UnityEngine.LogType,UnityEngine.Object,string,object[])
 #6  (Mono JIT Code) [Logger.cs:61] UnityEngine.Logger:Log (UnityEngine.LogType,object)
 #7  (Mono JIT Code) [Debug.bindings.cs:216] UnityEngine.Debug:LogWarning (object)
 #8  (Mono JIT Code) [Stones.cs:155] dataAccess.Stones:SanitizeAgainstCurrentUnits ()
 #9  (Mono JIT Code) [Item.cs:107] PlayFabReadClient:OnGetUserInventory (PlayFab.ClientModels.GetUserInventoryResult,System.Action`1<bool>)
 #10  (Mono JIT Code) [Item.cs:23] PlayFabReadClient/<>c__DisplayClass18_0:<LoadItems>b__1 (PlayFab.ClientModels.GetUserInventoryResult)
 #11  (Mono JIT Code) [PlayFabHTTP.cs:219] PlayFab.Internal.PlayFabHttp/<>c__DisplayClass23_0`1<TResult_REF>:<_MakeApiCall>b__1 ()
 #12  (Mono JIT Code) [PlayFabUnityHttp.cs:244] PlayFab.Internal.PlayFabUnityHttp:OnResponse (string,PlayFab.Internal.CallRequestContainer)
 #13  (Mono JIT Code) [PlayFabUnityHttp.cs:197] PlayFab.Internal.PlayFabUnityHttp/<Post>d__12:MoveNext ()
 #14  (Mono JIT Code) [Coroutines.cs:17] UnityEngine.SetupCoroutine:InvokeMoveNext (System.Collections.IEnumerator,intptr)
 #15  (Mono JIT Code) (wrapper runtime-invoke) <Module>:runtime_invoke_void_object_intptr (object,intptr,intptr,intptr)
 #16 mono_jit_runtime_invoke
 #17 do_runtime_invoke
 #18 mono_runtime_invoke
 #19 scripting_method_invoke(ScriptingMethodPtr, ScriptingObjectPtr, ScriptingArguments&, ScriptingExceptionPtr*, bool)
 #20 ScriptingInvocation::Invoke(ScriptingExceptionPtr*, bool)
 #21 Coroutine::InvokeMoveNext(ScriptingExceptionPtr*)
 #22 Coroutine::Run(bool*)
 #23 AsyncOperation::InvokeCoroutine()
 #24 UnityWebRequestAsyncOperation::InvokeCoroutine()
 #25 UnityWebRequestProto<UnityWebRequestTransport, AtomicRefCounter, RedirectHelper, ResponseHelper, DownloadHandler, UploadHandler, CertificateHandler, HeaderHelper, AsyncOperation>::Job_InvokeCoroutine(AsyncOperation*)
 #26 BackgroundJobQueue::ExecuteMainThreadJobs()
 #27 InitPlayerLoopCallbacks()::EarlyUpdateExecuteMainThreadJobsRegistrator::Forward()
 #28 ExecutePlayerLoop(NativePlayerLoopSystem*)
 #29 ExecutePlayerLoop(NativePlayerLoopSystem*)
 #30 PlayerLoop()
 #31 EditorPlayerLoop::Execute()
 #32 PlayerLoopController::InternalUpdateScene(bool, bool)
 #33 PlayerLoopController::UpdateSceneIfNeededFromMainLoop()
 #34 Application::TickTimer()
 #35 -[EditorApplication onEditorUpdatesTickTimer]
 #36 __NSFireTimer
 #37 __CFRUNLOOP_IS_CALLING_OUT_TO_A_TIMER_CALLBACK_FUNCTION__
 #38 __CFRunLoopDoTimer
 #39 __CFRunLoopDoTimers
 #40 __CFRunLoopRun
 #41 _CFRunLoopRunSpecificWithOptions
 #42 RunCurrentEventLoopInMode
 #43 ReceiveNextEventCommon
 #44 _BlockUntilNextEventMatchingListInMode
 #45 _DPSBlockUntilNextEventMatchingListInMode
 #46 _DPSNextEvent
 #47 -[NSApplication(NSEventRouting) _nextEventMatchingEventMask:untilDate:inMode:dequeue:]
 #48 -[NSApplication(NSEventRouting) nextEventMatchingMask:untilDate:inMode:dequeue:]
 #49 -[NSApplication run]
 #50 NSApplicationMain
 #51 EditorMain(int, char const**)
 #52 main
 #53 start

[StoneCompat] Unequip stone 6A23D653EE28AF84 from unsupported unit 8921F97300589009
 #0 PlatformStacktrace::GetStacktrace(int, StacktraceTypes::LRUCache<void*, StacktraceTypes::LRUValue>*)
 #1 DebugStringToFileExtended(DebugStringToFileData const&)
 #2 DebugLogHandler_CUSTOM_Internal_Log(LogType, LogOption, BindingsManagedSpan*, void*)
 #3  (Mono JIT Code) (wrapper managed-to-native) UnityEngine.DebugLogHandler:Internal_Log_Injected (UnityEngine.LogType,UnityEngine.LogOption,UnityEngine.Bindings.ManagedSpanWrapper&,intptr)
 #4  (Mono JIT Code) UnityEngine.DebugLogHandler:Internal_Log (UnityEngine.LogType,UnityEngine.LogOption,string,UnityEngine.Object)
 #5  (Mono JIT Code) [DebugLogHandler.cs:10] UnityEngine.DebugLogHandler:LogFormat (UnityEngine.LogType,UnityEngine.Object,string,object[])
 #6  (Mono JIT Code) [Logger.cs:61] UnityEngine.Logger:Log (UnityEngine.LogType,object)
 #7  (Mono JIT Code) [Debug.bindings.cs:216] UnityEngine.Debug:LogWarning (object)
 #8  (Mono JIT Code) [Stones.cs:155] dataAccess.Stones:SanitizeAgainstCurrentUnits ()
 #9  (Mono JIT Code) [Item.cs:107] PlayFabReadClient:OnGetUserInventory (PlayFab.ClientModels.GetUserInventoryResult,System.Action`1<bool>)
 #10  (Mono JIT Code) [Item.cs:23] PlayFabReadClient/<>c__DisplayClass18_0:<LoadItems>b__1 (PlayFab.ClientModels.GetUserInventoryResult)
 #11  (Mono JIT Code) [PlayFabHTTP.cs:219] PlayFab.Internal.PlayFabHttp/<>c__DisplayClass23_0`1<TResult_REF>:<_MakeApiCall>b__1 ()
 #12  (Mono JIT Code) [PlayFabUnityHttp.cs:244] PlayFab.Internal.PlayFabUnityHttp:OnResponse (string,PlayFab.Internal.CallRequestContainer)
 #13  (Mono JIT Code) [PlayFabUnityHttp.cs:197] PlayFab.Internal.PlayFabUnityHttp/<Post>d__12:MoveNext ()
 #14  (Mono JIT Code) [Coroutines.cs:17] UnityEngine.SetupCoroutine:InvokeMoveNext (System.Collections.IEnumerator,intptr)
 #15  (Mono JIT Code) (wrapper runtime-invoke) <Module>:runtime_invoke_void_object_intptr (object,intptr,intptr,intptr)
 #16 mono_jit_runtime_invoke
 #17 do_runtime_invoke
 #18 mono_runtime_invoke
 #19 scripting_method_invoke(ScriptingMethodPtr, ScriptingObjectPtr, ScriptingArguments&, ScriptingExceptionPtr*, bool)
 #20 ScriptingInvocation::Invoke(ScriptingExceptionPtr*, bool)
 #21 Coroutine::InvokeMoveNext(ScriptingExceptionPtr*)
 #22 Coroutine::Run(bool*)
 #23 AsyncOperation::InvokeCoroutine()
 #24 UnityWebRequestAsyncOperation::InvokeCoroutine()
 #25 UnityWebRequestProto<UnityWebRequestTransport, AtomicRefCounter, RedirectHelper, ResponseHelper, DownloadHandler, UploadHandler, CertificateHandler, HeaderHelper, AsyncOperation>::Job_InvokeCoroutine(AsyncOperation*)
 #26 BackgroundJobQueue::ExecuteMainThreadJobs()
 #27 InitPlayerLoopCallbacks()::EarlyUpdateExecuteMainThreadJobsRegistrator::Forward()
 #28 ExecutePlayerLoop(NativePlayerLoopSystem*)
 #29 ExecutePlayerLoop(NativePlayerLoopSystem*)
 #30 PlayerLoop()
 #31 EditorPlayerLoop::Execute()
 #32 PlayerLoopController::InternalUpdateScene(bool, bool)
 #33 PlayerLoopController::UpdateSceneIfNeededFromMainLoop()
 #34 Application::TickTimer()
 #35 -[EditorApplication onEditorUpdatesTickTimer]
 #36 __NSFireTimer
 #37 __CFRUNLOOP_IS_CALLING_OUT_TO_A_TIMER_CALLBACK_FUNCTION__
 #38 __CFRunLoopDoTimer
 #39 __CFRunLoopDoTimers
 #40 __CFRunLoopRun
 #41 _CFRunLoopRunSpecificWithOptions
 #42 RunCurrentEventLoopInMode
 #43 ReceiveNextEventCommon
 #44 _BlockUntilNextEventMatchingListInMode
 #45 _DPSBlockUntilNextEventMatchingListInMode
 #46 _DPSNextEvent
 #47 -[NSApplication(NSEventRouting) _nextEventMatchingEventMask:untilDate:inMode:dequeue:]
 #48 -[NSApplication(NSEventRouting) nextEventMatchingMask:untilDate:inMode:dequeue:]
 #49 -[NSApplication run]
 #50 NSApplicationMain
 #51 EditorMain(int, char const**)
 #52 main
 #53 start

[StoneCompat] Unequip stone E864C7E1E15BCE84 from unsupported unit 8921F97300589009
 #0 PlatformStacktrace::GetStacktrace(int, StacktraceTypes::LRUCache<void*, StacktraceTypes::LRUValue>*)
 #1 DebugStringToFileExtended(DebugStringToFileData const&)
 #2 DebugLogHandler_CUSTOM_Internal_Log(LogType, LogOption, BindingsManagedSpan*, void*)
 #3  (Mono JIT Code) (wrapper managed-to-native) UnityEngine.DebugLogHandler:Internal_Log_Injected (UnityEngine.LogType,UnityEngine.LogOption,UnityEngine.Bindings.ManagedSpanWrapper&,intptr)
 #4  (Mono JIT Code) UnityEngine.DebugLogHandler:Internal_Log (UnityEngine.LogType,UnityEngine.LogOption,string,UnityEngine.Object)
 #5  (Mono JIT Code) [DebugLogHandler.cs:10] UnityEngine.DebugLogHandler:LogFormat (UnityEngine.LogType,UnityEngine.Object,string,object[])
 #6  (Mono JIT Code) [Logger.cs:61] UnityEngine.Logger:Log (UnityEngine.LogType,object)
 #7  (Mono JIT Code) [Debug.bindings.cs:216] UnityEngine.Debug:LogWarning (object)
 #8  (Mono JIT Code) [Stones.cs:155] dataAccess.Stones:SanitizeAgainstCurrentUnits ()
 #9  (Mono JIT Code) [Item.cs:107] PlayFabReadClient:OnGetUserInventory (PlayFab.ClientModels.GetUserInventoryResult,System.Action`1<bool>)
 #10  (Mono JIT Code) [Item.cs:23] PlayFabReadClient/<>c__DisplayClass18_0:<LoadItems>b__1 (PlayFab.ClientModels.GetUserInventoryResult)
 #11  (Mono JIT Code) [PlayFabHTTP.cs:219] PlayFab.Internal.PlayFabHttp/<>c__DisplayClass23_0`1<TResult_REF>:<_MakeApiCall>b__1 ()
 #12  (Mono JIT Code) [PlayFabUnityHttp.cs:244] PlayFab.Internal.PlayFabUnityHttp:OnResponse (string,PlayFab.Internal.CallRequestContainer)
 #13  (Mono JIT Code) [PlayFabUnityHttp.cs:197] PlayFab.Internal.PlayFabUnityHttp/<Post>d__12:MoveNext ()
 #14  (Mono JIT Code) [Coroutines.cs:17] UnityEngine.SetupCoroutine:InvokeMoveNext (System.Collections.IEnumerator,intptr)
 #15  (Mono JIT Code) (wrapper runtime-invoke) <Module>:runtime_invoke_void_object_intptr (object,intptr,intptr,intptr)
 #16 mono_jit_runtime_invoke
 #17 do_runtime_invoke
 #18 mono_runtime_invoke
 #19 scripting_method_invoke(ScriptingMethodPtr, ScriptingObjectPtr, ScriptingArguments&, ScriptingExceptionPtr*, bool)
 #20 ScriptingInvocation::Invoke(ScriptingExceptionPtr*, bool)
 #21 Coroutine::InvokeMoveNext(ScriptingExceptionPtr*)
 #22 Coroutine::Run(bool*)
 #23 AsyncOperation::InvokeCoroutine()
 #24 UnityWebRequestAsyncOperation::InvokeCoroutine()
 #25 UnityWebRequestProto<UnityWebRequestTransport, AtomicRefCounter, RedirectHelper, ResponseHelper, DownloadHandler, UploadHandler, CertificateHandler, HeaderHelper, AsyncOperation>::Job_InvokeCoroutine(AsyncOperation*)
 #26 BackgroundJobQueue::ExecuteMainThreadJobs()
 #27 InitPlayerLoopCallbacks()::EarlyUpdateExecuteMainThreadJobsRegistrator::Forward()
 #28 ExecutePlayerLoop(NativePlayerLoopSystem*)
 #29 ExecutePlayerLoop(NativePlayerLoopSystem*)
 #30 PlayerLoop()
 #31 EditorPlayerLoop::Execute()
 #32 PlayerLoopController::InternalUpdateScene(bool, bool)
 #33 PlayerLoopController::UpdateSceneIfNeededFromMainLoop()
 #34 Application::TickTimer()
 #35 -[EditorApplication onEditorUpdatesTickTimer]
 #36 __NSFireTimer
 #37 __CFRUNLOOP_IS_CALLING_OUT_TO_A_TIMER_CALLBACK_FUNCTION__
 #38 __CFRunLoopDoTimer
 #39 __CFRunLoopDoTimers
 #40 __CFRunLoopRun
 #41 _CFRunLoopRunSpecificWithOptions
 #42 RunCurrentEventLoopInMode
 #43 ReceiveNextEventCommon
 #44 _BlockUntilNextEventMatchingListInMode
 #45 _DPSBlockUntilNextEventMatchingListInMode
 #46 _DPSNextEvent
 #47 -[NSApplication(NSEventRouting) _nextEventMatchingEventMask:untilDate:inMode:dequeue:]
 #48 -[NSApplication(NSEventRouting) nextEventMatchingMask:untilDate:inMode:dequeue:]
 #49 -[NSApplication run]
 #50 NSApplicationMain
 #51 EditorMain(int, char const**)
 #52 main
 #53 start

[StoneCompat] Unequip stone A0293118780B9011 from unsupported unit 8921F97300589009
 #0 PlatformStacktrace::GetStacktrace(int, StacktraceTypes::LRUCache<void*, StacktraceTypes::LRUValue>*)
 #1 DebugStringToFileExtended(DebugStringToFileData const&)
 #2 DebugLogHandler_CUSTOM_Internal_Log(LogType, LogOption, BindingsManagedSpan*, void*)
 #3  (Mono JIT Code) (wrapper managed-to-native) UnityEngine.DebugLogHandler:Internal_Log_Injected (UnityEngine.LogType,UnityEngine.LogOption,UnityEngine.Bindings.ManagedSpanWrapper&,intptr)
 #4  (Mono JIT Code) UnityEngine.DebugLogHandler:Internal_Log (UnityEngine.LogType,UnityEngine.LogOption,string,UnityEngine.Object)
 #5  (Mono JIT Code) [DebugLogHandler.cs:10] UnityEngine.DebugLogHandler:LogFormat (UnityEngine.LogType,UnityEngine.Object,string,object[])
 #6  (Mono JIT Code) [Logger.cs:61] UnityEngine.Logger:Log (UnityEngine.LogType,object)
 #7  (Mono JIT Code) [Debug.bindings.cs:216] UnityEngine.Debug:LogWarning (object)
 #8  (Mono JIT Code) [Stones.cs:155] dataAccess.Stones:SanitizeAgainstCurrentUnits ()
 #9  (Mono JIT Code) [Item.cs:107] PlayFabReadClient:OnGetUserInventory (PlayFab.ClientModels.GetUserInventoryResult,System.Action`1<bool>)
 #10  (Mono JIT Code) [Item.cs:23] PlayFabReadClient/<>c__DisplayClass18_0:<LoadItems>b__1 (PlayFab.ClientModels.GetUserInventoryResult)
 #11  (Mono JIT Code) [PlayFabHTTP.cs:219] PlayFab.Internal.PlayFabHttp/<>c__DisplayClass23_0`1<TResult_REF>:<_MakeApiCall>b__1 ()
 #12  (Mono JIT Code) [PlayFabUnityHttp.cs:244] PlayFab.Internal.PlayFabUnityHttp:OnResponse (string,PlayFab.Internal.CallRequestContainer)
 #13  (Mono JIT Code) [PlayFabUnityHttp.cs:197] PlayFab.Internal.PlayFabUnityHttp/<Post>d__12:MoveNext ()
 #14  (Mono JIT Code) [Coroutines.cs:17] UnityEngine.SetupCoroutine:InvokeMoveNext (System.Collections.IEnumerator,intptr)
 #15  (Mono JIT Code) (wrapper runtime-invoke) <Module>:runtime_invoke_void_object_intptr (object,intptr,intptr,intptr)
 #16 mono_jit_runtime_invoke
 #17 do_runtime_invoke
 #18 mono_runtime_invoke
 #19 scripting_method_invoke(ScriptingMethodPtr, ScriptingObjectPtr, ScriptingArguments&, ScriptingExceptionPtr*, bool)
 #20 ScriptingInvocation::Invoke(ScriptingExceptionPtr*, bool)
 #21 Coroutine::InvokeMoveNext(ScriptingExceptionPtr*)
 #22 Coroutine::Run(bool*)
 #23 AsyncOperation::InvokeCoroutine()
 #24 UnityWebRequestAsyncOperation::InvokeCoroutine()
 #25 UnityWebRequestProto<UnityWebRequestTransport, AtomicRefCounter, RedirectHelper, ResponseHelper, DownloadHandler, UploadHandler, CertificateHandler, HeaderHelper, AsyncOperation>::Job_InvokeCoroutine(AsyncOperation*)
 #26 BackgroundJobQueue::ExecuteMainThreadJobs()
 #27 InitPlayerLoopCallbacks()::EarlyUpdateExecuteMainThreadJobsRegistrator::Forward()
 #28 ExecutePlayerLoop(NativePlayerLoopSystem*)
 #29 ExecutePlayerLoop(NativePlayerLoopSystem*)
 #30 PlayerLoop()
 #31 EditorPlayerLoop::Execute()
 #32 PlayerLoopController::InternalUpdateScene(bool, bool)
 #33 PlayerLoopController::UpdateSceneIfNeededFromMainLoop()
 #34 Application::TickTimer()
 #35 -[EditorApplication onEditorUpdatesTickTimer]
 #36 __NSFireTimer
 #37 __CFRUNLOOP_IS_CALLING_OUT_TO_A_TIMER_CALLBACK_FUNCTION__
 #38 __CFRunLoopDoTimer
 #39 __CFRunLoopDoTimers
 #40 __CFRunLoopRun
 #41 _CFRunLoopRunSpecificWithOptions
 #42 RunCurrentEventLoopInMode
 #43 ReceiveNextEventCommon
 #44 _BlockUntilNextEventMatchingListInMode
 #45 _DPSBlockUntilNextEventMatchingListInMode
 #46 _DPSNextEvent
 #47 -[NSApplication(NSEventRouting) _nextEventMatchingEventMask:untilDate:inMode:dequeue:]
 #48 -[NSApplication(NSEventRouting) nextEventMatchingMask:untilDate:inMode:dequeue:]
 #49 -[NSApplication run]
 #50 NSApplicationMain
 #51 EditorMain(int, char const**)
 #52 main
 #53 start

[StoneCompat] Unequip stone CFEE8164FB4142F9 from unsupported unit 8921F97300589009
 #0 PlatformStacktrace::GetStacktrace(int, StacktraceTypes::LRUCache<void*, StacktraceTypes::LRUValue>*)
 #1 DebugStringToFileExtended(DebugStringToFileData const&)
 #2 DebugLogHandler_CUSTOM_Internal_Log(LogType, LogOption, BindingsManagedSpan*, void*)
 #3  (Mono JIT Code) (wrapper managed-to-native) UnityEngine.DebugLogHandler:Internal_Log_Injected (UnityEngine.LogType,UnityEngine.LogOption,UnityEngine.Bindings.ManagedSpanWrapper&,intptr)
 #4  (Mono JIT Code) UnityEngine.DebugLogHandler:Internal_Log (UnityEngine.LogType,UnityEngine.LogOption,string,UnityEngine.Object)
 #5  (Mono JIT Code) [DebugLogHandler.cs:10] UnityEngine.DebugLogHandler:LogFormat (UnityEngine.LogType,UnityEngine.Object,string,object[])
 #6  (Mono JIT Code) [Logger.cs:61] UnityEngine.Logger:Log (UnityEngine.LogType,object)
 #7  (Mono JIT Code) [Debug.bindings.cs:216] UnityEngine.Debug:LogWarning (object)
 #8  (Mono JIT Code) [Stones.cs:155] dataAccess.Stones:SanitizeAgainstCurrentUnits ()
 #9  (Mono JIT Code) [Item.cs:107] PlayFabReadClient:OnGetUserInventory (PlayFab.ClientModels.GetUserInventoryResult,System.Action`1<bool>)
 #10  (Mono JIT Code) [Item.cs:23] PlayFabReadClient/<>c__DisplayClass18_0:<LoadItems>b__1 (PlayFab.ClientModels.GetUserInventoryResult)
 #11  (Mono JIT Code) [PlayFabHTTP.cs:219] PlayFab.Internal.PlayFabHttp/<>c__DisplayClass23_0`1<TResult_REF>:<_MakeApiCall>b__1 ()
 #12  (Mono JIT Code) [PlayFabUnityHttp.cs:244] PlayFab.Internal.PlayFabUnityHttp:OnResponse (string,PlayFab.Internal.CallRequestContainer)
 #13  (Mono JIT Code) [PlayFabUnityHttp.cs:197] PlayFab.Internal.PlayFabUnityHttp/<Post>d__12:MoveNext ()
 #14  (Mono JIT Code) [Coroutines.cs:17] UnityEngine.SetupCoroutine:InvokeMoveNext (System.Collections.IEnumerator,intptr)
 #15  (Mono JIT Code) (wrapper runtime-invoke) <Module>:runtime_invoke_void_object_intptr (object,intptr,intptr,intptr)
 #16 mono_jit_runtime_invoke
 #17 do_runtime_invoke
 #18 mono_runtime_invoke
 #19 scripting_method_invoke(ScriptingMethodPtr, ScriptingObjectPtr, ScriptingArguments&, ScriptingExceptionPtr*, bool)
 #20 ScriptingInvocation::Invoke(ScriptingExceptionPtr*, bool)
 #21 Coroutine::InvokeMoveNext(ScriptingExceptionPtr*)
 #22 Coroutine::Run(bool*)
 #23 AsyncOperation::InvokeCoroutine()
 #24 UnityWebRequestAsyncOperation::InvokeCoroutine()
 #25 UnityWebRequestProto<UnityWebRequestTransport, AtomicRefCounter, RedirectHelper, ResponseHelper, DownloadHandler, UploadHandler, CertificateHandler, HeaderHelper, AsyncOperation>::Job_InvokeCoroutine(AsyncOperation*)
 #26 BackgroundJobQueue::ExecuteMainThreadJobs()
 #27 InitPlayerLoopCallbacks()::EarlyUpdateExecuteMainThreadJobsRegistrator::Forward()
 #28 ExecutePlayerLoop(NativePlayerLoopSystem*)
 #29 ExecutePlayerLoop(NativePlayerLoopSystem*)
 #30 PlayerLoop()
 #31 EditorPlayerLoop::Execute()
 #32 PlayerLoopController::InternalUpdateScene(bool, bool)
 #33 PlayerLoopController::UpdateSceneIfNeededFromMainLoop()
 #34 Application::TickTimer()
 #35 -[EditorApplication onEditorUpdatesTickTimer]
 #36 __NSFireTimer
 #37 __CFRUNLOOP_IS_CALLING_OUT_TO_A_TIMER_CALLBACK_FUNCTION__
 #38 __CFRunLoopDoTimer
 #39 __CFRunLoopDoTimers
 #40 __CFRunLoopRun
 #41 _CFRunLoopRunSpecificWithOptions
 #42 RunCurrentEventLoopInMode
 #43 ReceiveNextEventCommon
 #44 _BlockUntilNextEventMatchingListInMode
 #45 _DPSBlockUntilNextEventMatchingListInMode
 #46 _DPSNextEvent
 #47 -[NSApplication(NSEventRouting) _nextEventMatchingEventMask:untilDate:inMode:dequeue:]
 #48 -[NSApplication(NSEventRouting) nextEventMatchingMask:untilDate:inMode:dequeue:]
 #49 -[NSApplication run]
 #50 NSApplicationMain
 #51 EditorMain(int, char const**)
 #52 main
 #53 start

[StoneCompat] Unequip stone 28F4EDE878BC68E3 from unsupported unit 8921F97300589009
 #0 PlatformStacktrace::GetStacktrace(int, StacktraceTypes::LRUCache<void*, StacktraceTypes::LRUValue>*)
 #1 DebugStringToFileExtended(DebugStringToFileData const&)
 #2 DebugLogHandler_CUSTOM_Internal_Log(LogType, LogOption, BindingsManagedSpan*, void*)
 #3  (Mono JIT Code) (wrapper managed-to-native) UnityEngine.DebugLogHandler:Internal_Log_Injected (UnityEngine.LogType,UnityEngine.LogOption,UnityEngine.Bindings.ManagedSpanWrapper&,intptr)
 #4  (Mono JIT Code) UnityEngine.DebugLogHandler:Internal_Log (UnityEngine.LogType,UnityEngine.LogOption,string,UnityEngine.Object)
 #5  (Mono JIT Code) [DebugLogHandler.cs:10] UnityEngine.DebugLogHandler:LogFormat (UnityEngine.LogType,UnityEngine.Object,string,object[])
 #6  (Mono JIT Code) [Logger.cs:61] UnityEngine.Logger:Log (UnityEngine.LogType,object)
 #7  (Mono JIT Code) [Debug.bindings.cs:216] UnityEngine.Debug:LogWarning (object)
 #8  (Mono JIT Code) [Stones.cs:155] dataAccess.Stones:SanitizeAgainstCurrentUnits ()
 #9  (Mono JIT Code) [Item.cs:107] PlayFabReadClient:OnGetUserInventory (PlayFab.ClientModels.GetUserInventoryResult,System.Action`1<bool>)
 #10  (Mono JIT Code) [Item.cs:23] PlayFabReadClient/<>c__DisplayClass18_0:<LoadItems>b__1 (PlayFab.ClientModels.GetUserInventoryResult)
 #11  (Mono JIT Code) [PlayFabHTTP.cs:219] PlayFab.Internal.PlayFabHttp/<>c__DisplayClass23_0`1<TResult_REF>:<_MakeApiCall>b__1 ()
 #12  (Mono JIT Code) [PlayFabUnityHttp.cs:244] PlayFab.Internal.PlayFabUnityHttp:OnResponse (string,PlayFab.Internal.CallRequestContainer)
 #13  (Mono JIT Code) [PlayFabUnityHttp.cs:197] PlayFab.Internal.PlayFabUnityHttp/<Post>d__12:MoveNext ()
 #14  (Mono JIT Code) [Coroutines.cs:17] UnityEngine.SetupCoroutine:InvokeMoveNext (System.Collections.IEnumerator,intptr)
 #15  (Mono JIT Code) (wrapper runtime-invoke) <Module>:runtime_invoke_void_object_intptr (object,intptr,intptr,intptr)
 #16 mono_jit_runtime_invoke
 #17 do_runtime_invoke
 #18 mono_runtime_invoke
 #19 scripting_method_invoke(ScriptingMethodPtr, ScriptingObjectPtr, ScriptingArguments&, ScriptingExceptionPtr*, bool)
 #20 ScriptingInvocation::Invoke(ScriptingExceptionPtr*, bool)
 #21 Coroutine::InvokeMoveNext(ScriptingExceptionPtr*)
 #22 Coroutine::Run(bool*)
 #23 AsyncOperation::InvokeCoroutine()
 #24 UnityWebRequestAsyncOperation::InvokeCoroutine()
 #25 UnityWebRequestProto<UnityWebRequestTransport, AtomicRefCounter, RedirectHelper, ResponseHelper, DownloadHandler, UploadHandler, CertificateHandler, HeaderHelper, AsyncOperation>::Job_InvokeCoroutine(AsyncOperation*)
 #26 BackgroundJobQueue::ExecuteMainThreadJobs()
 #27 InitPlayerLoopCallbacks()::EarlyUpdateExecuteMainThreadJobsRegistrator::Forward()
 #28 ExecutePlayerLoop(NativePlayerLoopSystem*)
 #29 ExecutePlayerLoop(NativePlayerLoopSystem*)
 #30 PlayerLoop()
 #31 EditorPlayerLoop::Execute()
 #32 PlayerLoopController::InternalUpdateScene(bool, bool)
 #33 PlayerLoopController::UpdateSceneIfNeededFromMainLoop()
 #34 Application::TickTimer()
 #35 -[EditorApplication onEditorUpdatesTickTimer]
 #36 __NSFireTimer
 #37 __CFRUNLOOP_IS_CALLING_OUT_TO_A_TIMER_CALLBACK_FUNCTION__
 #38 __CFRunLoopDoTimer
 #39 __CFRunLoopDoTimers
 #40 __CFRunLoopRun
 #41 _CFRunLoopRunSpecificWithOptions
 #42 RunCurrentEventLoopInMode
 #43 ReceiveNextEventCommon
 #44 _BlockUntilNextEventMatchingListInMode
 #45 _DPSBlockUntilNextEventMatchingListInMode
 #46 _DPSNextEvent
 #47 -[NSApplication(NSEventRouting) _nextEventMatchingEventMask:untilDate:inMode:dequeue:]
 #48 -[NSApplication(NSEventRouting) nextEventMatchingMask:untilDate:inMode:dequeue:]
 #49 -[NSApplication run]
 #50 NSApplicationMain
 #51 EditorMain(int, char const**)
 #52 main
 #53 start

[StoneCompat] Unequip stone 122FBA05692C4F61 from unsupported unit 8921F97300589009
 #0 PlatformStacktrace::GetStacktrace(int, StacktraceTypes::LRUCache<void*, StacktraceTypes::LRUValue>*)
 #1 DebugStringToFileExtended(DebugStringToFileData const&)
 #2 DebugLogHandler_CUSTOM_Internal_Log(LogType, LogOption, BindingsManagedSpan*, void*)
 #3  (Mono JIT Code) (wrapper managed-to-native) UnityEngine.DebugLogHandler:Internal_Log_Injected (UnityEngine.LogType,UnityEngine.LogOption,UnityEngine.Bindings.ManagedSpanWrapper&,intptr)
 #4  (Mono JIT Code) UnityEngine.DebugLogHandler:Internal_Log (UnityEngine.LogType,UnityEngine.LogOption,string,UnityEngine.Object)
 #5  (Mono JIT Code) [DebugLogHandler.cs:10] UnityEngine.DebugLogHandler:LogFormat (UnityEngine.LogType,UnityEngine.Object,string,object[])
 #6  (Mono JIT Code) [Logger.cs:61] UnityEngine.Logger:Log (UnityEngine.LogType,object)
 #7  (Mono JIT Code) [Debug.bindings.cs:216] UnityEngine.Debug:LogWarning (object)
 #8  (Mono JIT Code) [Stones.cs:155] dataAccess.Stones:SanitizeAgainstCurrentUnits ()
 #9  (Mono JIT Code) [Item.cs:107] PlayFabReadClient:OnGetUserInventory (PlayFab.ClientModels.GetUserInventoryResult,System.Action`1<bool>)
 #10  (Mono JIT Code) [Item.cs:23] PlayFabReadClient/<>c__DisplayClass18_0:<LoadItems>b__1 (PlayFab.ClientModels.GetUserInventoryResult)
 #11  (Mono JIT Code) [PlayFabHTTP.cs:219] PlayFab.Internal.PlayFabHttp/<>c__DisplayClass23_0`1<TResult_REF>:<_MakeApiCall>b__1 ()
 #12  (Mono JIT Code) [PlayFabUnityHttp.cs:244] PlayFab.Internal.PlayFabUnityHttp:OnResponse (string,PlayFab.Internal.CallRequestContainer)
 #13  (Mono JIT Code) [PlayFabUnityHttp.cs:197] PlayFab.Internal.PlayFabUnityHttp/<Post>d__12:MoveNext ()
 #14  (Mono JIT Code) [Coroutines.cs:17] UnityEngine.SetupCoroutine:InvokeMoveNext (System.Collections.IEnumerator,intptr)
 #15  (Mono JIT Code) (wrapper runtime-invoke) <Module>:runtime_invoke_void_object_intptr (object,intptr,intptr,intptr)
 #16 mono_jit_runtime_invoke
 #17 do_runtime_invoke
 #18 mono_runtime_invoke
 #19 scripting_method_invoke(ScriptingMethodPtr, ScriptingObjectPtr, ScriptingArguments&, ScriptingExceptionPtr*, bool)
 #20 ScriptingInvocation::Invoke(ScriptingExceptionPtr*, bool)
 #21 Coroutine::InvokeMoveNext(ScriptingExceptionPtr*)
 #22 Coroutine::Run(bool*)
 #23 AsyncOperation::InvokeCoroutine()
 #24 UnityWebRequestAsyncOperation::InvokeCoroutine()
 #25 UnityWebRequestProto<UnityWebRequestTransport, AtomicRefCounter, RedirectHelper, ResponseHelper, DownloadHandler, UploadHandler, CertificateHandler, HeaderHelper, AsyncOperation>::Job_InvokeCoroutine(AsyncOperation*)
 #26 BackgroundJobQueue::ExecuteMainThreadJobs()
 #27 InitPlayerLoopCallbacks()::EarlyUpdateExecuteMainThreadJobsRegistrator::Forward()
 #28 ExecutePlayerLoop(NativePlayerLoopSystem*)
 #29 ExecutePlayerLoop(NativePlayerLoopSystem*)
 #30 PlayerLoop()
 #31 EditorPlayerLoop::Execute()
 #32 PlayerLoopController::InternalUpdateScene(bool, bool)
 #33 PlayerLoopController::UpdateSceneIfNeededFromMainLoop()
 #34 Application::TickTimer()
 #35 -[EditorApplication onEditorUpdatesTickTimer]
 #36 __NSFireTimer
 #37 __CFRUNLOOP_IS_CALLING_OUT_TO_A_TIMER_CALLBACK_FUNCTION__
 #38 __CFRunLoopDoTimer
 #39 __CFRunLoopDoTimers
 #40 __CFRunLoopRun
 #41 _CFRunLoopRunSpecificWithOptions
 #42 RunCurrentEventLoopInMode
 #43 ReceiveNextEventCommon
 #44 _BlockUntilNextEventMatchingListInMode
 #45 _DPSBlockUntilNextEventMatchingListInMode
 #46 _DPSNextEvent
 #47 -[NSApplication(NSEventRouting) _nextEventMatchingEventMask:untilDate:inMode:dequeue:]
 #48 -[NSApplication(NSEventRouting) nextEventMatchingMask:untilDate:inMode:dequeue:]
 #49 -[NSApplication run]
 #50 NSApplicationMain
 #51 EditorMain(int, char const**)
 #52 main
 #53 start

[StoneCompat] Unequip stone 3B1400BBD933411D from unsupported unit 8921F97300589009
 #0 PlatformStacktrace::GetStacktrace(int, StacktraceTypes::LRUCache<void*, StacktraceTypes::LRUValue>*)
 #1 DebugStringToFileExtended(DebugStringToFileData const&)
 #2 DebugLogHandler_CUSTOM_Internal_Log(LogType, LogOption, BindingsManagedSpan*, void*)
 #3  (Mono JIT Code) (wrapper managed-to-native) UnityEngine.DebugLogHandler:Internal_Log_Injected (UnityEngine.LogType,UnityEngine.LogOption,UnityEngine.Bindings.ManagedSpanWrapper&,intptr)
 #4  (Mono JIT Code) UnityEngine.DebugLogHandler:Internal_Log (UnityEngine.LogType,UnityEngine.LogOption,string,UnityEngine.Object)
 #5  (Mono JIT Code) [DebugLogHandler.cs:10] UnityEngine.DebugLogHandler:LogFormat (UnityEngine.LogType,UnityEngine.Object,string,object[])
 #6  (Mono JIT Code) [Logger.cs:61] UnityEngine.Logger:Log (UnityEngine.LogType,object)
 #7  (Mono JIT Code) [Debug.bindings.cs:216] UnityEngine.Debug:LogWarning (object)
 #8  (Mono JIT Code) [Stones.cs:155] dataAccess.Stones:SanitizeAgainstCurrentUnits ()
 #9  (Mono JIT Code) [Item.cs:107] PlayFabReadClient:OnGetUserInventory (PlayFab.ClientModels.GetUserInventoryResult,System.Action`1<bool>)
 #10  (Mono JIT Code) [Item.cs:23] PlayFabReadClient/<>c__DisplayClass18_0:<LoadItems>b__1 (PlayFab.ClientModels.GetUserInventoryResult)
 #11  (Mono JIT Code) [PlayFabHTTP.cs:219] PlayFab.Internal.PlayFabHttp/<>c__DisplayClass23_0`1<TResult_REF>:<_MakeApiCall>b__1 ()
 #12  (Mono JIT Code) [PlayFabUnityHttp.cs:244] PlayFab.Internal.PlayFabUnityHttp:OnResponse (string,PlayFab.Internal.CallRequestContainer)
 #13  (Mono JIT Code) [PlayFabUnityHttp.cs:197] PlayFab.Internal.PlayFabUnityHttp/<Post>d__12:MoveNext ()
 #14  (Mono JIT Code) [Coroutines.cs:17] UnityEngine.SetupCoroutine:InvokeMoveNext (System.Collections.IEnumerator,intptr)
 #15  (Mono JIT Code) (wrapper runtime-invoke) <Module>:runtime_invoke_void_object_intptr (object,intptr,intptr,intptr)
 #16 mono_jit_runtime_invoke
 #17 do_runtime_invoke
 #18 mono_runtime_invoke
 #19 scripting_method_invoke(ScriptingMethodPtr, ScriptingObjectPtr, ScriptingArguments&, ScriptingExceptionPtr*, bool)
 #20 ScriptingInvocation::Invoke(ScriptingExceptionPtr*, bool)
 #21 Coroutine::InvokeMoveNext(ScriptingExceptionPtr*)
 #22 Coroutine::Run(bool*)
 #23 AsyncOperation::InvokeCoroutine()
 #24 UnityWebRequestAsyncOperation::InvokeCoroutine()
 #25 UnityWebRequestProto<UnityWebRequestTransport, AtomicRefCounter, RedirectHelper, ResponseHelper, DownloadHandler, UploadHandler, CertificateHandler, HeaderHelper, AsyncOperation>::Job_InvokeCoroutine(AsyncOperation*)
 #26 BackgroundJobQueue::ExecuteMainThreadJobs()
 #27 InitPlayerLoopCallbacks()::EarlyUpdateExecuteMainThreadJobsRegistrator::Forward()
 #28 ExecutePlayerLoop(NativePlayerLoopSystem*)
 #29 ExecutePlayerLoop(NativePlayerLoopSystem*)
 #30 PlayerLoop()
 #31 EditorPlayerLoop::Execute()
 #32 PlayerLoopController::InternalUpdateScene(bool, bool)
 #33 PlayerLoopController::UpdateSceneIfNeededFromMainLoop()
 #34 Application::TickTimer()
 #35 -[EditorApplication onEditorUpdatesTickTimer]
 #36 __NSFireTimer
 #37 __CFRUNLOOP_IS_CALLING_OUT_TO_A_TIMER_CALLBACK_FUNCTION__
 #38 __CFRunLoopDoTimer
 #39 __CFRunLoopDoTimers
 #40 __CFRunLoopRun
 #41 _CFRunLoopRunSpecificWithOptions
 #42 RunCurrentEventLoopInMode
 #43 ReceiveNextEventCommon
 #44 _BlockUntilNextEventMatchingListInMode
 #45 _DPSBlockUntilNextEventMatchingListInMode
 #46 _DPSNextEvent
 #47 -[NSApplication(NSEventRouting) _nextEventMatchingEventMask:untilDate:inMode:dequeue:]
 #48 -[NSApplication(NSEventRouting) nextEventMatchingMask:untilDate:inMode:dequeue:]
 #49 -[NSApplication run]
 #50 NSApplicationMain
 #51 EditorMain(int, char const**)
 #52 main
 #53 start

[InventoryCompat] Ignore unsupported unit item: 17
 #0 PlatformStacktrace::GetStacktrace(int, StacktraceTypes::LRUCache<void*, StacktraceTypes::LRUValue>*)
 #1 DebugStringToFileExtended(DebugStringToFileData const&)
 #2 DebugLogHandler_CUSTOM_Internal_Log(LogType, LogOption, BindingsManagedSpan*, void*)
 #3  (Mono JIT Code) (wrapper managed-to-native) UnityEngine.DebugLogHandler:Internal_Log_Injected (UnityEngine.LogType,UnityEngine.LogOption,UnityEngine.Bindings.ManagedSpanWrapper&,intptr)
 #4  (Mono JIT Code) UnityEngine.DebugLogHandler:Internal_Log (UnityEngine.LogType,UnityEngine.LogOption,string,UnityEngine.Object)
 #5  (Mono JIT Code) [DebugLogHandler.cs:10] UnityEngine.DebugLogHandler:LogFormat (UnityEngine.LogType,UnityEngine.Object,string,object[])
 #6  (Mono JIT Code) [Logger.cs:61] UnityEngine.Logger:Log (UnityEngine.LogType,object)
 #7  (Mono JIT Code) [Debug.bindings.cs:216] UnityEngine.Debug:LogWarning (object)
 #8  (Mono JIT Code) [Item.cs:63] PlayFabReadClient:OnGetUserInventory (PlayFab.ClientModels.GetUserInventoryResult,System.Action`1<bool>)
 #9  (Mono JIT Code) [Item.cs:23] PlayFabReadClient/<>c__DisplayClass18_0:<LoadItems>b__1 (PlayFab.ClientModels.GetUserInventoryResult)
 #10  (Mono JIT Code) [PlayFabHTTP.cs:219] PlayFab.Internal.PlayFabHttp/<>c__DisplayClass23_0`1<TResult_REF>:<_MakeApiCall>b__1 ()
 #11  (Mono JIT Code) [PlayFabUnityHttp.cs:244] PlayFab.Internal.PlayFabUnityHttp:OnResponse (string,PlayFab.Internal.CallRequestContainer)
 #12  (Mono JIT Code) [PlayFabUnityHttp.cs:197] PlayFab.Internal.PlayFabUnityHttp/<Post>d__12:MoveNext ()
 #13  (Mono JIT Code) [Coroutines.cs:17] UnityEngine.SetupCoroutine:InvokeMoveNext (System.Collections.IEnumerator,intptr)
 #14  (Mono JIT Code) (wrapper runtime-invoke) <Module>:runtime_invoke_void_object_intptr (object,intptr,intptr,intptr)
 #15 mono_jit_runtime_invoke
 #16 do_runtime_invoke
 #17 mono_runtime_invoke
 #18 scripting_method_invoke(ScriptingMethodPtr, ScriptingObjectPtr, ScriptingArguments&, ScriptingExceptionPtr*, bool)
 #19 ScriptingInvocation::Invoke(ScriptingExceptionPtr*, bool)
 #20 Coroutine::InvokeMoveNext(ScriptingExceptionPtr*)
 #21 Coroutine::Run(bool*)
 #22 AsyncOperation::InvokeCoroutine()
 #23 UnityWebRequestAsyncOperation::InvokeCoroutine()
 #24 UnityWebRequestProto<UnityWebRequestTransport, AtomicRefCounter, RedirectHelper, ResponseHelper, DownloadHandler, UploadHandler, CertificateHandler, HeaderHelper, AsyncOperation>::Job_InvokeCoroutine(AsyncOperation*)
 #25 BackgroundJobQueue::ExecuteMainThreadJobs()
 #26 InitPlayerLoopCallbacks()::EarlyUpdateExecuteMainThreadJobsRegistrator::Forward()
 #27 ExecutePlayerLoop(NativePlayerLoopSystem*)
 #28 ExecutePlayerLoop(NativePlayerLoopSystem*)
 #29 PlayerLoop()
 #30 EditorPlayerLoop::Execute()
 #31 PlayerLoopController::InternalUpdateScene(bool, bool)
 #32 PlayerLoopController::UpdateSceneIfNeededFromMainLoop()
 #33 Application::TickTimer()
 #34 -[EditorApplication onEditorUpdatesTickTimer]
 #35 __NSFireTimer
 #36 __CFRUNLOOP_IS_CALLING_OUT_TO_A_TIMER_CALLBACK_FUNCTION__
 #37 __CFRunLoopDoTimer
 #38 __CFRunLoopDoTimers
 #39 __CFRunLoopRun
 #40 _CFRunLoopRunSpecificWithOptions
 #41 RunCurrentEventLoopInMode
 #42 ReceiveNextEventCommon
 #43 _BlockUntilNextEventMatchingListInMode
 #44 _DPSBlockUntilNextEventMatchingListInMode
 #45 _DPSNextEvent
 #46 -[NSApplication(NSEventRouting) _nextEventMatchingEventMask:untilDate:inMode:dequeue:]
 #47 -[NSApplication(NSEventRouting) nextEventMatchingMask:untilDate:inMode:dequeue:]
 #48 -[NSApplication run]
 #49 NSApplicationMain
 #50 EditorMain(int, char const**)
 #51 main
 #52 start

[StoneCompat] Unequip stone 670DA16F6F1EE4E6 from unsupported unit 8921F97300589009
 #0 PlatformStacktrace::GetStacktrace(int, StacktraceTypes::LRUCache<void*, StacktraceTypes::LRUValue>*)
 #1 DebugStringToFileExtended(DebugStringToFileData const&)
 #2 DebugLogHandler_CUSTOM_Internal_Log(LogType, LogOption, BindingsManagedSpan*, void*)
 #3  (Mono JIT Code) (wrapper managed-to-native) UnityEngine.DebugLogHandler:Internal_Log_Injected (UnityEngine.LogType,UnityEngine.LogOption,UnityEngine.Bindings.ManagedSpanWrapper&,intptr)
 #4  (Mono JIT Code) UnityEngine.DebugLogHandler:Internal_Log (UnityEngine.LogType,UnityEngine.LogOption,string,UnityEngine.Object)
 #5  (Mono JIT Code) [DebugLogHandler.cs:10] UnityEngine.DebugLogHandler:LogFormat (UnityEngine.LogType,UnityEngine.Object,string,object[])
 #6  (Mono JIT Code) [Logger.cs:61] UnityEngine.Logger:Log (UnityEngine.LogType,object)
 #7  (Mono JIT Code) [Debug.bindings.cs:216] UnityEngine.Debug:LogWarning (object)
 #8  (Mono JIT Code) [Stones.cs:155] dataAccess.Stones:SanitizeAgainstCurrentUnits ()
 #9  (Mono JIT Code) [Item.cs:107] PlayFabReadClient:OnGetUserInventory (PlayFab.ClientModels.GetUserInventoryResult,System.Action`1<bool>)
 #10  (Mono JIT Code) [Item.cs:23] PlayFabReadClient/<>c__DisplayClass18_0:<LoadItems>b__1 (PlayFab.ClientModels.GetUserInventoryResult)
 #11  (Mono JIT Code) [PlayFabHTTP.cs:219] PlayFab.Internal.PlayFabHttp/<>c__DisplayClass23_0`1<TResult_REF>:<_MakeApiCall>b__1 ()
 #12  (Mono JIT Code) [PlayFabUnityHttp.cs:244] PlayFab.Internal.PlayFabUnityHttp:OnResponse (string,PlayFab.Internal.CallRequestContainer)
 #13  (Mono JIT Code) [PlayFabUnityHttp.cs:197] PlayFab.Internal.PlayFabUnityHttp/<Post>d__12:MoveNext ()
 #14  (Mono JIT Code) [Coroutines.cs:17] UnityEngine.SetupCoroutine:InvokeMoveNext (System.Collections.IEnumerator,intptr)
 #15  (Mono JIT Code) (wrapper runtime-invoke) <Module>:runtime_invoke_void_object_intptr (object,intptr,intptr,intptr)
 #16 mono_jit_runtime_invoke
 #17 do_runtime_invoke
 #18 mono_runtime_invoke
 #19 scripting_method_invoke(ScriptingMethodPtr, ScriptingObjectPtr, ScriptingArguments&, ScriptingExceptionPtr*, bool)
 #20 ScriptingInvocation::Invoke(ScriptingExceptionPtr*, bool)
 #21 Coroutine::InvokeMoveNext(ScriptingExceptionPtr*)
 #22 Coroutine::Run(bool*)
 #23 AsyncOperation::InvokeCoroutine()
 #24 UnityWebRequestAsyncOperation::InvokeCoroutine()
 #25 UnityWebRequestProto<UnityWebRequestTransport, AtomicRefCounter, RedirectHelper, ResponseHelper, DownloadHandler, UploadHandler, CertificateHandler, HeaderHelper, AsyncOperation>::Job_InvokeCoroutine(AsyncOperation*)
 #26 BackgroundJobQueue::ExecuteMainThreadJobs()
 #27 InitPlayerLoopCallbacks()::EarlyUpdateExecuteMainThreadJobsRegistrator::Forward()
 #28 ExecutePlayerLoop(NativePlayerLoopSystem*)
 #29 ExecutePlayerLoop(NativePlayerLoopSystem*)
 #30 PlayerLoop()
 #31 EditorPlayerLoop::Execute()
 #32 PlayerLoopController::InternalUpdateScene(bool, bool)
 #33 PlayerLoopController::UpdateSceneIfNeededFromMainLoop()
 #34 Application::TickTimer()
 #35 -[EditorApplication onEditorUpdatesTickTimer]
 #36 __NSFireTimer
 #37 __CFRUNLOOP_IS_CALLING_OUT_TO_A_TIMER_CALLBACK_FUNCTION__
 #38 __CFRunLoopDoTimer
 #39 __CFRunLoopDoTimers
 #40 __CFRunLoopRun
 #41 _CFRunLoopRunSpecificWithOptions
 #42 RunCurrentEventLoopInMode
 #43 ReceiveNextEventCommon
 #44 _BlockUntilNextEventMatchingListInMode
 #45 _DPSBlockUntilNextEventMatchingListInMode
 #46 _DPSNextEvent
 #47 -[NSApplication(NSEventRouting) _nextEventMatchingEventMask:untilDate:inMode:dequeue:]
 #48 -[NSApplication(NSEventRouting) nextEventMatchingMask:untilDate:inMode:dequeue:]
 #49 -[NSApplication run]
 #50 NSApplicationMain
 #51 EditorMain(int, char const**)
 #52 main
 #53 start

[StoneCompat] Unequip stone BF5DCDC87F8211FF from unsupported unit 8921F97300589009
 #0 PlatformStacktrace::GetStacktrace(int, StacktraceTypes::LRUCache<void*, StacktraceTypes::LRUValue>*)
 #1 DebugStringToFileExtended(DebugStringToFileData const&)
 #2 DebugLogHandler_CUSTOM_Internal_Log(LogType, LogOption, BindingsManagedSpan*, void*)
 #3  (Mono JIT Code) (wrapper managed-to-native) UnityEngine.DebugLogHandler:Internal_Log_Injected (UnityEngine.LogType,UnityEngine.LogOption,UnityEngine.Bindings.ManagedSpanWrapper&,intptr)
 #4  (Mono JIT Code) UnityEngine.DebugLogHandler:Internal_Log (UnityEngine.LogType,UnityEngine.LogOption,string,UnityEngine.Object)
 #5  (Mono JIT Code) [DebugLogHandler.cs:10] UnityEngine.DebugLogHandler:LogFormat (UnityEngine.LogType,UnityEngine.Object,string,object[])
 #6  (Mono JIT Code) [Logger.cs:61] UnityEngine.Logger:Log (UnityEngine.LogType,object)
 #7  (Mono JIT Code) [Debug.bindings.cs:216] UnityEngine.Debug:LogWarning (object)
 #8  (Mono JIT Code) [Stones.cs:155] dataAccess.Stones:SanitizeAgainstCurrentUnits ()
 #9  (Mono JIT Code) [Item.cs:107] PlayFabReadClient:OnGetUserInventory (PlayFab.ClientModels.GetUserInventoryResult,System.Action`1<bool>)
 #10  (Mono JIT Code) [Item.cs:23] PlayFabReadClient/<>c__DisplayClass18_0:<LoadItems>b__1 (PlayFab.ClientModels.GetUserInventoryResult)
 #11  (Mono JIT Code) [PlayFabHTTP.cs:219] PlayFab.Internal.PlayFabHttp/<>c__DisplayClass23_0`1<TResult_REF>:<_MakeApiCall>b__1 ()
 #12  (Mono JIT Code) [PlayFabUnityHttp.cs:244] PlayFab.Internal.PlayFabUnityHttp:OnResponse (string,PlayFab.Internal.CallRequestContainer)
 #13  (Mono JIT Code) [PlayFabUnityHttp.cs:197] PlayFab.Internal.PlayFabUnityHttp/<Post>d__12:MoveNext ()
 #14  (Mono JIT Code) [Coroutines.cs:17] UnityEngine.SetupCoroutine:InvokeMoveNext (System.Collections.IEnumerator,intptr)
 #15  (Mono JIT Code) (wrapper runtime-invoke) <Module>:runtime_invoke_void_object_intptr (object,intptr,intptr,intptr)
 #16 mono_jit_runtime_invoke
 #17 do_runtime_invoke
 #18 mono_runtime_invoke
 #19 scripting_method_invoke(ScriptingMethodPtr, ScriptingObjectPtr, ScriptingArguments&, ScriptingExceptionPtr*, bool)
 #20 ScriptingInvocation::Invoke(ScriptingExceptionPtr*, bool)
 #21 Coroutine::InvokeMoveNext(ScriptingExceptionPtr*)
 #22 Coroutine::Run(bool*)
 #23 AsyncOperation::InvokeCoroutine()
 #24 UnityWebRequestAsyncOperation::InvokeCoroutine()
 #25 UnityWebRequestProto<UnityWebRequestTransport, AtomicRefCounter, RedirectHelper, ResponseHelper, DownloadHandler, UploadHandler, CertificateHandler, HeaderHelper, AsyncOperation>::Job_InvokeCoroutine(AsyncOperation*)
 #26 BackgroundJobQueue::ExecuteMainThreadJobs()
 #27 InitPlayerLoopCallbacks()::EarlyUpdateExecuteMainThreadJobsRegistrator::Forward()
 #28 ExecutePlayerLoop(NativePlayerLoopSystem*)
 #29 ExecutePlayerLoop(NativePlayerLoopSystem*)
 #30 PlayerLoop()
 #31 EditorPlayerLoop::Execute()
 #32 PlayerLoopController::InternalUpdateScene(bool, bool)
 #33 PlayerLoopController::UpdateSceneIfNeededFromMainLoop()
 #34 Application::TickTimer()
 #35 -[EditorApplication onEditorUpdatesTickTimer]
 #36 __NSFireTimer
 #37 __CFRUNLOOP_IS_CALLING_OUT_TO_A_TIMER_CALLBACK_FUNCTION__
 #38 __CFRunLoopDoTimer
 #39 __CFRunLoopDoTimers
 #40 __CFRunLoopRun
 #41 _CFRunLoopRunSpecificWithOptions
 #42 RunCurrentEventLoopInMode
 #43 ReceiveNextEventCommon
 #44 _BlockUntilNextEventMatchingListInMode
 #45 _DPSBlockUntilNextEventMatchingListInMode
 #46 _DPSNextEvent
 #47 -[NSApplication(NSEventRouting) _nextEventMatchingEventMask:untilDate:inMode:dequeue:]
 #48 -[NSApplication(NSEventRouting) nextEventMatchingMask:untilDate:inMode:dequeue:]
 #49 -[NSApplication run]
 #50 NSApplicationMain
 #51 EditorMain(int, char const**)
 #52 main
 #53 start

[StoneCompat] Unequip stone 6A23D653EE28AF84 from unsupported unit 8921F97300589009
 #0 PlatformStacktrace::GetStacktrace(int, StacktraceTypes::LRUCache<void*, StacktraceTypes::LRUValue>*)
 #1 DebugStringToFileExtended(DebugStringToFileData const&)
 #2 DebugLogHandler_CUSTOM_Internal_Log(LogType, LogOption, BindingsManagedSpan*, void*)
 #3  (Mono JIT Code) (wrapper managed-to-native) UnityEngine.DebugLogHandler:Internal_Log_Injected (UnityEngine.LogType,UnityEngine.LogOption,UnityEngine.Bindings.ManagedSpanWrapper&,intptr)
 #4  (Mono JIT Code) UnityEngine.DebugLogHandler:Internal_Log (UnityEngine.LogType,UnityEngine.LogOption,string,UnityEngine.Object)
 #5  (Mono JIT Code) [DebugLogHandler.cs:10] UnityEngine.DebugLogHandler:LogFormat (UnityEngine.LogType,UnityEngine.Object,string,object[])
 #6  (Mono JIT Code) [Logger.cs:61] UnityEngine.Logger:Log (UnityEngine.LogType,object)
 #7  (Mono JIT Code) [Debug.bindings.cs:216] UnityEngine.Debug:LogWarning (object)
 #8  (Mono JIT Code) [Stones.cs:155] dataAccess.Stones:SanitizeAgainstCurrentUnits ()
 #9  (Mono JIT Code) [Item.cs:107] PlayFabReadClient:OnGetUserInventory (PlayFab.ClientModels.GetUserInventoryResult,System.Action`1<bool>)
 #10  (Mono JIT Code) [Item.cs:23] PlayFabReadClient/<>c__DisplayClass18_0:<LoadItems>b__1 (PlayFab.ClientModels.GetUserInventoryResult)
 #11  (Mono JIT Code) [PlayFabHTTP.cs:219] PlayFab.Internal.PlayFabHttp/<>c__DisplayClass23_0`1<TResult_REF>:<_MakeApiCall>b__1 ()
 #12  (Mono JIT Code) [PlayFabUnityHttp.cs:244] PlayFab.Internal.PlayFabUnityHttp:OnResponse (string,PlayFab.Internal.CallRequestContainer)
 #13  (Mono JIT Code) [PlayFabUnityHttp.cs:197] PlayFab.Internal.PlayFabUnityHttp/<Post>d__12:MoveNext ()
 #14  (Mono JIT Code) [Coroutines.cs:17] UnityEngine.SetupCoroutine:InvokeMoveNext (System.Collections.IEnumerator,intptr)
 #15  (Mono JIT Code) (wrapper runtime-invoke) <Module>:runtime_invoke_void_object_intptr (object,intptr,intptr,intptr)
 #16 mono_jit_runtime_invoke
 #17 do_runtime_invoke
 #18 mono_runtime_invoke
 #19 scripting_method_invoke(ScriptingMethodPtr, ScriptingObjectPtr, ScriptingArguments&, ScriptingExceptionPtr*, bool)
 #20 ScriptingInvocation::Invoke(ScriptingExceptionPtr*, bool)
 #21 Coroutine::InvokeMoveNext(ScriptingExceptionPtr*)
 #22 Coroutine::Run(bool*)
 #23 AsyncOperation::InvokeCoroutine()
 #24 UnityWebRequestAsyncOperation::InvokeCoroutine()
 #25 UnityWebRequestProto<UnityWebRequestTransport, AtomicRefCounter, RedirectHelper, ResponseHelper, DownloadHandler, UploadHandler, CertificateHandler, HeaderHelper, AsyncOperation>::Job_InvokeCoroutine(AsyncOperation*)
 #26 BackgroundJobQueue::ExecuteMainThreadJobs()
 #27 InitPlayerLoopCallbacks()::EarlyUpdateExecuteMainThreadJobsRegistrator::Forward()
 #28 ExecutePlayerLoop(NativePlayerLoopSystem*)
 #29 ExecutePlayerLoop(NativePlayerLoopSystem*)
 #30 PlayerLoop()
 #31 EditorPlayerLoop::Execute()
 #32 PlayerLoopController::InternalUpdateScene(bool, bool)
 #33 PlayerLoopController::UpdateSceneIfNeededFromMainLoop()
 #34 Application::TickTimer()
 #35 -[EditorApplication onEditorUpdatesTickTimer]
 #36 __NSFireTimer
 #37 __CFRUNLOOP_IS_CALLING_OUT_TO_A_TIMER_CALLBACK_FUNCTION__
 #38 __CFRunLoopDoTimer
 #39 __CFRunLoopDoTimers
 #40 __CFRunLoopRun
 #41 _CFRunLoopRunSpecificWithOptions
 #42 RunCurrentEventLoopInMode
 #43 ReceiveNextEventCommon
 #44 _BlockUntilNextEventMatchingListInMode
 #45 _DPSBlockUntilNextEventMatchingListInMode
 #46 _DPSNextEvent
 #47 -[NSApplication(NSEventRouting) _nextEventMatchingEventMask:untilDate:inMode:dequeue:]
 #48 -[NSApplication(NSEventRouting) nextEventMatchingMask:untilDate:inMode:dequeue:]
 #49 -[NSApplication run]
 #50 NSApplicationMain
 #51 EditorMain(int, char const**)
 #52 main
 #53 start

[StoneCompat] Unequip stone E864C7E1E15BCE84 from unsupported unit 8921F97300589009
 #0 PlatformStacktrace::GetStacktrace(int, StacktraceTypes::LRUCache<void*, StacktraceTypes::LRUValue>*)
 #1 DebugStringToFileExtended(DebugStringToFileData const&)
 #2 DebugLogHandler_CUSTOM_Internal_Log(LogType, LogOption, BindingsManagedSpan*, void*)
 #3  (Mono JIT Code) (wrapper managed-to-native) UnityEngine.DebugLogHandler:Internal_Log_Injected (UnityEngine.LogType,UnityEngine.LogOption,UnityEngine.Bindings.ManagedSpanWrapper&,intptr)
 #4  (Mono JIT Code) UnityEngine.DebugLogHandler:Internal_Log (UnityEngine.LogType,UnityEngine.LogOption,string,UnityEngine.Object)
 #5  (Mono JIT Code) [DebugLogHandler.cs:10] UnityEngine.DebugLogHandler:LogFormat (UnityEngine.LogType,UnityEngine.Object,string,object[])
 #6  (Mono JIT Code) [Logger.cs:61] UnityEngine.Logger:Log (UnityEngine.LogType,object)
 #7  (Mono JIT Code) [Debug.bindings.cs:216] UnityEngine.Debug:LogWarning (object)
 #8  (Mono JIT Code) [Stones.cs:155] dataAccess.Stones:SanitizeAgainstCurrentUnits ()
 #9  (Mono JIT Code) [Item.cs:107] PlayFabReadClient:OnGetUserInventory (PlayFab.ClientModels.GetUserInventoryResult,System.Action`1<bool>)
 #10  (Mono JIT Code) [Item.cs:23] PlayFabReadClient/<>c__DisplayClass18_0:<LoadItems>b__1 (PlayFab.ClientModels.GetUserInventoryResult)
 #11  (Mono JIT Code) [PlayFabHTTP.cs:219] PlayFab.Internal.PlayFabHttp/<>c__DisplayClass23_0`1<TResult_REF>:<_MakeApiCall>b__1 ()
 #12  (Mono JIT Code) [PlayFabUnityHttp.cs:244] PlayFab.Internal.PlayFabUnityHttp:OnResponse (string,PlayFab.Internal.CallRequestContainer)
 #13  (Mono JIT Code) [PlayFabUnityHttp.cs:197] PlayFab.Internal.PlayFabUnityHttp/<Post>d__12:MoveNext ()
 #14  (Mono JIT Code) [Coroutines.cs:17] UnityEngine.SetupCoroutine:InvokeMoveNext (System.Collections.IEnumerator,intptr)
 #15  (Mono JIT Code) (wrapper runtime-invoke) <Module>:runtime_invoke_void_object_intptr (object,intptr,intptr,intptr)
 #16 mono_jit_runtime_invoke
 #17 do_runtime_invoke
 #18 mono_runtime_invoke
 #19 scripting_method_invoke(ScriptingMethodPtr, ScriptingObjectPtr, ScriptingArguments&, ScriptingExceptionPtr*, bool)
 #20 ScriptingInvocation::Invoke(ScriptingExceptionPtr*, bool)
 #21 Coroutine::InvokeMoveNext(ScriptingExceptionPtr*)
 #22 Coroutine::Run(bool*)
 #23 AsyncOperation::InvokeCoroutine()
 #24 UnityWebRequestAsyncOperation::InvokeCoroutine()
 #25 UnityWebRequestProto<UnityWebRequestTransport, AtomicRefCounter, RedirectHelper, ResponseHelper, DownloadHandler, UploadHandler, CertificateHandler, HeaderHelper, AsyncOperation>::Job_InvokeCoroutine(AsyncOperation*)
 #26 BackgroundJobQueue::ExecuteMainThreadJobs()
 #27 InitPlayerLoopCallbacks()::EarlyUpdateExecuteMainThreadJobsRegistrator::Forward()
 #28 ExecutePlayerLoop(NativePlayerLoopSystem*)
 #29 ExecutePlayerLoop(NativePlayerLoopSystem*)
 #30 PlayerLoop()
 #31 EditorPlayerLoop::Execute()
 #32 PlayerLoopController::InternalUpdateScene(bool, bool)
 #33 PlayerLoopController::UpdateSceneIfNeededFromMainLoop()
 #34 Application::TickTimer()
 #35 -[EditorApplication onEditorUpdatesTickTimer]
 #36 __NSFireTimer
 #37 __CFRUNLOOP_IS_CALLING_OUT_TO_A_TIMER_CALLBACK_FUNCTION__
 #38 __CFRunLoopDoTimer
 #39 __CFRunLoopDoTimers
 #40 __CFRunLoopRun
 #41 _CFRunLoopRunSpecificWithOptions
 #42 RunCurrentEventLoopInMode
 #43 ReceiveNextEventCommon
 #44 _BlockUntilNextEventMatchingListInMode
 #45 _DPSBlockUntilNextEventMatchingListInMode
 #46 _DPSNextEvent
 #47 -[NSApplication(NSEventRouting) _nextEventMatchingEventMask:untilDate:inMode:dequeue:]
 #48 -[NSApplication(NSEventRouting) nextEventMatchingMask:untilDate:inMode:dequeue:]
 #49 -[NSApplication run]
 #50 NSApplicationMain
 #51 EditorMain(int, char const**)
 #52 main
 #53 start

[StoneCompat] Unequip stone A0293118780B9011 from unsupported unit 8921F97300589009
 #0 PlatformStacktrace::GetStacktrace(int, StacktraceTypes::LRUCache<void*, StacktraceTypes::LRUValue>*)
 #1 DebugStringToFileExtended(DebugStringToFileData const&)
 #2 DebugLogHandler_CUSTOM_Internal_Log(LogType, LogOption, BindingsManagedSpan*, void*)
 #3  (Mono JIT Code) (wrapper managed-to-native) UnityEngine.DebugLogHandler:Internal_Log_Injected (UnityEngine.LogType,UnityEngine.LogOption,UnityEngine.Bindings.ManagedSpanWrapper&,intptr)
 #4  (Mono JIT Code) UnityEngine.DebugLogHandler:Internal_Log (UnityEngine.LogType,UnityEngine.LogOption,string,UnityEngine.Object)
 #5  (Mono JIT Code) [DebugLogHandler.cs:10] UnityEngine.DebugLogHandler:LogFormat (UnityEngine.LogType,UnityEngine.Object,string,object[])
 #6  (Mono JIT Code) [Logger.cs:61] UnityEngine.Logger:Log (UnityEngine.LogType,object)
 #7  (Mono JIT Code) [Debug.bindings.cs:216] UnityEngine.Debug:LogWarning (object)
 #8  (Mono JIT Code) [Stones.cs:155] dataAccess.Stones:SanitizeAgainstCurrentUnits ()
 #9  (Mono JIT Code) [Item.cs:107] PlayFabReadClient:OnGetUserInventory (PlayFab.ClientModels.GetUserInventoryResult,System.Action`1<bool>)
 #10  (Mono JIT Code) [Item.cs:23] PlayFabReadClient/<>c__DisplayClass18_0:<LoadItems>b__1 (PlayFab.ClientModels.GetUserInventoryResult)
 #11  (Mono JIT Code) [PlayFabHTTP.cs:219] PlayFab.Internal.PlayFabHttp/<>c__DisplayClass23_0`1<TResult_REF>:<_MakeApiCall>b__1 ()
 #12  (Mono JIT Code) [PlayFabUnityHttp.cs:244] PlayFab.Internal.PlayFabUnityHttp:OnResponse (string,PlayFab.Internal.CallRequestContainer)
 #13  (Mono JIT Code) [PlayFabUnityHttp.cs:197] PlayFab.Internal.PlayFabUnityHttp/<Post>d__12:MoveNext ()
 #14  (Mono JIT Code) [Coroutines.cs:17] UnityEngine.SetupCoroutine:InvokeMoveNext (System.Collections.IEnumerator,intptr)
 #15  (Mono JIT Code) (wrapper runtime-invoke) <Module>:runtime_invoke_void_object_intptr (object,intptr,intptr,intptr)
 #16 mono_jit_runtime_invoke
 #17 do_runtime_invoke
 #18 mono_runtime_invoke
 #19 scripting_method_invoke(ScriptingMethodPtr, ScriptingObjectPtr, ScriptingArguments&, ScriptingExceptionPtr*, bool)
 #20 ScriptingInvocation::Invoke(ScriptingExceptionPtr*, bool)
 #21 Coroutine::InvokeMoveNext(ScriptingExceptionPtr*)
 #22 Coroutine::Run(bool*)
 #23 AsyncOperation::InvokeCoroutine()
 #24 UnityWebRequestAsyncOperation::InvokeCoroutine()
 #25 UnityWebRequestProto<UnityWebRequestTransport, AtomicRefCounter, RedirectHelper, ResponseHelper, DownloadHandler, UploadHandler, CertificateHandler, HeaderHelper, AsyncOperation>::Job_InvokeCoroutine(AsyncOperation*)
 #26 BackgroundJobQueue::ExecuteMainThreadJobs()
 #27 InitPlayerLoopCallbacks()::EarlyUpdateExecuteMainThreadJobsRegistrator::Forward()
 #28 ExecutePlayerLoop(NativePlayerLoopSystem*)
 #29 ExecutePlayerLoop(NativePlayerLoopSystem*)
 #30 PlayerLoop()
 #31 EditorPlayerLoop::Execute()
 #32 PlayerLoopController::InternalUpdateScene(bool, bool)
 #33 PlayerLoopController::UpdateSceneIfNeededFromMainLoop()
 #34 Application::TickTimer()
 #35 -[EditorApplication onEditorUpdatesTickTimer]
 #36 __NSFireTimer
 #37 __CFRUNLOOP_IS_CALLING_OUT_TO_A_TIMER_CALLBACK_FUNCTION__
 #38 __CFRunLoopDoTimer
 #39 __CFRunLoopDoTimers
 #40 __CFRunLoopRun
 #41 _CFRunLoopRunSpecificWithOptions
 #42 RunCurrentEventLoopInMode
 #43 ReceiveNextEventCommon
 #44 _BlockUntilNextEventMatchingListInMode
 #45 _DPSBlockUntilNextEventMatchingListInMode
 #46 _DPSNextEvent
 #47 -[NSApplication(NSEventRouting) _nextEventMatchingEventMask:untilDate:inMode:dequeue:]
 #48 -[NSApplication(NSEventRouting) nextEventMatchingMask:untilDate:inMode:dequeue:]
 #49 -[NSApplication run]
 #50 NSApplicationMain
 #51 EditorMain(int, char const**)
 #52 main
 #53 start

[StoneCompat] Unequip stone CFEE8164FB4142F9 from unsupported unit 8921F97300589009
 #0 PlatformStacktrace::GetStacktrace(int, StacktraceTypes::LRUCache<void*, StacktraceTypes::LRUValue>*)
 #1 DebugStringToFileExtended(DebugStringToFileData const&)
 #2 DebugLogHandler_CUSTOM_Internal_Log(LogType, LogOption, BindingsManagedSpan*, void*)
 #3  (Mono JIT Code) (wrapper managed-to-native) UnityEngine.DebugLogHandler:Internal_Log_Injected (UnityEngine.LogType,UnityEngine.LogOption,UnityEngine.Bindings.ManagedSpanWrapper&,intptr)
 #4  (Mono JIT Code) UnityEngine.DebugLogHandler:Internal_Log (UnityEngine.LogType,UnityEngine.LogOption,string,UnityEngine.Object)
 #5  (Mono JIT Code) [DebugLogHandler.cs:10] UnityEngine.DebugLogHandler:LogFormat (UnityEngine.LogType,UnityEngine.Object,string,object[])
 #6  (Mono JIT Code) [Logger.cs:61] UnityEngine.Logger:Log (UnityEngine.LogType,object)
 #7  (Mono JIT Code) [Debug.bindings.cs:216] UnityEngine.Debug:LogWarning (object)
 #8  (Mono JIT Code) [Stones.cs:155] dataAccess.Stones:SanitizeAgainstCurrentUnits ()
 #9  (Mono JIT Code) [Item.cs:107] PlayFabReadClient:OnGetUserInventory (PlayFab.ClientModels.GetUserInventoryResult,System.Action`1<bool>)
 #10  (Mono JIT Code) [Item.cs:23] PlayFabReadClient/<>c__DisplayClass18_0:<LoadItems>b__1 (PlayFab.ClientModels.GetUserInventoryResult)
 #11  (Mono JIT Code) [PlayFabHTTP.cs:219] PlayFab.Internal.PlayFabHttp/<>c__DisplayClass23_0`1<TResult_REF>:<_MakeApiCall>b__1 ()
 #12  (Mono JIT Code) [PlayFabUnityHttp.cs:244] PlayFab.Internal.PlayFabUnityHttp:OnResponse (string,PlayFab.Internal.CallRequestContainer)
 #13  (Mono JIT Code) [PlayFabUnityHttp.cs:197] PlayFab.Internal.PlayFabUnityHttp/<Post>d__12:MoveNext ()
 #14  (Mono JIT Code) [Coroutines.cs:17] UnityEngine.SetupCoroutine:InvokeMoveNext (System.Collections.IEnumerator,intptr)
 #15  (Mono JIT Code) (wrapper runtime-invoke) <Module>:runtime_invoke_void_object_intptr (object,intptr,intptr,intptr)
 #16 mono_jit_runtime_invoke
 #17 do_runtime_invoke
 #18 mono_runtime_invoke
 #19 scripting_method_invoke(ScriptingMethodPtr, ScriptingObjectPtr, ScriptingArguments&, ScriptingExceptionPtr*, bool)
 #20 ScriptingInvocation::Invoke(ScriptingExceptionPtr*, bool)
 #21 Coroutine::InvokeMoveNext(ScriptingExceptionPtr*)
 #22 Coroutine::Run(bool*)
 #23 AsyncOperation::InvokeCoroutine()
 #24 UnityWebRequestAsyncOperation::InvokeCoroutine()
 #25 UnityWebRequestProto<UnityWebRequestTransport, AtomicRefCounter, RedirectHelper, ResponseHelper, DownloadHandler, UploadHandler, CertificateHandler, HeaderHelper, AsyncOperation>::Job_InvokeCoroutine(AsyncOperation*)
 #26 BackgroundJobQueue::ExecuteMainThreadJobs()
 #27 InitPlayerLoopCallbacks()::EarlyUpdateExecuteMainThreadJobsRegistrator::Forward()
 #28 ExecutePlayerLoop(NativePlayerLoopSystem*)
 #29 ExecutePlayerLoop(NativePlayerLoopSystem*)
 #30 PlayerLoop()
 #31 EditorPlayerLoop::Execute()
 #32 PlayerLoopController::InternalUpdateScene(bool, bool)
 #33 PlayerLoopController::UpdateSceneIfNeededFromMainLoop()
 #34 Application::TickTimer()
 #35 -[EditorApplication onEditorUpdatesTickTimer]
 #36 __NSFireTimer
 #37 __CFRUNLOOP_IS_CALLING_OUT_TO_A_TIMER_CALLBACK_FUNCTION__
 #38 __CFRunLoopDoTimer
 #39 __CFRunLoopDoTimers
 #40 __CFRunLoopRun
 #41 _CFRunLoopRunSpecificWithOptions
 #42 RunCurrentEventLoopInMode
 #43 ReceiveNextEventCommon
 #44 _BlockUntilNextEventMatchingListInMode
 #45 _DPSBlockUntilNextEventMatchingListInMode
 #46 _DPSNextEvent
 #47 -[NSApplication(NSEventRouting) _nextEventMatchingEventMask:untilDate:inMode:dequeue:]
 #48 -[NSApplication(NSEventRouting) nextEventMatchingMask:untilDate:inMode:dequeue:]
 #49 -[NSApplication run]
 #50 NSApplicationMain
 #51 EditorMain(int, char const**)
 #52 main
 #53 start

[StoneCompat] Unequip stone 28F4EDE878BC68E3 from unsupported unit 8921F97300589009
 #0 PlatformStacktrace::GetStacktrace(int, StacktraceTypes::LRUCache<void*, StacktraceTypes::LRUValue>*)
 #1 DebugStringToFileExtended(DebugStringToFileData const&)
 #2 DebugLogHandler_CUSTOM_Internal_Log(LogType, LogOption, BindingsManagedSpan*, void*)
 #3  (Mono JIT Code) (wrapper managed-to-native) UnityEngine.DebugLogHandler:Internal_Log_Injected (UnityEngine.LogType,UnityEngine.LogOption,UnityEngine.Bindings.ManagedSpanWrapper&,intptr)
 #4  (Mono JIT Code) UnityEngine.DebugLogHandler:Internal_Log (UnityEngine.LogType,UnityEngine.LogOption,string,UnityEngine.Object)
 #5  (Mono JIT Code) [DebugLogHandler.cs:10] UnityEngine.DebugLogHandler:LogFormat (UnityEngine.LogType,UnityEngine.Object,string,object[])
 #6  (Mono JIT Code) [Logger.cs:61] UnityEngine.Logger:Log (UnityEngine.LogType,object)
 #7  (Mono JIT Code) [Debug.bindings.cs:216] UnityEngine.Debug:LogWarning (object)
 #8  (Mono JIT Code) [Stones.cs:155] dataAccess.Stones:SanitizeAgainstCurrentUnits ()
 #9  (Mono JIT Code) [Item.cs:107] PlayFabReadClient:OnGetUserInventory (PlayFab.ClientModels.GetUserInventoryResult,System.Action`1<bool>)
 #10  (Mono JIT Code) [Item.cs:23] PlayFabReadClient/<>c__DisplayClass18_0:<LoadItems>b__1 (PlayFab.ClientModels.GetUserInventoryResult)
 #11  (Mono JIT Code) [PlayFabHTTP.cs:219] PlayFab.Internal.PlayFabHttp/<>c__DisplayClass23_0`1<TResult_REF>:<_MakeApiCall>b__1 ()
 #12  (Mono JIT Code) [PlayFabUnityHttp.cs:244] PlayFab.Internal.PlayFabUnityHttp:OnResponse (string,PlayFab.Internal.CallRequestContainer)
 #13  (Mono JIT Code) [PlayFabUnityHttp.cs:197] PlayFab.Internal.PlayFabUnityHttp/<Post>d__12:MoveNext ()
 #14  (Mono JIT Code) [Coroutines.cs:17] UnityEngine.SetupCoroutine:InvokeMoveNext (System.Collections.IEnumerator,intptr)
 #15  (Mono JIT Code) (wrapper runtime-invoke) <Module>:runtime_invoke_void_object_intptr (object,intptr,intptr,intptr)
 #16 mono_jit_runtime_invoke
 #17 do_runtime_invoke
 #18 mono_runtime_invoke
 #19 scripting_method_invoke(ScriptingMethodPtr, ScriptingObjectPtr, ScriptingArguments&, ScriptingExceptionPtr*, bool)
 #20 ScriptingInvocation::Invoke(ScriptingExceptionPtr*, bool)
 #21 Coroutine::InvokeMoveNext(ScriptingExceptionPtr*)
 #22 Coroutine::Run(bool*)
 #23 AsyncOperation::InvokeCoroutine()
 #24 UnityWebRequestAsyncOperation::InvokeCoroutine()
 #25 UnityWebRequestProto<UnityWebRequestTransport, AtomicRefCounter, RedirectHelper, ResponseHelper, DownloadHandler, UploadHandler, CertificateHandler, HeaderHelper, AsyncOperation>::Job_InvokeCoroutine(AsyncOperation*)
 #26 BackgroundJobQueue::ExecuteMainThreadJobs()
 #27 InitPlayerLoopCallbacks()::EarlyUpdateExecuteMainThreadJobsRegistrator::Forward()
 #28 ExecutePlayerLoop(NativePlayerLoopSystem*)
 #29 ExecutePlayerLoop(NativePlayerLoopSystem*)
 #30 PlayerLoop()
 #31 EditorPlayerLoop::Execute()
 #32 PlayerLoopController::InternalUpdateScene(bool, bool)
 #33 PlayerLoopController::UpdateSceneIfNeededFromMainLoop()
 #34 Application::TickTimer()
 #35 -[EditorApplication onEditorUpdatesTickTimer]
 #36 __NSFireTimer
 #37 __CFRUNLOOP_IS_CALLING_OUT_TO_A_TIMER_CALLBACK_FUNCTION__
 #38 __CFRunLoopDoTimer
 #39 __CFRunLoopDoTimers
 #40 __CFRunLoopRun
 #41 _CFRunLoopRunSpecificWithOptions
 #42 RunCurrentEventLoopInMode
 #43 ReceiveNextEventCommon
 #44 _BlockUntilNextEventMatchingListInMode
 #45 _DPSBlockUntilNextEventMatchingListInMode
 #46 _DPSNextEvent
 #47 -[NSApplication(NSEventRouting) _nextEventMatchingEventMask:untilDate:inMode:dequeue:]
 #48 -[NSApplication(NSEventRouting) nextEventMatchingMask:untilDate:inMode:dequeue:]
 #49 -[NSApplication run]
 #50 NSApplicationMain
 #51 EditorMain(int, char const**)
 #52 main
 #53 start

[StoneCompat] Unequip stone 122FBA05692C4F61 from unsupported unit 8921F97300589009
 #0 PlatformStacktrace::GetStacktrace(int, StacktraceTypes::LRUCache<void*, StacktraceTypes::LRUValue>*)
 #1 DebugStringToFileExtended(DebugStringToFileData const&)
 #2 DebugLogHandler_CUSTOM_Internal_Log(LogType, LogOption, BindingsManagedSpan*, void*)
 #3  (Mono JIT Code) (wrapper managed-to-native) UnityEngine.DebugLogHandler:Internal_Log_Injected (UnityEngine.LogType,UnityEngine.LogOption,UnityEngine.Bindings.ManagedSpanWrapper&,intptr)
 #4  (Mono JIT Code) UnityEngine.DebugLogHandler:Internal_Log (UnityEngine.LogType,UnityEngine.LogOption,string,UnityEngine.Object)
 #5  (Mono JIT Code) [DebugLogHandler.cs:10] UnityEngine.DebugLogHandler:LogFormat (UnityEngine.LogType,UnityEngine.Object,string,object[])
 #6  (Mono JIT Code) [Logger.cs:61] UnityEngine.Logger:Log (UnityEngine.LogType,object)
 #7  (Mono JIT Code) [Debug.bindings.cs:216] UnityEngine.Debug:LogWarning (object)
 #8  (Mono JIT Code) [Stones.cs:155] dataAccess.Stones:SanitizeAgainstCurrentUnits ()
 #9  (Mono JIT Code) [Item.cs:107] PlayFabReadClient:OnGetUserInventory (PlayFab.ClientModels.GetUserInventoryResult,System.Action`1<bool>)
 #10  (Mono JIT Code) [Item.cs:23] PlayFabReadClient/<>c__DisplayClass18_0:<LoadItems>b__1 (PlayFab.ClientModels.GetUserInventoryResult)
 #11  (Mono JIT Code) [PlayFabHTTP.cs:219] PlayFab.Internal.PlayFabHttp/<>c__DisplayClass23_0`1<TResult_REF>:<_MakeApiCall>b__1 ()
 #12  (Mono JIT Code) [PlayFabUnityHttp.cs:244] PlayFab.Internal.PlayFabUnityHttp:OnResponse (string,PlayFab.Internal.CallRequestContainer)
 #13  (Mono JIT Code) [PlayFabUnityHttp.cs:197] PlayFab.Internal.PlayFabUnityHttp/<Post>d__12:MoveNext ()
 #14  (Mono JIT Code) [Coroutines.cs:17] UnityEngine.SetupCoroutine:InvokeMoveNext (System.Collections.IEnumerator,intptr)
 #15  (Mono JIT Code) (wrapper runtime-invoke) <Module>:runtime_invoke_void_object_intptr (object,intptr,intptr,intptr)
 #16 mono_jit_runtime_invoke
 #17 do_runtime_invoke
 #18 mono_runtime_invoke
 #19 scripting_method_invoke(ScriptingMethodPtr, ScriptingObjectPtr, ScriptingArguments&, ScriptingExceptionPtr*, bool)
 #20 ScriptingInvocation::Invoke(ScriptingExceptionPtr*, bool)
 #21 Coroutine::InvokeMoveNext(ScriptingExceptionPtr*)
 #22 Coroutine::Run(bool*)
 #23 AsyncOperation::InvokeCoroutine()
 #24 UnityWebRequestAsyncOperation::InvokeCoroutine()
 #25 UnityWebRequestProto<UnityWebRequestTransport, AtomicRefCounter, RedirectHelper, ResponseHelper, DownloadHandler, UploadHandler, CertificateHandler, HeaderHelper, AsyncOperation>::Job_InvokeCoroutine(AsyncOperation*)
 #26 BackgroundJobQueue::ExecuteMainThreadJobs()
 #27 InitPlayerLoopCallbacks()::EarlyUpdateExecuteMainThreadJobsRegistrator::Forward()
 #28 ExecutePlayerLoop(NativePlayerLoopSystem*)
 #29 ExecutePlayerLoop(NativePlayerLoopSystem*)
 #30 PlayerLoop()
 #31 EditorPlayerLoop::Execute()
 #32 PlayerLoopController::InternalUpdateScene(bool, bool)
 #33 PlayerLoopController::UpdateSceneIfNeededFromMainLoop()
 #34 Application::TickTimer()
 #35 -[EditorApplication onEditorUpdatesTickTimer]
 #36 __NSFireTimer
 #37 __CFRUNLOOP_IS_CALLING_OUT_TO_A_TIMER_CALLBACK_FUNCTION__
 #38 __CFRunLoopDoTimer
 #39 __CFRunLoopDoTimers
 #40 __CFRunLoopRun
 #41 _CFRunLoopRunSpecificWithOptions
 #42 RunCurrentEventLoopInMode
 #43 ReceiveNextEventCommon
 #44 _BlockUntilNextEventMatchingListInMode
 #45 _DPSBlockUntilNextEventMatchingListInMode
 #46 _DPSNextEvent
 #47 -[NSApplication(NSEventRouting) _nextEventMatchingEventMask:untilDate:inMode:dequeue:]
 #48 -[NSApplication(NSEventRouting) nextEventMatchingMask:untilDate:inMode:dequeue:]
 #49 -[NSApplication run]
 #50 NSApplicationMain
 #51 EditorMain(int, char const**)
 #52 main
 #53 start

[StoneCompat] Unequip stone 3B1400BBD933411D from unsupported unit 8921F97300589009
 #0 PlatformStacktrace::GetStacktrace(int, StacktraceTypes::LRUCache<void*, StacktraceTypes::LRUValue>*)
 #1 DebugStringToFileExtended(DebugStringToFileData const&)
 #2 DebugLogHandler_CUSTOM_Internal_Log(LogType, LogOption, BindingsManagedSpan*, void*)
 #3  (Mono JIT Code) (wrapper managed-to-native) UnityEngine.DebugLogHandler:Internal_Log_Injected (UnityEngine.LogType,UnityEngine.LogOption,UnityEngine.Bindings.ManagedSpanWrapper&,intptr)
 #4  (Mono JIT Code) UnityEngine.DebugLogHandler:Internal_Log (UnityEngine.LogType,UnityEngine.LogOption,string,UnityEngine.Object)
 #5  (Mono JIT Code) [DebugLogHandler.cs:10] UnityEngine.DebugLogHandler:LogFormat (UnityEngine.LogType,UnityEngine.Object,string,object[])
 #6  (Mono JIT Code) [Logger.cs:61] UnityEngine.Logger:Log (UnityEngine.LogType,object)
 #7  (Mono JIT Code) [Debug.bindings.cs:216] UnityEngine.Debug:LogWarning (object)
 #8  (Mono JIT Code) [Stones.cs:155] dataAccess.Stones:SanitizeAgainstCurrentUnits ()
 #9  (Mono JIT Code) [Item.cs:107] PlayFabReadClient:OnGetUserInventory (PlayFab.ClientModels.GetUserInventoryResult,System.Action`1<bool>)
 #10  (Mono JIT Code) [Item.cs:23] PlayFabReadClient/<>c__DisplayClass18_0:<LoadItems>b__1 (PlayFab.ClientModels.GetUserInventoryResult)
 #11  (Mono JIT Code) [PlayFabHTTP.cs:219] PlayFab.Internal.PlayFabHttp/<>c__DisplayClass23_0`1<TResult_REF>:<_MakeApiCall>b__1 ()
 #12  (Mono JIT Code) [PlayFabUnityHttp.cs:244] PlayFab.Internal.PlayFabUnityHttp:OnResponse (string,PlayFab.Internal.CallRequestContainer)
 #13  (Mono JIT Code) [PlayFabUnityHttp.cs:197] PlayFab.Internal.PlayFabUnityHttp/<Post>d__12:MoveNext ()
 #14  (Mono JIT Code) [Coroutines.cs:17] UnityEngine.SetupCoroutine:InvokeMoveNext (System.Collections.IEnumerator,intptr)
 #15  (Mono JIT Code) (wrapper runtime-invoke) <Module>:runtime_invoke_void_object_intptr (object,intptr,intptr,intptr)
 #16 mono_jit_runtime_invoke
 #17 do_runtime_invoke
 #18 mono_runtime_invoke
 #19 scripting_method_invoke(ScriptingMethodPtr, ScriptingObjectPtr, ScriptingArguments&, ScriptingExceptionPtr*, bool)
 #20 ScriptingInvocation::Invoke(ScriptingExceptionPtr*, bool)
 #21 Coroutine::InvokeMoveNext(ScriptingExceptionPtr*)
 #22 Coroutine::Run(bool*)
 #23 AsyncOperation::InvokeCoroutine()
 #24 UnityWebRequestAsyncOperation::InvokeCoroutine()
 #25 UnityWebRequestProto<UnityWebRequestTransport, AtomicRefCounter, RedirectHelper, ResponseHelper, DownloadHandler, UploadHandler, CertificateHandler, HeaderHelper, AsyncOperation>::Job_InvokeCoroutine(AsyncOperation*)
 #26 BackgroundJobQueue::ExecuteMainThreadJobs()
 #27 InitPlayerLoopCallbacks()::EarlyUpdateExecuteMainThreadJobsRegistrator::Forward()
 #28 ExecutePlayerLoop(NativePlayerLoopSystem*)
 #29 ExecutePlayerLoop(NativePlayerLoopSystem*)
 #30 PlayerLoop()
 #31 EditorPlayerLoop::Execute()
 #32 PlayerLoopController::InternalUpdateScene(bool, bool)
 #33 PlayerLoopController::UpdateSceneIfNeededFromMainLoop()
 #34 Application::TickTimer()
 #35 -[EditorApplication onEditorUpdatesTickTimer]
 #36 __NSFireTimer
 #37 __CFRUNLOOP_IS_CALLING_OUT_TO_A_TIMER_CALLBACK_FUNCTION__
 #38 __CFRunLoopDoTimer
 #39 __CFRunLoopDoTimers
 #40 __CFRunLoopRun
 #41 _CFRunLoopRunSpecificWithOptions
 #42 RunCurrentEventLoopInMode
 #43 ReceiveNextEventCommon
 #44 _BlockUntilNextEventMatchingListInMode
 #45 _DPSBlockUntilNextEventMatchingListInMode
 #46 _DPSNextEvent
 #47 -[NSApplication(NSEventRouting) _nextEventMatchingEventMask:untilDate:inMode:dequeue:]
 #48 -[NSApplication(NSEventRouting) nextEventMatchingMask:untilDate:inMode:dequeue:]
 #49 -[NSApplication run]
 #50 NSApplicationMain
 #51 EditorMain(int, char const**)
 #52 main
 #53 start

尝试建立本地文件 : /Users/daisei/Library/Application Support/BO/PocketStriker/AppSetting.json
 #0 PlatformStacktrace::GetStacktrace(int, StacktraceTypes::LRUCache<void*, StacktraceTypes::LRUValue>*)
 #1 DebugStringToFileExtended(DebugStringToFileData const&)
 #2 DebugLogHandler_CUSTOM_Internal_Log(LogType, LogOption, BindingsManagedSpan*, void*)
 #3  (Mono JIT Code) (wrapper managed-to-native) UnityEngine.DebugLogHandler:Internal_Log_Injected (UnityEngine.LogType,UnityEngine.LogOption,UnityEngine.Bindings.ManagedSpanWrapper&,intptr)
 #4  (Mono JIT Code) UnityEngine.DebugLogHandler:Internal_Log (UnityEngine.LogType,UnityEngine.LogOption,string,UnityEngine.Object)
 #5  (Mono JIT Code) [DebugLogHandler.cs:10] UnityEngine.DebugLogHandler:LogFormat (UnityEngine.LogType,UnityEngine.Object,string,object[])
 #6  (Mono JIT Code) [Logger.cs:61] UnityEngine.Logger:Log (UnityEngine.LogType,object)
 #7  (Mono JIT Code) [Debug.bindings.cs:123] UnityEngine.Debug:Log (object)
 #8  (Mono JIT Code) [LocalJson.cs:35] Json.LocalJson:SaveToJsonFile_persistentDataPath (string,string,string)
 #9  (Mono JIT Code) [AppSetting.cs:115] AppSetting:Save ()
 #10  (Mono JIT Code) [SettingLayer.cs:538] SettingLayer:Close ()
 #11  (Mono JIT Code) [SettingPage.cs:43] SettingPage:ProcessEnd ()
 #12  (Mono JIT Code) [ProcessesRunner.cs:78] mainMenu.ProcessesRunner:ChangeProcess<T_REF> (mainMenu.MainSceneStep,T_REF)
 #13  (Mono JIT Code) [ProcessesRunner.cs:53] mainMenu.ProcessesRunner:ChangeProcess (mainMenu.MainSceneStep)
 #14  (Mono JIT Code) [PreScene.cs:308] mainMenu.PreScene:trySwitchToStep (mainMenu.MainSceneStep,bool)
 #15  (Mono JIT Code) [PreScene.cs:292] mainMenu.PreScene/<>c__DisplayClass28_0:<trySwitchToStep>g__ReturnToCurrent|0 ()
 #16  (Mono JIT Code) [ReturnLayer.cs:46] ReturnLayer:POP ()
 #17  (Mono JIT Code) [BOButton.cs:271] BOButton/<>c__DisplayClass54_0:<SetListener>b__0 ()
 #18  (Mono JIT Code) [UnityEvent.cs:181] UnityEngine.Events.InvokableCall:Invoke ()
 #19  (Mono JIT Code) [UnityEvent_0.cs:59] UnityEngine.Events.UnityEvent:Invoke ()
 #20  (Mono JIT Code) [Button.cs:72] UnityEngine.UI.Button:Press ()
 #21  (Mono JIT Code) [Button.cs:116] UnityEngine.UI.Button:OnPointerClick (UnityEngine.EventSystems.PointerEventData)
 #22  (Mono JIT Code) [BOButton.cs:206] BOButton:OnPointerClick (UnityEngine.EventSystems.PointerEventData)
 #23  (Mono JIT Code) [ExecuteEvents.cs:58] UnityEngine.EventSystems.ExecuteEvents:Execute (UnityEngine.EventSystems.IPointerClickHandler,UnityEngine.EventSystems.BaseEventData)
 #24  (Mono JIT Code) [ExecuteEvents.cs:272] UnityEngine.EventSystems.ExecuteEvents:Execute<T_REF> (UnityEngine.GameObject,UnityEngine.EventSystems.BaseEventData,UnityEngine.EventSystems.ExecuteEvents/EventFunction`1<T_REF>)
 #25  (Mono JIT Code) [ExecuteEvents.cs:298] UnityEngine.EventSystems.ExecuteEvents:ExecuteHierarchy<T_REF> (UnityEngine.GameObject,UnityEngine.EventSystems.BaseEventData,UnityEngine.EventSystems.ExecuteEvents/EventFunction`1<T_REF>)
 #26  (Mono JIT Code) [PocketStrikerUILiveReview.cs:661] PocketStrikerUILiveReview/<Click>d__146:MoveNext ()
 #27  (Mono JIT Code) PocketStrikerUILiveReview:Click (UnityEngine.UI.Button,bool,System.Nullable`1<UnityEngine.Vector2>)
 #28  (Mono JIT Code) [PocketStrikerUILiveReview.cs:607] PocketStrikerUILiveReview/<Back>d__141:MoveNext ()
 #29  (Mono JIT Code) PocketStrikerUILiveReview:Back (mainMenu.MainSceneStep)
 #30  (Mono JIT Code) [PocketStrikerUILiveReview.StoreCapture.cs:167] PocketStrikerUILiveReview/<StoreSetLanguage>d__46:MoveNext ()
 #31  (Mono JIT Code) [StateMachineRunner.cs:190] Cysharp.Threading.Tasks.CompilerServices.AsyncUniTask`1<PocketStrikerUILiveReview/<StoreSetLanguage>d__46>:Run ()
 #32  (Mono JIT Code) [UniTask.cs:25] Cysharp.Threading.Tasks.AwaiterActions:Continuation (object)
 #33  (Mono JIT Code) [UniTaskCompletionSource.cs:139] Cysharp.Threading.Tasks.UniTaskCompletionSourceCore`1<Cysharp.Threading.Tasks.AsyncUnit>:TrySetResult (Cysharp.Threading.Tasks.AsyncUnit)
 #34  (Mono JIT Code) [StateMachineRunner.cs:205] Cysharp.Threading.Tasks.CompilerServices.AsyncUniTask`1<PocketStrikerUILiveReview/<Click>d__146>:SetResult ()
 #35  (Mono JIT Code) [PocketStrikerUILiveReview.cs:665] PocketStrikerUILiveReview/<Click>d__146:MoveNext ()
 #36  (Mono JIT Code) [StateMachineRunner.cs:190] Cysharp.Threading.Tasks.CompilerServices.AsyncUniTask`1<PocketStrikerUILiveReview/<Click>d__146>:Run ()
 #37  (Mono JIT Code) [UniTask.cs:25] Cysharp.Threading.Tasks.AwaiterActions:Continuation (object)
 #38  (Mono JIT Code) [UniTaskCompletionSource.cs:139] Cysharp.Threading.Tasks.UniTaskCompletionSourceCore`1<Cysharp.Threading.Tasks.AsyncUnit>:TrySetResult (Cysharp.Threading.Tasks.AsyncUnit)
 #39  (Mono JIT Code) [UniTask.Delay.cs:1070] Cysharp.Threading.Tasks.UniTask/DelayRealtimePromise:MoveNext ()
 #40  (Mono JIT Code) [PlayerLoopRunner.cs:175] Cysharp.Threading.Tasks.Internal.PlayerLoopRunner:RunCore ()
 #41  (Mono JIT Code) [PlayerLoopRunner.cs:145] Cysharp.Threading.Tasks.Internal.PlayerLoopRunner:Update ()
 #42  (Mono JIT Code) [PlayerLoopRunner.cs:105] Cysharp.Threading.Tasks.Internal.PlayerLoopRunner:Run ()
 #43  (Mono JIT Code) (wrapper runtime-invoke) object:runtime_invoke_void__this__ (object,intptr,intptr,intptr)
 #44 mono_jit_runtime_invoke
 #45 do_runtime_invoke
 #46 mono_runtime_invoke
 #47 scripting_method_invoke(ScriptingMethodPtr, ScriptingObjectPtr, ScriptingArguments&, ScriptingExceptionPtr*, bool)
 #48 ScriptingInvocation::Invoke(ScriptingExceptionPtr*, bool)
 #49 ExecutePlayerLoop(NativePlayerLoopSystem*)
 #50 ExecutePlayerLoop(NativePlayerLoopSystem*)
 #51 PlayerLoop()
 #52 EditorPlayerLoop::Execute()
 #53 PlayerLoopController::InternalUpdateScene(bool, bool)
 #54 PlayerLoopController::UpdateSceneIfNeededFromMainLoop()
 #55 Application::TickTimer()
 #56 -[EditorApplication onEditorUpdatesTickTimer]
 #57 __NSFireTimer
 #58 __CFRUNLOOP_IS_CALLING_OUT_TO_A_TIMER_CALLBACK_FUNCTION__
 #59 __CFRunLoopDoTimer
 #60 __CFRunLoopDoTimers
 #61 __CFRunLoopRun
 #62 _CFRunLoopRunSpecificWithOptions
 #63 RunCurrentEventLoopInMode
 #64 ReceiveNextEventCommon
 #65 _BlockUntilNextEventMatchingListInMode
 #66 _DPSBlockUntilNextEventMatchingListInMode
 #67 _DPSNextEvent
 #68 -[NSApplication(NSEventRouting) _nextEventMatchingEventMask:untilDate:inMode:dequeue:]
 #69 -[NSApplication(NSEventRouting) nextEventMatchingMask:untilDate:inMode:dequeue:]
 #70 -[NSApplication run]
 #71 NSApplicationMain
 #72 EditorMain(int, char const**)
 #73 main
 #74 start

/Users/daisei/Library/Application Support/BO/PocketStriker/AppSetting.json
 #0 PlatformStacktrace::GetStacktrace(int, StacktraceTypes::LRUCache<void*, StacktraceTypes::LRUValue>*)
 #1 DebugStringToFileExtended(DebugStringToFileData const&)
 #2 DebugLogHandler_CUSTOM_Internal_Log(LogType, LogOption, BindingsManagedSpan*, void*)
 #3  (Mono JIT Code) (wrapper managed-to-native) UnityEngine.DebugLogHandler:Internal_Log_Injected (UnityEngine.LogType,UnityEngine.LogOption,UnityEngine.Bindings.ManagedSpanWrapper&,intptr)
 #4  (Mono JIT Code) UnityEngine.DebugLogHandler:Internal_Log (UnityEngine.LogType,UnityEngine.LogOption,string,UnityEngine.Object)
 #5  (Mono JIT Code) [DebugLogHandler.cs:10] UnityEngine.DebugLogHandler:LogFormat (UnityEngine.LogType,UnityEngine.Object,string,object[])
 #6  (Mono JIT Code) [Logger.cs:61] UnityEngine.Logger:Log (UnityEngine.LogType,object)
 #7  (Mono JIT Code) [Debug.bindings.cs:123] UnityEngine.Debug:Log (object)
 #8  (Mono JIT Code) [LocalJson.cs:41] Json.LocalJson:SaveToJsonFile_persistentDataPath (string,string,string)
 #9  (Mono JIT Code) [AppSetting.cs:115] AppSetting:Save ()
 #10  (Mono JIT Code) [SettingLayer.cs:538] SettingLayer:Close ()
 #11  (Mono JIT Code) [SettingPage.cs:43] SettingPage:ProcessEnd ()
 #12  (Mono JIT Code) [ProcessesRunner.cs:78] mainMenu.ProcessesRunner:ChangeProcess<T_REF> (mainMenu.MainSceneStep,T_REF)
 #13  (Mono JIT Code) [ProcessesRunner.cs:53] mainMenu.ProcessesRunner:ChangeProcess (mainMenu.MainSceneStep)
 #14  (Mono JIT Code) [PreScene.cs:308] mainMenu.PreScene:trySwitchToStep (mainMenu.MainSceneStep,bool)
 #15  (Mono JIT Code) [PreScene.cs:292] mainMenu.PreScene/<>c__DisplayClass28_0:<trySwitchToStep>g__ReturnToCurrent|0 ()
 #16  (Mono JIT Code) [ReturnLayer.cs:46] ReturnLayer:POP ()
 #17  (Mono JIT Code) [BOButton.cs:271] BOButton/<>c__DisplayClass54_0:<SetListener>b__0 ()
 #18  (Mono JIT Code) [UnityEvent.cs:181] UnityEngine.Events.InvokableCall:Invoke ()
 #19  (Mono JIT Code) [UnityEvent_0.cs:59] UnityEngine.Events.UnityEvent:Invoke ()
 #20  (Mono JIT Code) [Button.cs:72] UnityEngine.UI.Button:Press ()
 #21  (Mono JIT Code) [Button.cs:116] UnityEngine.UI.Button:OnPointerClick (UnityEngine.EventSystems.PointerEventData)
 #22  (Mono JIT Code) [BOButton.cs:206] BOButton:OnPointerClick (UnityEngine.EventSystems.PointerEventData)
 #23  (Mono JIT Code) [ExecuteEvents.cs:58] UnityEngine.EventSystems.ExecuteEvents:Execute (UnityEngine.EventSystems.IPointerClickHandler,UnityEngine.EventSystems.BaseEventData)
 #24  (Mono JIT Code) [ExecuteEvents.cs:272] UnityEngine.EventSystems.ExecuteEvents:Execute<T_REF> (UnityEngine.GameObject,UnityEngine.EventSystems.BaseEventData,UnityEngine.EventSystems.ExecuteEvents/EventFunction`1<T_REF>)
 #25  (Mono JIT Code) [ExecuteEvents.cs:298] UnityEngine.EventSystems.ExecuteEvents:ExecuteHierarchy<T_REF> (UnityEngine.GameObject,UnityEngine.EventSystems.BaseEventData,UnityEngine.EventSystems.ExecuteEvents/EventFunction`1<T_REF>)
 #26  (Mono JIT Code) [PocketStrikerUILiveReview.cs:661] PocketStrikerUILiveReview/<Click>d__146:MoveNext ()
 #27  (Mono JIT Code) PocketStrikerUILiveReview:Click (UnityEngine.UI.Button,bool,System.Nullable`1<UnityEngine.Vector2>)
 #28  (Mono JIT Code) [PocketStrikerUILiveReview.cs:607] PocketStrikerUILiveReview/<Back>d__141:MoveNext ()
 #29  (Mono JIT Code) PocketStrikerUILiveReview:Back (mainMenu.MainSceneStep)
 #30  (Mono JIT Code) [PocketStrikerUILiveReview.StoreCapture.cs:167] PocketStrikerUILiveReview/<StoreSetLanguage>d__46:MoveNext ()
 #31  (Mono JIT Code) [StateMachineRunner.cs:190] Cysharp.Threading.Tasks.CompilerServices.AsyncUniTask`1<PocketStrikerUILiveReview/<StoreSetLanguage>d__46>:Run ()
 #32  (Mono JIT Code) [UniTask.cs:25] Cysharp.Threading.Tasks.AwaiterActions:Continuation (object)
 #33  (Mono JIT Code) [UniTaskCompletionSource.cs:139] Cysharp.Threading.Tasks.UniTaskCompletionSourceCore`1<Cysharp.Threading.Tasks.AsyncUnit>:TrySetResult (Cysharp.Threading.Tasks.AsyncUnit)
 #34  (Mono JIT Code) [StateMachineRunner.cs:205] Cysharp.Threading.Tasks.CompilerServices.AsyncUniTask`1<PocketStrikerUILiveReview/<Click>d__146>:SetResult ()
 #35  (Mono JIT Code) [PocketStrikerUILiveReview.cs:665] PocketStrikerUILiveReview/<Click>d__146:MoveNext ()
 #36  (Mono JIT Code) [StateMachineRunner.cs:190] Cysharp.Threading.Tasks.CompilerServices.AsyncUniTask`1<PocketStrikerUILiveReview/<Click>d__146>:Run ()
 #37  (Mono JIT Code) [UniTask.cs:25] Cysharp.Threading.Tasks.AwaiterActions:Continuation (object)
 #38  (Mono JIT Code) [UniTaskCompletionSource.cs:139] Cysharp.Threading.Tasks.UniTaskCompletionSourceCore`1<Cysharp.Threading.Tasks.AsyncUnit>:TrySetResult (Cysharp.Threading.Tasks.AsyncUnit)
 #39  (Mono JIT Code) [UniTask.Delay.cs:1070] Cysharp.Threading.Tasks.UniTask/DelayRealtimePromise:MoveNext ()
 #40  (Mono JIT Code) [PlayerLoopRunner.cs:175] Cysharp.Threading.Tasks.Internal.PlayerLoopRunner:RunCore ()
 #41  (Mono JIT Code) [PlayerLoopRunner.cs:145] Cysharp.Threading.Tasks.Internal.PlayerLoopRunner:Update ()
 #42  (Mono JIT Code) [PlayerLoopRunner.cs:105] Cysharp.Threading.Tasks.Internal.PlayerLoopRunner:Run ()
 #43  (Mono JIT Code) (wrapper runtime-invoke) object:runtime_invoke_void__this__ (object,intptr,intptr,intptr)
 #44 mono_jit_runtime_invoke
 #45 do_runtime_invoke
 #46 mono_runtime_invoke
 #47 scripting_method_invoke(ScriptingMethodPtr, ScriptingObjectPtr, ScriptingArguments&, ScriptingExceptionPtr*, bool)
 #48 ScriptingInvocation::Invoke(ScriptingExceptionPtr*, bool)
 #49 ExecutePlayerLoop(NativePlayerLoopSystem*)
 #50 ExecutePlayerLoop(NativePlayerLoopSystem*)
 #51 PlayerLoop()
 #52 EditorPlayerLoop::Execute()
 #53 PlayerLoopController::InternalUpdateScene(bool, bool)
 #54 PlayerLoopController::UpdateSceneIfNeededFromMainLoop()
 #55 Application::TickTimer()
 #56 -[EditorApplication onEditorUpdatesTickTimer]
 #57 __NSFireTimer
 #58 __CFRUNLOOP_IS_CALLING_OUT_TO_A_TIMER_CALLBACK_FUNCTION__
 #59 __CFRunLoopDoTimer
 #60 __CFRunLoopDoTimers
 #61 __CFRunLoopRun
 #62 _CFRunLoopRunSpecificWithOptions
 #63 RunCurrentEventLoopInMode
 #64 ReceiveNextEventCommon
 #65 _BlockUntilNextEventMatchingListInMode
 #66 _DPSBlockUntilNextEventMatchingListInMode
 #67 _DPSNextEvent
 #68 -[NSApplication(NSEventRouting) _nextEventMatchingEventMask:untilDate:inMode:dequeue:]
 #69 -[NSApplication(NSEventRouting) nextEventMatchingMask:untilDate:inMode:dequeue:]
 #70 -[NSApplication run]
 #71 NSApplicationMain
 #72 EditorMain(int, char const**)
 #73 main
 #74 start

[InventoryCompat] Ignore unsupported unit item: 17
 #0 PlatformStacktrace::GetStacktrace(int, StacktraceTypes::LRUCache<void*, StacktraceTypes::LRUValue>*)
 #1 DebugStringToFileExtended(DebugStringToFileData const&)
 #2 DebugLogHandler_CUSTOM_Internal_Log(LogType, LogOption, BindingsManagedSpan*, void*)
 #3  (Mono JIT Code) (wrapper managed-to-native) UnityEngine.DebugLogHandler:Internal_Log_Injected (UnityEngine.LogType,UnityEngine.LogOption,UnityEngine.Bindings.ManagedSpanWrapper&,intptr)
 #4  (Mono JIT Code) UnityEngine.DebugLogHandler:Internal_Log (UnityEngine.LogType,UnityEngine.LogOption,string,UnityEngine.Object)
 #5  (Mono JIT Code) [DebugLogHandler.cs:10] UnityEngine.DebugLogHandler:LogFormat (UnityEngine.LogType,UnityEngine.Object,string,object[])
 #6  (Mono JIT Code) [Logger.cs:61] UnityEngine.Logger:Log (UnityEngine.LogType,object)
 #7  (Mono JIT Code) [Debug.bindings.cs:216] UnityEngine.Debug:LogWarning (object)
 #8  (Mono JIT Code) [Item.cs:63] PlayFabReadClient:OnGetUserInventory (PlayFab.ClientModels.GetUserInventoryResult,System.Action`1<bool>)
 #9  (Mono JIT Code) [Item.cs:23] PlayFabReadClient/<>c__DisplayClass18_0:<LoadItems>b__1 (PlayFab.ClientModels.GetUserInventoryResult)
 #10  (Mono JIT Code) [PlayFabHTTP.cs:219] PlayFab.Internal.PlayFabHttp/<>c__DisplayClass23_0`1<TResult_REF>:<_MakeApiCall>b__1 ()
 #11  (Mono JIT Code) [PlayFabUnityHttp.cs:244] PlayFab.Internal.PlayFabUnityHttp:OnResponse (string,PlayFab.Internal.CallRequestContainer)
 #12  (Mono JIT Code) [PlayFabUnityHttp.cs:197] PlayFab.Internal.PlayFabUnityHttp/<Post>d__12:MoveNext ()
 #13  (Mono JIT Code) [Coroutines.cs:17] UnityEngine.SetupCoroutine:InvokeMoveNext (System.Collections.IEnumerator,intptr)
 #14  (Mono JIT Code) (wrapper runtime-invoke) <Module>:runtime_invoke_void_object_intptr (object,intptr,intptr,intptr)
 #15 mono_jit_runtime_invoke
 #16 do_runtime_invoke
 #17 mono_runtime_invoke
 #18 scripting_method_invoke(ScriptingMethodPtr, ScriptingObjectPtr, ScriptingArguments&, ScriptingExceptionPtr*, bool)
 #19 ScriptingInvocation::Invoke(ScriptingExceptionPtr*, bool)
 #20 Coroutine::InvokeMoveNext(ScriptingExceptionPtr*)
 #21 Coroutine::Run(bool*)
 #22 AsyncOperation::InvokeCoroutine()
 #23 UnityWebRequestAsyncOperation::InvokeCoroutine()
 #24 UnityWebRequestProto<UnityWebRequestTransport, AtomicRefCounter, RedirectHelper, ResponseHelper, DownloadHandler, UploadHandler, CertificateHandler, HeaderHelper, AsyncOperation>::Job_InvokeCoroutine(AsyncOperation*)
 #25 BackgroundJobQueue::ExecuteMainThreadJobs()
 #26 InitPlayerLoopCallbacks()::EarlyUpdateExecuteMainThreadJobsRegistrator::Forward()
 #27 ExecutePlayerLoop(NativePlayerLoopSystem*)
 #28 ExecutePlayerLoop(NativePlayerLoopSystem*)
 #29 PlayerLoop()
 #30 EditorPlayerLoop::Execute()
 #31 PlayerLoopController::InternalUpdateScene(bool, bool)
 #32 PlayerLoopController::UpdateSceneIfNeededFromMainLoop()
 #33 Application::TickTimer()
 #34 -[EditorApplication onEditorUpdatesTickTimer]
 #35 __NSFireTimer
 #36 __CFRUNLOOP_IS_CALLING_OUT_TO_A_TIMER_CALLBACK_FUNCTION__
 #37 __CFRunLoopDoTimer
 #38 __CFRunLoopDoTimers
 #39 __CFRunLoopRun
 #40 _CFRunLoopRunSpecificWithOptions
 #41 RunCurrentEventLoopInMode
 #42 ReceiveNextEventCommon
 #43 _BlockUntilNextEventMatchingListInMode
 #44 _DPSBlockUntilNextEventMatchingListInMode
 #45 _DPSNextEvent
 #46 -[NSApplication(NSEventRouting) _nextEventMatchingEventMask:untilDate:inMode:dequeue:]
 #47 -[NSApplication(NSEventRouting) nextEventMatchingMask:untilDate:inMode:dequeue:]
 #48 -[NSApplication run]
 #49 NSApplicationMain
 #50 EditorMain(int, char const**)
 #51 main
 #52 start

[StoneCompat] Unequip stone 670DA16F6F1EE4E6 from unsupported unit 8921F97300589009
 #0 PlatformStacktrace::GetStacktrace(int, StacktraceTypes::LRUCache<void*, StacktraceTypes::LRUValue>*)
 #1 DebugStringToFileExtended(DebugStringToFileData const&)
 #2 DebugLogHandler_CUSTOM_Internal_Log(LogType, LogOption, BindingsManagedSpan*, void*)
 #3  (Mono JIT Code) (wrapper managed-to-native) UnityEngine.DebugLogHandler:Internal_Log_Injected (UnityEngine.LogType,UnityEngine.LogOption,UnityEngine.Bindings.ManagedSpanWrapper&,intptr)
 #4  (Mono JIT Code) UnityEngine.DebugLogHandler:Internal_Log (UnityEngine.LogType,UnityEngine.LogOption,string,UnityEngine.Object)
 #5  (Mono JIT Code) [DebugLogHandler.cs:10] UnityEngine.DebugLogHandler:LogFormat (UnityEngine.LogType,UnityEngine.Object,string,object[])
 #6  (Mono JIT Code) [Logger.cs:61] UnityEngine.Logger:Log (UnityEngine.LogType,object)
 #7  (Mono JIT Code) [Debug.bindings.cs:216] UnityEngine.Debug:LogWarning (object)
 #8  (Mono JIT Code) [Stones.cs:155] dataAccess.Stones:SanitizeAgainstCurrentUnits ()
 #9  (Mono JIT Code) [Item.cs:107] PlayFabReadClient:OnGetUserInventory (PlayFab.ClientModels.GetUserInventoryResult,System.Action`1<bool>)
 #10  (Mono JIT Code) [Item.cs:23] PlayFabReadClient/<>c__DisplayClass18_0:<LoadItems>b__1 (PlayFab.ClientModels.GetUserInventoryResult)
 #11  (Mono JIT Code) [PlayFabHTTP.cs:219] PlayFab.Internal.PlayFabHttp/<>c__DisplayClass23_0`1<TResult_REF>:<_MakeApiCall>b__1 ()
 #12  (Mono JIT Code) [PlayFabUnityHttp.cs:244] PlayFab.Internal.PlayFabUnityHttp:OnResponse (string,PlayFab.Internal.CallRequestContainer)
 #13  (Mono JIT Code) [PlayFabUnityHttp.cs:197] PlayFab.Internal.PlayFabUnityHttp/<Post>d__12:MoveNext ()
 #14  (Mono JIT Code) [Coroutines.cs:17] UnityEngine.SetupCoroutine:InvokeMoveNext (System.Collections.IEnumerator,intptr)
 #15  (Mono JIT Code) (wrapper runtime-invoke) <Module>:runtime_invoke_void_object_intptr (object,intptr,intptr,intptr)
 #16 mono_jit_runtime_invoke
 #17 do_runtime_invoke
 #18 mono_runtime_invoke
 #19 scripting_method_invoke(ScriptingMethodPtr, ScriptingObjectPtr, ScriptingArguments&, ScriptingExceptionPtr*, bool)
 #20 ScriptingInvocation::Invoke(ScriptingExceptionPtr*, bool)
 #21 Coroutine::InvokeMoveNext(ScriptingExceptionPtr*)
 #22 Coroutine::Run(bool*)
 #23 AsyncOperation::InvokeCoroutine()
 #24 UnityWebRequestAsyncOperation::InvokeCoroutine()
 #25 UnityWebRequestProto<UnityWebRequestTransport, AtomicRefCounter, RedirectHelper, ResponseHelper, DownloadHandler, UploadHandler, CertificateHandler, HeaderHelper, AsyncOperation>::Job_InvokeCoroutine(AsyncOperation*)
 #26 BackgroundJobQueue::ExecuteMainThreadJobs()
 #27 InitPlayerLoopCallbacks()::EarlyUpdateExecuteMainThreadJobsRegistrator::Forward()
 #28 ExecutePlayerLoop(NativePlayerLoopSystem*)
 #29 ExecutePlayerLoop(NativePlayerLoopSystem*)
 #30 PlayerLoop()
 #31 EditorPlayerLoop::Execute()
 #32 PlayerLoopController::InternalUpdateScene(bool, bool)
 #33 PlayerLoopController::UpdateSceneIfNeededFromMainLoop()
 #34 Application::TickTimer()
 #35 -[EditorApplication onEditorUpdatesTickTimer]
 #36 __NSFireTimer
 #37 __CFRUNLOOP_IS_CALLING_OUT_TO_A_TIMER_CALLBACK_FUNCTION__
 #38 __CFRunLoopDoTimer
 #39 __CFRunLoopDoTimers
 #40 __CFRunLoopRun
 #41 _CFRunLoopRunSpecificWithOptions
 #42 RunCurrentEventLoopInMode
 #43 ReceiveNextEventCommon
 #44 _BlockUntilNextEventMatchingListInMode
 #45 _DPSBlockUntilNextEventMatchingListInMode
 #46 _DPSNextEvent
 #47 -[NSApplication(NSEventRouting) _nextEventMatchingEventMask:untilDate:inMode:dequeue:]
 #48 -[NSApplication(NSEventRouting) nextEventMatchingMask:untilDate:inMode:dequeue:]
 #49 -[NSApplication run]
 #50 NSApplicationMain
 #51 EditorMain(int, char const**)
 #52 main
 #53 start

[StoneCompat] Unequip stone BF5DCDC87F8211FF from unsupported unit 8921F97300589009
 #0 PlatformStacktrace::GetStacktrace(int, StacktraceTypes::LRUCache<void*, StacktraceTypes::LRUValue>*)
 #1 DebugStringToFileExtended(DebugStringToFileData const&)
 #2 DebugLogHandler_CUSTOM_Internal_Log(LogType, LogOption, BindingsManagedSpan*, void*)
 #3  (Mono JIT Code) (wrapper managed-to-native) UnityEngine.DebugLogHandler:Internal_Log_Injected (UnityEngine.LogType,UnityEngine.LogOption,UnityEngine.Bindings.ManagedSpanWrapper&,intptr)
 #4  (Mono JIT Code) UnityEngine.DebugLogHandler:Internal_Log (UnityEngine.LogType,UnityEngine.LogOption,string,UnityEngine.Object)
 #5  (Mono JIT Code) [DebugLogHandler.cs:10] UnityEngine.DebugLogHandler:LogFormat (UnityEngine.LogType,UnityEngine.Object,string,object[])
 #6  (Mono JIT Code) [Logger.cs:61] UnityEngine.Logger:Log (UnityEngine.LogType,object)
 #7  (Mono JIT Code) [Debug.bindings.cs:216] UnityEngine.Debug:LogWarning (object)
 #8  (Mono JIT Code) [Stones.cs:155] dataAccess.Stones:SanitizeAgainstCurrentUnits ()
 #9  (Mono JIT Code) [Item.cs:107] PlayFabReadClient:OnGetUserInventory (PlayFab.ClientModels.GetUserInventoryResult,System.Action`1<bool>)
 #10  (Mono JIT Code) [Item.cs:23] PlayFabReadClient/<>c__DisplayClass18_0:<LoadItems>b__1 (PlayFab.ClientModels.GetUserInventoryResult)
 #11  (Mono JIT Code) [PlayFabHTTP.cs:219] PlayFab.Internal.PlayFabHttp/<>c__DisplayClass23_0`1<TResult_REF>:<_MakeApiCall>b__1 ()
 #12  (Mono JIT Code) [PlayFabUnityHttp.cs:244] PlayFab.Internal.PlayFabUnityHttp:OnResponse (string,PlayFab.Internal.CallRequestContainer)
 #13  (Mono JIT Code) [PlayFabUnityHttp.cs:197] PlayFab.Internal.PlayFabUnityHttp/<Post>d__12:MoveNext ()
 #14  (Mono JIT Code) [Coroutines.cs:17] UnityEngine.SetupCoroutine:InvokeMoveNext (System.Collections.IEnumerator,intptr)
 #15  (Mono JIT Code) (wrapper runtime-invoke) <Module>:runtime_invoke_void_object_intptr (object,intptr,intptr,intptr)
 #16 mono_jit_runtime_invoke
 #17 do_runtime_invoke
 #18 mono_runtime_invoke
 #19 scripting_method_invoke(ScriptingMethodPtr, ScriptingObjectPtr, ScriptingArguments&, ScriptingExceptionPtr*, bool)
 #20 ScriptingInvocation::Invoke(ScriptingExceptionPtr*, bool)
 #21 Coroutine::InvokeMoveNext(ScriptingExceptionPtr*)
 #22 Coroutine::Run(bool*)
 #23 AsyncOperation::InvokeCoroutine()
 #24 UnityWebRequestAsyncOperation::InvokeCoroutine()
 #25 UnityWebRequestProto<UnityWebRequestTransport, AtomicRefCounter, RedirectHelper, ResponseHelper, DownloadHandler, UploadHandler, CertificateHandler, HeaderHelper, AsyncOperation>::Job_InvokeCoroutine(AsyncOperation*)
 #26 BackgroundJobQueue::ExecuteMainThreadJobs()
 #27 InitPlayerLoopCallbacks()::EarlyUpdateExecuteMainThreadJobsRegistrator::Forward()
 #28 ExecutePlayerLoop(NativePlayerLoopSystem*)
 #29 ExecutePlayerLoop(NativePlayerLoopSystem*)
 #30 PlayerLoop()
 #31 EditorPlayerLoop::Execute()
 #32 PlayerLoopController::InternalUpdateScene(bool, bool)
 #33 PlayerLoopController::UpdateSceneIfNeededFromMainLoop()
 #34 Application::TickTimer()
 #35 -[EditorApplication onEditorUpdatesTickTimer]
 #36 __NSFireTimer
 #37 __CFRUNLOOP_IS_CALLING_OUT_TO_A_TIMER_CALLBACK_FUNCTION__
 #38 __CFRunLoopDoTimer
 #39 __CFRunLoopDoTimers
 #40 __CFRunLoopRun
 #41 _CFRunLoopRunSpecificWithOptions
 #42 RunCurrentEventLoopInMode
 #43 ReceiveNextEventCommon
 #44 _BlockUntilNextEventMatchingListInMode
 #45 _DPSBlockUntilNextEventMatchingListInMode
 #46 _DPSNextEvent
 #47 -[NSApplication(NSEventRouting) _nextEventMatchingEventMask:untilDate:inMode:dequeue:]
 #48 -[NSApplication(NSEventRouting) nextEventMatchingMask:untilDate:inMode:dequeue:]
 #49 -[NSApplication run]
 #50 NSApplicationMain
 #51 EditorMain(int, char const**)
 #52 main
 #53 start

[StoneCompat] Unequip stone 6A23D653EE28AF84 from unsupported unit 8921F97300589009
 #0 PlatformStacktrace::GetStacktrace(int, StacktraceTypes::LRUCache<void*, StacktraceTypes::LRUValue>*)
 #1 DebugStringToFileExtended(DebugStringToFileData const&)
 #2 DebugLogHandler_CUSTOM_Internal_Log(LogType, LogOption, BindingsManagedSpan*, void*)
 #3  (Mono JIT Code) (wrapper managed-to-native) UnityEngine.DebugLogHandler:Internal_Log_Injected (UnityEngine.LogType,UnityEngine.LogOption,UnityEngine.Bindings.ManagedSpanWrapper&,intptr)
 #4  (Mono JIT Code) UnityEngine.DebugLogHandler:Internal_Log (UnityEngine.LogType,UnityEngine.LogOption,string,UnityEngine.Object)
 #5  (Mono JIT Code) [DebugLogHandler.cs:10] UnityEngine.DebugLogHandler:LogFormat (UnityEngine.LogType,UnityEngine.Object,string,object[])
 #6  (Mono JIT Code) [Logger.cs:61] UnityEngine.Logger:Log (UnityEngine.LogType,object)
 #7  (Mono JIT Code) [Debug.bindings.cs:216] UnityEngine.Debug:LogWarning (object)
 #8  (Mono JIT Code) [Stones.cs:155] dataAccess.Stones:SanitizeAgainstCurrentUnits ()
 #9  (Mono JIT Code) [Item.cs:107] PlayFabReadClient:OnGetUserInventory (PlayFab.ClientModels.GetUserInventoryResult,System.Action`1<bool>)
 #10  (Mono JIT Code) [Item.cs:23] PlayFabReadClient/<>c__DisplayClass18_0:<LoadItems>b__1 (PlayFab.ClientModels.GetUserInventoryResult)
 #11  (Mono JIT Code) [PlayFabHTTP.cs:219] PlayFab.Internal.PlayFabHttp/<>c__DisplayClass23_0`1<TResult_REF>:<_MakeApiCall>b__1 ()
 #12  (Mono JIT Code) [PlayFabUnityHttp.cs:244] PlayFab.Internal.PlayFabUnityHttp:OnResponse (string,PlayFab.Internal.CallRequestContainer)
 #13  (Mono JIT Code) [PlayFabUnityHttp.cs:197] PlayFab.Internal.PlayFabUnityHttp/<Post>d__12:MoveNext ()
 #14  (Mono JIT Code) [Coroutines.cs:17] UnityEngine.SetupCoroutine:InvokeMoveNext (System.Collections.IEnumerator,intptr)
 #15  (Mono JIT Code) (wrapper runtime-invoke) <Module>:runtime_invoke_void_object_intptr (object,intptr,intptr,intptr)
 #16 mono_jit_runtime_invoke
 #17 do_runtime_invoke
 #18 mono_runtime_invoke
 #19 scripting_method_invoke(ScriptingMethodPtr, ScriptingObjectPtr, ScriptingArguments&, ScriptingExceptionPtr*, bool)
 #20 ScriptingInvocation::Invoke(ScriptingExceptionPtr*, bool)
 #21 Coroutine::InvokeMoveNext(ScriptingExceptionPtr*)
 #22 Coroutine::Run(bool*)
 #23 AsyncOperation::InvokeCoroutine()
 #24 UnityWebRequestAsyncOperation::InvokeCoroutine()
 #25 UnityWebRequestProto<UnityWebRequestTransport, AtomicRefCounter, RedirectHelper, ResponseHelper, DownloadHandler, UploadHandler, CertificateHandler, HeaderHelper, AsyncOperation>::Job_InvokeCoroutine(AsyncOperation*)
 #26 BackgroundJobQueue::ExecuteMainThreadJobs()
 #27 InitPlayerLoopCallbacks()::EarlyUpdateExecuteMainThreadJobsRegistrator::Forward()
 #28 ExecutePlayerLoop(NativePlayerLoopSystem*)
 #29 ExecutePlayerLoop(NativePlayerLoopSystem*)
 #30 PlayerLoop()
 #31 EditorPlayerLoop::Execute()
 #32 PlayerLoopController::InternalUpdateScene(bool, bool)
 #33 PlayerLoopController::UpdateSceneIfNeededFromMainLoop()
 #34 Application::TickTimer()
 #35 -[EditorApplication onEditorUpdatesTickTimer]
 #36 __NSFireTimer
 #37 __CFRUNLOOP_IS_CALLING_OUT_TO_A_TIMER_CALLBACK_FUNCTION__
 #38 __CFRunLoopDoTimer
 #39 __CFRunLoopDoTimers
 #40 __CFRunLoopRun
 #41 _CFRunLoopRunSpecificWithOptions
 #42 RunCurrentEventLoopInMode
 #43 ReceiveNextEventCommon
 #44 _BlockUntilNextEventMatchingListInMode
 #45 _DPSBlockUntilNextEventMatchingListInMode
 #46 _DPSNextEvent
 #47 -[NSApplication(NSEventRouting) _nextEventMatchingEventMask:untilDate:inMode:dequeue:]
 #48 -[NSApplication(NSEventRouting) nextEventMatchingMask:untilDate:inMode:dequeue:]
 #49 -[NSApplication run]
 #50 NSApplicationMain
 #51 EditorMain(int, char const**)
 #52 main
 #53 start

[StoneCompat] Unequip stone E864C7E1E15BCE84 from unsupported unit 8921F97300589009
 #0 PlatformStacktrace::GetStacktrace(int, StacktraceTypes::LRUCache<void*, StacktraceTypes::LRUValue>*)
 #1 DebugStringToFileExtended(DebugStringToFileData const&)
 #2 DebugLogHandler_CUSTOM_Internal_Log(LogType, LogOption, BindingsManagedSpan*, void*)
 #3  (Mono JIT Code) (wrapper managed-to-native) UnityEngine.DebugLogHandler:Internal_Log_Injected (UnityEngine.LogType,UnityEngine.LogOption,UnityEngine.Bindings.ManagedSpanWrapper&,intptr)
 #4  (Mono JIT Code) UnityEngine.DebugLogHandler:Internal_Log (UnityEngine.LogType,UnityEngine.LogOption,string,UnityEngine.Object)
 #5  (Mono JIT Code) [DebugLogHandler.cs:10] UnityEngine.DebugLogHandler:LogFormat (UnityEngine.LogType,UnityEngine.Object,string,object[])
 #6  (Mono JIT Code) [Logger.cs:61] UnityEngine.Logger:Log (UnityEngine.LogType,object)
 #7  (Mono JIT Code) [Debug.bindings.cs:216] UnityEngine.Debug:LogWarning (object)
 #8  (Mono JIT Code) [Stones.cs:155] dataAccess.Stones:SanitizeAgainstCurrentUnits ()
 #9  (Mono JIT Code) [Item.cs:107] PlayFabReadClient:OnGetUserInventory (PlayFab.ClientModels.GetUserInventoryResult,System.Action`1<bool>)
 #10  (Mono JIT Code) [Item.cs:23] PlayFabReadClient/<>c__DisplayClass18_0:<LoadItems>b__1 (PlayFab.ClientModels.GetUserInventoryResult)
 #11  (Mono JIT Code) [PlayFabHTTP.cs:219] PlayFab.Internal.PlayFabHttp/<>c__DisplayClass23_0`1<TResult_REF>:<_MakeApiCall>b__1 ()
 #12  (Mono JIT Code) [PlayFabUnityHttp.cs:244] PlayFab.Internal.PlayFabUnityHttp:OnResponse (string,PlayFab.Internal.CallRequestContainer)
 #13  (Mono JIT Code) [PlayFabUnityHttp.cs:197] PlayFab.Internal.PlayFabUnityHttp/<Post>d__12:MoveNext ()
 #14  (Mono JIT Code) [Coroutines.cs:17] UnityEngine.SetupCoroutine:InvokeMoveNext (System.Collections.IEnumerator,intptr)
 #15  (Mono JIT Code) (wrapper runtime-invoke) <Module>:runtime_invoke_void_object_intptr (object,intptr,intptr,intptr)
 #16 mono_jit_runtime_invoke
 #17 do_runtime_invoke
 #18 mono_runtime_invoke
 #19 scripting_method_invoke(ScriptingMethodPtr, ScriptingObjectPtr, ScriptingArguments&, ScriptingExceptionPtr*, bool)
 #20 ScriptingInvocation::Invoke(ScriptingExceptionPtr*, bool)
 #21 Coroutine::InvokeMoveNext(ScriptingExceptionPtr*)
 #22 Coroutine::Run(bool*)
 #23 AsyncOperation::InvokeCoroutine()
 #24 UnityWebRequestAsyncOperation::InvokeCoroutine()
 #25 UnityWebRequestProto<UnityWebRequestTransport, AtomicRefCounter, RedirectHelper, ResponseHelper, DownloadHandler, UploadHandler, CertificateHandler, HeaderHelper, AsyncOperation>::Job_InvokeCoroutine(AsyncOperation*)
 #26 BackgroundJobQueue::ExecuteMainThreadJobs()
 #27 InitPlayerLoopCallbacks()::EarlyUpdateExecuteMainThreadJobsRegistrator::Forward()
 #28 ExecutePlayerLoop(NativePlayerLoopSystem*)
 #29 ExecutePlayerLoop(NativePlayerLoopSystem*)
 #30 PlayerLoop()
 #31 EditorPlayerLoop::Execute()
 #32 PlayerLoopController::InternalUpdateScene(bool, bool)
 #33 PlayerLoopController::UpdateSceneIfNeededFromMainLoop()
 #34 Application::TickTimer()
 #35 -[EditorApplication onEditorUpdatesTickTimer]
 #36 __NSFireTimer
 #37 __CFRUNLOOP_IS_CALLING_OUT_TO_A_TIMER_CALLBACK_FUNCTION__
 #38 __CFRunLoopDoTimer
 #39 __CFRunLoopDoTimers
 #40 __CFRunLoopRun
 #41 _CFRunLoopRunSpecificWithOptions
 #42 RunCurrentEventLoopInMode
 #43 ReceiveNextEventCommon
 #44 _BlockUntilNextEventMatchingListInMode
 #45 _DPSBlockUntilNextEventMatchingListInMode
 #46 _DPSNextEvent
 #47 -[NSApplication(NSEventRouting) _nextEventMatchingEventMask:untilDate:inMode:dequeue:]
 #48 -[NSApplication(NSEventRouting) nextEventMatchingMask:untilDate:inMode:dequeue:]
 #49 -[NSApplication run]
 #50 NSApplicationMain
 #51 EditorMain(int, char const**)
 #52 main
 #53 start

[StoneCompat] Unequip stone A0293118780B9011 from unsupported unit 8921F97300589009
 #0 PlatformStacktrace::GetStacktrace(int, StacktraceTypes::LRUCache<void*, StacktraceTypes::LRUValue>*)
 #1 DebugStringToFileExtended(DebugStringToFileData const&)
 #2 DebugLogHandler_CUSTOM_Internal_Log(LogType, LogOption, BindingsManagedSpan*, void*)
 #3  (Mono JIT Code) (wrapper managed-to-native) UnityEngine.DebugLogHandler:Internal_Log_Injected (UnityEngine.LogType,UnityEngine.LogOption,UnityEngine.Bindings.ManagedSpanWrapper&,intptr)
 #4  (Mono JIT Code) UnityEngine.DebugLogHandler:Internal_Log (UnityEngine.LogType,UnityEngine.LogOption,string,UnityEngine.Object)
 #5  (Mono JIT Code) [DebugLogHandler.cs:10] UnityEngine.DebugLogHandler:LogFormat (UnityEngine.LogType,UnityEngine.Object,string,object[])
 #6  (Mono JIT Code) [Logger.cs:61] UnityEngine.Logger:Log (UnityEngine.LogType,object)
 #7  (Mono JIT Code) [Debug.bindings.cs:216] UnityEngine.Debug:LogWarning (object)
 #8  (Mono JIT Code) [Stones.cs:155] dataAccess.Stones:SanitizeAgainstCurrentUnits ()
 #9  (Mono JIT Code) [Item.cs:107] PlayFabReadClient:OnGetUserInventory (PlayFab.ClientModels.GetUserInventoryResult,System.Action`1<bool>)
 #10  (Mono JIT Code) [Item.cs:23] PlayFabReadClient/<>c__DisplayClass18_0:<LoadItems>b__1 (PlayFab.ClientModels.GetUserInventoryResult)
 #11  (Mono JIT Code) [PlayFabHTTP.cs:219] PlayFab.Internal.PlayFabHttp/<>c__DisplayClass23_0`1<TResult_REF>:<_MakeApiCall>b__1 ()
 #12  (Mono JIT Code) [PlayFabUnityHttp.cs:244] PlayFab.Internal.PlayFabUnityHttp:OnResponse (string,PlayFab.Internal.CallRequestContainer)
 #13  (Mono JIT Code) [PlayFabUnityHttp.cs:197] PlayFab.Internal.PlayFabUnityHttp/<Post>d__12:MoveNext ()
 #14  (Mono JIT Code) [Coroutines.cs:17] UnityEngine.SetupCoroutine:InvokeMoveNext (System.Collections.IEnumerator,intptr)
 #15  (Mono JIT Code) (wrapper runtime-invoke) <Module>:runtime_invoke_void_object_intptr (object,intptr,intptr,intptr)
 #16 mono_jit_runtime_invoke
 #17 do_runtime_invoke
 #18 mono_runtime_invoke
 #19 scripting_method_invoke(ScriptingMethodPtr, ScriptingObjectPtr, ScriptingArguments&, ScriptingExceptionPtr*, bool)
 #20 ScriptingInvocation::Invoke(ScriptingExceptionPtr*, bool)
 #21 Coroutine::InvokeMoveNext(ScriptingExceptionPtr*)
 #22 Coroutine::Run(bool*)
 #23 AsyncOperation::InvokeCoroutine()
 #24 UnityWebRequestAsyncOperation::InvokeCoroutine()
 #25 UnityWebRequestProto<UnityWebRequestTransport, AtomicRefCounter, RedirectHelper, ResponseHelper, DownloadHandler, UploadHandler, CertificateHandler, HeaderHelper, AsyncOperation>::Job_InvokeCoroutine(AsyncOperation*)
 #26 BackgroundJobQueue::ExecuteMainThreadJobs()
 #27 InitPlayerLoopCallbacks()::EarlyUpdateExecuteMainThreadJobsRegistrator::Forward()
 #28 ExecutePlayerLoop(NativePlayerLoopSystem*)
 #29 ExecutePlayerLoop(NativePlayerLoopSystem*)
 #30 PlayerLoop()
 #31 EditorPlayerLoop::Execute()
 #32 PlayerLoopController::InternalUpdateScene(bool, bool)
 #33 PlayerLoopController::UpdateSceneIfNeededFromMainLoop()
 #34 Application::TickTimer()
 #35 -[EditorApplication onEditorUpdatesTickTimer]
 #36 __NSFireTimer
 #37 __CFRUNLOOP_IS_CALLING_OUT_TO_A_TIMER_CALLBACK_FUNCTION__
 #38 __CFRunLoopDoTimer
 #39 __CFRunLoopDoTimers
 #40 __CFRunLoopRun
 #41 _CFRunLoopRunSpecificWithOptions
 #42 RunCurrentEventLoopInMode
 #43 ReceiveNextEventCommon
 #44 _BlockUntilNextEventMatchingListInMode
 #45 _DPSBlockUntilNextEventMatchingListInMode
 #46 _DPSNextEvent
 #47 -[NSApplication(NSEventRouting) _nextEventMatchingEventMask:untilDate:inMode:dequeue:]
 #48 -[NSApplication(NSEventRouting) nextEventMatchingMask:untilDate:inMode:dequeue:]
 #49 -[NSApplication run]
 #50 NSApplicationMain
 #51 EditorMain(int, char const**)
 #52 main
 #53 start

[StoneCompat] Unequip stone CFEE8164FB4142F9 from unsupported unit 8921F97300589009
 #0 PlatformStacktrace::GetStacktrace(int, StacktraceTypes::LRUCache<void*, StacktraceTypes::LRUValue>*)
 #1 DebugStringToFileExtended(DebugStringToFileData const&)
 #2 DebugLogHandler_CUSTOM_Internal_Log(LogType, LogOption, BindingsManagedSpan*, void*)
 #3  (Mono JIT Code) (wrapper managed-to-native) UnityEngine.DebugLogHandler:Internal_Log_Injected (UnityEngine.LogType,UnityEngine.LogOption,UnityEngine.Bindings.ManagedSpanWrapper&,intptr)
 #4  (Mono JIT Code) UnityEngine.DebugLogHandler:Internal_Log (UnityEngine.LogType,UnityEngine.LogOption,string,UnityEngine.Object)
 #5  (Mono JIT Code) [DebugLogHandler.cs:10] UnityEngine.DebugLogHandler:LogFormat (UnityEngine.LogType,UnityEngine.Object,string,object[])
 #6  (Mono JIT Code) [Logger.cs:61] UnityEngine.Logger:Log (UnityEngine.LogType,object)
 #7  (Mono JIT Code) [Debug.bindings.cs:216] UnityEngine.Debug:LogWarning (object)
 #8  (Mono JIT Code) [Stones.cs:155] dataAccess.Stones:SanitizeAgainstCurrentUnits ()
 #9  (Mono JIT Code) [Item.cs:107] PlayFabReadClient:OnGetUserInventory (PlayFab.ClientModels.GetUserInventoryResult,System.Action`1<bool>)
 #10  (Mono JIT Code) [Item.cs:23] PlayFabReadClient/<>c__DisplayClass18_0:<LoadItems>b__1 (PlayFab.ClientModels.GetUserInventoryResult)
 #11  (Mono JIT Code) [PlayFabHTTP.cs:219] PlayFab.Internal.PlayFabHttp/<>c__DisplayClass23_0`1<TResult_REF>:<_MakeApiCall>b__1 ()
 #12  (Mono JIT Code) [PlayFabUnityHttp.cs:244] PlayFab.Internal.PlayFabUnityHttp:OnResponse (string,PlayFab.Internal.CallRequestContainer)
 #13  (Mono JIT Code) [PlayFabUnityHttp.cs:197] PlayFab.Internal.PlayFabUnityHttp/<Post>d__12:MoveNext ()
 #14  (Mono JIT Code) [Coroutines.cs:17] UnityEngine.SetupCoroutine:InvokeMoveNext (System.Collections.IEnumerator,intptr)
 #15  (Mono JIT Code) (wrapper runtime-invoke) <Module>:runtime_invoke_void_object_intptr (object,intptr,intptr,intptr)
 #16 mono_jit_runtime_invoke
 #17 do_runtime_invoke
 #18 mono_runtime_invoke
 #19 scripting_method_invoke(ScriptingMethodPtr, ScriptingObjectPtr, ScriptingArguments&, ScriptingExceptionPtr*, bool)
 #20 ScriptingInvocation::Invoke(ScriptingExceptionPtr*, bool)
 #21 Coroutine::InvokeMoveNext(ScriptingExceptionPtr*)
 #22 Coroutine::Run(bool*)
 #23 AsyncOperation::InvokeCoroutine()
 #24 UnityWebRequestAsyncOperation::InvokeCoroutine()
 #25 UnityWebRequestProto<UnityWebRequestTransport, AtomicRefCounter, RedirectHelper, ResponseHelper, DownloadHandler, UploadHandler, CertificateHandler, HeaderHelper, AsyncOperation>::Job_InvokeCoroutine(AsyncOperation*)
 #26 BackgroundJobQueue::ExecuteMainThreadJobs()
 #27 InitPlayerLoopCallbacks()::EarlyUpdateExecuteMainThreadJobsRegistrator::Forward()
 #28 ExecutePlayerLoop(NativePlayerLoopSystem*)
 #29 ExecutePlayerLoop(NativePlayerLoopSystem*)
 #30 PlayerLoop()
 #31 EditorPlayerLoop::Execute()
 #32 PlayerLoopController::InternalUpdateScene(bool, bool)
 #33 PlayerLoopController::UpdateSceneIfNeededFromMainLoop()
 #34 Application::TickTimer()
 #35 -[EditorApplication onEditorUpdatesTickTimer]
 #36 __NSFireTimer
 #37 __CFRUNLOOP_IS_CALLING_OUT_TO_A_TIMER_CALLBACK_FUNCTION__
 #38 __CFRunLoopDoTimer
 #39 __CFRunLoopDoTimers
 #40 __CFRunLoopRun
 #41 _CFRunLoopRunSpecificWithOptions
 #42 RunCurrentEventLoopInMode
 #43 ReceiveNextEventCommon
 #44 _BlockUntilNextEventMatchingListInMode
 #45 _DPSBlockUntilNextEventMatchingListInMode
 #46 _DPSNextEvent
 #47 -[NSApplication(NSEventRouting) _nextEventMatchingEventMask:untilDate:inMode:dequeue:]
 #48 -[NSApplication(NSEventRouting) nextEventMatchingMask:untilDate:inMode:dequeue:]
 #49 -[NSApplication run]
 #50 NSApplicationMain
 #51 EditorMain(int, char const**)
 #52 main
 #53 start

[StoneCompat] Unequip stone 28F4EDE878BC68E3 from unsupported unit 8921F97300589009
 #0 PlatformStacktrace::GetStacktrace(int, StacktraceTypes::LRUCache<void*, StacktraceTypes::LRUValue>*)
 #1 DebugStringToFileExtended(DebugStringToFileData const&)
 #2 DebugLogHandler_CUSTOM_Internal_Log(LogType, LogOption, BindingsManagedSpan*, void*)
 #3  (Mono JIT Code) (wrapper managed-to-native) UnityEngine.DebugLogHandler:Internal_Log_Injected (UnityEngine.LogType,UnityEngine.LogOption,UnityEngine.Bindings.ManagedSpanWrapper&,intptr)
 #4  (Mono JIT Code) UnityEngine.DebugLogHandler:Internal_Log (UnityEngine.LogType,UnityEngine.LogOption,string,UnityEngine.Object)
 #5  (Mono JIT Code) [DebugLogHandler.cs:10] UnityEngine.DebugLogHandler:LogFormat (UnityEngine.LogType,UnityEngine.Object,string,object[])
 #6  (Mono JIT Code) [Logger.cs:61] UnityEngine.Logger:Log (UnityEngine.LogType,object)
 #7  (Mono JIT Code) [Debug.bindings.cs:216] UnityEngine.Debug:LogWarning (object)
 #8  (Mono JIT Code) [Stones.cs:155] dataAccess.Stones:SanitizeAgainstCurrentUnits ()
 #9  (Mono JIT Code) [Item.cs:107] PlayFabReadClient:OnGetUserInventory (PlayFab.ClientModels.GetUserInventoryResult,System.Action`1<bool>)
 #10  (Mono JIT Code) [Item.cs:23] PlayFabReadClient/<>c__DisplayClass18_0:<LoadItems>b__1 (PlayFab.ClientModels.GetUserInventoryResult)
 #11  (Mono JIT Code) [PlayFabHTTP.cs:219] PlayFab.Internal.PlayFabHttp/<>c__DisplayClass23_0`1<TResult_REF>:<_MakeApiCall>b__1 ()
 #12  (Mono JIT Code) [PlayFabUnityHttp.cs:244] PlayFab.Internal.PlayFabUnityHttp:OnResponse (string,PlayFab.Internal.CallRequestContainer)
 #13  (Mono JIT Code) [PlayFabUnityHttp.cs:197] PlayFab.Internal.PlayFabUnityHttp/<Post>d__12:MoveNext ()
 #14  (Mono JIT Code) [Coroutines.cs:17] UnityEngine.SetupCoroutine:InvokeMoveNext (System.Collections.IEnumerator,intptr)
 #15  (Mono JIT Code) (wrapper runtime-invoke) <Module>:runtime_invoke_void_object_intptr (object,intptr,intptr,intptr)
 #16 mono_jit_runtime_invoke
 #17 do_runtime_invoke
 #18 mono_runtime_invoke
 #19 scripting_method_invoke(ScriptingMethodPtr, ScriptingObjectPtr, ScriptingArguments&, ScriptingExceptionPtr*, bool)
 #20 ScriptingInvocation::Invoke(ScriptingExceptionPtr*, bool)
 #21 Coroutine::InvokeMoveNext(ScriptingExceptionPtr*)
 #22 Coroutine::Run(bool*)
 #23 AsyncOperation::InvokeCoroutine()
 #24 UnityWebRequestAsyncOperation::InvokeCoroutine()
 #25 UnityWebRequestProto<UnityWebRequestTransport, AtomicRefCounter, RedirectHelper, ResponseHelper, DownloadHandler, UploadHandler, CertificateHandler, HeaderHelper, AsyncOperation>::Job_InvokeCoroutine(AsyncOperation*)
 #26 BackgroundJobQueue::ExecuteMainThreadJobs()
 #27 InitPlayerLoopCallbacks()::EarlyUpdateExecuteMainThreadJobsRegistrator::Forward()
 #28 ExecutePlayerLoop(NativePlayerLoopSystem*)
 #29 ExecutePlayerLoop(NativePlayerLoopSystem*)
 #30 PlayerLoop()
 #31 EditorPlayerLoop::Execute()
 #32 PlayerLoopController::InternalUpdateScene(bool, bool)
 #33 PlayerLoopController::UpdateSceneIfNeededFromMainLoop()
 #34 Application::TickTimer()
 #35 -[EditorApplication onEditorUpdatesTickTimer]
 #36 __NSFireTimer
 #37 __CFRUNLOOP_IS_CALLING_OUT_TO_A_TIMER_CALLBACK_FUNCTION__
 #38 __CFRunLoopDoTimer
 #39 __CFRunLoopDoTimers
 #40 __CFRunLoopRun
 #41 _CFRunLoopRunSpecificWithOptions
 #42 RunCurrentEventLoopInMode
 #43 ReceiveNextEventCommon
 #44 _BlockUntilNextEventMatchingListInMode
 #45 _DPSBlockUntilNextEventMatchingListInMode
 #46 _DPSNextEvent
 #47 -[NSApplication(NSEventRouting) _nextEventMatchingEventMask:untilDate:inMode:dequeue:]
 #48 -[NSApplication(NSEventRouting) nextEventMatchingMask:untilDate:inMode:dequeue:]
 #49 -[NSApplication run]
 #50 NSApplicationMain
 #51 EditorMain(int, char const**)
 #52 main
 #53 start

[StoneCompat] Unequip stone 122FBA05692C4F61 from unsupported unit 8921F97300589009
 #0 PlatformStacktrace::GetStacktrace(int, StacktraceTypes::LRUCache<void*, StacktraceTypes::LRUValue>*)
 #1 DebugStringToFileExtended(DebugStringToFileData const&)
 #2 DebugLogHandler_CUSTOM_Internal_Log(LogType, LogOption, BindingsManagedSpan*, void*)
 #3  (Mono JIT Code) (wrapper managed-to-native) UnityEngine.DebugLogHandler:Internal_Log_Injected (UnityEngine.LogType,UnityEngine.LogOption,UnityEngine.Bindings.ManagedSpanWrapper&,intptr)
 #4  (Mono JIT Code) UnityEngine.DebugLogHandler:Internal_Log (UnityEngine.LogType,UnityEngine.LogOption,string,UnityEngine.Object)
 #5  (Mono JIT Code) [DebugLogHandler.cs:10] UnityEngine.DebugLogHandler:LogFormat (UnityEngine.LogType,UnityEngine.Object,string,object[])
 #6  (Mono JIT Code) [Logger.cs:61] UnityEngine.Logger:Log (UnityEngine.LogType,object)
 #7  (Mono JIT Code) [Debug.bindings.cs:216] UnityEngine.Debug:LogWarning (object)
 #8  (Mono JIT Code) [Stones.cs:155] dataAccess.Stones:SanitizeAgainstCurrentUnits ()
 #9  (Mono JIT Code) [Item.cs:107] PlayFabReadClient:OnGetUserInventory (PlayFab.ClientModels.GetUserInventoryResult,System.Action`1<bool>)
 #10  (Mono JIT Code) [Item.cs:23] PlayFabReadClient/<>c__DisplayClass18_0:<LoadItems>b__1 (PlayFab.ClientModels.GetUserInventoryResult)
 #11  (Mono JIT Code) [PlayFabHTTP.cs:219] PlayFab.Internal.PlayFabHttp/<>c__DisplayClass23_0`1<TResult_REF>:<_MakeApiCall>b__1 ()
 #12  (Mono JIT Code) [PlayFabUnityHttp.cs:244] PlayFab.Internal.PlayFabUnityHttp:OnResponse (string,PlayFab.Internal.CallRequestContainer)
 #13  (Mono JIT Code) [PlayFabUnityHttp.cs:197] PlayFab.Internal.PlayFabUnityHttp/<Post>d__12:MoveNext ()
 #14  (Mono JIT Code) [Coroutines.cs:17] UnityEngine.SetupCoroutine:InvokeMoveNext (System.Collections.IEnumerator,intptr)
 #15  (Mono JIT Code) (wrapper runtime-invoke) <Module>:runtime_invoke_void_object_intptr (object,intptr,intptr,intptr)
 #16 mono_jit_runtime_invoke
 #17 do_runtime_invoke
 #18 mono_runtime_invoke
 #19 scripting_method_invoke(ScriptingMethodPtr, ScriptingObjectPtr, ScriptingArguments&, ScriptingExceptionPtr*, bool)
 #20 ScriptingInvocation::Invoke(ScriptingExceptionPtr*, bool)
 #21 Coroutine::InvokeMoveNext(ScriptingExceptionPtr*)
 #22 Coroutine::Run(bool*)
 #23 AsyncOperation::InvokeCoroutine()
 #24 UnityWebRequestAsyncOperation::InvokeCoroutine()
 #25 UnityWebRequestProto<UnityWebRequestTransport, AtomicRefCounter, RedirectHelper, ResponseHelper, DownloadHandler, UploadHandler, CertificateHandler, HeaderHelper, AsyncOperation>::Job_InvokeCoroutine(AsyncOperation*)
 #26 BackgroundJobQueue::ExecuteMainThreadJobs()
 #27 InitPlayerLoopCallbacks()::EarlyUpdateExecuteMainThreadJobsRegistrator::Forward()
 #28 ExecutePlayerLoop(NativePlayerLoopSystem*)
 #29 ExecutePlayerLoop(NativePlayerLoopSystem*)
 #30 PlayerLoop()
 #31 EditorPlayerLoop::Execute()
 #32 PlayerLoopController::InternalUpdateScene(bool, bool)
 #33 PlayerLoopController::UpdateSceneIfNeededFromMainLoop()
 #34 Application::TickTimer()
 #35 -[EditorApplication onEditorUpdatesTickTimer]
 #36 __NSFireTimer
 #37 __CFRUNLOOP_IS_CALLING_OUT_TO_A_TIMER_CALLBACK_FUNCTION__
 #38 __CFRunLoopDoTimer
 #39 __CFRunLoopDoTimers
 #40 __CFRunLoopRun
 #41 _CFRunLoopRunSpecificWithOptions
 #42 RunCurrentEventLoopInMode
 #43 ReceiveNextEventCommon
 #44 _BlockUntilNextEventMatchingListInMode
 #45 _DPSBlockUntilNextEventMatchingListInMode
 #46 _DPSNextEvent
 #47 -[NSApplication(NSEventRouting) _nextEventMatchingEventMask:untilDate:inMode:dequeue:]
 #48 -[NSApplication(NSEventRouting) nextEventMatchingMask:untilDate:inMode:dequeue:]
 #49 -[NSApplication run]
 #50 NSApplicationMain
 #51 EditorMain(int, char const**)
 #52 main
 #53 start

[StoneCompat] Unequip stone 3B1400BBD933411D from unsupported unit 8921F97300589009
 #0 PlatformStacktrace::GetStacktrace(int, StacktraceTypes::LRUCache<void*, StacktraceTypes::LRUValue>*)
 #1 DebugStringToFileExtended(DebugStringToFileData const&)
 #2 DebugLogHandler_CUSTOM_Internal_Log(LogType, LogOption, BindingsManagedSpan*, void*)
 #3  (Mono JIT Code) (wrapper managed-to-native) UnityEngine.DebugLogHandler:Internal_Log_Injected (UnityEngine.LogType,UnityEngine.LogOption,UnityEngine.Bindings.ManagedSpanWrapper&,intptr)
 #4  (Mono JIT Code) UnityEngine.DebugLogHandler:Internal_Log (UnityEngine.LogType,UnityEngine.LogOption,string,UnityEngine.Object)
 #5  (Mono JIT Code) [DebugLogHandler.cs:10] UnityEngine.DebugLogHandler:LogFormat (UnityEngine.LogType,UnityEngine.Object,string,object[])
 #6  (Mono JIT Code) [Logger.cs:61] UnityEngine.Logger:Log (UnityEngine.LogType,object)
 #7  (Mono JIT Code) [Debug.bindings.cs:216] UnityEngine.Debug:LogWarning (object)
 #8  (Mono JIT Code) [Stones.cs:155] dataAccess.Stones:SanitizeAgainstCurrentUnits ()
 #9  (Mono JIT Code) [Item.cs:107] PlayFabReadClient:OnGetUserInventory (PlayFab.ClientModels.GetUserInventoryResult,System.Action`1<bool>)
 #10  (Mono JIT Code) [Item.cs:23] PlayFabReadClient/<>c__DisplayClass18_0:<LoadItems>b__1 (PlayFab.ClientModels.GetUserInventoryResult)
 #11  (Mono JIT Code) [PlayFabHTTP.cs:219] PlayFab.Internal.PlayFabHttp/<>c__DisplayClass23_0`1<TResult_REF>:<_MakeApiCall>b__1 ()
 #12  (Mono JIT Code) [PlayFabUnityHttp.cs:244] PlayFab.Internal.PlayFabUnityHttp:OnResponse (string,PlayFab.Internal.CallRequestContainer)
 #13  (Mono JIT Code) [PlayFabUnityHttp.cs:197] PlayFab.Internal.PlayFabUnityHttp/<Post>d__12:MoveNext ()
 #14  (Mono JIT Code) [Coroutines.cs:17] UnityEngine.SetupCoroutine:InvokeMoveNext (System.Collections.IEnumerator,intptr)
 #15  (Mono JIT Code) (wrapper runtime-invoke) <Module>:runtime_invoke_void_object_intptr (object,intptr,intptr,intptr)
 #16 mono_jit_runtime_invoke
 #17 do_runtime_invoke
 #18 mono_runtime_invoke
 #19 scripting_method_invoke(ScriptingMethodPtr, ScriptingObjectPtr, ScriptingArguments&, ScriptingExceptionPtr*, bool)
 #20 ScriptingInvocation::Invoke(ScriptingExceptionPtr*, bool)
 #21 Coroutine::InvokeMoveNext(ScriptingExceptionPtr*)
 #22 Coroutine::Run(bool*)
 #23 AsyncOperation::InvokeCoroutine()
 #24 UnityWebRequestAsyncOperation::InvokeCoroutine()
 #25 UnityWebRequestProto<UnityWebRequestTransport, AtomicRefCounter, RedirectHelper, ResponseHelper, DownloadHandler, UploadHandler, CertificateHandler, HeaderHelper, AsyncOperation>::Job_InvokeCoroutine(AsyncOperation*)
 #26 BackgroundJobQueue::ExecuteMainThreadJobs()
 #27 InitPlayerLoopCallbacks()::EarlyUpdateExecuteMainThreadJobsRegistrator::Forward()
 #28 ExecutePlayerLoop(NativePlayerLoopSystem*)
 #29 ExecutePlayerLoop(NativePlayerLoopSystem*)
 #30 PlayerLoop()
 #31 EditorPlayerLoop::Execute()
 #32 PlayerLoopController::InternalUpdateScene(bool, bool)
 #33 PlayerLoopController::UpdateSceneIfNeededFromMainLoop()
 #34 Application::TickTimer()
 #35 -[EditorApplication onEditorUpdatesTickTimer]
 #36 __NSFireTimer
 #37 __CFRUNLOOP_IS_CALLING_OUT_TO_A_TIMER_CALLBACK_FUNCTION__
 #38 __CFRunLoopDoTimer
 #39 __CFRunLoopDoTimers
 #40 __CFRunLoopRun
 #41 _CFRunLoopRunSpecificWithOptions
 #42 RunCurrentEventLoopInMode
 #43 ReceiveNextEventCommon
 #44 _BlockUntilNextEventMatchingListInMode
 #45 _DPSBlockUntilNextEventMatchingListInMode
 #46 _DPSNextEvent
 #47 -[NSApplication(NSEventRouting) _nextEventMatchingEventMask:untilDate:inMode:dequeue:]
 #48 -[NSApplication(NSEventRouting) nextEventMatchingMask:untilDate:inMode:dequeue:]
 #49 -[NSApplication run]
 #50 NSApplicationMain
 #51 EditorMain(int, char const**)
 #52 main
 #53 start

Unloading 882 Unused Serialized files (Serialized files now loaded: 0)
UnloadTime: 15.602208 ms
Computing lightmaps is not available in play mode.
 #0 PlatformStacktrace::GetStacktrace(int, StacktraceTypes::LRUCache<void*, StacktraceTypes::LRUValue>*)
 #1 DebugStringToFile(DebugStringToFileData const&)
 #2 ComputeLightmaps(bool, UnityGUID const&)
 #3 ComputeLightmaps(bool)
 #4 LightingDataAssetManager_SceneLoadedAfterAwakeStatic(UnitySceneHandle, AwakeFromLoadQueue&, SceneLoadingMode)
 #5 LoadSceneOperation::CompleteAwakeSequence()
 #6 LoadSceneOperation::IntegrateMainThread()
 #7 PreloadManager::UpdatePreloadingSingleStep(PreloadManager::UpdatePreloadingFlags, int)
 #8 PreloadManager::UpdatePreloading()
 #9 InitPlayerLoopCallbacks()::EarlyUpdateUpdatePreloadingRegistrator::Forward()
 #10 ExecutePlayerLoop(NativePlayerLoopSystem*)
 #11 ExecutePlayerLoop(NativePlayerLoopSystem*)
 #12 PlayerLoop()
 #13 EditorPlayerLoop::Execute()
 #14 PlayerLoopController::InternalUpdateScene(bool, bool)
 #15 PlayerLoopController::UpdateSceneIfNeededFromMainLoop()
 #16 Application::TickTimer()
 #17 -[EditorApplication onEditorUpdatesTickTimer]
 #18 __NSFireTimer
 #19 __CFRUNLOOP_IS_CALLING_OUT_TO_A_TIMER_CALLBACK_FUNCTION__
 #20 __CFRunLoopDoTimer
 #21 __CFRunLoopDoTimers
 #22 __CFRunLoopRun
 #23 _CFRunLoopRunSpecificWithOptions
 #24 RunCurrentEventLoopInMode
 #25 ReceiveNextEventCommon
 #26 _BlockUntilNextEventMatchingListInMode
 #27 _DPSBlockUntilNextEventMatchingListInMode
 #28 _DPSNextEvent
 #29 -[NSApplication(NSEventRouting) _nextEventMatchingEventMask:untilDate:inMode:dequeue:]
 #30 -[NSApplication(NSEventRouting) nextEventMatchingMask:untilDate:inMode:dequeue:]
 #31 -[NSApplication run]
 #32 NSApplicationMain
 #33 EditorMain(int, char const**)
 #34 main
 #35 start

Loaded scene 'Assets/Scene/fight_scene/FightScene.unity'
	Deserialize:            22.911 ms
	Integration:            166.271 ms
	Integration of assets:  0.405 ms
	Thread Wait Time:       21.476 ms
	Total Operation Time:   211.062 ms
Unloading 33780 unused Assets / (175.7 MB). Loaded Objects now: 12786.
Memory consumption went from 1.77 GB to 1.60 GB.
Total: 47.356666 ms (FindLiveObjects: 0.772833 ms CreateObjectMapping: 5.178083 ms MarkObjects: 16.843667 ms  DeleteObjects: 24.561750 ms)

Product:diamond50
 #0 PlatformStacktrace::GetStacktrace(int, StacktraceTypes::LRUCache<void*, StacktraceTypes::LRUValue>*)
 #1 DebugStringToFileExtended(DebugStringToFileData const&)
 #2 DebugLogHandler_CUSTOM_Internal_Log(LogType, LogOption, BindingsManagedSpan*, void*)
 #3  (Mono JIT Code) (wrapper managed-to-native) UnityEngine.DebugLogHandler:Internal_Log_Injected (UnityEngine.LogType,UnityEngine.LogOption,UnityEngine.Bindings.ManagedSpanWrapper&,intptr)
 #4  (Mono JIT Code) UnityEngine.DebugLogHandler:Internal_Log (UnityEngine.LogType,UnityEngine.LogOption,string,UnityEngine.Object)
 #5  (Mono JIT Code) [DebugLogHandler.cs:10] UnityEngine.DebugLogHandler:LogFormat (UnityEngine.LogType,UnityEngine.Object,string,object[])
 #6  (Mono JIT Code) [Logger.cs:61] UnityEngine.Logger:Log (UnityEngine.LogType,object)
 #7  (Mono JIT Code) [Debug.bindings.cs:123] UnityEngine.Debug:Log (object)
 #8  (Mono JIT Code) [IAPManager.cs:158] IAPManager:InitializePurchasing ()
 #9  (Mono JIT Code) [IAPManager.cs:73] IAPManager:set_ProductCatalogInitialised (bool)
 #10  (Mono JIT Code) [IAPManager.cs:106] IAPManager:<RefreshIAPItems>b__24_0 (PlayFab.ClientModels.GetCatalogItemsResult)
 #11  (Mono JIT Code) [PlayFabHTTP.cs:219] PlayFab.Internal.PlayFabHttp/<>c__DisplayClass23_0`1<TResult_REF>:<_MakeApiCall>b__1 ()
 #12  (Mono JIT Code) [PlayFabUnityHttp.cs:244] PlayFab.Internal.PlayFabUnityHttp:OnResponse (string,PlayFab.Internal.CallRequestContainer)
 #13  (Mono JIT Code) [PlayFabUnityHttp.cs:197] PlayFab.Internal.PlayFabUnityHttp/<Post>d__12:MoveNext ()
 #14  (Mono JIT Code) [Coroutines.cs:17] UnityEngine.SetupCoroutine:InvokeMoveNext (System.Collections.IEnumerator,intptr)
 #15  (Mono JIT Code) (wrapper runtime-invoke) <Module>:runtime_invoke_void_object_intptr (object,intptr,intptr,intptr)
 #16 mono_jit_runtime_invoke
 #17 do_runtime_invoke
 #18 mono_runtime_invoke
 #19 scripting_method_invoke(ScriptingMethodPtr, ScriptingObjectPtr, ScriptingArguments&, ScriptingExceptionPtr*, bool)
 #20 ScriptingInvocation::Invoke(ScriptingExceptionPtr*, bool)
 #21 Coroutine::InvokeMoveNext(ScriptingExceptionPtr*)
 #22 Coroutine::Run(bool*)
 #23 AsyncOperation::InvokeCoroutine()
 #24 UnityWebRequestAsyncOperation::InvokeCoroutine()
 #25 UnityWebRequestProto<UnityWebRequestTransport, AtomicRefCounter, RedirectHelper, ResponseHelper, DownloadHandler, UploadHandler, CertificateHandler, HeaderHelper, AsyncOperation>::Job_InvokeCoroutine(AsyncOperation*)
 #26 BackgroundJobQueue::ExecuteMainThreadJobs()
 #27 InitPlayerLoopCallbacks()::EarlyUpdateExecuteMainThreadJobsRegistrator::Forward()
 #28 ExecutePlayerLoop(NativePlayerLoopSystem*)
 #29 ExecutePlayerLoop(NativePlayerLoopSystem*)
 #30 PlayerLoop()
 #31 EditorPlayerLoop::Execute()
 #32 PlayerLoopController::InternalUpdateScene(bool, bool)
 #33 PlayerLoopController::UpdateSceneIfNeededFromMainLoop()
 #34 Application::TickTimer()
 #35 -[EditorApplication onEditorUpdatesTickTimer]
 #36 __NSFireTimer
 #37 __CFRUNLOOP_IS_CALLING_OUT_TO_A_TIMER_CALLBACK_FUNCTION__
 #38 __CFRunLoopDoTimer
 #39 __CFRunLoopDoTimers
 #40 __CFRunLoopRun
 #41 _CFRunLoopRunSpecificWithOptions
 #42 RunCurrentEventLoopInMode
 #43 ReceiveNextEventCommon
 #44 _BlockUntilNextEventMatchingListInMode
 #45 _DPSBlockUntilNextEventMatchingListInMode
 #46 _DPSNextEvent
 #47 -[NSApplication(NSEventRouting) _nextEventMatchingEventMask:untilDate:inMode:dequeue:]
 #48 -[NSApplication(NSEventRouting) nextEventMatchingMask:untilDate:inMode:dequeue:]
 #49 -[NSApplication run]
 #50 NSApplicationMain
 #51 EditorMain(int, char const**)
 #52 main
 #53 start

Product:diamond250
 #0 PlatformStacktrace::GetStacktrace(int, StacktraceTypes::LRUCache<void*, StacktraceTypes::LRUValue>*)
 #1 DebugStringToFileExtended(DebugStringToFileData const&)
 #2 DebugLogHandler_CUSTOM_Internal_Log(LogType, LogOption, BindingsManagedSpan*, void*)
 #3  (Mono JIT Code) (wrapper managed-to-native) UnityEngine.DebugLogHandler:Internal_Log_Injected (UnityEngine.LogType,UnityEngine.LogOption,UnityEngine.Bindings.ManagedSpanWrapper&,intptr)
 #4  (Mono JIT Code) UnityEngine.DebugLogHandler:Internal_Log (UnityEngine.LogType,UnityEngine.LogOption,string,UnityEngine.Object)
 #5  (Mono JIT Code) [DebugLogHandler.cs:10] UnityEngine.DebugLogHandler:LogFormat (UnityEngine.LogType,UnityEngine.Object,string,object[])
 #6  (Mono JIT Code) [Logger.cs:61] UnityEngine.Logger:Log (UnityEngine.LogType,object)
 #7  (Mono JIT Code) [Debug.bindings.cs:123] UnityEngine.Debug:Log (object)
 #8  (Mono JIT Code) [IAPManager.cs:158] IAPManager:InitializePurchasing ()
 #9  (Mono JIT Code) [IAPManager.cs:73] IAPManager:set_ProductCatalogInitialised (bool)
 #10  (Mono JIT Code) [IAPManager.cs:106] IAPManager:<RefreshIAPItems>b__24_0 (PlayFab.ClientModels.GetCatalogItemsResult)
 #11  (Mono JIT Code) [PlayFabHTTP.cs:219] PlayFab.Internal.PlayFabHttp/<>c__DisplayClass23_0`1<TResult_REF>:<_MakeApiCall>b__1 ()
 #12  (Mono JIT Code) [PlayFabUnityHttp.cs:244] PlayFab.Internal.PlayFabUnityHttp:OnResponse (string,PlayFab.Internal.CallRequestContainer)
 #13  (Mono JIT Code) [PlayFabUnityHttp.cs:197] PlayFab.Internal.PlayFabUnityHttp/<Post>d__12:MoveNext ()
 #14  (Mono JIT Code) [Coroutines.cs:17] UnityEngine.SetupCoroutine:InvokeMoveNext (System.Collections.IEnumerator,intptr)
 #15  (Mono JIT Code) (wrapper runtime-invoke) <Module>:runtime_invoke_void_object_intptr (object,intptr,intptr,intptr)
 #16 mono_jit_runtime_invoke
 #17 do_runtime_invoke
 #18 mono_runtime_invoke
 #19 scripting_method_invoke(ScriptingMethodPtr, ScriptingObjectPtr, ScriptingArguments&, ScriptingExceptionPtr*, bool)
 #20 ScriptingInvocation::Invoke(ScriptingExceptionPtr*, bool)
 #21 Coroutine::InvokeMoveNext(ScriptingExceptionPtr*)
 #22 Coroutine::Run(bool*)
 #23 AsyncOperation::InvokeCoroutine()
 #24 UnityWebRequestAsyncOperation::InvokeCoroutine()
 #25 UnityWebRequestProto<UnityWebRequestTransport, AtomicRefCounter, RedirectHelper, ResponseHelper, DownloadHandler, UploadHandler, CertificateHandler, HeaderHelper, AsyncOperation>::Job_InvokeCoroutine(AsyncOperation*)
 #26 BackgroundJobQueue::ExecuteMainThreadJobs()
 #27 InitPlayerLoopCallbacks()::EarlyUpdateExecuteMainThreadJobsRegistrator::Forward()
 #28 ExecutePlayerLoop(NativePlayerLoopSystem*)
 #29 ExecutePlayerLoop(NativePlayerLoopSystem*)
 #30 PlayerLoop()
 #31 EditorPlayerLoop::Execute()
 #32 PlayerLoopController::InternalUpdateScene(bool, bool)
 #33 PlayerLoopController::UpdateSceneIfNeededFromMainLoop()
 #34 Application::TickTimer()
 #35 -[EditorApplication onEditorUpdatesTickTimer]
 #36 __NSFireTimer
 #37 __CFRUNLOOP_IS_CALLING_OUT_TO_A_TIMER_CALLBACK_FUNCTION__
 #38 __CFRunLoopDoTimer
 #39 __CFRunLoopDoTimers
 #40 __CFRunLoopRun
 #41 _CFRunLoopRunSpecificWithOptions
 #42 RunCurrentEventLoopInMode
 #43 ReceiveNextEventCommon
 #44 _BlockUntilNextEventMatchingListInMode
 #45 _DPSBlockUntilNextEventMatchingListInMode
 #46 _DPSNextEvent
 #47 -[NSApplication(NSEventRouting) _nextEventMatchingEventMask:untilDate:inMode:dequeue:]
 #48 -[NSApplication(NSEventRouting) nextEventMatchingMask:untilDate:inMode:dequeue:]
 #49 -[NSApplication run]
 #50 NSApplicationMain
 #51 EditorMain(int, char const**)
 #52 main
 #53 start

Product:diamond2500_2
 #0 PlatformStacktrace::GetStacktrace(int, StacktraceTypes::LRUCache<void*, StacktraceTypes::LRUValue>*)
 #1 DebugStringToFileExtended(DebugStringToFileData const&)
 #2 DebugLogHandler_CUSTOM_Internal_Log(LogType, LogOption, BindingsManagedSpan*, void*)
 #3  (Mono JIT Code) (wrapper managed-to-native) UnityEngine.DebugLogHandler:Internal_Log_Injected (UnityEngine.LogType,UnityEngine.LogOption,UnityEngine.Bindings.ManagedSpanWrapper&,intptr)
 #4  (Mono JIT Code) UnityEngine.DebugLogHandler:Internal_Log (UnityEngine.LogType,UnityEngine.LogOption,string,UnityEngine.Object)
 #5  (Mono JIT Code) [DebugLogHandler.cs:10] UnityEngine.DebugLogHandler:LogFormat (UnityEngine.LogType,UnityEngine.Object,string,object[])
 #6  (Mono JIT Code) [Logger.cs:61] UnityEngine.Logger:Log (UnityEngine.LogType,object)
 #7  (Mono JIT Code) [Debug.bindings.cs:123] UnityEngine.Debug:Log (object)
 #8  (Mono JIT Code) [IAPManager.cs:158] IAPManager:InitializePurchasing ()
 #9  (Mono JIT Code) [IAPManager.cs:73] IAPManager:set_ProductCatalogInitialised (bool)
 #10  (Mono JIT Code) [IAPManager.cs:106] IAPManager:<RefreshIAPItems>b__24_0 (PlayFab.ClientModels.GetCatalogItemsResult)
 #11  (Mono JIT Code) [PlayFabHTTP.cs:219] PlayFab.Internal.PlayFabHttp/<>c__DisplayClass23_0`1<TResult_REF>:<_MakeApiCall>b__1 ()
 #12  (Mono JIT Code) [PlayFabUnityHttp.cs:244] PlayFab.Internal.PlayFabUnityHttp:OnResponse (string,PlayFab.Internal.CallRequestContainer)
 #13  (Mono JIT Code) [PlayFabUnityHttp.cs:197] PlayFab.Internal.PlayFabUnityHttp/<Post>d__12:MoveNext ()
 #14  (Mono JIT Code) [Coroutines.cs:17] UnityEngine.SetupCoroutine:InvokeMoveNext (System.Collections.IEnumerator,intptr)
 #15  (Mono JIT Code) (wrapper runtime-invoke) <Module>:runtime_invoke_void_object_intptr (object,intptr,intptr,intptr)
 #16 mono_jit_runtime_invoke
 #17 do_runtime_invoke
 #18 mono_runtime_invoke
 #19 scripting_method_invoke(ScriptingMethodPtr, ScriptingObjectPtr, ScriptingArguments&, ScriptingExceptionPtr*, bool)
 #20 ScriptingInvocation::Invoke(ScriptingExceptionPtr*, bool)
 #21 Coroutine::InvokeMoveNext(ScriptingExceptionPtr*)
 #22 Coroutine::Run(bool*)
 #23 AsyncOperation::InvokeCoroutine()
 #24 UnityWebRequestAsyncOperation::InvokeCoroutine()
 #25 UnityWebRequestProto<UnityWebRequestTransport, AtomicRefCounter, RedirectHelper, ResponseHelper, DownloadHandler, UploadHandler, CertificateHandler, HeaderHelper, AsyncOperation>::Job_InvokeCoroutine(AsyncOperation*)
 #26 BackgroundJobQueue::ExecuteMainThreadJobs()
 #27 InitPlayerLoopCallbacks()::EarlyUpdateExecuteMainThreadJobsRegistrator::Forward()
 #28 ExecutePlayerLoop(NativePlayerLoopSystem*)
 #29 ExecutePlayerLoop(NativePlayerLoopSystem*)
 #30 PlayerLoop()
 #31 EditorPlayerLoop::Execute()
 #32 PlayerLoopController::InternalUpdateScene(bool, bool)
 #33 PlayerLoopController::UpdateSceneIfNeededFromMainLoop()
 #34 Application::TickTimer()
 #35 -[EditorApplication onEditorUpdatesTickTimer]
 #36 __NSFireTimer
 #37 __CFRUNLOOP_IS_CALLING_OUT_TO_A_TIMER_CALLBACK_FUNCTION__
 #38 __CFRunLoopDoTimer
 #39 __CFRunLoopDoTimers
 #40 __CFRunLoopRun
 #41 _CFRunLoopRunSpecificWithOptions
 #42 RunCurrentEventLoopInMode
 #43 ReceiveNextEventCommon
 #44 _BlockUntilNextEventMatchingListInMode
 #45 _DPSBlockUntilNextEventMatchingListInMode
 #46 _DPSNextEvent
 #47 -[NSApplication(NSEventRouting) _nextEventMatchingEventMask:untilDate:inMode:dequeue:]
 #48 -[NSApplication(NSEventRouting) nextEventMatchingMask:untilDate:inMode:dequeue:]
 #49 -[NSApplication run]
 #50 NSApplicationMain
 #51 EditorMain(int, char const**)
 #52 main
 #53 start

Product:diamond1000_2
 #0 PlatformStacktrace::GetStacktrace(int, StacktraceTypes::LRUCache<void*, StacktraceTypes::LRUValue>*)
 #1 DebugStringToFileExtended(DebugStringToFileData const&)
 #2 DebugLogHandler_CUSTOM_Internal_Log(LogType, LogOption, BindingsManagedSpan*, void*)
 #3  (Mono JIT Code) (wrapper managed-to-native) UnityEngine.DebugLogHandler:Internal_Log_Injected (UnityEngine.LogType,UnityEngine.LogOption,UnityEngine.Bindings.ManagedSpanWrapper&,intptr)
 #4  (Mono JIT Code) UnityEngine.DebugLogHandler:Internal_Log (UnityEngine.LogType,UnityEngine.LogOption,string,UnityEngine.Object)
 #5  (Mono JIT Code) [DebugLogHandler.cs:10] UnityEngine.DebugLogHandler:LogFormat (UnityEngine.LogType,UnityEngine.Object,string,object[])
 #6  (Mono JIT Code) [Logger.cs:61] UnityEngine.Logger:Log (UnityEngine.LogType,object)
 #7  (Mono JIT Code) [Debug.bindings.cs:123] UnityEngine.Debug:Log (object)
 #8  (Mono JIT Code) [IAPManager.cs:158] IAPManager:InitializePurchasing ()
 #9  (Mono JIT Code) [IAPManager.cs:73] IAPManager:set_ProductCatalogInitialised (bool)
 #10  (Mono JIT Code) [IAPManager.cs:106] IAPManager:<RefreshIAPItems>b__24_0 (PlayFab.ClientModels.GetCatalogItemsResult)
 #11  (Mono JIT Code) [PlayFabHTTP.cs:219] PlayFab.Internal.PlayFabHttp/<>c__DisplayClass23_0`1<TResult_REF>:<_MakeApiCall>b__1 ()
 #12  (Mono JIT Code) [PlayFabUnityHttp.cs:244] PlayFab.Internal.PlayFabUnityHttp:OnResponse (string,PlayFab.Internal.CallRequestContainer)
 #13  (Mono JIT Code) [PlayFabUnityHttp.cs:197] PlayFab.Internal.PlayFabUnityHttp/<Post>d__12:MoveNext ()
 #14  (Mono JIT Code) [Coroutines.cs:17] UnityEngine.SetupCoroutine:InvokeMoveNext (System.Collections.IEnumerator,intptr)
 #15  (Mono JIT Code) (wrapper runtime-invoke) <Module>:runtime_invoke_void_object_intptr (object,intptr,intptr,intptr)
 #16 mono_jit_runtime_invoke
 #17 do_runtime_invoke
 #18 mono_runtime_invoke
 #19 scripting_method_invoke(ScriptingMethodPtr, ScriptingObjectPtr, ScriptingArguments&, ScriptingExceptionPtr*, bool)
 #20 ScriptingInvocation::Invoke(ScriptingExceptionPtr*, bool)
 #21 Coroutine::InvokeMoveNext(ScriptingExceptionPtr*)
 #22 Coroutine::Run(bool*)
 #23 AsyncOperation::InvokeCoroutine()
 #24 UnityWebRequestAsyncOperation::InvokeCoroutine()
 #25 UnityWebRequestProto<UnityWebRequestTransport, AtomicRefCounter, RedirectHelper, ResponseHelper, DownloadHandler, UploadHandler, CertificateHandler, HeaderHelper, AsyncOperation>::Job_InvokeCoroutine(AsyncOperation*)
 #26 BackgroundJobQueue::ExecuteMainThreadJobs()
 #27 InitPlayerLoopCallbacks()::EarlyUpdateExecuteMainThreadJobsRegistrator::Forward()
 #28 ExecutePlayerLoop(NativePlayerLoopSystem*)
 #29 ExecutePlayerLoop(NativePlayerLoopSystem*)
 #30 PlayerLoop()
 #31 EditorPlayerLoop::Execute()
 #32 PlayerLoopController::InternalUpdateScene(bool, bool)
 #33 PlayerLoopController::UpdateSceneIfNeededFromMainLoop()
 #34 Application::TickTimer()
 #35 -[EditorApplication onEditorUpdatesTickTimer]
 #36 __NSFireTimer
 #37 __CFRUNLOOP_IS_CALLING_OUT_TO_A_TIMER_CALLBACK_FUNCTION__
 #38 __CFRunLoopDoTimer
 #39 __CFRunLoopDoTimers
 #40 __CFRunLoopRun
 #41 _CFRunLoopRunSpecificWithOptions
 #42 RunCurrentEventLoopInMode
 #43 ReceiveNextEventCommon
 #44 _BlockUntilNextEventMatchingListInMode
 #45 _DPSBlockUntilNextEventMatchingListInMode
 #46 _DPSNextEvent
 #47 -[NSApplication(NSEventRouting) _nextEventMatchingEventMask:untilDate:inMode:dequeue:]
 #48 -[NSApplication(NSEventRouting) nextEventMatchingMask:untilDate:inMode:dequeue:]
 #49 -[NSApplication run]
 #50 NSApplicationMain
 #51 EditorMain(int, char const**)
 #52 main
 #53 start

Product:timelimitbundle
 #0 PlatformStacktrace::GetStacktrace(int, StacktraceTypes::LRUCache<void*, StacktraceTypes::LRUValue>*)
 #1 DebugStringToFileExtended(DebugStringToFileData const&)
 #2 DebugLogHandler_CUSTOM_Internal_Log(LogType, LogOption, BindingsManagedSpan*, void*)
 #3  (Mono JIT Code) (wrapper managed-to-native) UnityEngine.DebugLogHandler:Internal_Log_Injected (UnityEngine.LogType,UnityEngine.LogOption,UnityEngine.Bindings.ManagedSpanWrapper&,intptr)
 #4  (Mono JIT Code) UnityEngine.DebugLogHandler:Internal_Log (UnityEngine.LogType,UnityEngine.LogOption,string,UnityEngine.Object)
 #5  (Mono JIT Code) [DebugLogHandler.cs:10] UnityEngine.DebugLogHandler:LogFormat (UnityEngine.LogType,UnityEngine.Object,string,object[])
 #6  (Mono JIT Code) [Logger.cs:61] UnityEngine.Logger:Log (UnityEngine.LogType,object)
 #7  (Mono JIT Code) [Debug.bindings.cs:123] UnityEngine.Debug:Log (object)
 #8  (Mono JIT Code) [IAPManager.cs:158] IAPManager:InitializePurchasing ()
 #9  (Mono JIT Code) [IAPManager.cs:73] IAPManager:set_ProductCatalogInitialised (bool)
 #10  (Mono JIT Code) [IAPManager.cs:106] IAPManager:<RefreshIAPItems>b__24_0 (PlayFab.ClientModels.GetCatalogItemsResult)
 #11  (Mono JIT Code) [PlayFabHTTP.cs:219] PlayFab.Internal.PlayFabHttp/<>c__DisplayClass23_0`1<TResult_REF>:<_MakeApiCall>b__1 ()
 #12  (Mono JIT Code) [PlayFabUnityHttp.cs:244] PlayFab.Internal.PlayFabUnityHttp:OnResponse (string,PlayFab.Internal.CallRequestContainer)
 #13  (Mono JIT Code) [PlayFabUnityHttp.cs:197] PlayFab.Internal.PlayFabUnityHttp/<Post>d__12:MoveNext ()
 #14  (Mono JIT Code) [Coroutines.cs:17] UnityEngine.SetupCoroutine:InvokeMoveNext (System.Collections.IEnumerator,intptr)
 #15  (Mono JIT Code) (wrapper runtime-invoke) <Module>:runtime_invoke_void_object_intptr (object,intptr,intptr,intptr)
 #16 mono_jit_runtime_invoke
 #17 do_runtime_invoke
 #18 mono_runtime_invoke
 #19 scripting_method_invoke(ScriptingMethodPtr, ScriptingObjectPtr, ScriptingArguments&, ScriptingExceptionPtr*, bool)
 #20 ScriptingInvocation::Invoke(ScriptingExceptionPtr*, bool)
 #21 Coroutine::InvokeMoveNext(ScriptingExceptionPtr*)
 #22 Coroutine::Run(bool*)
 #23 AsyncOperation::InvokeCoroutine()
 #24 UnityWebRequestAsyncOperation::InvokeCoroutine()
 #25 UnityWebRequestProto<UnityWebRequestTransport, AtomicRefCounter, RedirectHelper, ResponseHelper, DownloadHandler, UploadHandler, CertificateHandler, HeaderHelper, AsyncOperation>::Job_InvokeCoroutine(AsyncOperation*)
 #26 BackgroundJobQueue::ExecuteMainThreadJobs()
 #27 InitPlayerLoopCallbacks()::EarlyUpdateExecuteMainThreadJobsRegistrator::Forward()
 #28 ExecutePlayerLoop(NativePlayerLoopSystem*)
 #29 ExecutePlayerLoop(NativePlayerLoopSystem*)
 #30 PlayerLoop()
 #31 EditorPlayerLoop::Execute()
 #32 PlayerLoopController::InternalUpdateScene(bool, bool)
 #33 PlayerLoopController::UpdateSceneIfNeededFromMainLoop()
 #34 Application::TickTimer()
 #35 -[EditorApplication onEditorUpdatesTickTimer]
 #36 __NSFireTimer
 #37 __CFRUNLOOP_IS_CALLING_OUT_TO_A_TIMER_CALLBACK_FUNCTION__
 #38 __CFRunLoopDoTimer
 #39 __CFRunLoopDoTimers
 #40 __CFRunLoopRun
 #41 _CFRunLoopRunSpecificWithOptions
 #42 RunCurrentEventLoopInMode
 #43 ReceiveNextEventCommon
 #44 _BlockUntilNextEventMatchingListInMode
 #45 _DPSBlockUntilNextEventMatchingListInMode
 #46 _DPSNextEvent
 #47 -[NSApplication(NSEventRouting) _nextEventMatchingEventMask:untilDate:inMode:dequeue:]
 #48 -[NSApplication(NSEventRouting) nextEventMatchingMask:untilDate:inMode:dequeue:]
 #49 -[NSApplication run]
 #50 NSApplicationMain
 #51 EditorMain(int, char const**)
 #52 main
 #53 start

Product:timelimitbundle_v
 #0 PlatformStacktrace::GetStacktrace(int, StacktraceTypes::LRUCache<void*, StacktraceTypes::LRUValue>*)
 #1 DebugStringToFileExtended(DebugStringToFileData const&)
 #2 DebugLogHandler_CUSTOM_Internal_Log(LogType, LogOption, BindingsManagedSpan*, void*)
 #3  (Mono JIT Code) (wrapper managed-to-native) UnityEngine.DebugLogHandler:Internal_Log_Injected (UnityEngine.LogType,UnityEngine.LogOption,UnityEngine.Bindings.ManagedSpanWrapper&,intptr)
 #4  (Mono JIT Code) UnityEngine.DebugLogHandler:Internal_Log (UnityEngine.LogType,UnityEngine.LogOption,string,UnityEngine.Object)
 #5  (Mono JIT Code) [DebugLogHandler.cs:10] UnityEngine.DebugLogHandler:LogFormat (UnityEngine.LogType,UnityEngine.Object,string,object[])
 #6  (Mono JIT Code) [Logger.cs:61] UnityEngine.Logger:Log (UnityEngine.LogType,object)
 #7  (Mono JIT Code) [Debug.bindings.cs:123] UnityEngine.Debug:Log (object)
 #8  (Mono JIT Code) [IAPManager.cs:158] IAPManager:InitializePurchasing ()
 #9  (Mono JIT Code) [IAPManager.cs:73] IAPManager:set_ProductCatalogInitialised (bool)
 #10  (Mono JIT Code) [IAPManager.cs:106] IAPManager:<RefreshIAPItems>b__24_0 (PlayFab.ClientModels.GetCatalogItemsResult)
 #11  (Mono JIT Code) [PlayFabHTTP.cs:219] PlayFab.Internal.PlayFabHttp/<>c__DisplayClass23_0`1<TResult_REF>:<_MakeApiCall>b__1 ()
 #12  (Mono JIT Code) [PlayFabUnityHttp.cs:244] PlayFab.Internal.PlayFabUnityHttp:OnResponse (string,PlayFab.Internal.CallRequestContainer)
 #13  (Mono JIT Code) [PlayFabUnityHttp.cs:197] PlayFab.Internal.PlayFabUnityHttp/<Post>d__12:MoveNext ()
 #14  (Mono JIT Code) [Coroutines.cs:17] UnityEngine.SetupCoroutine:InvokeMoveNext (System.Collections.IEnumerator,intptr)
 #15  (Mono JIT Code) (wrapper runtime-invoke) <Module>:runtime_invoke_void_object_intptr (object,intptr,intptr,intptr)
 #16 mono_jit_runtime_invoke
 #17 do_runtime_invoke
 #18 mono_runtime_invoke
 #19 scripting_method_invoke(ScriptingMethodPtr, ScriptingObjectPtr, ScriptingArguments&, ScriptingExceptionPtr*, bool)
 #20 ScriptingInvocation::Invoke(ScriptingExceptionPtr*, bool)
 #21 Coroutine::InvokeMoveNext(ScriptingExceptionPtr*)
 #22 Coroutine::Run(bool*)
 #23 AsyncOperation::InvokeCoroutine()
 #24 UnityWebRequestAsyncOperation::InvokeCoroutine()
 #25 UnityWebRequestProto<UnityWebRequestTransport, AtomicRefCounter, RedirectHelper, ResponseHelper, DownloadHandler, UploadHandler, CertificateHandler, HeaderHelper, AsyncOperation>::Job_InvokeCoroutine(AsyncOperation*)
 #26 BackgroundJobQueue::ExecuteMainThreadJobs()
 #27 InitPlayerLoopCallbacks()::EarlyUpdateExecuteMainThreadJobsRegistrator::Forward()
 #28 ExecutePlayerLoop(NativePlayerLoopSystem*)
 #29 ExecutePlayerLoop(NativePlayerLoopSystem*)
 #30 PlayerLoop()
 #31 EditorPlayerLoop::Execute()
 #32 PlayerLoopController::InternalUpdateScene(bool, bool)
 #33 PlayerLoopController::UpdateSceneIfNeededFromMainLoop()
 #34 Application::TickTimer()
 #35 -[EditorApplication onEditorUpdatesTickTimer]
 #36 __NSFireTimer
 #37 __CFRUNLOOP_IS_CALLING_OUT_TO_A_TIMER_CALLBACK_FUNCTION__
 #38 __CFRunLoopDoTimer
 #39 __CFRunLoopDoTimers
 #40 __CFRunLoopRun
 #41 _CFRunLoopRunSpecificWithOptions
 #42 RunCurrentEventLoopInMode
 #43 ReceiveNextEventCommon
 #44 _BlockUntilNextEventMatchingListInMode
 #45 _DPSBlockUntilNextEventMatchingListInMode
 #46 _DPSNextEvent
 #47 -[NSApplication(NSEventRouting) _nextEventMatchingEventMask:untilDate:inMode:dequeue:]
 #48 -[NSApplication(NSEventRouting) nextEventMatchingMask:untilDate:inMode:dequeue:]
 #49 -[NSApplication run]
 #50 NSApplicationMain
 #51 EditorMain(int, char const**)
 #52 main
 #53 start

Product:diamond1000_v
 #0 PlatformStacktrace::GetStacktrace(int, StacktraceTypes::LRUCache<void*, StacktraceTypes::LRUValue>*)
 #1 DebugStringToFileExtended(DebugStringToFileData const&)
 #2 DebugLogHandler_CUSTOM_Internal_Log(LogType, LogOption, BindingsManagedSpan*, void*)
 #3  (Mono JIT Code) (wrapper managed-to-native) UnityEngine.DebugLogHandler:Internal_Log_Injected (UnityEngine.LogType,UnityEngine.LogOption,UnityEngine.Bindings.ManagedSpanWrapper&,intptr)
 #4  (Mono JIT Code) UnityEngine.DebugLogHandler:Internal_Log (UnityEngine.LogType,UnityEngine.LogOption,string,UnityEngine.Object)
 #5  (Mono JIT Code) [DebugLogHandler.cs:10] UnityEngine.DebugLogHandler:LogFormat (UnityEngine.LogType,UnityEngine.Object,string,object[])
 #6  (Mono JIT Code) [Logger.cs:61] UnityEngine.Logger:Log (UnityEngine.LogType,object)
 #7  (Mono JIT Code) [Debug.bindings.cs:123] UnityEngine.Debug:Log (object)
 #8  (Mono JIT Code) [IAPManager.cs:158] IAPManager:InitializePurchasing ()
 #9  (Mono JIT Code) [IAPManager.cs:73] IAPManager:set_ProductCatalogInitialised (bool)
 #10  (Mono JIT Code) [IAPManager.cs:106] IAPManager:<RefreshIAPItems>b__24_0 (PlayFab.ClientModels.GetCatalogItemsResult)
 #11  (Mono JIT Code) [PlayFabHTTP.cs:219] PlayFab.Internal.PlayFabHttp/<>c__DisplayClass23_0`1<TResult_REF>:<_MakeApiCall>b__1 ()
 #12  (Mono JIT Code) [PlayFabUnityHttp.cs:244] PlayFab.Internal.PlayFabUnityHttp:OnResponse (string,PlayFab.Internal.CallRequestContainer)
 #13  (Mono JIT Code) [PlayFabUnityHttp.cs:197] PlayFab.Internal.PlayFabUnityHttp/<Post>d__12:MoveNext ()
 #14  (Mono JIT Code) [Coroutines.cs:17] UnityEngine.SetupCoroutine:InvokeMoveNext (System.Collections.IEnumerator,intptr)
 #15  (Mono JIT Code) (wrapper runtime-invoke) <Module>:runtime_invoke_void_object_intptr (object,intptr,intptr,intptr)
 #16 mono_jit_runtime_invoke
 #17 do_runtime_invoke
 #18 mono_runtime_invoke
 #19 scripting_method_invoke(ScriptingMethodPtr, ScriptingObjectPtr, ScriptingArguments&, ScriptingExceptionPtr*, bool)
 #20 ScriptingInvocation::Invoke(ScriptingExceptionPtr*, bool)
 #21 Coroutine::InvokeMoveNext(ScriptingExceptionPtr*)
 #22 Coroutine::Run(bool*)
 #23 AsyncOperation::InvokeCoroutine()
 #24 UnityWebRequestAsyncOperation::InvokeCoroutine()
 #25 UnityWebRequestProto<UnityWebRequestTransport, AtomicRefCounter, RedirectHelper, ResponseHelper, DownloadHandler, UploadHandler, CertificateHandler, HeaderHelper, AsyncOperation>::Job_InvokeCoroutine(AsyncOperation*)
 #26 BackgroundJobQueue::ExecuteMainThreadJobs()
 #27 InitPlayerLoopCallbacks()::EarlyUpdateExecuteMainThreadJobsRegistrator::Forward()
 #28 ExecutePlayerLoop(NativePlayerLoopSystem*)
 #29 ExecutePlayerLoop(NativePlayerLoopSystem*)
 #30 PlayerLoop()
 #31 EditorPlayerLoop::Execute()
 #32 PlayerLoopController::InternalUpdateScene(bool, bool)
 #33 PlayerLoopController::UpdateSceneIfNeededFromMainLoop()
 #34 Application::TickTimer()
 #35 -[EditorApplication onEditorUpdatesTickTimer]
 #36 __NSFireTimer
 #37 __CFRUNLOOP_IS_CALLING_OUT_TO_A_TIMER_CALLBACK_FUNCTION__
 #38 __CFRunLoopDoTimer
 #39 __CFRunLoopDoTimers
 #40 __CFRunLoopRun
 #41 _CFRunLoopRunSpecificWithOptions
 #42 RunCurrentEventLoopInMode
 #43 ReceiveNextEventCommon
 #44 _BlockUntilNextEventMatchingListInMode
 #45 _DPSBlockUntilNextEventMatchingListInMode
 #46 _DPSNextEvent
 #47 -[NSApplication(NSEventRouting) _nextEventMatchingEventMask:untilDate:inMode:dequeue:]
 #48 -[NSApplication(NSEventRouting) nextEventMatchingMask:untilDate:inMode:dequeue:]
 #49 -[NSApplication run]
 #50 NSApplicationMain
 #51 EditorMain(int, char const**)
 #52 main
 #53 start

Product:diamond250_v
 #0 PlatformStacktrace::GetStacktrace(int, StacktraceTypes::LRUCache<void*, StacktraceTypes::LRUValue>*)
 #1 DebugStringToFileExtended(DebugStringToFileData const&)
 #2 DebugLogHandler_CUSTOM_Internal_Log(LogType, LogOption, BindingsManagedSpan*, void*)
 #3  (Mono JIT Code) (wrapper managed-to-native) UnityEngine.DebugLogHandler:Internal_Log_Injected (UnityEngine.LogType,UnityEngine.LogOption,UnityEngine.Bindings.ManagedSpanWrapper&,intptr)
 #4  (Mono JIT Code) UnityEngine.DebugLogHandler:Internal_Log (UnityEngine.LogType,UnityEngine.LogOption,string,UnityEngine.Object)
 #5  (Mono JIT Code) [DebugLogHandler.cs:10] UnityEngine.DebugLogHandler:LogFormat (UnityEngine.LogType,UnityEngine.Object,string,object[])
 #6  (Mono JIT Code) [Logger.cs:61] UnityEngine.Logger:Log (UnityEngine.LogType,object)
 #7  (Mono JIT Code) [Debug.bindings.cs:123] UnityEngine.Debug:Log (object)
 #8  (Mono JIT Code) [IAPManager.cs:158] IAPManager:InitializePurchasing ()
 #9  (Mono JIT Code) [IAPManager.cs:73] IAPManager:set_ProductCatalogInitialised (bool)
 #10  (Mono JIT Code) [IAPManager.cs:106] IAPManager:<RefreshIAPItems>b__24_0 (PlayFab.ClientModels.GetCatalogItemsResult)
 #11  (Mono JIT Code) [PlayFabHTTP.cs:219] PlayFab.Internal.PlayFabHttp/<>c__DisplayClass23_0`1<TResult_REF>:<_MakeApiCall>b__1 ()
 #12  (Mono JIT Code) [PlayFabUnityHttp.cs:244] PlayFab.Internal.PlayFabUnityHttp:OnResponse (string,PlayFab.Internal.CallRequestContainer)
 #13  (Mono JIT Code) [PlayFabUnityHttp.cs:197] PlayFab.Internal.PlayFabUnityHttp/<Post>d__12:MoveNext ()
 #14  (Mono JIT Code) [Coroutines.cs:17] UnityEngine.SetupCoroutine:InvokeMoveNext (System.Collections.IEnumerator,intptr)
 #15  (Mono JIT Code) (wrapper runtime-invoke) <Module>:runtime_invoke_void_object_intptr (object,intptr,intptr,intptr)
 #16 mono_jit_runtime_invoke
 #17 do_runtime_invoke
 #18 mono_runtime_invoke
 #19 scripting_method_invoke(ScriptingMethodPtr, ScriptingObjectPtr, ScriptingArguments&, ScriptingExceptionPtr*, bool)
 #20 ScriptingInvocation::Invoke(ScriptingExceptionPtr*, bool)
 #21 Coroutine::InvokeMoveNext(ScriptingExceptionPtr*)
 #22 Coroutine::Run(bool*)
 #23 AsyncOperation::InvokeCoroutine()
 #24 UnityWebRequestAsyncOperation::InvokeCoroutine()
 #25 UnityWebRequestProto<UnityWebRequestTransport, AtomicRefCounter, RedirectHelper, ResponseHelper, DownloadHandler, UploadHandler, CertificateHandler, HeaderHelper, AsyncOperation>::Job_InvokeCoroutine(AsyncOperation*)
 #26 BackgroundJobQueue::ExecuteMainThreadJobs()
 #27 InitPlayerLoopCallbacks()::EarlyUpdateExecuteMainThreadJobsRegistrator::Forward()
 #28 ExecutePlayerLoop(NativePlayerLoopSystem*)
 #29 ExecutePlayerLoop(NativePlayerLoopSystem*)
 #30 PlayerLoop()
 #31 EditorPlayerLoop::Execute()
 #32 PlayerLoopController::InternalUpdateScene(bool, bool)
 #33 PlayerLoopController::UpdateSceneIfNeededFromMainLoop()
 #34 Application::TickTimer()
 #35 -[EditorApplication onEditorUpdatesTickTimer]
 #36 __NSFireTimer
 #37 __CFRUNLOOP_IS_CALLING_OUT_TO_A_TIMER_CALLBACK_FUNCTION__
 #38 __CFRunLoopDoTimer
 #39 __CFRunLoopDoTimers
 #40 __CFRunLoopRun
 #41 _CFRunLoopRunSpecificWithOptions
 #42 RunCurrentEventLoopInMode
 #43 ReceiveNextEventCommon
 #44 _BlockUntilNextEventMatchingListInMode
 #45 _DPSBlockUntilNextEventMatchingListInMode
 #46 _DPSNextEvent
 #47 -[NSApplication(NSEventRouting) _nextEventMatchingEventMask:untilDate:inMode:dequeue:]
 #48 -[NSApplication(NSEventRouting) nextEventMatchingMask:untilDate:inMode:dequeue:]
 #49 -[NSApplication run]
 #50 NSApplicationMain
 #51 EditorMain(int, char const**)
 #52 main
 #53 start

Product:diamond2500_v
 #0 PlatformStacktrace::GetStacktrace(int, StacktraceTypes::LRUCache<void*, StacktraceTypes::LRUValue>*)
 #1 DebugStringToFileExtended(DebugStringToFileData const&)
 #2 DebugLogHandler_CUSTOM_Internal_Log(LogType, LogOption, BindingsManagedSpan*, void*)
 #3  (Mono JIT Code) (wrapper managed-to-native) UnityEngine.DebugLogHandler:Internal_Log_Injected (UnityEngine.LogType,UnityEngine.LogOption,UnityEngine.Bindings.ManagedSpanWrapper&,intptr)
 #4  (Mono JIT Code) UnityEngine.DebugLogHandler:Internal_Log (UnityEngine.LogType,UnityEngine.LogOption,string,UnityEngine.Object)
 #5  (Mono JIT Code) [DebugLogHandler.cs:10] UnityEngine.DebugLogHandler:LogFormat (UnityEngine.LogType,UnityEngine.Object,string,object[])
 #6  (Mono JIT Code) [Logger.cs:61] UnityEngine.Logger:Log (UnityEngine.LogType,object)
 #7  (Mono JIT Code) [Debug.bindings.cs:123] UnityEngine.Debug:Log (object)
 #8  (Mono JIT Code) [IAPManager.cs:158] IAPManager:InitializePurchasing ()
 #9  (Mono JIT Code) [IAPManager.cs:73] IAPManager:set_ProductCatalogInitialised (bool)
 #10  (Mono JIT Code) [IAPManager.cs:106] IAPManager:<RefreshIAPItems>b__24_0 (PlayFab.ClientModels.GetCatalogItemsResult)
 #11  (Mono JIT Code) [PlayFabHTTP.cs:219] PlayFab.Internal.PlayFabHttp/<>c__DisplayClass23_0`1<TResult_REF>:<_MakeApiCall>b__1 ()
 #12  (Mono JIT Code) [PlayFabUnityHttp.cs:244] PlayFab.Internal.PlayFabUnityHttp:OnResponse (string,PlayFab.Internal.CallRequestContainer)
 #13  (Mono JIT Code) [PlayFabUnityHttp.cs:197] PlayFab.Internal.PlayFabUnityHttp/<Post>d__12:MoveNext ()
 #14  (Mono JIT Code) [Coroutines.cs:17] UnityEngine.SetupCoroutine:InvokeMoveNext (System.Collections.IEnumerator,intptr)
 #15  (Mono JIT Code) (wrapper runtime-invoke) <Module>:runtime_invoke_void_object_intptr (object,intptr,intptr,intptr)
 #16 mono_jit_runtime_invoke
 #17 do_runtime_invoke
 #18 mono_runtime_invoke
 #19 scripting_method_invoke(ScriptingMethodPtr, ScriptingObjectPtr, ScriptingArguments&, ScriptingExceptionPtr*, bool)
 #20 ScriptingInvocation::Invoke(ScriptingExceptionPtr*, bool)
 #21 Coroutine::InvokeMoveNext(ScriptingExceptionPtr*)
 #22 Coroutine::Run(bool*)
 #23 AsyncOperation::InvokeCoroutine()
 #24 UnityWebRequestAsyncOperation::InvokeCoroutine()
 #25 UnityWebRequestProto<UnityWebRequestTransport, AtomicRefCounter, RedirectHelper, ResponseHelper, DownloadHandler, UploadHandler, CertificateHandler, HeaderHelper, AsyncOperation>::Job_InvokeCoroutine(AsyncOperation*)
 #26 BackgroundJobQueue::ExecuteMainThreadJobs()
 #27 InitPlayerLoopCallbacks()::EarlyUpdateExecuteMainThreadJobsRegistrator::Forward()
 #28 ExecutePlayerLoop(NativePlayerLoopSystem*)
 #29 ExecutePlayerLoop(NativePlayerLoopSystem*)
 #30 PlayerLoop()
 #31 EditorPlayerLoop::Execute()
 #32 PlayerLoopController::InternalUpdateScene(bool, bool)
 #33 PlayerLoopController::UpdateSceneIfNeededFromMainLoop()
 #34 Application::TickTimer()
 #35 -[EditorApplication onEditorUpdatesTickTimer]
 #36 __NSFireTimer
 #37 __CFRUNLOOP_IS_CALLING_OUT_TO_A_TIMER_CALLBACK_FUNCTION__
 #38 __CFRunLoopDoTimer
 #39 __CFRunLoopDoTimers
 #40 __CFRunLoopRun
 #41 _CFRunLoopRunSpecificWithOptions
 #42 RunCurrentEventLoopInMode
 #43 ReceiveNextEventCommon
 #44 _BlockUntilNextEventMatchingListInMode
 #45 _DPSBlockUntilNextEventMatchingListInMode
 #46 _DPSNextEvent
 #47 -[NSApplication(NSEventRouting) _nextEventMatchingEventMask:untilDate:inMode:dequeue:]
 #48 -[NSApplication(NSEventRouting) nextEventMatchingMask:untilDate:inMode:dequeue:]
 #49 -[NSApplication run]
 #50 NSApplicationMain
 #51 EditorMain(int, char const**)
 #52 main
 #53 start

Product:diamond50_v
 #0 PlatformStacktrace::GetStacktrace(int, StacktraceTypes::LRUCache<void*, StacktraceTypes::LRUValue>*)
 #1 DebugStringToFileExtended(DebugStringToFileData const&)
 #2 DebugLogHandler_CUSTOM_Internal_Log(LogType, LogOption, BindingsManagedSpan*, void*)
 #3  (Mono JIT Code) (wrapper managed-to-native) UnityEngine.DebugLogHandler:Internal_Log_Injected (UnityEngine.LogType,UnityEngine.LogOption,UnityEngine.Bindings.ManagedSpanWrapper&,intptr)
 #4  (Mono JIT Code) UnityEngine.DebugLogHandler:Internal_Log (UnityEngine.LogType,UnityEngine.LogOption,string,UnityEngine.Object)
 #5  (Mono JIT Code) [DebugLogHandler.cs:10] UnityEngine.DebugLogHandler:LogFormat (UnityEngine.LogType,UnityEngine.Object,string,object[])
 #6  (Mono JIT Code) [Logger.cs:61] UnityEngine.Logger:Log (UnityEngine.LogType,object)
 #7  (Mono JIT Code) [Debug.bindings.cs:123] UnityEngine.Debug:Log (object)
 #8  (Mono JIT Code) [IAPManager.cs:158] IAPManager:InitializePurchasing ()
 #9  (Mono JIT Code) [IAPManager.cs:73] IAPManager:set_ProductCatalogInitialised (bool)
 #10  (Mono JIT Code) [IAPManager.cs:106] IAPManager:<RefreshIAPItems>b__24_0 (PlayFab.ClientModels.GetCatalogItemsResult)
 #11  (Mono JIT Code) [PlayFabHTTP.cs:219] PlayFab.Internal.PlayFabHttp/<>c__DisplayClass23_0`1<TResult_REF>:<_MakeApiCall>b__1 ()
 #12  (Mono JIT Code) [PlayFabUnityHttp.cs:244] PlayFab.Internal.PlayFabUnityHttp:OnResponse (string,PlayFab.Internal.CallRequestContainer)
 #13  (Mono JIT Code) [PlayFabUnityHttp.cs:197] PlayFab.Internal.PlayFabUnityHttp/<Post>d__12:MoveNext ()
 #14  (Mono JIT Code) [Coroutines.cs:17] UnityEngine.SetupCoroutine:InvokeMoveNext (System.Collections.IEnumerator,intptr)
 #15  (Mono JIT Code) (wrapper runtime-invoke) <Module>:runtime_invoke_void_object_intptr (object,intptr,intptr,intptr)
 #16 mono_jit_runtime_invoke
 #17 do_runtime_invoke
 #18 mono_runtime_invoke
 #19 scripting_method_invoke(ScriptingMethodPtr, ScriptingObjectPtr, ScriptingArguments&, ScriptingExceptionPtr*, bool)
 #20 ScriptingInvocation::Invoke(ScriptingExceptionPtr*, bool)
 #21 Coroutine::InvokeMoveNext(ScriptingExceptionPtr*)
 #22 Coroutine::Run(bool*)
 #23 AsyncOperation::InvokeCoroutine()
 #24 UnityWebRequestAsyncOperation::InvokeCoroutine()
 #25 UnityWebRequestProto<UnityWebRequestTransport, AtomicRefCounter, RedirectHelper, ResponseHelper, DownloadHandler, UploadHandler, CertificateHandler, HeaderHelper, AsyncOperation>::Job_InvokeCoroutine(AsyncOperation*)
 #26 BackgroundJobQueue::ExecuteMainThreadJobs()
 #27 InitPlayerLoopCallbacks()::EarlyUpdateExecuteMainThreadJobsRegistrator::Forward()
 #28 ExecutePlayerLoop(NativePlayerLoopSystem*)
 #29 ExecutePlayerLoop(NativePlayerLoopSystem*)
 #30 PlayerLoop()
 #31 EditorPlayerLoop::Execute()
 #32 PlayerLoopController::InternalUpdateScene(bool, bool)
 #33 PlayerLoopController::UpdateSceneIfNeededFromMainLoop()
 #34 Application::TickTimer()
 #35 -[EditorApplication onEditorUpdatesTickTimer]
 #36 __NSFireTimer
 #37 __CFRUNLOOP_IS_CALLING_OUT_TO_A_TIMER_CALLBACK_FUNCTION__
 #38 __CFRunLoopDoTimer
 #39 __CFRunLoopDoTimers
 #40 __CFRunLoopRun
 #41 _CFRunLoopRunSpecificWithOptions
 #42 RunCurrentEventLoopInMode
 #43 ReceiveNextEventCommon
 #44 _BlockUntilNextEventMatchingListInMode
 #45 _DPSBlockUntilNextEventMatchingListInMode
 #46 _DPSNextEvent
 #47 -[NSApplication(NSEventRouting) _nextEventMatchingEventMask:untilDate:inMode:dequeue:]
 #48 -[NSApplication(NSEventRouting) nextEventMatchingMask:untilDate:inMode:dequeue:]
 #49 -[NSApplication run]
 #50 NSApplicationMain
 #51 EditorMain(int, char const**)
 #52 main
 #53 start

Product:beginnerbundle1
 #0 PlatformStacktrace::GetStacktrace(int, StacktraceTypes::LRUCache<void*, StacktraceTypes::LRUValue>*)
 #1 DebugStringToFileExtended(DebugStringToFileData const&)
 #2 DebugLogHandler_CUSTOM_Internal_Log(LogType, LogOption, BindingsManagedSpan*, void*)
 #3  (Mono JIT Code) (wrapper managed-to-native) UnityEngine.DebugLogHandler:Internal_Log_Injected (UnityEngine.LogType,UnityEngine.LogOption,UnityEngine.Bindings.ManagedSpanWrapper&,intptr)
 #4  (Mono JIT Code) UnityEngine.DebugLogHandler:Internal_Log (UnityEngine.LogType,UnityEngine.LogOption,string,UnityEngine.Object)
 #5  (Mono JIT Code) [DebugLogHandler.cs:10] UnityEngine.DebugLogHandler:LogFormat (UnityEngine.LogType,UnityEngine.Object,string,object[])
 #6  (Mono JIT Code) [Logger.cs:61] UnityEngine.Logger:Log (UnityEngine.LogType,object)
 #7  (Mono JIT Code) [Debug.bindings.cs:123] UnityEngine.Debug:Log (object)
 #8  (Mono JIT Code) [IAPManager.cs:166] IAPManager:InitializePurchasing ()
 #9  (Mono JIT Code) [IAPManager.cs:73] IAPManager:set_ProductCatalogInitialised (bool)
 #10  (Mono JIT Code) [IAPManager.cs:106] IAPManager:<RefreshIAPItems>b__24_0 (PlayFab.ClientModels.GetCatalogItemsResult)
 #11  (Mono JIT Code) [PlayFabHTTP.cs:219] PlayFab.Internal.PlayFabHttp/<>c__DisplayClass23_0`1<TResult_REF>:<_MakeApiCall>b__1 ()
 #12  (Mono JIT Code) [PlayFabUnityHttp.cs:244] PlayFab.Internal.PlayFabUnityHttp:OnResponse (string,PlayFab.Internal.CallRequestContainer)
 #13  (Mono JIT Code) [PlayFabUnityHttp.cs:197] PlayFab.Internal.PlayFabUnityHttp/<Post>d__12:MoveNext ()
 #14  (Mono JIT Code) [Coroutines.cs:17] UnityEngine.SetupCoroutine:InvokeMoveNext (System.Collections.IEnumerator,intptr)
 #15  (Mono JIT Code) (wrapper runtime-invoke) <Module>:runtime_invoke_void_object_intptr (object,intptr,intptr,intptr)
 #16 mono_jit_runtime_invoke
 #17 do_runtime_invoke
 #18 mono_runtime_invoke
 #19 scripting_method_invoke(ScriptingMethodPtr, ScriptingObjectPtr, ScriptingArguments&, ScriptingExceptionPtr*, bool)
 #20 ScriptingInvocation::Invoke(ScriptingExceptionPtr*, bool)
 #21 Coroutine::InvokeMoveNext(ScriptingExceptionPtr*)
 #22 Coroutine::Run(bool*)
 #23 AsyncOperation::InvokeCoroutine()
 #24 UnityWebRequestAsyncOperation::InvokeCoroutine()
 #25 UnityWebRequestProto<UnityWebRequestTransport, AtomicRefCounter, RedirectHelper, ResponseHelper, DownloadHandler, UploadHandler, CertificateHandler, HeaderHelper, AsyncOperation>::Job_InvokeCoroutine(AsyncOperation*)
 #26 BackgroundJobQueue::ExecuteMainThreadJobs()
 #27 InitPlayerLoopCallbacks()::EarlyUpdateExecuteMainThreadJobsRegistrator::Forward()
 #28 ExecutePlayerLoop(NativePlayerLoopSystem*)
 #29 ExecutePlayerLoop(NativePlayerLoopSystem*)
 #30 PlayerLoop()
 #31 EditorPlayerLoop::Execute()
 #32 PlayerLoopController::InternalUpdateScene(bool, bool)
 #33 PlayerLoopController::UpdateSceneIfNeededFromMainLoop()
 #34 Application::TickTimer()
 #35 -[EditorApplication onEditorUpdatesTickTimer]
 #36 __NSFireTimer
 #37 __CFRUNLOOP_IS_CALLING_OUT_TO_A_TIMER_CALLBACK_FUNCTION__
 #38 __CFRunLoopDoTimer
 #39 __CFRunLoopDoTimers
 #40 __CFRunLoopRun
 #41 _CFRunLoopRunSpecificWithOptions
 #42 RunCurrentEventLoopInMode
 #43 ReceiveNextEventCommon
 #44 _BlockUntilNextEventMatchingListInMode
 #45 _DPSBlockUntilNextEventMatchingListInMode
 #46 _DPSNextEvent
 #47 -[NSApplication(NSEventRouting) _nextEventMatchingEventMask:untilDate:inMode:dequeue:]
 #48 -[NSApplication(NSEventRouting) nextEventMatchingMask:untilDate:inMode:dequeue:]
 #49 -[NSApplication run]
 #50 NSApplicationMain
 #51 EditorMain(int, char const**)
 #52 main
 #53 start

Product:beginnerbundle2
 #0 PlatformStacktrace::GetStacktrace(int, StacktraceTypes::LRUCache<void*, StacktraceTypes::LRUValue>*)
 #1 DebugStringToFileExtended(DebugStringToFileData const&)
 #2 DebugLogHandler_CUSTOM_Internal_Log(LogType, LogOption, BindingsManagedSpan*, void*)
 #3  (Mono JIT Code) (wrapper managed-to-native) UnityEngine.DebugLogHandler:Internal_Log_Injected (UnityEngine.LogType,UnityEngine.LogOption,UnityEngine.Bindings.ManagedSpanWrapper&,intptr)
 #4  (Mono JIT Code) UnityEngine.DebugLogHandler:Internal_Log (UnityEngine.LogType,UnityEngine.LogOption,string,UnityEngine.Object)
 #5  (Mono JIT Code) [DebugLogHandler.cs:10] UnityEngine.DebugLogHandler:LogFormat (UnityEngine.LogType,UnityEngine.Object,string,object[])
 #6  (Mono JIT Code) [Logger.cs:61] UnityEngine.Logger:Log (UnityEngine.LogType,object)
 #7  (Mono JIT Code) [Debug.bindings.cs:123] UnityEngine.Debug:Log (object)
 #8  (Mono JIT Code) [IAPManager.cs:166] IAPManager:InitializePurchasing ()
 #9  (Mono JIT Code) [IAPManager.cs:73] IAPManager:set_ProductCatalogInitialised (bool)
 #10  (Mono JIT Code) [IAPManager.cs:106] IAPManager:<RefreshIAPItems>b__24_0 (PlayFab.ClientModels.GetCatalogItemsResult)
 #11  (Mono JIT Code) [PlayFabHTTP.cs:219] PlayFab.Internal.PlayFabHttp/<>c__DisplayClass23_0`1<TResult_REF>:<_MakeApiCall>b__1 ()
 #12  (Mono JIT Code) [PlayFabUnityHttp.cs:244] PlayFab.Internal.PlayFabUnityHttp:OnResponse (string,PlayFab.Internal.CallRequestContainer)
 #13  (Mono JIT Code) [PlayFabUnityHttp.cs:197] PlayFab.Internal.PlayFabUnityHttp/<Post>d__12:MoveNext ()
 #14  (Mono JIT Code) [Coroutines.cs:17] UnityEngine.SetupCoroutine:InvokeMoveNext (System.Collections.IEnumerator,intptr)
 #15  (Mono JIT Code) (wrapper runtime-invoke) <Module>:runtime_invoke_void_object_intptr (object,intptr,intptr,intptr)
 #16 mono_jit_runtime_invoke
 #17 do_runtime_invoke
 #18 mono_runtime_invoke
 #19 scripting_method_invoke(ScriptingMethodPtr, ScriptingObjectPtr, ScriptingArguments&, ScriptingExceptionPtr*, bool)
 #20 ScriptingInvocation::Invoke(ScriptingExceptionPtr*, bool)
 #21 Coroutine::InvokeMoveNext(ScriptingExceptionPtr*)
 #22 Coroutine::Run(bool*)
 #23 AsyncOperation::InvokeCoroutine()
 #24 UnityWebRequestAsyncOperation::InvokeCoroutine()
 #25 UnityWebRequestProto<UnityWebRequestTransport, AtomicRefCounter, RedirectHelper, ResponseHelper, DownloadHandler, UploadHandler, CertificateHandler, HeaderHelper, AsyncOperation>::Job_InvokeCoroutine(AsyncOperation*)
 #26 BackgroundJobQueue::ExecuteMainThreadJobs()
 #27 InitPlayerLoopCallbacks()::EarlyUpdateExecuteMainThreadJobsRegistrator::Forward()
 #28 ExecutePlayerLoop(NativePlayerLoopSystem*)
 #29 ExecutePlayerLoop(NativePlayerLoopSystem*)
 #30 PlayerLoop()
 #31 EditorPlayerLoop::Execute()
 #32 PlayerLoopController::InternalUpdateScene(bool, bool)
 #33 PlayerLoopController::UpdateSceneIfNeededFromMainLoop()
 #34 Application::TickTimer()
 #35 -[EditorApplication onEditorUpdatesTickTimer]
 #36 __NSFireTimer
 #37 __CFRUNLOOP_IS_CALLING_OUT_TO_A_TIMER_CALLBACK_FUNCTION__
 #38 __CFRunLoopDoTimer
 #39 __CFRunLoopDoTimers
 #40 __CFRunLoopRun
 #41 _CFRunLoopRunSpecificWithOptions
 #42 RunCurrentEventLoopInMode
 #43 ReceiveNextEventCommon
 #44 _BlockUntilNextEventMatchingListInMode
 #45 _DPSBlockUntilNextEventMatchingListInMode
 #46 _DPSNextEvent
 #47 -[NSApplication(NSEventRouting) _nextEventMatchingEventMask:untilDate:inMode:dequeue:]
 #48 -[NSApplication(NSEventRouting) nextEventMatchingMask:untilDate:inMode:dequeue:]
 #49 -[NSApplication run]
 #50 NSApplicationMain
 #51 EditorMain(int, char const**)
 #52 main
 #53 start

Product:beginnerbundle3
 #0 PlatformStacktrace::GetStacktrace(int, StacktraceTypes::LRUCache<void*, StacktraceTypes::LRUValue>*)
 #1 DebugStringToFileExtended(DebugStringToFileData const&)
 #2 DebugLogHandler_CUSTOM_Internal_Log(LogType, LogOption, BindingsManagedSpan*, void*)
 #3  (Mono JIT Code) (wrapper managed-to-native) UnityEngine.DebugLogHandler:Internal_Log_Injected (UnityEngine.LogType,UnityEngine.LogOption,UnityEngine.Bindings.ManagedSpanWrapper&,intptr)
 #4  (Mono JIT Code) UnityEngine.DebugLogHandler:Internal_Log (UnityEngine.LogType,UnityEngine.LogOption,string,UnityEngine.Object)
 #5  (Mono JIT Code) [DebugLogHandler.cs:10] UnityEngine.DebugLogHandler:LogFormat (UnityEngine.LogType,UnityEngine.Object,string,object[])
 #6  (Mono JIT Code) [Logger.cs:61] UnityEngine.Logger:Log (UnityEngine.LogType,object)
 #7  (Mono JIT Code) [Debug.bindings.cs:123] UnityEngine.Debug:Log (object)
 #8  (Mono JIT Code) [IAPManager.cs:166] IAPManager:InitializePurchasing ()
 #9  (Mono JIT Code) [IAPManager.cs:73] IAPManager:set_ProductCatalogInitialised (bool)
 #10  (Mono JIT Code) [IAPManager.cs:106] IAPManager:<RefreshIAPItems>b__24_0 (PlayFab.ClientModels.GetCatalogItemsResult)
 #11  (Mono JIT Code) [PlayFabHTTP.cs:219] PlayFab.Internal.PlayFabHttp/<>c__DisplayClass23_0`1<TResult_REF>:<_MakeApiCall>b__1 ()
 #12  (Mono JIT Code) [PlayFabUnityHttp.cs:244] PlayFab.Internal.PlayFabUnityHttp:OnResponse (string,PlayFab.Internal.CallRequestContainer)
 #13  (Mono JIT Code) [PlayFabUnityHttp.cs:197] PlayFab.Internal.PlayFabUnityHttp/<Post>d__12:MoveNext ()
 #14  (Mono JIT Code) [Coroutines.cs:17] UnityEngine.SetupCoroutine:InvokeMoveNext (System.Collections.IEnumerator,intptr)
 #15  (Mono JIT Code) (wrapper runtime-invoke) <Module>:runtime_invoke_void_object_intptr (object,intptr,intptr,intptr)
 #16 mono_jit_runtime_invoke
 #17 do_runtime_invoke
 #18 mono_runtime_invoke
 #19 scripting_method_invoke(ScriptingMethodPtr, ScriptingObjectPtr, ScriptingArguments&, ScriptingExceptionPtr*, bool)
 #20 ScriptingInvocation::Invoke(ScriptingExceptionPtr*, bool)
 #21 Coroutine::InvokeMoveNext(ScriptingExceptionPtr*)
 #22 Coroutine::Run(bool*)
 #23 AsyncOperation::InvokeCoroutine()
 #24 UnityWebRequestAsyncOperation::InvokeCoroutine()
 #25 UnityWebRequestProto<UnityWebRequestTransport, AtomicRefCounter, RedirectHelper, ResponseHelper, DownloadHandler, UploadHandler, CertificateHandler, HeaderHelper, AsyncOperation>::Job_InvokeCoroutine(AsyncOperation*)
 #26 BackgroundJobQueue::ExecuteMainThreadJobs()
 #27 InitPlayerLoopCallbacks()::EarlyUpdateExecuteMainThreadJobsRegistrator::Forward()
 #28 ExecutePlayerLoop(NativePlayerLoopSystem*)
 #29 ExecutePlayerLoop(NativePlayerLoopSystem*)
 #30 PlayerLoop()
 #31 EditorPlayerLoop::Execute()
 #32 PlayerLoopController::InternalUpdateScene(bool, bool)
 #33 PlayerLoopController::UpdateSceneIfNeededFromMainLoop()
 #34 Application::TickTimer()
 #35 -[EditorApplication onEditorUpdatesTickTimer]
 #36 __NSFireTimer
 #37 __CFRUNLOOP_IS_CALLING_OUT_TO_A_TIMER_CALLBACK_FUNCTION__
 #38 __CFRunLoopDoTimer
 #39 __CFRunLoopDoTimers
 #40 __CFRunLoopRun
 #41 _CFRunLoopRunSpecificWithOptions
 #42 RunCurrentEventLoopInMode
 #43 ReceiveNextEventCommon
 #44 _BlockUntilNextEventMatchingListInMode
 #45 _DPSBlockUntilNextEventMatchingListInMode
 #46 _DPSNextEvent
 #47 -[NSApplication(NSEventRouting) _nextEventMatchingEventMask:untilDate:inMode:dequeue:]
 #48 -[NSApplication(NSEventRouting) nextEventMatchingMask:untilDate:inMode:dequeue:]
 #49 -[NSApplication run]
 #50 NSApplicationMain
 #51 EditorMain(int, char const**)
 #52 main
 #53 start

Product:beginnerbundle1_v
 #0 PlatformStacktrace::GetStacktrace(int, StacktraceTypes::LRUCache<void*, StacktraceTypes::LRUValue>*)
 #1 DebugStringToFileExtended(DebugStringToFileData const&)
 #2 DebugLogHandler_CUSTOM_Internal_Log(LogType, LogOption, BindingsManagedSpan*, void*)
 #3  (Mono JIT Code) (wrapper managed-to-native) UnityEngine.DebugLogHandler:Internal_Log_Injected (UnityEngine.LogType,UnityEngine.LogOption,UnityEngine.Bindings.ManagedSpanWrapper&,intptr)
 #4  (Mono JIT Code) UnityEngine.DebugLogHandler:Internal_Log (UnityEngine.LogType,UnityEngine.LogOption,string,UnityEngine.Object)
 #5  (Mono JIT Code) [DebugLogHandler.cs:10] UnityEngine.DebugLogHandler:LogFormat (UnityEngine.LogType,UnityEngine.Object,string,object[])
 #6  (Mono JIT Code) [Logger.cs:61] UnityEngine.Logger:Log (UnityEngine.LogType,object)
 #7  (Mono JIT Code) [Debug.bindings.cs:123] UnityEngine.Debug:Log (object)
 #8  (Mono JIT Code) [IAPManager.cs:166] IAPManager:InitializePurchasing ()
 #9  (Mono JIT Code) [IAPManager.cs:73] IAPManager:set_ProductCatalogInitialised (bool)
 #10  (Mono JIT Code) [IAPManager.cs:106] IAPManager:<RefreshIAPItems>b__24_0 (PlayFab.ClientModels.GetCatalogItemsResult)
 #11  (Mono JIT Code) [PlayFabHTTP.cs:219] PlayFab.Internal.PlayFabHttp/<>c__DisplayClass23_0`1<TResult_REF>:<_MakeApiCall>b__1 ()
 #12  (Mono JIT Code) [PlayFabUnityHttp.cs:244] PlayFab.Internal.PlayFabUnityHttp:OnResponse (string,PlayFab.Internal.CallRequestContainer)
 #13  (Mono JIT Code) [PlayFabUnityHttp.cs:197] PlayFab.Internal.PlayFabUnityHttp/<Post>d__12:MoveNext ()
 #14  (Mono JIT Code) [Coroutines.cs:17] UnityEngine.SetupCoroutine:InvokeMoveNext (System.Collections.IEnumerator,intptr)
 #15  (Mono JIT Code) (wrapper runtime-invoke) <Module>:runtime_invoke_void_object_intptr (object,intptr,intptr,intptr)
 #16 mono_jit_runtime_invoke
 #17 do_runtime_invoke
 #18 mono_runtime_invoke
 #19 scripting_method_invoke(ScriptingMethodPtr, ScriptingObjectPtr, ScriptingArguments&, ScriptingExceptionPtr*, bool)
 #20 ScriptingInvocation::Invoke(ScriptingExceptionPtr*, bool)
 #21 Coroutine::InvokeMoveNext(ScriptingExceptionPtr*)
 #22 Coroutine::Run(bool*)
 #23 AsyncOperation::InvokeCoroutine()
 #24 UnityWebRequestAsyncOperation::InvokeCoroutine()
 #25 UnityWebRequestProto<UnityWebRequestTransport, AtomicRefCounter, RedirectHelper, ResponseHelper, DownloadHandler, UploadHandler, CertificateHandler, HeaderHelper, AsyncOperation>::Job_InvokeCoroutine(AsyncOperation*)
 #26 BackgroundJobQueue::ExecuteMainThreadJobs()
 #27 InitPlayerLoopCallbacks()::EarlyUpdateExecuteMainThreadJobsRegistrator::Forward()
 #28 ExecutePlayerLoop(NativePlayerLoopSystem*)
 #29 ExecutePlayerLoop(NativePlayerLoopSystem*)
 #30 PlayerLoop()
 #31 EditorPlayerLoop::Execute()
 #32 PlayerLoopController::InternalUpdateScene(bool, bool)
 #33 PlayerLoopController::UpdateSceneIfNeededFromMainLoop()
 #34 Application::TickTimer()
 #35 -[EditorApplication onEditorUpdatesTickTimer]
 #36 __NSFireTimer
 #37 __CFRUNLOOP_IS_CALLING_OUT_TO_A_TIMER_CALLBACK_FUNCTION__
 #38 __CFRunLoopDoTimer
 #39 __CFRunLoopDoTimers
 #40 __CFRunLoopRun
 #41 _CFRunLoopRunSpecificWithOptions
 #42 RunCurrentEventLoopInMode
 #43 ReceiveNextEventCommon
 #44 _BlockUntilNextEventMatchingListInMode
 #45 _DPSBlockUntilNextEventMatchingListInMode
 #46 _DPSNextEvent
 #47 -[NSApplication(NSEventRouting) _nextEventMatchingEventMask:untilDate:inMode:dequeue:]
 #48 -[NSApplication(NSEventRouting) nextEventMatchingMask:untilDate:inMode:dequeue:]
 #49 -[NSApplication run]
 #50 NSApplicationMain
 #51 EditorMain(int, char const**)
 #52 main
 #53 start

Product:beginnerbundle2_v
 #0 PlatformStacktrace::GetStacktrace(int, StacktraceTypes::LRUCache<void*, StacktraceTypes::LRUValue>*)
 #1 DebugStringToFileExtended(DebugStringToFileData const&)
 #2 DebugLogHandler_CUSTOM_Internal_Log(LogType, LogOption, BindingsManagedSpan*, void*)
 #3  (Mono JIT Code) (wrapper managed-to-native) UnityEngine.DebugLogHandler:Internal_Log_Injected (UnityEngine.LogType,UnityEngine.LogOption,UnityEngine.Bindings.ManagedSpanWrapper&,intptr)
 #4  (Mono JIT Code) UnityEngine.DebugLogHandler:Internal_Log (UnityEngine.LogType,UnityEngine.LogOption,string,UnityEngine.Object)
 #5  (Mono JIT Code) [DebugLogHandler.cs:10] UnityEngine.DebugLogHandler:LogFormat (UnityEngine.LogType,UnityEngine.Object,string,object[])
 #6  (Mono JIT Code) [Logger.cs:61] UnityEngine.Logger:Log (UnityEngine.LogType,object)
 #7  (Mono JIT Code) [Debug.bindings.cs:123] UnityEngine.Debug:Log (object)
 #8  (Mono JIT Code) [IAPManager.cs:166] IAPManager:InitializePurchasing ()
 #9  (Mono JIT Code) [IAPManager.cs:73] IAPManager:set_ProductCatalogInitialised (bool)
 #10  (Mono JIT Code) [IAPManager.cs:106] IAPManager:<RefreshIAPItems>b__24_0 (PlayFab.ClientModels.GetCatalogItemsResult)
 #11  (Mono JIT Code) [PlayFabHTTP.cs:219] PlayFab.Internal.PlayFabHttp/<>c__DisplayClass23_0`1<TResult_REF>:<_MakeApiCall>b__1 ()
 #12  (Mono JIT Code) [PlayFabUnityHttp.cs:244] PlayFab.Internal.PlayFabUnityHttp:OnResponse (string,PlayFab.Internal.CallRequestContainer)
 #13  (Mono JIT Code) [PlayFabUnityHttp.cs:197] PlayFab.Internal.PlayFabUnityHttp/<Post>d__12:MoveNext ()
 #14  (Mono JIT Code) [Coroutines.cs:17] UnityEngine.SetupCoroutine:InvokeMoveNext (System.Collections.IEnumerator,intptr)
 #15  (Mono JIT Code) (wrapper runtime-invoke) <Module>:runtime_invoke_void_object_intptr (object,intptr,intptr,intptr)
 #16 mono_jit_runtime_invoke
 #17 do_runtime_invoke
 #18 mono_runtime_invoke
 #19 scripting_method_invoke(ScriptingMethodPtr, ScriptingObjectPtr, ScriptingArguments&, ScriptingExceptionPtr*, bool)
 #20 ScriptingInvocation::Invoke(ScriptingExceptionPtr*, bool)
 #21 Coroutine::InvokeMoveNext(ScriptingExceptionPtr*)
 #22 Coroutine::Run(bool*)
 #23 AsyncOperation::InvokeCoroutine()
 #24 UnityWebRequestAsyncOperation::InvokeCoroutine()
 #25 UnityWebRequestProto<UnityWebRequestTransport, AtomicRefCounter, RedirectHelper, ResponseHelper, DownloadHandler, UploadHandler, CertificateHandler, HeaderHelper, AsyncOperation>::Job_InvokeCoroutine(AsyncOperation*)
 #26 BackgroundJobQueue::ExecuteMainThreadJobs()
 #27 InitPlayerLoopCallbacks()::EarlyUpdateExecuteMainThreadJobsRegistrator::Forward()
 #28 ExecutePlayerLoop(NativePlayerLoopSystem*)
 #29 ExecutePlayerLoop(NativePlayerLoopSystem*)
 #30 PlayerLoop()
 #31 EditorPlayerLoop::Execute()
 #32 PlayerLoopController::InternalUpdateScene(bool, bool)
 #33 PlayerLoopController::UpdateSceneIfNeededFromMainLoop()
 #34 Application::TickTimer()
 #35 -[EditorApplication onEditorUpdatesTickTimer]
 #36 __NSFireTimer
 #37 __CFRUNLOOP_IS_CALLING_OUT_TO_A_TIMER_CALLBACK_FUNCTION__
 #38 __CFRunLoopDoTimer
 #39 __CFRunLoopDoTimers
 #40 __CFRunLoopRun
 #41 _CFRunLoopRunSpecificWithOptions
 #42 RunCurrentEventLoopInMode
 #43 ReceiveNextEventCommon
 #44 _BlockUntilNextEventMatchingListInMode
 #45 _DPSBlockUntilNextEventMatchingListInMode
 #46 _DPSNextEvent
 #47 -[NSApplication(NSEventRouting) _nextEventMatchingEventMask:untilDate:inMode:dequeue:]
 #48 -[NSApplication(NSEventRouting) nextEventMatchingMask:untilDate:inMode:dequeue:]
 #49 -[NSApplication run]
 #50 NSApplicationMain
 #51 EditorMain(int, char const**)
 #52 main
 #53 start

Product:beginnerbundle3_v
 #0 PlatformStacktrace::GetStacktrace(int, StacktraceTypes::LRUCache<void*, StacktraceTypes::LRUValue>*)
 #1 DebugStringToFileExtended(DebugStringToFileData const&)
 #2 DebugLogHandler_CUSTOM_Internal_Log(LogType, LogOption, BindingsManagedSpan*, void*)
 #3  (Mono JIT Code) (wrapper managed-to-native) UnityEngine.DebugLogHandler:Internal_Log_Injected (UnityEngine.LogType,UnityEngine.LogOption,UnityEngine.Bindings.ManagedSpanWrapper&,intptr)
 #4  (Mono JIT Code) UnityEngine.DebugLogHandler:Internal_Log (UnityEngine.LogType,UnityEngine.LogOption,string,UnityEngine.Object)
 #5  (Mono JIT Code) [DebugLogHandler.cs:10] UnityEngine.DebugLogHandler:LogFormat (UnityEngine.LogType,UnityEngine.Object,string,object[])
 #6  (Mono JIT Code) [Logger.cs:61] UnityEngine.Logger:Log (UnityEngine.LogType,object)
 #7  (Mono JIT Code) [Debug.bindings.cs:123] UnityEngine.Debug:Log (object)
 #8  (Mono JIT Code) [IAPManager.cs:166] IAPManager:InitializePurchasing ()
 #9  (Mono JIT Code) [IAPManager.cs:73] IAPManager:set_ProductCatalogInitialised (bool)
 #10  (Mono JIT Code) [IAPManager.cs:106] IAPManager:<RefreshIAPItems>b__24_0 (PlayFab.ClientModels.GetCatalogItemsResult)
 #11  (Mono JIT Code) [PlayFabHTTP.cs:219] PlayFab.Internal.PlayFabHttp/<>c__DisplayClass23_0`1<TResult_REF>:<_MakeApiCall>b__1 ()
 #12  (Mono JIT Code) [PlayFabUnityHttp.cs:244] PlayFab.Internal.PlayFabUnityHttp:OnResponse (string,PlayFab.Internal.CallRequestContainer)
 #13  (Mono JIT Code) [PlayFabUnityHttp.cs:197] PlayFab.Internal.PlayFabUnityHttp/<Post>d__12:MoveNext ()
 #14  (Mono JIT Code) [Coroutines.cs:17] UnityEngine.SetupCoroutine:InvokeMoveNext (System.Collections.IEnumerator,intptr)
 #15  (Mono JIT Code) (wrapper runtime-invoke) <Module>:runtime_invoke_void_object_intptr (object,intptr,intptr,intptr)
 #16 mono_jit_runtime_invoke
 #17 do_runtime_invoke
 #18 mono_runtime_invoke
 #19 scripting_method_invoke(ScriptingMethodPtr, ScriptingObjectPtr, ScriptingArguments&, ScriptingExceptionPtr*, bool)
 #20 ScriptingInvocation::Invoke(ScriptingExceptionPtr*, bool)
 #21 Coroutine::InvokeMoveNext(ScriptingExceptionPtr*)
 #22 Coroutine::Run(bool*)
 #23 AsyncOperation::InvokeCoroutine()
 #24 UnityWebRequestAsyncOperation::InvokeCoroutine()
 #25 UnityWebRequestProto<UnityWebRequestTransport, AtomicRefCounter, RedirectHelper, ResponseHelper, DownloadHandler, UploadHandler, CertificateHandler, HeaderHelper, AsyncOperation>::Job_InvokeCoroutine(AsyncOperation*)
 #26 BackgroundJobQueue::ExecuteMainThreadJobs()
 #27 InitPlayerLoopCallbacks()::EarlyUpdateExecuteMainThreadJobsRegistrator::Forward()
 #28 ExecutePlayerLoop(NativePlayerLoopSystem*)
 #29 ExecutePlayerLoop(NativePlayerLoopSystem*)
 #30 PlayerLoop()
 #31 EditorPlayerLoop::Execute()
 #32 PlayerLoopController::InternalUpdateScene(bool, bool)
 #33 PlayerLoopController::UpdateSceneIfNeededFromMainLoop()
 #34 Application::TickTimer()
 #35 -[EditorApplication onEditorUpdatesTickTimer]
 #36 __NSFireTimer
 #37 __CFRUNLOOP_IS_CALLING_OUT_TO_A_TIMER_CALLBACK_FUNCTION__
 #38 __CFRunLoopDoTimer
 #39 __CFRunLoopDoTimers
 #40 __CFRunLoopRun
 #41 _CFRunLoopRunSpecificWithOptions
 #42 RunCurrentEventLoopInMode
 #43 ReceiveNextEventCommon
 #44 _BlockUntilNextEventMatchingListInMode
 #45 _DPSBlockUntilNextEventMatchingListInMode
 #46 _DPSNextEvent
 #47 -[NSApplication(NSEventRouting) _nextEventMatchingEventMask:untilDate:inMode:dequeue:]
 #48 -[NSApplication(NSEventRouting) nextEventMatchingMask:untilDate:inMode:dequeue:]
 #49 -[NSApplication run]
 #50 NSApplicationMain
 #51 EditorMain(int, char const**)
 #52 main
 #53 start

InAppPurchasing: IStoreService.Connect called without a callback defined for IStoreService.OnStoreConnected.
 #0 PlatformStacktrace::GetStacktrace(int, StacktraceTypes::LRUCache<void*, StacktraceTypes::LRUValue>*)
 #1 DebugStringToFileExtended(DebugStringToFileData const&)
 #2 DebugLogHandler_CUSTOM_Internal_Log(LogType, LogOption, BindingsManagedSpan*, void*)
 #3  (Mono JIT Code) (wrapper managed-to-native) UnityEngine.DebugLogHandler:Internal_Log_Injected (UnityEngine.LogType,UnityEngine.LogOption,UnityEngine.Bindings.ManagedSpanWrapper&,intptr)
 #4  (Mono JIT Code) UnityEngine.DebugLogHandler:Internal_Log (UnityEngine.LogType,UnityEngine.LogOption,string,UnityEngine.Object)
 #5  (Mono JIT Code) [DebugLogHandler.cs:10] UnityEngine.DebugLogHandler:LogFormat (UnityEngine.LogType,UnityEngine.Object,string,object[])
 #6  (Mono JIT Code) [Logger.cs:103] UnityEngine.Logger:LogWarning (string,object)
 #7  (Mono JIT Code) [LoggerExtensions.cs:32] UnityEngine.Purchasing.LoggerExtensions:LogIAPWarning (UnityEngine.ILogger,string)
 #8  (Mono JIT Code) [StoreConnectUseCase.cs:38] UnityEngine.Purchasing.StoreConnectUseCase:Connect ()
 #9  (Mono JIT Code) [StoreService.cs:30] UnityEngine.Purchasing.StoreService:Connect ()
 #10  (Mono JIT Code) [UnityPurchasing.cs:82] UnityEngine.Purchasing.UnityPurchasing/<ConnectToStoreAndFetchProducts>d__9:MoveNext ()
 #11  (Mono JIT Code) System.Runtime.CompilerServices.AsyncVoidMethodBuilder:Start<UnityEngine.Purchasing.UnityPurchasing/<ConnectToStoreAndFetchProducts>d__9> (UnityEngine.Purchasing.UnityPurchasing/<ConnectToStoreAndFetchProducts>d__9&)
 #12  (Mono JIT Code) UnityEngine.Purchasing.UnityPurchasing:ConnectToStoreAndFetchProducts ()
 #13  (Mono JIT Code) [UnityPurchasing.cs:40] UnityEngine.Purchasing.UnityPurchasing:Initialize (UnityEngine.Purchasing.IStoreListener,UnityEngine.Purchasing.ConfigurationBuilder)
 #14  (Mono JIT Code) [IAPManager.cs:174] IAPManager:InitializePurchasing ()
 #15  (Mono JIT Code) [IAPManager.cs:73] IAPManager:set_ProductCatalogInitialised (bool)
 #16  (Mono JIT Code) [IAPManager.cs:106] IAPManager:<RefreshIAPItems>b__24_0 (PlayFab.ClientModels.GetCatalogItemsResult)
 #17  (Mono JIT Code) [PlayFabHTTP.cs:219] PlayFab.Internal.PlayFabHttp/<>c__DisplayClass23_0`1<TResult_REF>:<_MakeApiCall>b__1 ()
 #18  (Mono JIT Code) [PlayFabUnityHttp.cs:244] PlayFab.Internal.PlayFabUnityHttp:OnResponse (string,PlayFab.Internal.CallRequestContainer)
 #19  (Mono JIT Code) [PlayFabUnityHttp.cs:197] PlayFab.Internal.PlayFabUnityHttp/<Post>d__12:MoveNext ()
 #20  (Mono JIT Code) [Coroutines.cs:17] UnityEngine.SetupCoroutine:InvokeMoveNext (System.Collections.IEnumerator,intptr)
 #21  (Mono JIT Code) (wrapper runtime-invoke) <Module>:runtime_invoke_void_object_intptr (object,intptr,intptr,intptr)
 #22 mono_jit_runtime_invoke
 #23 do_runtime_invoke
 #24 mono_runtime_invoke
 #25 scripting_method_invoke(ScriptingMethodPtr, ScriptingObjectPtr, ScriptingArguments&, ScriptingExceptionPtr*, bool)
 #26 ScriptingInvocation::Invoke(ScriptingExceptionPtr*, bool)
 #27 Coroutine::InvokeMoveNext(ScriptingExceptionPtr*)
 #28 Coroutine::Run(bool*)
 #29 AsyncOperation::InvokeCoroutine()
 #30 UnityWebRequestAsyncOperation::InvokeCoroutine()
 #31 UnityWebRequestProto<UnityWebRequestTransport, AtomicRefCounter, RedirectHelper, ResponseHelper, DownloadHandler, UploadHandler, CertificateHandler, HeaderHelper, AsyncOperation>::Job_InvokeCoroutine(AsyncOperation*)
 #32 BackgroundJobQueue::ExecuteMainThreadJobs()
 #33 InitPlayerLoopCallbacks()::EarlyUpdateExecuteMainThreadJobsRegistrator::Forward()
 #34 ExecutePlayerLoop(NativePlayerLoopSystem*)
 #35 ExecutePlayerLoop(NativePlayerLoopSystem*)
 #36 PlayerLoop()
 #37 EditorPlayerLoop::Execute()
 #38 PlayerLoopController::InternalUpdateScene(bool, bool)
 #39 PlayerLoopController::UpdateSceneIfNeededFromMainLoop()
 #40 Application::TickTimer()
 #41 -[EditorApplication onEditorUpdatesTickTimer]
 #42 __NSFireTimer
 #43 __CFRUNLOOP_IS_CALLING_OUT_TO_A_TIMER_CALLBACK_FUNCTION__
 #44 __CFRunLoopDoTimer
 #45 __CFRunLoopDoTimers
 #46 __CFRunLoopRun
 #47 _CFRunLoopRunSpecificWithOptions
 #48 RunCurrentEventLoopInMode
 #49 ReceiveNextEventCommon
 #50 _BlockUntilNextEventMatchingListInMode
 #51 _DPSBlockUntilNextEventMatchingListInMode
 #52 _DPSNextEvent
 #53 -[NSApplication(NSEventRouting) _nextEventMatchingEventMask:untilDate:inMode:dequeue:]
 #54 -[NSApplication(NSEventRouting) nextEventMatchingMask:untilDate:inMode:dequeue:]
 #55 -[NSApplication run]
 #56 NSApplicationMain
 #57 EditorMain(int, char const**)
 #58 main
 #59 start

InAppPurchasing: IStoreService.Connect called without a callback defined for IStoreService.OnStoreDisconnected.
 #0 PlatformStacktrace::GetStacktrace(int, StacktraceTypes::LRUCache<void*, StacktraceTypes::LRUValue>*)
 #1 DebugStringToFileExtended(DebugStringToFileData const&)
 #2 DebugLogHandler_CUSTOM_Internal_Log(LogType, LogOption, BindingsManagedSpan*, void*)
 #3  (Mono JIT Code) (wrapper managed-to-native) UnityEngine.DebugLogHandler:Internal_Log_Injected (UnityEngine.LogType,UnityEngine.LogOption,UnityEngine.Bindings.ManagedSpanWrapper&,intptr)
 #4  (Mono JIT Code) UnityEngine.DebugLogHandler:Internal_Log (UnityEngine.LogType,UnityEngine.LogOption,string,UnityEngine.Object)
 #5  (Mono JIT Code) [DebugLogHandler.cs:10] UnityEngine.DebugLogHandler:LogFormat (UnityEngine.LogType,UnityEngine.Object,string,object[])
 #6  (Mono JIT Code) [Logger.cs:103] UnityEngine.Logger:LogWarning (string,object)
 #7  (Mono JIT Code) [LoggerExtensions.cs:32] UnityEngine.Purchasing.LoggerExtensions:LogIAPWarning (UnityEngine.ILogger,string)
 #8  (Mono JIT Code) [StoreConnectUseCase.cs:44] UnityEngine.Purchasing.StoreConnectUseCase:Connect ()
 #9  (Mono JIT Code) [StoreService.cs:30] UnityEngine.Purchasing.StoreService:Connect ()
 #10  (Mono JIT Code) [UnityPurchasing.cs:82] UnityEngine.Purchasing.UnityPurchasing/<ConnectToStoreAndFetchProducts>d__9:MoveNext ()
 #11  (Mono JIT Code) System.Runtime.CompilerServices.AsyncVoidMethodBuilder:Start<UnityEngine.Purchasing.UnityPurchasing/<ConnectToStoreAndFetchProducts>d__9> (UnityEngine.Purchasing.UnityPurchasing/<ConnectToStoreAndFetchProducts>d__9&)
 #12  (Mono JIT Code) UnityEngine.Purchasing.UnityPurchasing:ConnectToStoreAndFetchProducts ()
 #13  (Mono JIT Code) [UnityPurchasing.cs:40] UnityEngine.Purchasing.UnityPurchasing:Initialize (UnityEngine.Purchasing.IStoreListener,UnityEngine.Purchasing.ConfigurationBuilder)
 #14  (Mono JIT Code) [IAPManager.cs:174] IAPManager:InitializePurchasing ()
 #15  (Mono JIT Code) [IAPManager.cs:73] IAPManager:set_ProductCatalogInitialised (bool)
 #16  (Mono JIT Code) [IAPManager.cs:106] IAPManager:<RefreshIAPItems>b__24_0 (PlayFab.ClientModels.GetCatalogItemsResult)
 #17  (Mono JIT Code) [PlayFabHTTP.cs:219] PlayFab.Internal.PlayFabHttp/<>c__DisplayClass23_0`1<TResult_REF>:<_MakeApiCall>b__1 ()
 #18  (Mono JIT Code) [PlayFabUnityHttp.cs:244] PlayFab.Internal.PlayFabUnityHttp:OnResponse (string,PlayFab.Internal.CallRequestContainer)
 #19  (Mono JIT Code) [PlayFabUnityHttp.cs:197] PlayFab.Internal.PlayFabUnityHttp/<Post>d__12:MoveNext ()
 #20  (Mono JIT Code) [Coroutines.cs:17] UnityEngine.SetupCoroutine:InvokeMoveNext (System.Collections.IEnumerator,intptr)
 #21  (Mono JIT Code) (wrapper runtime-invoke) <Module>:runtime_invoke_void_object_intptr (object,intptr,intptr,intptr)
 #22 mono_jit_runtime_invoke
 #23 do_runtime_invoke
 #24 mono_runtime_invoke
 #25 scripting_method_invoke(ScriptingMethodPtr, ScriptingObjectPtr, ScriptingArguments&, ScriptingExceptionPtr*, bool)
 #26 ScriptingInvocation::Invoke(ScriptingExceptionPtr*, bool)
 #27 Coroutine::InvokeMoveNext(ScriptingExceptionPtr*)
 #28 Coroutine::Run(bool*)
 #29 AsyncOperation::InvokeCoroutine()
 #30 UnityWebRequestAsyncOperation::InvokeCoroutine()
 #31 UnityWebRequestProto<UnityWebRequestTransport, AtomicRefCounter, RedirectHelper, ResponseHelper, DownloadHandler, UploadHandler, CertificateHandler, HeaderHelper, AsyncOperation>::Job_InvokeCoroutine(AsyncOperation*)
 #32 BackgroundJobQueue::ExecuteMainThreadJobs()
 #33 InitPlayerLoopCallbacks()::EarlyUpdateExecuteMainThreadJobsRegistrator::Forward()
 #34 ExecutePlayerLoop(NativePlayerLoopSystem*)
 #35 ExecutePlayerLoop(NativePlayerLoopSystem*)
 #36 PlayerLoop()
 #37 EditorPlayerLoop::Execute()
 #38 PlayerLoopController::InternalUpdateScene(bool, bool)
 #39 PlayerLoopController::UpdateSceneIfNeededFromMainLoop()
 #40 Application::TickTimer()
 #41 -[EditorApplication onEditorUpdatesTickTimer]
 #42 __NSFireTimer
 #43 __CFRUNLOOP_IS_CALLING_OUT_TO_A_TIMER_CALLBACK_FUNCTION__
 #44 __CFRunLoopDoTimer
 #45 __CFRunLoopDoTimers
 #46 __CFRunLoopRun
 #47 _CFRunLoopRunSpecificWithOptions
 #48 RunCurrentEventLoopInMode
 #49 ReceiveNextEventCommon
 #50 _BlockUntilNextEventMatchingListInMode
 #51 _DPSBlockUntilNextEventMatchingListInMode
 #52 _DPSNextEvent
 #53 -[NSApplication(NSEventRouting) _nextEventMatchingEventMask:untilDate:inMode:dequeue:]
 #54 -[NSApplication(NSEventRouting) nextEventMatchingMask:untilDate:inMode:dequeue:]
 #55 -[NSApplication run]
 #56 NSApplicationMain
 #57 EditorMain(int, char const**)
 #58 main
 #59 start

BoxCollider does not support negative scale or size.
The effective box size has been forced positive and is likely to give unexpected collision geometry.
If you absolutely need to use negative scaling you can use the convex MeshCollider. Scene hierarchy path "AncientEmpire(Clone)/Main_Scene/SM_Prop_Statue_01 (4)"
 #0 PlatformStacktrace::GetStacktrace(int, StacktraceTypes::LRUCache<void*, StacktraceTypes::LRUValue>*)
 #1 DebugStringToFileExtended(DebugStringToFileData const&)
 #2 LogRepeatingStringWithFlags(core::basic_string<char, core::StringStorageDefault<char>> const&, LogMessageFlags, EntityId)
 #3 PhysicsManager::PrepareSimulation(PhysicsScene*, PhysicsManager::SimulationOption, bool)
 #4 PhysicsManager::Simulate(PhysicsSceneHandle, float, float, PhysicsManager::SimulationStage, PhysicsManager::SimulationOption)
 #5 PhysicsManager::InitializeClass()::FixedUpdatePhysicsFixedUpdateRegistrator::Forward()
 #6 ExecutePlayerLoop(NativePlayerLoopSystem*)
 #7 ExecutePlayerLoop(NativePlayerLoopSystem*)
 #8 PlayerLoop()
 #9 EditorPlayerLoop::Execute()
 #10 PlayerLoopController::InternalUpdateScene(bool, bool)
 #11 PlayerLoopController::UpdateSceneIfNeededFromMainLoop()
 #12 Application::TickTimer()
 #13 -[EditorApplication onEditorUpdatesTickTimer]
 #14 __NSFireTimer
 #15 __CFRUNLOOP_IS_CALLING_OUT_TO_A_TIMER_CALLBACK_FUNCTION__
 #16 __CFRunLoopDoTimer
 #17 __CFRunLoopDoTimers
 #18 __CFRunLoopRun
 #19 _CFRunLoopRunSpecificWithOptions
 #20 RunCurrentEventLoopInMode
 #21 ReceiveNextEventCommon
 #22 _BlockUntilNextEventMatchingListInMode
 #23 _DPSBlockUntilNextEventMatchingListInMode
 #24 _DPSNextEvent
 #25 -[NSApplication(NSEventRouting) _nextEventMatchingEventMask:untilDate:inMode:dequeue:]
 #26 -[NSApplication(NSEventRouting) nextEventMatchingMask:untilDate:inMode:dequeue:]
 #27 -[NSApplication run]
 #28 NSApplicationMain
 #29 EditorMain(int, char const**)
 #30 main
 #31 start

Warning: Annotation not found!
 #0 PlatformStacktrace::GetStacktrace(int, StacktraceTypes::LRUCache<void*, StacktraceTypes::LRUValue>*)
 #1 DebugStringToFile(DebugStringToFileData const&)
 #2 AnnotationManager::SetIconEnabled(Unity::Type const*, core::basic_string<char, core::StringStorageDefault<char>> const&, bool)
 #3 AnnotationUtility_CUSTOM_SetIconEnabled(int, BindingsManagedSpan*, int)
 #4  (Mono JIT Code) (wrapper managed-to-native) UnityEditor.AnnotationUtility:SetIconEnabled_Injected (int,UnityEngine.Bindings.ManagedSpanWrapper&,int)
 #5  (Mono JIT Code) UnityEditor.AnnotationUtility:SetIconEnabled (int,string,int)
 #6  (Mono JIT Code) (wrapper runtime-invoke) <Module>:runtime_invoke_void_int_object_int (object,intptr,intptr,intptr)
 #7 mono_jit_runtime_invoke
 #8 do_runtime_invoke
 #9 mono_runtime_try_invoke_array
 #10 ves_icall_InternalInvoke
 #11 ves_icall_InternalInvoke_raw
 #12  (Mono JIT Code) (wrapper managed-to-native) System.Reflection.RuntimeMethodInfo:InternalInvoke (System.Reflection.RuntimeMethodInfo,object,object[],System.Exception&)
 #13  (Mono JIT Code) System.Reflection.RuntimeMethodInfo:Invoke (object,System.Reflection.BindingFlags,System.Reflection.Binder,object[],System.Globalization.CultureInfo)
 #14  (Mono JIT Code) System.Reflection.MethodBase:Invoke (object,object[])
 #15  (Mono JIT Code) [UCHBExtensions.cs:110] RengeGames.HealthBars.Extensions.UCHBExtensions:SetGizmoIconEnabled (System.Type,bool)
 #16  (Mono JIT Code) [RadialSegmentedHealthBar.cs:304] RengeGames.HealthBars.RadialSegmentedHealthBar:Start ()
 #17  (Mono JIT Code) (wrapper runtime-invoke) object:runtime_invoke_void__this__ (object,intptr,intptr,intptr)
 #18 mono_jit_runtime_invoke
 #19 do_runtime_invoke
 #20 mono_runtime_invoke
 #21 scripting_method_invoke(ScriptingMethodPtr, ScriptingObjectPtr, ScriptingArguments&, ScriptingExceptionPtr*, bool)
 #22 ScriptingInvocation::Invoke(ScriptingExceptionPtr*, bool)
 #23 MonoBehaviour::InvokeMethodOrCoroutineChecked(ScriptingMethodPtr, ScriptingObjectPtr, ScriptingExceptionPtr*)
 #24 MonoBehaviour::InvokeMethodOrCoroutineChecked(ScriptingMethodPtr, ScriptingObjectPtr)
 #25 MonoBehaviour::Start()
 #26 MonoBehaviour::DelayedStartCall(Object*, void*)
 #27 DelayedCallManager::Update(int)
 #28 InitPlayerLoopCallbacks()::UpdateScriptRunDelayedDynamicFrameRateRegistrator::Forward()
 #29 ExecutePlayerLoop(NativePlayerLoopSystem*)
 #30 ExecutePlayerLoop(NativePlayerLoopSystem*)
 #31 PlayerLoop()
 #32 EditorPlayerLoop::Execute()
 #33 PlayerLoopController::InternalUpdateScene(bool, bool)
 #34 PlayerLoopController::UpdateSceneIfNeededFromMainLoop()
 #35 Application::TickTimer()
 #36 -[EditorApplication onEditorUpdatesTickTimer]
 #37 __NSFireTimer
 #38 __CFRUNLOOP_IS_CALLING_OUT_TO_A_TIMER_CALLBACK_FUNCTION__
 #39 __CFRunLoopDoTimer
 #40 __CFRunLoopDoTimers
 #41 __CFRunLoopRun
 #42 _CFRunLoopRunSpecificWithOptions
 #43 RunCurrentEventLoopInMode
 #44 ReceiveNextEventCommon
 #45 _BlockUntilNextEventMatchingListInMode
 #46 _DPSBlockUntilNextEventMatchingListInMode
 #47 _DPSNextEvent
 #48 -[NSApplication(NSEventRouting) _nextEventMatchingEventMask:untilDate:inMode:dequeue:]
 #49 -[NSApplication(NSEventRouting) nextEventMatchingMask:untilDate:inMode:dequeue:]
 #50 -[NSApplication run]
 #51 NSApplicationMain
 #52 EditorMain(int, char const**)
 #53 main
 #54 start

Warning: Annotation not found!
 #0 PlatformStacktrace::GetStacktrace(int, StacktraceTypes::LRUCache<void*, StacktraceTypes::LRUValue>*)
 #1 DebugStringToFile(DebugStringToFileData const&)
 #2 AnnotationManager::SetIconEnabled(Unity::Type const*, core::basic_string<char, core::StringStorageDefault<char>> const&, bool)
 #3 AnnotationUtility_CUSTOM_SetIconEnabled(int, BindingsManagedSpan*, int)
 #4  (Mono JIT Code) (wrapper managed-to-native) UnityEditor.AnnotationUtility:SetIconEnabled_Injected (int,UnityEngine.Bindings.ManagedSpanWrapper&,int)
 #5  (Mono JIT Code) UnityEditor.AnnotationUtility:SetIconEnabled (int,string,int)
 #6  (Mono JIT Code) (wrapper runtime-invoke) <Module>:runtime_invoke_void_int_object_int (object,intptr,intptr,intptr)
 #7 mono_jit_runtime_invoke
 #8 do_runtime_invoke
 #9 mono_runtime_try_invoke_array
 #10 ves_icall_InternalInvoke
 #11 ves_icall_InternalInvoke_raw
 #12  (Mono JIT Code) (wrapper managed-to-native) System.Reflection.RuntimeMethodInfo:InternalInvoke (System.Reflection.RuntimeMethodInfo,object,object[],System.Exception&)
 #13  (Mono JIT Code) System.Reflection.RuntimeMethodInfo:Invoke (object,System.Reflection.BindingFlags,System.Reflection.Binder,object[],System.Globalization.CultureInfo)
 #14  (Mono JIT Code) System.Reflection.MethodBase:Invoke (object,object[])
 #15  (Mono JIT Code) [UCHBExtensions.cs:110] RengeGames.HealthBars.Extensions.UCHBExtensions:SetGizmoIconEnabled (System.Type,bool)
 #16  (Mono JIT Code) [RadialSegmentedHealthBar.cs:307] RengeGames.HealthBars.RadialSegmentedHealthBar:Start ()
 #17  (Mono JIT Code) (wrapper runtime-invoke) object:runtime_invoke_void__this__ (object,intptr,intptr,intptr)
 #18 mono_jit_runtime_invoke
 #19 do_runtime_invoke
 #20 mono_runtime_invoke
 #21 scripting_method_invoke(ScriptingMethodPtr, ScriptingObjectPtr, ScriptingArguments&, ScriptingExceptionPtr*, bool)
 #22 ScriptingInvocation::Invoke(ScriptingExceptionPtr*, bool)
 #23 MonoBehaviour::InvokeMethodOrCoroutineChecked(ScriptingMethodPtr, ScriptingObjectPtr, ScriptingExceptionPtr*)
 #24 MonoBehaviour::InvokeMethodOrCoroutineChecked(ScriptingMethodPtr, ScriptingObjectPtr)
 #25 MonoBehaviour::Start()
 #26 MonoBehaviour::DelayedStartCall(Object*, void*)
 #27 DelayedCallManager::Update(int)
 #28 InitPlayerLoopCallbacks()::UpdateScriptRunDelayedDynamicFrameRateRegistrator::Forward()
 #29 ExecutePlayerLoop(NativePlayerLoopSystem*)
 #30 ExecutePlayerLoop(NativePlayerLoopSystem*)
 #31 PlayerLoop()
 #32 EditorPlayerLoop::Execute()
 #33 PlayerLoopController::InternalUpdateScene(bool, bool)
 #34 PlayerLoopController::UpdateSceneIfNeededFromMainLoop()
 #35 Application::TickTimer()
 #36 -[EditorApplication onEditorUpdatesTickTimer]
 #37 __NSFireTimer
 #38 __CFRUNLOOP_IS_CALLING_OUT_TO_A_TIMER_CALLBACK_FUNCTION__
 #39 __CFRunLoopDoTimer
 #40 __CFRunLoopDoTimers
 #41 __CFRunLoopRun
 #42 _CFRunLoopRunSpecificWithOptions
 #43 RunCurrentEventLoopInMode
 #44 ReceiveNextEventCommon
 #45 _BlockUntilNextEventMatchingListInMode
 #46 _DPSBlockUntilNextEventMatchingListInMode
 #47 _DPSNextEvent
 #48 -[NSApplication(NSEventRouting) _nextEventMatchingEventMask:untilDate:inMode:dequeue:]
 #49 -[NSApplication(NSEventRouting) nextEventMatchingMask:untilDate:inMode:dequeue:]
 #50 -[NSApplication run]
 #51 NSApplicationMain
 #52 EditorMain(int, char const**)
 #53 main
 #54 start

Ignoring depth surface load action as it is memoryless
 #0 PlatformStacktrace::GetStacktrace(int, StacktraceTypes::LRUCache<void*, StacktraceTypes::LRUValue>*)
 #1 DebugStringToFileExtended(DebugStringToFileData const&)
 #2 LogRepeatingStringWithFlags(core::basic_string<char, core::StringStorageDefault<char>> const&, LogMessageFlags, EntityId)
 #3 GraphicsHelper::ValidateMemoryless(GfxRenderTargetSetup&)
 #4 UnitySetRenderTarget
 #5 GfxDeviceMetal::CaptureScreenshot(int, int, int, int, unsigned char*)
 #6 GfxDeviceWorker::RunCommand(ThreadedStreamBuffer&)
 #7 GfxDeviceWorkerAutoreleasePoolProxy
 #8 GfxDeviceWorker::RunExt(ThreadedStreamBuffer&)
 #9 GfxDeviceWorker::RunGfxDeviceWorker(void*)
 #10 Thread::RunThreadWrapper(void*)
 #11 _pthread_start
 #12 thread_start

Ignoring depth surface store action as it is memoryless
 #0 PlatformStacktrace::GetStacktrace(int, StacktraceTypes::LRUCache<void*, StacktraceTypes::LRUValue>*)
 #1 DebugStringToFileExtended(DebugStringToFileData const&)
 #2 LogRepeatingStringWithFlags(core::basic_string<char, core::StringStorageDefault<char>> const&, LogMessageFlags, EntityId)
 #3 GraphicsHelper::ValidateMemoryless(GfxRenderTargetSetup&)
 #4 UnitySetRenderTarget
 #5 GfxDeviceMetal::CaptureScreenshot(int, int, int, int, unsigned char*)
 #6 GfxDeviceWorker::RunCommand(ThreadedStreamBuffer&)
 #7 GfxDeviceWorkerAutoreleasePoolProxy
 #8 GfxDeviceWorker::RunExt(ThreadedStreamBuffer&)
 #9 GfxDeviceWorker::RunGfxDeviceWorker(void*)
 #10 Thread::RunThreadWrapper(void*)
 #11 _pthread_start
 #12 thread_start

[UILiveReview] INCOMPLETE/FAIL: /Users/daisei/PocketStriker/output/appstore-video-20261008/recording-2/report.json
 #0 PlatformStacktrace::GetStacktrace(int, StacktraceTypes::LRUCache<void*, StacktraceTypes::LRUValue>*)
 #1 DebugStringToFileExtended(DebugStringToFileData const&)
 #2 DebugLogHandler_CUSTOM_Internal_Log(LogType, LogOption, BindingsManagedSpan*, void*)
 #3  (Mono JIT Code) (wrapper managed-to-native) UnityEngine.DebugLogHandler:Internal_Log_Injected (UnityEngine.LogType,UnityEngine.LogOption,UnityEngine.Bindings.ManagedSpanWrapper&,intptr)
 #4  (Mono JIT Code) UnityEngine.DebugLogHandler:Internal_Log (UnityEngine.LogType,UnityEngine.LogOption,string,UnityEngine.Object)
 #5  (Mono JIT Code) [DebugLogHandler.cs:10] UnityEngine.DebugLogHandler:LogFormat (UnityEngine.LogType,UnityEngine.Object,string,object[])
 #6  (Mono JIT Code) [Logger.cs:61] UnityEngine.Logger:Log (UnityEngine.LogType,object)
 #7  (Mono JIT Code) [Debug.bindings.cs:123] UnityEngine.Debug:Log (object)
 #8  (Mono JIT Code) [PocketStrikerUILiveReview.cs:814] PocketStrikerUILiveReview:Finish (string)
 #9  (Mono JIT Code) [PocketStrikerUILiveReview.StoreVideoFlow.cs:65] PocketStrikerUILiveReview/<StoreVideoRun>d__58:MoveNext ()
 #10  (Mono JIT Code) [StateMachineRunner.cs:190] Cysharp.Threading.Tasks.CompilerServices.AsyncUniTask`1<PocketStrikerUILiveReview/<StoreVideoRun>d__58>:Run ()
 #11  (Mono JIT Code) [UniTask.cs:25] Cysharp.Threading.Tasks.AwaiterActions:Continuation (object)
 #12  (Mono JIT Code) [UniTaskCompletionSource.cs:139] Cysharp.Threading.Tasks.UniTaskCompletionSourceCore`1<Cysharp.Threading.Tasks.AsyncUnit>:TrySetResult (Cysharp.Threading.Tasks.AsyncUnit)
 #13  (Mono JIT Code) [StateMachineRunner.cs:205] Cysharp.Threading.Tasks.CompilerServices.AsyncUniTask`1<PocketStrikerUILiveReview/<Check>d__131>:SetResult ()
 #14  (Mono JIT Code) [PocketStrikerUILiveReview.cs:562] PocketStrikerUILiveReview/<Check>d__131:MoveNext ()
 #15  (Mono JIT Code) [StateMachineRunner.cs:190] Cysharp.Threading.Tasks.CompilerServices.AsyncUniTask`1<PocketStrikerUILiveReview/<Check>d__131>:Run ()
 #16  (Mono JIT Code) [UniTask.cs:25] Cysharp.Threading.Tasks.AwaiterActions:Continuation (object)
 #17  (Mono JIT Code) [UniTaskCompletionSource.cs:139] Cysharp.Threading.Tasks.UniTaskCompletionSourceCore`1<Cysharp.Threading.Tasks.AsyncUnit>:TrySetResult (Cysharp.Threading.Tasks.AsyncUnit)
 #18  (Mono JIT Code) [StateMachineRunner.cs:205] Cysharp.Threading.Tasks.CompilerServices.AsyncUniTask`1<PocketStrikerUILiveReview/<Screenshot>d__151>:SetResult ()
 #19  (Mono JIT Code) [PocketStrikerUILiveReview.cs:769] PocketStrikerUILiveReview/<Screenshot>d__151:MoveNext ()
 #20  (Mono JIT Code) [StateMachineRunner.cs:190] Cysharp.Threading.Tasks.CompilerServices.AsyncUniTask`1<PocketStrikerUILiveReview/<Screenshot>d__151>:Run ()
 #21  (Mono JIT Code) [UniTask.cs:25] Cysharp.Threading.Tasks.AwaiterActions:Continuation (object)
 #22  (Mono JIT Code) [UniTaskCompletionSource.cs:139] Cysharp.Threading.Tasks.UniTaskCompletionSourceCore`1<Cysharp.Threading.Tasks.AsyncUnit>:TrySetResult (Cysharp.Threading.Tasks.AsyncUnit)
 #23  (Mono JIT Code) [StateMachineRunner.cs:205] Cysharp.Threading.Tasks.CompilerServices.AsyncUniTask`1<PocketStrikerUILiveReview/<Wait>d__150>:SetResult ()
 #24  (Mono JIT Code) [PocketStrikerUILiveReview.cs:701] PocketStrikerUILiveReview/<Wait>d__150:MoveNext ()
 #25  (Mono JIT Code) [StateMachineRunner.cs:190] Cysharp.Threading.Tasks.CompilerServices.AsyncUniTask`1<PocketStrikerUILiveReview/<Wait>d__150>:Run ()
 #26  (Mono JIT Code) [UniTask.cs:25] Cysharp.Threading.Tasks.AwaiterActions:Continuation (object)
 #27  (Mono JIT Code) [UniTaskCompletionSource.cs:139] Cysharp.Threading.Tasks.UniTaskCompletionSourceCore`1<Cysharp.Threading.Tasks.AsyncUnit>:TrySetResult (Cysharp.Threading.Tasks.AsyncUnit)
 #28  (Mono JIT Code) [UniTask.Delay.cs:1070] Cysharp.Threading.Tasks.UniTask/DelayRealtimePromise:MoveNext ()
 #29  (Mono JIT Code) [PlayerLoopRunner.cs:175] Cysharp.Threading.Tasks.Internal.PlayerLoopRunner:RunCore ()
 #30  (Mono JIT Code) [PlayerLoopRunner.cs:145] Cysharp.Threading.Tasks.Internal.PlayerLoopRunner:Update ()
 #31  (Mono JIT Code) [PlayerLoopRunner.cs:105] Cysharp.Threading.Tasks.Internal.PlayerLoopRunner:Run ()
 #32  (Mono JIT Code) (wrapper runtime-invoke) object:runtime_invoke_void__this__ (object,intptr,intptr,intptr)
 #33 mono_jit_runtime_invoke
 #34 do_runtime_invoke
 #35 mono_runtime_invoke
 #36 scripting_method_invoke(ScriptingMethodPtr, ScriptingObjectPtr, ScriptingArguments&, ScriptingExceptionPtr*, bool)
 #37 ScriptingInvocation::Invoke(ScriptingExceptionPtr*, bool)
 #38 ExecutePlayerLoop(NativePlayerLoopSystem*)
 #39 ExecutePlayerLoop(NativePlayerLoopSystem*)
 #40 PlayerLoop()
 #41 EditorPlayerLoop::Execute()
 #42 PlayerLoopController::InternalUpdateScene(bool, bool)
 #43 PlayerLoopController::UpdateSceneIfNeededFromMainLoop()
 #44 Application::TickTimer()
 #45 -[EditorApplication onEditorUpdatesTickTimer]
 #46 __NSFireTimer
 #47 __CFRUNLOOP_IS_CALLING_OUT_TO_A_TIMER_CALLBACK_FUNCTION__
 #48 __CFRunLoopDoTimer
 #49 __CFRunLoopDoTimers
 #50 __CFRunLoopRun
 #51 _CFRunLoopRunSpecificWithOptions
 #52 RunCurrentEventLoopInMode
 #53 ReceiveNextEventCommon
 #54 _BlockUntilNextEventMatchingListInMode
 #55 _DPSBlockUntilNextEventMatchingListInMode
 #56 _DPSNextEvent
 #57 -[NSApplication(NSEventRouting) _nextEventMatchingEventMask:untilDate:inMode:dequeue:]
 #58 -[NSApplication(NSEventRouting) nextEventMatchingMask:untilDate:inMode:dequeue:]
 #59 -[NSApplication run]
 #60 NSApplicationMain
 #61 EditorMain(int, char const**)
 #62 main
 #63 start

Thread 0x33a007000 may have been prematurely finalized
LightingSettings: switching bake backend from 2 to 1.
Unloading 416 Unused Serialized files (Serialized files now loaded: 0)
Loaded scene 'Temp/__Backupscenes/0.backup'
	Deserialize:            17.123 ms
	Integration:            186.279 ms
	Integration of assets:  3.474 ms
	Thread Wait Time:       0.004 ms
	Total Operation Time:   206.881 ms
Unloading 19686 unused Assets / (279.9 MB). Loaded Objects now: 13572.
Memory consumption went from 2.43 GB to 2.16 GB.
Total: 38.398000 ms (FindLiveObjects: 0.685375 ms CreateObjectMapping: 3.186708 ms MarkObjects: 17.525167 ms  DeleteObjects: 17.000208 ms)

LightingSettings: switching bake backend from 2 to 1.
Unloading 3 Unused Serialized files (Serialized files now loaded: 0)
Loaded scene 'Assets/Scene/ABLoadScene/Scene1.unity'
	Deserialize:            0.926 ms
	Integration:            150.813 ms
	Integration of assets:  0.001 ms
	Thread Wait Time:       0.007 ms
	Total Operation Time:   151.747 ms
Unloading 1 unused Assets / (24.1 KB). Loaded Objects now: 13631.
Memory consumption went from 2.09 GB to 2.09 GB.
Total: 17.395042 ms (FindLiveObjects: 0.445166 ms CreateObjectMapping: 0.985917 ms MarkObjects: 15.923167 ms  DeleteObjects: 0.040542 ms)

Starting new worker id: 1 with log in /private/tmp/pocketstriker-video-20261008/project/Logs/AssetImportWorkerHW1.log
[Worker0] Imported GUID: 694047a8df45740b59dce5b8df321054 - Path: Assets/Editor/PocketStrikerUILiveReview.DynamicSkills.cs - Importer: ScriptedImporter/UnityEditor.QuickSearchModule:UnityEditor.Search:ASIAI03 -> (ImportResultId: '23999d264c2fa46daa2021f543451e25') in 0.051137292 seconds
[Worker0] Imported GUID: 46adff3b16cbe45cc8264c3875d7abef - Path: Assets/Editor/PocketStrikerUILiveReview.StoreVideoRecorder.cs - Importer: ScriptedImporter/UnityEditor.QuickSearchModule:UnityEditor.Search:ASIAI03 -> (ImportResultId: 'd28c4137e1ac3da33bcc9fca4730cbf4') in 0.01487625 seconds
MonoPathRemapper: Attempts to remap: 93296; Successful remaps: 792
Thread 0x36b88f000 may have been prematurely finalized
Serialized file version minimum: 22, current 23
[LAYOUT] About to save layout /private/tmp/pocketstriker-video-20261008/project/UserSettings/Layouts/default-6000.dwlt
[LAYOUT] About to save layout /Users/daisei/Library/Preferences/Unity/Editor-5.x/Layouts/current/default-6000.dwlt
Killing ADB server in 0.044147 seconds.
Importing 'GUID: 0000000000000000c000000000000000 - Path: ProjectSettings/EditorSettings.asset' with importer (LibraryAssetImporter)
Imported 'GUID: 0000000000000000c000000000000000' -> (Import Result ID: '33968acecafd9dfb27c0eba3b44ca008') in 0.001 seconds [static dependencies only]. Details - ImportResultOutputID=fc08cc28cef36a03227c22ef67b54535 DependenciesID=d65bcfb8661897ccf25445554e11b56b StaticDependenciesID=e035e060baadae6abf5a3e3a7b4d2f06 
Importing 'GUID: 96e9a6f903a434be1b09ae3247018712 - Path: Assets/OrganizedResources/InUse/D_Asset/OrangedKeys/TitleFX/Materials/VA/GO.mat' with importer (NativeFormatImporter)
Imported 'GUID: 96e9a6f903a434be1b09ae3247018712' -> (Import Result ID: 'cdc8ca1b8f446c62758a551e52af2e3f') in 0.001 seconds [static dependencies only]. Details - ImportResultOutputID=cae3f430ed2fdc15742fd1f5f3ac4700 DependenciesID=7b06236943167a8c8957ec63ff243c47 StaticDependenciesID=894c197ef140bdb8347edf51bfdfa2da 
Importing 'GUID: b830a06ae6b7a4b94bed70fff7492e05 - Path: Assets/OrganizedResources/InUse/D_Asset/OrangedKeys/TitleFX/Materials/VA/ready.mat' with importer (NativeFormatImporter)
Imported 'GUID: b830a06ae6b7a4b94bed70fff7492e05' -> (Import Result ID: '5ab43a7b3d132d70e9935913bc1c5138') in 0.000 seconds [static dependencies only]. Details - ImportResultOutputID=31f77f5ba8fbceb87713d3cbadf7842c DependenciesID=cb76d1b428a97b98fa22a7abdc8746f9 StaticDependenciesID=8ccb9b0792a98b095efcc6a91ad5acd1 
Importing 'GUID: b669daab31cd44e78a6a759f8ca01044 - Path: Assets/Resources/DOTweenSettings.asset' with importer (NativeFormatImporter)
Imported 'GUID: b669daab31cd44e78a6a759f8ca01044' -> (Import Result ID: 'cede41d7171d1803b9d934ac81c64f78') in 0.001 seconds [static dependencies only]. Details - ImportResultOutputID=6135d2e9daa93442e467e8cd5c0d208f DependenciesID=3b9695bc6d644b582973629774537bbd StaticDependenciesID=8fc77b6df9ea22f0a0282a8c847b2510 
Refreshing native plugins compatible for Editor in 4.62 ms, found 6 plugins.
Asset Pipeline Refresh (id=33e8b3c53f046497f8868a86c27478a6): Total: 0.125 seconds - Initiated by StopAssetImportingV2(NoUpdateAssetOptions)
Thread 0x3e0187000 may have been prematurely finalized
MSBuild サーバー をシャットダウンしています...
VB/C# コンパイラ サーバー をシャットダウンしています...
Input System module state changed to: ShutdownInProgress.
Input Polling Thread exited.
Input System module state changed to: Shutdown.
[Logcat] [WorkThread] 14:13:17.2680 Worker thread exited
[Logcat] [MainThread]14:13:17.2681 Dispatcher shutting down
MSBuild サーバー は正常にシャットダウンしました。
VB/C# コンパイラ サーバー は正常にシャットダウンしました。
[Physics::Module] Cleanup current backend.
[Physics::Module] Id: 0xf2b8ea05
[Licensing::IpcConnector] LicenseClient-daisei-notifications channel disconnected successfully.
[Licensing::IpcConnector] LicenseClient-daisei channel disconnected successfully.
Thread 0x16cfeb000 may have been prematurely finalized
Thread 0x16d2a7000 may have been prematurely finalized
Thread 0x16d333000 may have been prematurely finalized
Thread 0x16cf5f000 may have been prematurely finalized
Thread 0x16d21b000 may have been prematurely finalized
Thread 0x16ced3000 may have been prematurely finalized
Thread 0x16d077000 may have been prematurely finalized
Thread 0x16d103000 may have been prematurely finalized
Thread 0x16d18f000 may have been prematurely finalized
AcceleratorClientConnectionCallback - disconnected - :0
Thread 0x302473000 may have been prematurely finalized
info: Microsoft.Hosting.Lifetime[0]
      Application is shutting down...
Cleanup mono
CodeReloadManager destroyed
info: Unity.ILPP.Runner.PostProcessingAssemblyLoadContext[0]
      ALC ILPP context 1 is unloading
debugger-agent: Unable to listen on 45
[usbmuxd] Stop listen thread
[usbmuxd] Error: 
[usbmuxd] Listen thread exiting
